gain,strategy,pass,event_index,at,kind,message,codes,tau_s,channel,error_uv,pp_uv,spread_uv,data_json
24,sequential,False,0,2026-09-09T00:19:42,gain_start,"
Autocalibrando x24 desde cero (sequential)","[16, 0, 0, 0]",,,,,,"{""at"":""2026-09-09T00:19:42"",""kind"":""gain_start"",""message"":""\nAutocalibrando x24 desde cero (sequential)""}"
24,sequential,False,1,2026-09-09T00:20:11,startup_stable,  arranque estable: ch0 Δ=0.3mV ch1 Δ=0.0mV ch2 Δ=0.1mV ch3 Δ=0.5mV ch4 Δ=0.0mV,"[16, 0, 0, 0]",,,,,,"{""at"":""2026-09-09T00:20:11"",""kind"":""startup_stable"",""message"":""  arranque estable: ch0 Δ=0.3mV ch1 Δ=0.0mV ch2 Δ=0.1mV ch3 Δ=0.5mV ch4 Δ=0.0mV"",""elapsed_s"":28.709162400002242,""stable_windows"":4,""deltas_uv"":{""0"":286,""1"":19,""2"":57,""3"":477,""4"":0},""thresholds_uv"":[5000,2500,5000,8000,8000],""samples"":[{""0"":{""mean_uv"":951213,""error_uv"":-48787,""pp_uv"":1831},""1"":{""mean_uv"":985813,""error_uv"":-14187,""pp_uv"":2613},""2"":{""mean_uv"":1013946,""error_uv"":13946,""pp_uv"":343},""3"":{""mean_uv"":1013870,""error_uv"":13870,""pp_uv"":267},""4"":{""mean_uv"":732231,""error_uv"":-267769,""pp_uv"":171}},{""0"":{""mean_uv"":951290,""error_uv"":-48710,""pp_uv"":2059},""1"":{""mean_uv"":985927,""error_uv"":-14073,""pp_uv"":2403},""2"":{""mean_uv"":1012897,""error_uv"":12897,""pp_uv"":438},""3"":{""mean_uv"":1012802,""error_uv"":12802,""pp_uv"":1411},""4"":{""mean_uv"":732231,""error_uv"":-267769,""pp_uv"":133}},{""0"":{""mean_uv"":951499,""error_uv"":-48501,""pp_uv"":1125},""1"":{""mean_uv"":986881,""error_uv"":-13119,""pp_uv"":1258},""2"":{""mean_uv"":1012020,""error_uv"":12020,""pp_uv"":534},""3"":{""mean_uv"":1011848,""error_uv"":11848,""pp_uv"":324},""4"":{""mean_uv"":732250,""error_uv"":-267750,""pp_uv"":209}},{""0"":{""mean_uv"":951633,""error_uv"":-48367,""pp_uv"":1926},""1"":{""mean_uv"":987033,""error_uv"":-12967,""pp_uv"":1392},""2"":{""mean_uv"":1011524,""error_uv"":11524,""pp_uv"":534},""3"":{""mean_uv"":1011810,""error_uv"":11810,""pp_uv"":438},""4"":{""mean_uv"":732250,""error_uv"":-267750,""pp_uv"":209}},{""0"":{""mean_uv"":951347,""error_uv"":-48653,""pp_uv"":2117},""1"":{""mean_uv"":987014,""error_uv"":-12986,""pp_uv"":2632},""2"":{""mean_uv"":1011581,""error_uv"":11581,""pp_uv"":476},""3"":{""mean_uv"":1011333,""error_uv"":11333,""pp_uv"":591},""4"":{""mean_uv"":732250,""error_uv"":-267750,""pp_uv"":171}}]}"
24,sequential,False,2,2026-09-09T00:20:22,observation,    estado neutro estable: PGAgain=-47.5mV BPo=-12.4mV OPA_SUMo=+11.4mV SUMo=+11.0mV LPo=-267.2mV,"[0, 0, 0, 0]",,0,-47547,1907,591,"{""at"":""2026-09-09T00:20:22"",""kind"":""observation"",""message"":""    estado neutro estable: PGAgain=-47.5mV BPo=-12.4mV OPA_SUMo=+11.4mV SUMo=+11.0mV LPo=-267.2mV"",""label"":""estado neutro estable"",""observation"":{""errors_uv"":{""0"":-47547,""1"":-12433,""2"":11352,""3"":10971,""4"":-267178},""pp_uv"":{""0"":1907,""1"":1754,""2"":572,""3"":495,""4"":1697},""spread_uv"":{""0"":591,""1"":1335,""2"":534,""3"":573,""4"":2575},""samples"":[{""0"":{""mean_uv"":951957,""error_uv"":-48043,""pp_uv"":1716},""1"":{""mean_uv"":986614,""error_uv"":-13386,""pp_uv"":1678},""2"":{""mean_uv"":1011657,""error_uv"":11657,""pp_uv"":572},""3"":{""mean_uv"":1011257,""error_uv"":11257,""pp_uv"":495},""4"":{""mean_uv"":732269,""error_uv"":-267731,""pp_uv"":133}},{""0"":{""mean_uv"":952548,""error_uv"":-47452,""pp_uv"":1907},""1"":{""mean_uv"":987567,""error_uv"":-12433,""pp_uv"":1754},""2"":{""mean_uv"":1011352,""error_uv"":11352,""pp_uv"":419},""3"":{""mean_uv"":1010971,""error_uv"":10971,""pp_uv"":286},""4"":{""mean_uv"":732822,""error_uv"":-267178,""pp_uv"":1697}},{""0"":{""mean_uv"":952453,""error_uv"":-47547,""pp_uv"":2136},""1"":{""mean_uv"":987949,""error_uv"":-12051,""pp_uv"":1888},""2"":{""mean_uv"":1011123,""error_uv"":11123,""pp_uv"":591},""3"":{""mean_uv"":1010684,""error_uv"":10684,""pp_uv"":495},""4"":{""mean_uv"":734844,""error_uv"":-265156,""pp_uv"":3032}}]},""codes"":[0,0,0,0]}"
24,sequential,False,2,2026-09-09T00:20:22,observation,    estado neutro estable: PGAgain=-47.5mV BPo=-12.4mV OPA_SUMo=+11.4mV SUMo=+11.0mV LPo=-267.2mV,"[0, 0, 0, 0]",,1,-12433,1754,1335,"{""at"":""2026-09-09T00:20:22"",""kind"":""observation"",""message"":""    estado neutro estable: PGAgain=-47.5mV BPo=-12.4mV OPA_SUMo=+11.4mV SUMo=+11.0mV LPo=-267.2mV"",""label"":""estado neutro estable"",""observation"":{""errors_uv"":{""0"":-47547,""1"":-12433,""2"":11352,""3"":10971,""4"":-267178},""pp_uv"":{""0"":1907,""1"":1754,""2"":572,""3"":495,""4"":1697},""spread_uv"":{""0"":591,""1"":1335,""2"":534,""3"":573,""4"":2575},""samples"":[{""0"":{""mean_uv"":951957,""error_uv"":-48043,""pp_uv"":1716},""1"":{""mean_uv"":986614,""error_uv"":-13386,""pp_uv"":1678},""2"":{""mean_uv"":1011657,""error_uv"":11657,""pp_uv"":572},""3"":{""mean_uv"":1011257,""error_uv"":11257,""pp_uv"":495},""4"":{""mean_uv"":732269,""error_uv"":-267731,""pp_uv"":133}},{""0"":{""mean_uv"":952548,""error_uv"":-47452,""pp_uv"":1907},""1"":{""mean_uv"":987567,""error_uv"":-12433,""pp_uv"":1754},""2"":{""mean_uv"":1011352,""error_uv"":11352,""pp_uv"":419},""3"":{""mean_uv"":1010971,""error_uv"":10971,""pp_uv"":286},""4"":{""mean_uv"":732822,""error_uv"":-267178,""pp_uv"":1697}},{""0"":{""mean_uv"":952453,""error_uv"":-47547,""pp_uv"":2136},""1"":{""mean_uv"":987949,""error_uv"":-12051,""pp_uv"":1888},""2"":{""mean_uv"":1011123,""error_uv"":11123,""pp_uv"":591},""3"":{""mean_uv"":1010684,""error_uv"":10684,""pp_uv"":495},""4"":{""mean_uv"":734844,""error_uv"":-265156,""pp_uv"":3032}}]},""codes"":[0,0,0,0]}"
24,sequential,False,2,2026-09-09T00:20:22,observation,    estado neutro estable: PGAgain=-47.5mV BPo=-12.4mV OPA_SUMo=+11.4mV SUMo=+11.0mV LPo=-267.2mV,"[0, 0, 0, 0]",,2,11352,572,534,"{""at"":""2026-09-09T00:20:22"",""kind"":""observation"",""message"":""    estado neutro estable: PGAgain=-47.5mV BPo=-12.4mV OPA_SUMo=+11.4mV SUMo=+11.0mV LPo=-267.2mV"",""label"":""estado neutro estable"",""observation"":{""errors_uv"":{""0"":-47547,""1"":-12433,""2"":11352,""3"":10971,""4"":-267178},""pp_uv"":{""0"":1907,""1"":1754,""2"":572,""3"":495,""4"":1697},""spread_uv"":{""0"":591,""1"":1335,""2"":534,""3"":573,""4"":2575},""samples"":[{""0"":{""mean_uv"":951957,""error_uv"":-48043,""pp_uv"":1716},""1"":{""mean_uv"":986614,""error_uv"":-13386,""pp_uv"":1678},""2"":{""mean_uv"":1011657,""error_uv"":11657,""pp_uv"":572},""3"":{""mean_uv"":1011257,""error_uv"":11257,""pp_uv"":495},""4"":{""mean_uv"":732269,""error_uv"":-267731,""pp_uv"":133}},{""0"":{""mean_uv"":952548,""error_uv"":-47452,""pp_uv"":1907},""1"":{""mean_uv"":987567,""error_uv"":-12433,""pp_uv"":1754},""2"":{""mean_uv"":1011352,""error_uv"":11352,""pp_uv"":419},""3"":{""mean_uv"":1010971,""error_uv"":10971,""pp_uv"":286},""4"":{""mean_uv"":732822,""error_uv"":-267178,""pp_uv"":1697}},{""0"":{""mean_uv"":952453,""error_uv"":-47547,""pp_uv"":2136},""1"":{""mean_uv"":987949,""error_uv"":-12051,""pp_uv"":1888},""2"":{""mean_uv"":1011123,""error_uv"":11123,""pp_uv"":591},""3"":{""mean_uv"":1010684,""error_uv"":10684,""pp_uv"":495},""4"":{""mean_uv"":734844,""error_uv"":-265156,""pp_uv"":3032}}]},""codes"":[0,0,0,0]}"
24,sequential,False,2,2026-09-09T00:20:22,observation,    estado neutro estable: PGAgain=-47.5mV BPo=-12.4mV OPA_SUMo=+11.4mV SUMo=+11.0mV LPo=-267.2mV,"[0, 0, 0, 0]",,3,10971,495,573,"{""at"":""2026-09-09T00:20:22"",""kind"":""observation"",""message"":""    estado neutro estable: PGAgain=-47.5mV BPo=-12.4mV OPA_SUMo=+11.4mV SUMo=+11.0mV LPo=-267.2mV"",""label"":""estado neutro estable"",""observation"":{""errors_uv"":{""0"":-47547,""1"":-12433,""2"":11352,""3"":10971,""4"":-267178},""pp_uv"":{""0"":1907,""1"":1754,""2"":572,""3"":495,""4"":1697},""spread_uv"":{""0"":591,""1"":1335,""2"":534,""3"":573,""4"":2575},""samples"":[{""0"":{""mean_uv"":951957,""error_uv"":-48043,""pp_uv"":1716},""1"":{""mean_uv"":986614,""error_uv"":-13386,""pp_uv"":1678},""2"":{""mean_uv"":1011657,""error_uv"":11657,""pp_uv"":572},""3"":{""mean_uv"":1011257,""error_uv"":11257,""pp_uv"":495},""4"":{""mean_uv"":732269,""error_uv"":-267731,""pp_uv"":133}},{""0"":{""mean_uv"":952548,""error_uv"":-47452,""pp_uv"":1907},""1"":{""mean_uv"":987567,""error_uv"":-12433,""pp_uv"":1754},""2"":{""mean_uv"":1011352,""error_uv"":11352,""pp_uv"":419},""3"":{""mean_uv"":1010971,""error_uv"":10971,""pp_uv"":286},""4"":{""mean_uv"":732822,""error_uv"":-267178,""pp_uv"":1697}},{""0"":{""mean_uv"":952453,""error_uv"":-47547,""pp_uv"":2136},""1"":{""mean_uv"":987949,""error_uv"":-12051,""pp_uv"":1888},""2"":{""mean_uv"":1011123,""error_uv"":11123,""pp_uv"":591},""3"":{""mean_uv"":1010684,""error_uv"":10684,""pp_uv"":495},""4"":{""mean_uv"":734844,""error_uv"":-265156,""pp_uv"":3032}}]},""codes"":[0,0,0,0]}"
24,sequential,False,2,2026-09-09T00:20:22,observation,    estado neutro estable: PGAgain=-47.5mV BPo=-12.4mV OPA_SUMo=+11.4mV SUMo=+11.0mV LPo=-267.2mV,"[0, 0, 0, 0]",,4,-267178,1697,2575,"{""at"":""2026-09-09T00:20:22"",""kind"":""observation"",""message"":""    estado neutro estable: PGAgain=-47.5mV BPo=-12.4mV OPA_SUMo=+11.4mV SUMo=+11.0mV LPo=-267.2mV"",""label"":""estado neutro estable"",""observation"":{""errors_uv"":{""0"":-47547,""1"":-12433,""2"":11352,""3"":10971,""4"":-267178},""pp_uv"":{""0"":1907,""1"":1754,""2"":572,""3"":495,""4"":1697},""spread_uv"":{""0"":591,""1"":1335,""2"":534,""3"":573,""4"":2575},""samples"":[{""0"":{""mean_uv"":951957,""error_uv"":-48043,""pp_uv"":1716},""1"":{""mean_uv"":986614,""error_uv"":-13386,""pp_uv"":1678},""2"":{""mean_uv"":1011657,""error_uv"":11657,""pp_uv"":572},""3"":{""mean_uv"":1011257,""error_uv"":11257,""pp_uv"":495},""4"":{""mean_uv"":732269,""error_uv"":-267731,""pp_uv"":133}},{""0"":{""mean_uv"":952548,""error_uv"":-47452,""pp_uv"":1907},""1"":{""mean_uv"":987567,""error_uv"":-12433,""pp_uv"":1754},""2"":{""mean_uv"":1011352,""error_uv"":11352,""pp_uv"":419},""3"":{""mean_uv"":1010971,""error_uv"":10971,""pp_uv"":286},""4"":{""mean_uv"":732822,""error_uv"":-267178,""pp_uv"":1697}},{""0"":{""mean_uv"":952453,""error_uv"":-47547,""pp_uv"":2136},""1"":{""mean_uv"":987949,""error_uv"":-12051,""pp_uv"":1888},""2"":{""mean_uv"":1011123,""error_uv"":11123,""pp_uv"":591},""3"":{""mean_uv"":1010684,""error_uv"":10684,""pp_uv"":495},""4"":{""mean_uv"":734844,""error_uv"":-265156,""pp_uv"":3032}}]},""codes"":[0,0,0,0]}"
24,sequential,False,3,2026-09-09T00:20:33,observation,    base para estimar tau: PGAgain=-47.9mV BPo=-12.0mV OPA_SUMo=+11.0mV SUMo=+10.7mV LPo=-266.1mV,"[0, 0, 0, 0]",,0,-47871,2346,191,"{""at"":""2026-09-09T00:20:33"",""kind"":""observation"",""message"":""    base para estimar tau: PGAgain=-47.9mV BPo=-12.0mV OPA_SUMo=+11.0mV SUMo=+10.7mV LPo=-266.1mV"",""label"":""base para estimar tau"",""observation"":{""errors_uv"":{""0"":-47871,""1"":-11994,""2"":11028,""3"":10665,""4"":-266091},""pp_uv"":{""0"":2346,""1"":3089,""2"":801,""3"":572,""4"":2746},""spread_uv"":{""0"":191,""1"":534,""2"":515,""3"":400,""4"":3701},""samples"":[{""0"":{""mean_uv"":952129,""error_uv"":-47871,""pp_uv"":1945},""1"":{""mean_uv"":987758,""error_uv"":-12242,""pp_uv"":2517},""2"":{""mean_uv"":1011390,""error_uv"":11390,""pp_uv"":629},""3"":{""mean_uv"":1010837,""error_uv"":10837,""pp_uv"":572},""4"":{""mean_uv"":732402,""error_uv"":-267598,""pp_uv"":2422}},{""0"":{""mean_uv"":952320,""error_uv"":-47680,""pp_uv"":2346},""1"":{""mean_uv"":988292,""error_uv"":-11708,""pp_uv"":3376},""2"":{""mean_uv"":1011028,""error_uv"":11028,""pp_uv"":991},""3"":{""mean_uv"":1010665,""error_uv"":10665,""pp_uv"":457},""4"":{""mean_uv"":733909,""error_uv"":-266091,""pp_uv"":2746}},{""0"":{""mean_uv"":952129,""error_uv"":-47871,""pp_uv"":2765},""1"":{""mean_uv"":988006,""error_uv"":-11994,""pp_uv"":3089},""2"":{""mean_uv"":1010875,""error_uv"":10875,""pp_uv"":801},""3"":{""mean_uv"":1010437,""error_uv"":10437,""pp_uv"":705},""4"":{""mean_uv"":736103,""error_uv"":-263897,""pp_uv"":3738}}]},""codes"":[0,0,0,0]}"
24,sequential,False,3,2026-09-09T00:20:33,observation,    base para estimar tau: PGAgain=-47.9mV BPo=-12.0mV OPA_SUMo=+11.0mV SUMo=+10.7mV LPo=-266.1mV,"[0, 0, 0, 0]",,1,-11994,3089,534,"{""at"":""2026-09-09T00:20:33"",""kind"":""observation"",""message"":""    base para estimar tau: PGAgain=-47.9mV BPo=-12.0mV OPA_SUMo=+11.0mV SUMo=+10.7mV LPo=-266.1mV"",""label"":""base para estimar tau"",""observation"":{""errors_uv"":{""0"":-47871,""1"":-11994,""2"":11028,""3"":10665,""4"":-266091},""pp_uv"":{""0"":2346,""1"":3089,""2"":801,""3"":572,""4"":2746},""spread_uv"":{""0"":191,""1"":534,""2"":515,""3"":400,""4"":3701},""samples"":[{""0"":{""mean_uv"":952129,""error_uv"":-47871,""pp_uv"":1945},""1"":{""mean_uv"":987758,""error_uv"":-12242,""pp_uv"":2517},""2"":{""mean_uv"":1011390,""error_uv"":11390,""pp_uv"":629},""3"":{""mean_uv"":1010837,""error_uv"":10837,""pp_uv"":572},""4"":{""mean_uv"":732402,""error_uv"":-267598,""pp_uv"":2422}},{""0"":{""mean_uv"":952320,""error_uv"":-47680,""pp_uv"":2346},""1"":{""mean_uv"":988292,""error_uv"":-11708,""pp_uv"":3376},""2"":{""mean_uv"":1011028,""error_uv"":11028,""pp_uv"":991},""3"":{""mean_uv"":1010665,""error_uv"":10665,""pp_uv"":457},""4"":{""mean_uv"":733909,""error_uv"":-266091,""pp_uv"":2746}},{""0"":{""mean_uv"":952129,""error_uv"":-47871,""pp_uv"":2765},""1"":{""mean_uv"":988006,""error_uv"":-11994,""pp_uv"":3089},""2"":{""mean_uv"":1010875,""error_uv"":10875,""pp_uv"":801},""3"":{""mean_uv"":1010437,""error_uv"":10437,""pp_uv"":705},""4"":{""mean_uv"":736103,""error_uv"":-263897,""pp_uv"":3738}}]},""codes"":[0,0,0,0]}"
24,sequential,False,3,2026-09-09T00:20:33,observation,    base para estimar tau: PGAgain=-47.9mV BPo=-12.0mV OPA_SUMo=+11.0mV SUMo=+10.7mV LPo=-266.1mV,"[0, 0, 0, 0]",,2,11028,801,515,"{""at"":""2026-09-09T00:20:33"",""kind"":""observation"",""message"":""    base para estimar tau: PGAgain=-47.9mV BPo=-12.0mV OPA_SUMo=+11.0mV SUMo=+10.7mV LPo=-266.1mV"",""label"":""base para estimar tau"",""observation"":{""errors_uv"":{""0"":-47871,""1"":-11994,""2"":11028,""3"":10665,""4"":-266091},""pp_uv"":{""0"":2346,""1"":3089,""2"":801,""3"":572,""4"":2746},""spread_uv"":{""0"":191,""1"":534,""2"":515,""3"":400,""4"":3701},""samples"":[{""0"":{""mean_uv"":952129,""error_uv"":-47871,""pp_uv"":1945},""1"":{""mean_uv"":987758,""error_uv"":-12242,""pp_uv"":2517},""2"":{""mean_uv"":1011390,""error_uv"":11390,""pp_uv"":629},""3"":{""mean_uv"":1010837,""error_uv"":10837,""pp_uv"":572},""4"":{""mean_uv"":732402,""error_uv"":-267598,""pp_uv"":2422}},{""0"":{""mean_uv"":952320,""error_uv"":-47680,""pp_uv"":2346},""1"":{""mean_uv"":988292,""error_uv"":-11708,""pp_uv"":3376},""2"":{""mean_uv"":1011028,""error_uv"":11028,""pp_uv"":991},""3"":{""mean_uv"":1010665,""error_uv"":10665,""pp_uv"":457},""4"":{""mean_uv"":733909,""error_uv"":-266091,""pp_uv"":2746}},{""0"":{""mean_uv"":952129,""error_uv"":-47871,""pp_uv"":2765},""1"":{""mean_uv"":988006,""error_uv"":-11994,""pp_uv"":3089},""2"":{""mean_uv"":1010875,""error_uv"":10875,""pp_uv"":801},""3"":{""mean_uv"":1010437,""error_uv"":10437,""pp_uv"":705},""4"":{""mean_uv"":736103,""error_uv"":-263897,""pp_uv"":3738}}]},""codes"":[0,0,0,0]}"
24,sequential,False,3,2026-09-09T00:20:33,observation,    base para estimar tau: PGAgain=-47.9mV BPo=-12.0mV OPA_SUMo=+11.0mV SUMo=+10.7mV LPo=-266.1mV,"[0, 0, 0, 0]",,3,10665,572,400,"{""at"":""2026-09-09T00:20:33"",""kind"":""observation"",""message"":""    base para estimar tau: PGAgain=-47.9mV BPo=-12.0mV OPA_SUMo=+11.0mV SUMo=+10.7mV LPo=-266.1mV"",""label"":""base para estimar tau"",""observation"":{""errors_uv"":{""0"":-47871,""1"":-11994,""2"":11028,""3"":10665,""4"":-266091},""pp_uv"":{""0"":2346,""1"":3089,""2"":801,""3"":572,""4"":2746},""spread_uv"":{""0"":191,""1"":534,""2"":515,""3"":400,""4"":3701},""samples"":[{""0"":{""mean_uv"":952129,""error_uv"":-47871,""pp_uv"":1945},""1"":{""mean_uv"":987758,""error_uv"":-12242,""pp_uv"":2517},""2"":{""mean_uv"":1011390,""error_uv"":11390,""pp_uv"":629},""3"":{""mean_uv"":1010837,""error_uv"":10837,""pp_uv"":572},""4"":{""mean_uv"":732402,""error_uv"":-267598,""pp_uv"":2422}},{""0"":{""mean_uv"":952320,""error_uv"":-47680,""pp_uv"":2346},""1"":{""mean_uv"":988292,""error_uv"":-11708,""pp_uv"":3376},""2"":{""mean_uv"":1011028,""error_uv"":11028,""pp_uv"":991},""3"":{""mean_uv"":1010665,""error_uv"":10665,""pp_uv"":457},""4"":{""mean_uv"":733909,""error_uv"":-266091,""pp_uv"":2746}},{""0"":{""mean_uv"":952129,""error_uv"":-47871,""pp_uv"":2765},""1"":{""mean_uv"":988006,""error_uv"":-11994,""pp_uv"":3089},""2"":{""mean_uv"":1010875,""error_uv"":10875,""pp_uv"":801},""3"":{""mean_uv"":1010437,""error_uv"":10437,""pp_uv"":705},""4"":{""mean_uv"":736103,""error_uv"":-263897,""pp_uv"":3738}}]},""codes"":[0,0,0,0]}"
24,sequential,False,3,2026-09-09T00:20:33,observation,    base para estimar tau: PGAgain=-47.9mV BPo=-12.0mV OPA_SUMo=+11.0mV SUMo=+10.7mV LPo=-266.1mV,"[0, 0, 0, 0]",,4,-266091,2746,3701,"{""at"":""2026-09-09T00:20:33"",""kind"":""observation"",""message"":""    base para estimar tau: PGAgain=-47.9mV BPo=-12.0mV OPA_SUMo=+11.0mV SUMo=+10.7mV LPo=-266.1mV"",""label"":""base para estimar tau"",""observation"":{""errors_uv"":{""0"":-47871,""1"":-11994,""2"":11028,""3"":10665,""4"":-266091},""pp_uv"":{""0"":2346,""1"":3089,""2"":801,""3"":572,""4"":2746},""spread_uv"":{""0"":191,""1"":534,""2"":515,""3"":400,""4"":3701},""samples"":[{""0"":{""mean_uv"":952129,""error_uv"":-47871,""pp_uv"":1945},""1"":{""mean_uv"":987758,""error_uv"":-12242,""pp_uv"":2517},""2"":{""mean_uv"":1011390,""error_uv"":11390,""pp_uv"":629},""3"":{""mean_uv"":1010837,""error_uv"":10837,""pp_uv"":572},""4"":{""mean_uv"":732402,""error_uv"":-267598,""pp_uv"":2422}},{""0"":{""mean_uv"":952320,""error_uv"":-47680,""pp_uv"":2346},""1"":{""mean_uv"":988292,""error_uv"":-11708,""pp_uv"":3376},""2"":{""mean_uv"":1011028,""error_uv"":11028,""pp_uv"":991},""3"":{""mean_uv"":1010665,""error_uv"":10665,""pp_uv"":457},""4"":{""mean_uv"":733909,""error_uv"":-266091,""pp_uv"":2746}},{""0"":{""mean_uv"":952129,""error_uv"":-47871,""pp_uv"":2765},""1"":{""mean_uv"":988006,""error_uv"":-11994,""pp_uv"":3089},""2"":{""mean_uv"":1010875,""error_uv"":10875,""pp_uv"":801},""3"":{""mean_uv"":1010437,""error_uv"":10437,""pp_uv"":705},""4"":{""mean_uv"":736103,""error_uv"":-263897,""pp_uv"":3738}}]},""codes"":[0,0,0,0]}"
24,sequential,False,4,2026-09-09T00:22:06,tau_measurement,  tau BP medido: 33.00 s,"[16, 0, 0, 0]",33.0,,,,,"{""at"":""2026-09-09T00:22:06"",""kind"":""tau_measurement"",""message"":""  tau BP medido: 33.00 s"",""direction"":1,""delta_code"":60,""points"":[[0.5829043000121601,-1637],[5.583689200007939,-2991],[10.581654300010996,-3163],[15.584364100010134,-4536],[20.583949300009408,-5089],[25.58319260001008,-5642],[30.584939500011387,-5833],[35.58326600000146,-6539],[40.581943200013484,-6596],[45.58398280000256,-7245],[50.58555410000554,-7245],[55.58539410000958,-7435],[60.58297110001149,-7741],[65.58506460000353,-8332],[70.58509310000227,-7912],[75.5828293000086,-8294],[80.5848357000068,-7912],[85.58197270000528,-8542],[90.58524990000296,-8503]],""metrics"":{""tau_s"":33.0,""amplitude_uv"":7227.592066711577,""final_uv"":-8931.78850201464,""r2"":0.989127731006692,""residual_rms_uv"":208.71057412991266,""noise_uv"":534,""samples"":19},""tau_s"":33.0}"
24,sequential,False,5,2026-09-09T00:22:06,tau_transient_authority,  BP: tau válido; autoridad DC final no requerida,"[16, 0, 0, 0]",,,,,,"{""at"":""2026-09-09T00:22:06"",""kind"":""tau_transient_authority"",""message"":""  BP: tau válido; autoridad DC final no requerida"",""settled_effect_uv"":3062.2114979853595,""apparent_dc_slope_uv_per_code"":51.03685829975599}"
24,sequential,False,6,2026-09-09T00:23:22,observation,    tau aceptado; BP restaurado y asentado: PGAgain=-48.7mV BPo=-14.4mV OPA_SUMo=+16.6mV SUMo=+16.4mV LPo=-267.7mV,"[0, 0, 0, 0]",,0,-48653,2899,229,"{""at"":""2026-09-09T00:23:22"",""kind"":""observation"",""message"":""    tau aceptado; BP restaurado y asentado: PGAgain=-48.7mV BPo=-14.4mV OPA_SUMo=+16.6mV SUMo=+16.4mV LPo=-267.7mV"",""label"":""tau aceptado; BP restaurado y asentado"",""observation"":{""errors_uv"":{""0"":-48653,""1"":-14416,""2"":16635,""3"":16426,""4"":-267712},""pp_uv"":{""0"":2899,""1"":2613,""2"":476,""3"":495,""4"":152},""spread_uv"":{""0"":229,""1"":457,""2"":1870,""3"":1735,""4"":76},""samples"":[{""0"":{""mean_uv"":951194,""error_uv"":-48806,""pp_uv"":2841},""1"":{""mean_uv"":986003,""error_uv"":-13997,""pp_uv"":2613},""2"":{""mean_uv"":1017704,""error_uv"":17704,""pp_uv"":534},""3"":{""mean_uv"":1017436,""error_uv"":17436,""pp_uv"":686},""4"":{""mean_uv"":732288,""error_uv"":-267712,""pp_uv"":95}},{""0"":{""mean_uv"":951423,""error_uv"":-48577,""pp_uv"":3356},""1"":{""mean_uv"":985584,""error_uv"":-14416,""pp_uv"":2441},""2"":{""mean_uv"":1016635,""error_uv"":16635,""pp_uv"":457},""3"":{""mean_uv"":1016426,""error_uv"":16426,""pp_uv"":495},""4"":{""mean_uv"":732231,""error_uv"":-267769,""pp_uv"":209}},{""0"":{""mean_uv"":951347,""error_uv"":-48653,""pp_uv"":2899},""1"":{""mean_uv"":985546,""error_uv"":-14454,""pp_uv"":2994},""2"":{""mean_uv"":1015834,""error_uv"":15834,""pp_uv"":476},""3"":{""mean_uv"":1015701,""error_uv"":15701,""pp_uv"":476},""4"":{""mean_uv"":732307,""error_uv"":-267693,""pp_uv"":152}}]},""codes"":[0,0,0,0]}"
24,sequential,False,6,2026-09-09T00:23:22,observation,    tau aceptado; BP restaurado y asentado: PGAgain=-48.7mV BPo=-14.4mV OPA_SUMo=+16.6mV SUMo=+16.4mV LPo=-267.7mV,"[0, 0, 0, 0]",,1,-14416,2613,457,"{""at"":""2026-09-09T00:23:22"",""kind"":""observation"",""message"":""    tau aceptado; BP restaurado y asentado: PGAgain=-48.7mV BPo=-14.4mV OPA_SUMo=+16.6mV SUMo=+16.4mV LPo=-267.7mV"",""label"":""tau aceptado; BP restaurado y asentado"",""observation"":{""errors_uv"":{""0"":-48653,""1"":-14416,""2"":16635,""3"":16426,""4"":-267712},""pp_uv"":{""0"":2899,""1"":2613,""2"":476,""3"":495,""4"":152},""spread_uv"":{""0"":229,""1"":457,""2"":1870,""3"":1735,""4"":76},""samples"":[{""0"":{""mean_uv"":951194,""error_uv"":-48806,""pp_uv"":2841},""1"":{""mean_uv"":986003,""error_uv"":-13997,""pp_uv"":2613},""2"":{""mean_uv"":1017704,""error_uv"":17704,""pp_uv"":534},""3"":{""mean_uv"":1017436,""error_uv"":17436,""pp_uv"":686},""4"":{""mean_uv"":732288,""error_uv"":-267712,""pp_uv"":95}},{""0"":{""mean_uv"":951423,""error_uv"":-48577,""pp_uv"":3356},""1"":{""mean_uv"":985584,""error_uv"":-14416,""pp_uv"":2441},""2"":{""mean_uv"":1016635,""error_uv"":16635,""pp_uv"":457},""3"":{""mean_uv"":1016426,""error_uv"":16426,""pp_uv"":495},""4"":{""mean_uv"":732231,""error_uv"":-267769,""pp_uv"":209}},{""0"":{""mean_uv"":951347,""error_uv"":-48653,""pp_uv"":2899},""1"":{""mean_uv"":985546,""error_uv"":-14454,""pp_uv"":2994},""2"":{""mean_uv"":1015834,""error_uv"":15834,""pp_uv"":476},""3"":{""mean_uv"":1015701,""error_uv"":15701,""pp_uv"":476},""4"":{""mean_uv"":732307,""error_uv"":-267693,""pp_uv"":152}}]},""codes"":[0,0,0,0]}"
24,sequential,False,6,2026-09-09T00:23:22,observation,    tau aceptado; BP restaurado y asentado: PGAgain=-48.7mV BPo=-14.4mV OPA_SUMo=+16.6mV SUMo=+16.4mV LPo=-267.7mV,"[0, 0, 0, 0]",,2,16635,476,1870,"{""at"":""2026-09-09T00:23:22"",""kind"":""observation"",""message"":""    tau aceptado; BP restaurado y asentado: PGAgain=-48.7mV BPo=-14.4mV OPA_SUMo=+16.6mV SUMo=+16.4mV LPo=-267.7mV"",""label"":""tau aceptado; BP restaurado y asentado"",""observation"":{""errors_uv"":{""0"":-48653,""1"":-14416,""2"":16635,""3"":16426,""4"":-267712},""pp_uv"":{""0"":2899,""1"":2613,""2"":476,""3"":495,""4"":152},""spread_uv"":{""0"":229,""1"":457,""2"":1870,""3"":1735,""4"":76},""samples"":[{""0"":{""mean_uv"":951194,""error_uv"":-48806,""pp_uv"":2841},""1"":{""mean_uv"":986003,""error_uv"":-13997,""pp_uv"":2613},""2"":{""mean_uv"":1017704,""error_uv"":17704,""pp_uv"":534},""3"":{""mean_uv"":1017436,""error_uv"":17436,""pp_uv"":686},""4"":{""mean_uv"":732288,""error_uv"":-267712,""pp_uv"":95}},{""0"":{""mean_uv"":951423,""error_uv"":-48577,""pp_uv"":3356},""1"":{""mean_uv"":985584,""error_uv"":-14416,""pp_uv"":2441},""2"":{""mean_uv"":1016635,""error_uv"":16635,""pp_uv"":457},""3"":{""mean_uv"":1016426,""error_uv"":16426,""pp_uv"":495},""4"":{""mean_uv"":732231,""error_uv"":-267769,""pp_uv"":209}},{""0"":{""mean_uv"":951347,""error_uv"":-48653,""pp_uv"":2899},""1"":{""mean_uv"":985546,""error_uv"":-14454,""pp_uv"":2994},""2"":{""mean_uv"":1015834,""error_uv"":15834,""pp_uv"":476},""3"":{""mean_uv"":1015701,""error_uv"":15701,""pp_uv"":476},""4"":{""mean_uv"":732307,""error_uv"":-267693,""pp_uv"":152}}]},""codes"":[0,0,0,0]}"
24,sequential,False,6,2026-09-09T00:23:22,observation,    tau aceptado; BP restaurado y asentado: PGAgain=-48.7mV BPo=-14.4mV OPA_SUMo=+16.6mV SUMo=+16.4mV LPo=-267.7mV,"[0, 0, 0, 0]",,3,16426,495,1735,"{""at"":""2026-09-09T00:23:22"",""kind"":""observation"",""message"":""    tau aceptado; BP restaurado y asentado: PGAgain=-48.7mV BPo=-14.4mV OPA_SUMo=+16.6mV SUMo=+16.4mV LPo=-267.7mV"",""label"":""tau aceptado; BP restaurado y asentado"",""observation"":{""errors_uv"":{""0"":-48653,""1"":-14416,""2"":16635,""3"":16426,""4"":-267712},""pp_uv"":{""0"":2899,""1"":2613,""2"":476,""3"":495,""4"":152},""spread_uv"":{""0"":229,""1"":457,""2"":1870,""3"":1735,""4"":76},""samples"":[{""0"":{""mean_uv"":951194,""error_uv"":-48806,""pp_uv"":2841},""1"":{""mean_uv"":986003,""error_uv"":-13997,""pp_uv"":2613},""2"":{""mean_uv"":1017704,""error_uv"":17704,""pp_uv"":534},""3"":{""mean_uv"":1017436,""error_uv"":17436,""pp_uv"":686},""4"":{""mean_uv"":732288,""error_uv"":-267712,""pp_uv"":95}},{""0"":{""mean_uv"":951423,""error_uv"":-48577,""pp_uv"":3356},""1"":{""mean_uv"":985584,""error_uv"":-14416,""pp_uv"":2441},""2"":{""mean_uv"":1016635,""error_uv"":16635,""pp_uv"":457},""3"":{""mean_uv"":1016426,""error_uv"":16426,""pp_uv"":495},""4"":{""mean_uv"":732231,""error_uv"":-267769,""pp_uv"":209}},{""0"":{""mean_uv"":951347,""error_uv"":-48653,""pp_uv"":2899},""1"":{""mean_uv"":985546,""error_uv"":-14454,""pp_uv"":2994},""2"":{""mean_uv"":1015834,""error_uv"":15834,""pp_uv"":476},""3"":{""mean_uv"":1015701,""error_uv"":15701,""pp_uv"":476},""4"":{""mean_uv"":732307,""error_uv"":-267693,""pp_uv"":152}}]},""codes"":[0,0,0,0]}"
24,sequential,False,6,2026-09-09T00:23:22,observation,    tau aceptado; BP restaurado y asentado: PGAgain=-48.7mV BPo=-14.4mV OPA_SUMo=+16.6mV SUMo=+16.4mV LPo=-267.7mV,"[0, 0, 0, 0]",,4,-267712,152,76,"{""at"":""2026-09-09T00:23:22"",""kind"":""observation"",""message"":""    tau aceptado; BP restaurado y asentado: PGAgain=-48.7mV BPo=-14.4mV OPA_SUMo=+16.6mV SUMo=+16.4mV LPo=-267.7mV"",""label"":""tau aceptado; BP restaurado y asentado"",""observation"":{""errors_uv"":{""0"":-48653,""1"":-14416,""2"":16635,""3"":16426,""4"":-267712},""pp_uv"":{""0"":2899,""1"":2613,""2"":476,""3"":495,""4"":152},""spread_uv"":{""0"":229,""1"":457,""2"":1870,""3"":1735,""4"":76},""samples"":[{""0"":{""mean_uv"":951194,""error_uv"":-48806,""pp_uv"":2841},""1"":{""mean_uv"":986003,""error_uv"":-13997,""pp_uv"":2613},""2"":{""mean_uv"":1017704,""error_uv"":17704,""pp_uv"":534},""3"":{""mean_uv"":1017436,""error_uv"":17436,""pp_uv"":686},""4"":{""mean_uv"":732288,""error_uv"":-267712,""pp_uv"":95}},{""0"":{""mean_uv"":951423,""error_uv"":-48577,""pp_uv"":3356},""1"":{""mean_uv"":985584,""error_uv"":-14416,""pp_uv"":2441},""2"":{""mean_uv"":1016635,""error_uv"":16635,""pp_uv"":457},""3"":{""mean_uv"":1016426,""error_uv"":16426,""pp_uv"":495},""4"":{""mean_uv"":732231,""error_uv"":-267769,""pp_uv"":209}},{""0"":{""mean_uv"":951347,""error_uv"":-48653,""pp_uv"":2899},""1"":{""mean_uv"":985546,""error_uv"":-14454,""pp_uv"":2994},""2"":{""mean_uv"":1015834,""error_uv"":15834,""pp_uv"":476},""3"":{""mean_uv"":1015701,""error_uv"":15701,""pp_uv"":476},""4"":{""mean_uv"":732307,""error_uv"":-267693,""pp_uv"":152}}]},""codes"":[0,0,0,0]}"
24,sequential,False,7,2026-09-09T00:23:38,observation,    IDAC0 ABBA low 1 (-8): PGAgain=-86.0mV BPo=+2.2mV OPA_SUMo=+36.8mV SUMo=+37.6mV LPo=-267.6mV,"[-8, 0, 0, 0]",,0,-86018,4806,687,"{""at"":""2026-09-09T00:23:38"",""kind"":""observation"",""message"":""    IDAC0 ABBA low 1 (-8): PGAgain=-86.0mV BPo=+2.2mV OPA_SUMo=+36.8mV SUMo=+37.6mV LPo=-267.6mV"",""label"":""IDAC0 ABBA low 1 (-8)"",""observation"":{""errors_uv"":{""0"":-86018,""1"":2178,""2"":36758,""3"":37597,""4"":-267560},""pp_uv"":{""0"":4806,""1"":2899,""2"":648,""3"":476,""4"":114},""spread_uv"":{""0"":687,""1"":3929,""2"":14496,""3"":13981,""4"":39},""samples"":[{""0"":{""mean_uv"":913486,""error_uv"":-86514,""pp_uv"":5168},""1"":{""mean_uv"":1005039,""error_uv"":5039,""pp_uv"":2899},""2"":{""mean_uv"":1029033,""error_uv"":29033,""pp_uv"":438},""3"":{""mean_uv"":1030216,""error_uv"":30216,""pp_uv"":476},""4"":{""mean_uv"":732421,""error_uv"":-267579,""pp_uv"":114}},{""0"":{""mean_uv"":913982,""error_uv"":-86018,""pp_uv"":4806},""1"":{""mean_uv"":1002178,""error_uv"":2178,""pp_uv"":3051},""2"":{""mean_uv"":1036758,""error_uv"":36758,""pp_uv"":648},""3"":{""mean_uv"":1037597,""error_uv"":37597,""pp_uv"":476},""4"":{""mean_uv"":732440,""error_uv"":-267560,""pp_uv"":190}},{""0"":{""mean_uv"":914173,""error_uv"":-85827,""pp_uv"":3700},""1"":{""mean_uv"":1001110,""error_uv"":1110,""pp_uv"":2174},""2"":{""mean_uv"":1043529,""error_uv"":43529,""pp_uv"":801},""3"":{""mean_uv"":1044197,""error_uv"":44197,""pp_uv"":629},""4"":{""mean_uv"":732460,""error_uv"":-267540,""pp_uv"":114}}]},""codes"":[-8,0,0,0]}"
24,sequential,False,7,2026-09-09T00:23:38,observation,    IDAC0 ABBA low 1 (-8): PGAgain=-86.0mV BPo=+2.2mV OPA_SUMo=+36.8mV SUMo=+37.6mV LPo=-267.6mV,"[-8, 0, 0, 0]",,1,2178,2899,3929,"{""at"":""2026-09-09T00:23:38"",""kind"":""observation"",""message"":""    IDAC0 ABBA low 1 (-8): PGAgain=-86.0mV BPo=+2.2mV OPA_SUMo=+36.8mV SUMo=+37.6mV LPo=-267.6mV"",""label"":""IDAC0 ABBA low 1 (-8)"",""observation"":{""errors_uv"":{""0"":-86018,""1"":2178,""2"":36758,""3"":37597,""4"":-267560},""pp_uv"":{""0"":4806,""1"":2899,""2"":648,""3"":476,""4"":114},""spread_uv"":{""0"":687,""1"":3929,""2"":14496,""3"":13981,""4"":39},""samples"":[{""0"":{""mean_uv"":913486,""error_uv"":-86514,""pp_uv"":5168},""1"":{""mean_uv"":1005039,""error_uv"":5039,""pp_uv"":2899},""2"":{""mean_uv"":1029033,""error_uv"":29033,""pp_uv"":438},""3"":{""mean_uv"":1030216,""error_uv"":30216,""pp_uv"":476},""4"":{""mean_uv"":732421,""error_uv"":-267579,""pp_uv"":114}},{""0"":{""mean_uv"":913982,""error_uv"":-86018,""pp_uv"":4806},""1"":{""mean_uv"":1002178,""error_uv"":2178,""pp_uv"":3051},""2"":{""mean_uv"":1036758,""error_uv"":36758,""pp_uv"":648},""3"":{""mean_uv"":1037597,""error_uv"":37597,""pp_uv"":476},""4"":{""mean_uv"":732440,""error_uv"":-267560,""pp_uv"":190}},{""0"":{""mean_uv"":914173,""error_uv"":-85827,""pp_uv"":3700},""1"":{""mean_uv"":1001110,""error_uv"":1110,""pp_uv"":2174},""2"":{""mean_uv"":1043529,""error_uv"":43529,""pp_uv"":801},""3"":{""mean_uv"":1044197,""error_uv"":44197,""pp_uv"":629},""4"":{""mean_uv"":732460,""error_uv"":-267540,""pp_uv"":114}}]},""codes"":[-8,0,0,0]}"
24,sequential,False,7,2026-09-09T00:23:38,observation,    IDAC0 ABBA low 1 (-8): PGAgain=-86.0mV BPo=+2.2mV OPA_SUMo=+36.8mV SUMo=+37.6mV LPo=-267.6mV,"[-8, 0, 0, 0]",,2,36758,648,14496,"{""at"":""2026-09-09T00:23:38"",""kind"":""observation"",""message"":""    IDAC0 ABBA low 1 (-8): PGAgain=-86.0mV BPo=+2.2mV OPA_SUMo=+36.8mV SUMo=+37.6mV LPo=-267.6mV"",""label"":""IDAC0 ABBA low 1 (-8)"",""observation"":{""errors_uv"":{""0"":-86018,""1"":2178,""2"":36758,""3"":37597,""4"":-267560},""pp_uv"":{""0"":4806,""1"":2899,""2"":648,""3"":476,""4"":114},""spread_uv"":{""0"":687,""1"":3929,""2"":14496,""3"":13981,""4"":39},""samples"":[{""0"":{""mean_uv"":913486,""error_uv"":-86514,""pp_uv"":5168},""1"":{""mean_uv"":1005039,""error_uv"":5039,""pp_uv"":2899},""2"":{""mean_uv"":1029033,""error_uv"":29033,""pp_uv"":438},""3"":{""mean_uv"":1030216,""error_uv"":30216,""pp_uv"":476},""4"":{""mean_uv"":732421,""error_uv"":-267579,""pp_uv"":114}},{""0"":{""mean_uv"":913982,""error_uv"":-86018,""pp_uv"":4806},""1"":{""mean_uv"":1002178,""error_uv"":2178,""pp_uv"":3051},""2"":{""mean_uv"":1036758,""error_uv"":36758,""pp_uv"":648},""3"":{""mean_uv"":1037597,""error_uv"":37597,""pp_uv"":476},""4"":{""mean_uv"":732440,""error_uv"":-267560,""pp_uv"":190}},{""0"":{""mean_uv"":914173,""error_uv"":-85827,""pp_uv"":3700},""1"":{""mean_uv"":1001110,""error_uv"":1110,""pp_uv"":2174},""2"":{""mean_uv"":1043529,""error_uv"":43529,""pp_uv"":801},""3"":{""mean_uv"":1044197,""error_uv"":44197,""pp_uv"":629},""4"":{""mean_uv"":732460,""error_uv"":-267540,""pp_uv"":114}}]},""codes"":[-8,0,0,0]}"
24,sequential,False,7,2026-09-09T00:23:38,observation,    IDAC0 ABBA low 1 (-8): PGAgain=-86.0mV BPo=+2.2mV OPA_SUMo=+36.8mV SUMo=+37.6mV LPo=-267.6mV,"[-8, 0, 0, 0]",,3,37597,476,13981,"{""at"":""2026-09-09T00:23:38"",""kind"":""observation"",""message"":""    IDAC0 ABBA low 1 (-8): PGAgain=-86.0mV BPo=+2.2mV OPA_SUMo=+36.8mV SUMo=+37.6mV LPo=-267.6mV"",""label"":""IDAC0 ABBA low 1 (-8)"",""observation"":{""errors_uv"":{""0"":-86018,""1"":2178,""2"":36758,""3"":37597,""4"":-267560},""pp_uv"":{""0"":4806,""1"":2899,""2"":648,""3"":476,""4"":114},""spread_uv"":{""0"":687,""1"":3929,""2"":14496,""3"":13981,""4"":39},""samples"":[{""0"":{""mean_uv"":913486,""error_uv"":-86514,""pp_uv"":5168},""1"":{""mean_uv"":1005039,""error_uv"":5039,""pp_uv"":2899},""2"":{""mean_uv"":1029033,""error_uv"":29033,""pp_uv"":438},""3"":{""mean_uv"":1030216,""error_uv"":30216,""pp_uv"":476},""4"":{""mean_uv"":732421,""error_uv"":-267579,""pp_uv"":114}},{""0"":{""mean_uv"":913982,""error_uv"":-86018,""pp_uv"":4806},""1"":{""mean_uv"":1002178,""error_uv"":2178,""pp_uv"":3051},""2"":{""mean_uv"":1036758,""error_uv"":36758,""pp_uv"":648},""3"":{""mean_uv"":1037597,""error_uv"":37597,""pp_uv"":476},""4"":{""mean_uv"":732440,""error_uv"":-267560,""pp_uv"":190}},{""0"":{""mean_uv"":914173,""error_uv"":-85827,""pp_uv"":3700},""1"":{""mean_uv"":1001110,""error_uv"":1110,""pp_uv"":2174},""2"":{""mean_uv"":1043529,""error_uv"":43529,""pp_uv"":801},""3"":{""mean_uv"":1044197,""error_uv"":44197,""pp_uv"":629},""4"":{""mean_uv"":732460,""error_uv"":-267540,""pp_uv"":114}}]},""codes"":[-8,0,0,0]}"
24,sequential,False,7,2026-09-09T00:23:38,observation,    IDAC0 ABBA low 1 (-8): PGAgain=-86.0mV BPo=+2.2mV OPA_SUMo=+36.8mV SUMo=+37.6mV LPo=-267.6mV,"[-8, 0, 0, 0]",,4,-267560,114,39,"{""at"":""2026-09-09T00:23:38"",""kind"":""observation"",""message"":""    IDAC0 ABBA low 1 (-8): PGAgain=-86.0mV BPo=+2.2mV OPA_SUMo=+36.8mV SUMo=+37.6mV LPo=-267.6mV"",""label"":""IDAC0 ABBA low 1 (-8)"",""observation"":{""errors_uv"":{""0"":-86018,""1"":2178,""2"":36758,""3"":37597,""4"":-267560},""pp_uv"":{""0"":4806,""1"":2899,""2"":648,""3"":476,""4"":114},""spread_uv"":{""0"":687,""1"":3929,""2"":14496,""3"":13981,""4"":39},""samples"":[{""0"":{""mean_uv"":913486,""error_uv"":-86514,""pp_uv"":5168},""1"":{""mean_uv"":1005039,""error_uv"":5039,""pp_uv"":2899},""2"":{""mean_uv"":1029033,""error_uv"":29033,""pp_uv"":438},""3"":{""mean_uv"":1030216,""error_uv"":30216,""pp_uv"":476},""4"":{""mean_uv"":732421,""error_uv"":-267579,""pp_uv"":114}},{""0"":{""mean_uv"":913982,""error_uv"":-86018,""pp_uv"":4806},""1"":{""mean_uv"":1002178,""error_uv"":2178,""pp_uv"":3051},""2"":{""mean_uv"":1036758,""error_uv"":36758,""pp_uv"":648},""3"":{""mean_uv"":1037597,""error_uv"":37597,""pp_uv"":476},""4"":{""mean_uv"":732440,""error_uv"":-267560,""pp_uv"":190}},{""0"":{""mean_uv"":914173,""error_uv"":-85827,""pp_uv"":3700},""1"":{""mean_uv"":1001110,""error_uv"":1110,""pp_uv"":2174},""2"":{""mean_uv"":1043529,""error_uv"":43529,""pp_uv"":801},""3"":{""mean_uv"":1044197,""error_uv"":44197,""pp_uv"":629},""4"":{""mean_uv"":732460,""error_uv"":-267540,""pp_uv"":114}}]},""codes"":[-8,0,0,0]}"
24,sequential,False,8,2026-09-09T00:23:54,observation,    IDAC0 ABBA high 1 (8): PGAgain=-27.4mV BPo=-34.6mV OPA_SUMo=+13.7mV SUMo=+11.7mV LPo=-260.4mV,"[8, 0, 0, 0]",,0,-27386,1373,267,"{""at"":""2026-09-09T00:23:54"",""kind"":""observation"",""message"":""    IDAC0 ABBA high 1 (8): PGAgain=-27.4mV BPo=-34.6mV OPA_SUMo=+13.7mV SUMo=+11.7mV LPo=-260.4mV"",""label"":""IDAC0 ABBA high 1 (8)"",""observation"":{""errors_uv"":{""0"":-27386,""1"":-34634,""2"":13736,""3"":11676,""4"":-260426},""pp_uv"":{""0"":1373,""1"":1907,""2"":419,""3"":400,""4"":2174},""spread_uv"":{""0"":267,""1"":6828,""2"":22220,""3"":21629,""4"":133725},""samples"":[{""0"":{""mean_uv"":972614,""error_uv"":-27386,""pp_uv"":1468},""1"":{""mean_uv"":961647,""error_uv"":-38353,""pp_uv"":1640},""2"":{""mean_uv"":1025657,""error_uv"":25657,""pp_uv"":457},""3"":{""mean_uv"":1023292,""error_uv"":23292,""pp_uv"":572},""4"":{""mean_uv"":732154,""error_uv"":-267846,""pp_uv"":133}},{""0"":{""mean_uv"":972690,""error_uv"":-27310,""pp_uv"":1373},""1"":{""mean_uv"":965366,""error_uv"":-34634,""pp_uv"":2059},""2"":{""mean_uv"":1013736,""error_uv"":13736,""pp_uv"":419},""3"":{""mean_uv"":1011676,""error_uv"":11676,""pp_uv"":305},""4"":{""mean_uv"":739574,""error_uv"":-260426,""pp_uv"":2746}},{""0"":{""mean_uv"":972423,""error_uv"":-27577,""pp_uv"":1106},""1"":{""mean_uv"":968475,""error_uv"":-31525,""pp_uv"":1907},""2"":{""mean_uv"":1003437,""error_uv"":3437,""pp_uv"":362},""3"":{""mean_uv"":1001663,""error_uv"":1663,""pp_uv"":400},""4"":{""mean_uv"":865879,""error_uv"":-134121,""pp_uv"":2174}}]},""codes"":[8,0,0,0]}"
24,sequential,False,8,2026-09-09T00:23:54,observation,    IDAC0 ABBA high 1 (8): PGAgain=-27.4mV BPo=-34.6mV OPA_SUMo=+13.7mV SUMo=+11.7mV LPo=-260.4mV,"[8, 0, 0, 0]",,1,-34634,1907,6828,"{""at"":""2026-09-09T00:23:54"",""kind"":""observation"",""message"":""    IDAC0 ABBA high 1 (8): PGAgain=-27.4mV BPo=-34.6mV OPA_SUMo=+13.7mV SUMo=+11.7mV LPo=-260.4mV"",""label"":""IDAC0 ABBA high 1 (8)"",""observation"":{""errors_uv"":{""0"":-27386,""1"":-34634,""2"":13736,""3"":11676,""4"":-260426},""pp_uv"":{""0"":1373,""1"":1907,""2"":419,""3"":400,""4"":2174},""spread_uv"":{""0"":267,""1"":6828,""2"":22220,""3"":21629,""4"":133725},""samples"":[{""0"":{""mean_uv"":972614,""error_uv"":-27386,""pp_uv"":1468},""1"":{""mean_uv"":961647,""error_uv"":-38353,""pp_uv"":1640},""2"":{""mean_uv"":1025657,""error_uv"":25657,""pp_uv"":457},""3"":{""mean_uv"":1023292,""error_uv"":23292,""pp_uv"":572},""4"":{""mean_uv"":732154,""error_uv"":-267846,""pp_uv"":133}},{""0"":{""mean_uv"":972690,""error_uv"":-27310,""pp_uv"":1373},""1"":{""mean_uv"":965366,""error_uv"":-34634,""pp_uv"":2059},""2"":{""mean_uv"":1013736,""error_uv"":13736,""pp_uv"":419},""3"":{""mean_uv"":1011676,""error_uv"":11676,""pp_uv"":305},""4"":{""mean_uv"":739574,""error_uv"":-260426,""pp_uv"":2746}},{""0"":{""mean_uv"":972423,""error_uv"":-27577,""pp_uv"":1106},""1"":{""mean_uv"":968475,""error_uv"":-31525,""pp_uv"":1907},""2"":{""mean_uv"":1003437,""error_uv"":3437,""pp_uv"":362},""3"":{""mean_uv"":1001663,""error_uv"":1663,""pp_uv"":400},""4"":{""mean_uv"":865879,""error_uv"":-134121,""pp_uv"":2174}}]},""codes"":[8,0,0,0]}"
24,sequential,False,8,2026-09-09T00:23:54,observation,    IDAC0 ABBA high 1 (8): PGAgain=-27.4mV BPo=-34.6mV OPA_SUMo=+13.7mV SUMo=+11.7mV LPo=-260.4mV,"[8, 0, 0, 0]",,2,13736,419,22220,"{""at"":""2026-09-09T00:23:54"",""kind"":""observation"",""message"":""    IDAC0 ABBA high 1 (8): PGAgain=-27.4mV BPo=-34.6mV OPA_SUMo=+13.7mV SUMo=+11.7mV LPo=-260.4mV"",""label"":""IDAC0 ABBA high 1 (8)"",""observation"":{""errors_uv"":{""0"":-27386,""1"":-34634,""2"":13736,""3"":11676,""4"":-260426},""pp_uv"":{""0"":1373,""1"":1907,""2"":419,""3"":400,""4"":2174},""spread_uv"":{""0"":267,""1"":6828,""2"":22220,""3"":21629,""4"":133725},""samples"":[{""0"":{""mean_uv"":972614,""error_uv"":-27386,""pp_uv"":1468},""1"":{""mean_uv"":961647,""error_uv"":-38353,""pp_uv"":1640},""2"":{""mean_uv"":1025657,""error_uv"":25657,""pp_uv"":457},""3"":{""mean_uv"":1023292,""error_uv"":23292,""pp_uv"":572},""4"":{""mean_uv"":732154,""error_uv"":-267846,""pp_uv"":133}},{""0"":{""mean_uv"":972690,""error_uv"":-27310,""pp_uv"":1373},""1"":{""mean_uv"":965366,""error_uv"":-34634,""pp_uv"":2059},""2"":{""mean_uv"":1013736,""error_uv"":13736,""pp_uv"":419},""3"":{""mean_uv"":1011676,""error_uv"":11676,""pp_uv"":305},""4"":{""mean_uv"":739574,""error_uv"":-260426,""pp_uv"":2746}},{""0"":{""mean_uv"":972423,""error_uv"":-27577,""pp_uv"":1106},""1"":{""mean_uv"":968475,""error_uv"":-31525,""pp_uv"":1907},""2"":{""mean_uv"":1003437,""error_uv"":3437,""pp_uv"":362},""3"":{""mean_uv"":1001663,""error_uv"":1663,""pp_uv"":400},""4"":{""mean_uv"":865879,""error_uv"":-134121,""pp_uv"":2174}}]},""codes"":[8,0,0,0]}"
24,sequential,False,8,2026-09-09T00:23:54,observation,    IDAC0 ABBA high 1 (8): PGAgain=-27.4mV BPo=-34.6mV OPA_SUMo=+13.7mV SUMo=+11.7mV LPo=-260.4mV,"[8, 0, 0, 0]",,3,11676,400,21629,"{""at"":""2026-09-09T00:23:54"",""kind"":""observation"",""message"":""    IDAC0 ABBA high 1 (8): PGAgain=-27.4mV BPo=-34.6mV OPA_SUMo=+13.7mV SUMo=+11.7mV LPo=-260.4mV"",""label"":""IDAC0 ABBA high 1 (8)"",""observation"":{""errors_uv"":{""0"":-27386,""1"":-34634,""2"":13736,""3"":11676,""4"":-260426},""pp_uv"":{""0"":1373,""1"":1907,""2"":419,""3"":400,""4"":2174},""spread_uv"":{""0"":267,""1"":6828,""2"":22220,""3"":21629,""4"":133725},""samples"":[{""0"":{""mean_uv"":972614,""error_uv"":-27386,""pp_uv"":1468},""1"":{""mean_uv"":961647,""error_uv"":-38353,""pp_uv"":1640},""2"":{""mean_uv"":1025657,""error_uv"":25657,""pp_uv"":457},""3"":{""mean_uv"":1023292,""error_uv"":23292,""pp_uv"":572},""4"":{""mean_uv"":732154,""error_uv"":-267846,""pp_uv"":133}},{""0"":{""mean_uv"":972690,""error_uv"":-27310,""pp_uv"":1373},""1"":{""mean_uv"":965366,""error_uv"":-34634,""pp_uv"":2059},""2"":{""mean_uv"":1013736,""error_uv"":13736,""pp_uv"":419},""3"":{""mean_uv"":1011676,""error_uv"":11676,""pp_uv"":305},""4"":{""mean_uv"":739574,""error_uv"":-260426,""pp_uv"":2746}},{""0"":{""mean_uv"":972423,""error_uv"":-27577,""pp_uv"":1106},""1"":{""mean_uv"":968475,""error_uv"":-31525,""pp_uv"":1907},""2"":{""mean_uv"":1003437,""error_uv"":3437,""pp_uv"":362},""3"":{""mean_uv"":1001663,""error_uv"":1663,""pp_uv"":400},""4"":{""mean_uv"":865879,""error_uv"":-134121,""pp_uv"":2174}}]},""codes"":[8,0,0,0]}"
24,sequential,False,8,2026-09-09T00:23:54,observation,    IDAC0 ABBA high 1 (8): PGAgain=-27.4mV BPo=-34.6mV OPA_SUMo=+13.7mV SUMo=+11.7mV LPo=-260.4mV,"[8, 0, 0, 0]",,4,-260426,2174,133725,"{""at"":""2026-09-09T00:23:54"",""kind"":""observation"",""message"":""    IDAC0 ABBA high 1 (8): PGAgain=-27.4mV BPo=-34.6mV OPA_SUMo=+13.7mV SUMo=+11.7mV LPo=-260.4mV"",""label"":""IDAC0 ABBA high 1 (8)"",""observation"":{""errors_uv"":{""0"":-27386,""1"":-34634,""2"":13736,""3"":11676,""4"":-260426},""pp_uv"":{""0"":1373,""1"":1907,""2"":419,""3"":400,""4"":2174},""spread_uv"":{""0"":267,""1"":6828,""2"":22220,""3"":21629,""4"":133725},""samples"":[{""0"":{""mean_uv"":972614,""error_uv"":-27386,""pp_uv"":1468},""1"":{""mean_uv"":961647,""error_uv"":-38353,""pp_uv"":1640},""2"":{""mean_uv"":1025657,""error_uv"":25657,""pp_uv"":457},""3"":{""mean_uv"":1023292,""error_uv"":23292,""pp_uv"":572},""4"":{""mean_uv"":732154,""error_uv"":-267846,""pp_uv"":133}},{""0"":{""mean_uv"":972690,""error_uv"":-27310,""pp_uv"":1373},""1"":{""mean_uv"":965366,""error_uv"":-34634,""pp_uv"":2059},""2"":{""mean_uv"":1013736,""error_uv"":13736,""pp_uv"":419},""3"":{""mean_uv"":1011676,""error_uv"":11676,""pp_uv"":305},""4"":{""mean_uv"":739574,""error_uv"":-260426,""pp_uv"":2746}},{""0"":{""mean_uv"":972423,""error_uv"":-27577,""pp_uv"":1106},""1"":{""mean_uv"":968475,""error_uv"":-31525,""pp_uv"":1907},""2"":{""mean_uv"":1003437,""error_uv"":3437,""pp_uv"":362},""3"":{""mean_uv"":1001663,""error_uv"":1663,""pp_uv"":400},""4"":{""mean_uv"":865879,""error_uv"":-134121,""pp_uv"":2174}}]},""codes"":[8,0,0,0]}"
24,sequential,False,9,2026-09-09T00:24:13,observation,    IDAC0 ABBA high 2 (8): PGAgain=-27.5mV BPo=-26.7mV OPA_SUMo=-20.4mV SUMo=-24.1mV LPo=+38.9mV,"[8, 0, 0, 0]",,0,-27539,1487,95,"{""at"":""2026-09-09T00:24:13"",""kind"":""observation"",""message"":""    IDAC0 ABBA high 2 (8): PGAgain=-27.5mV BPo=-26.7mV OPA_SUMo=-20.4mV SUMo=-24.1mV LPo=+38.9mV"",""label"":""IDAC0 ABBA high 2 (8)"",""observation"":{""errors_uv"":{""0"":-27539,""1"":-26700,""2"":-20386,""3"":-24144,""4"":38894},""pp_uv"":{""0"":1487,""1"":2174,""2"":610,""3"":476,""4"":1068},""spread_uv"":{""0"":95,""1"":6295,""2"":20885,""3"":20084,""4"":96779},""samples"":[{""0"":{""mean_uv"":972537,""error_uv"":-27463,""pp_uv"":1010},""1"":{""mean_uv"":971183,""error_uv"":-28817,""pp_uv"":1850},""2"":{""mean_uv"":992774,""error_uv"":-7226,""pp_uv"":362},""3"":{""mean_uv"":991420,""error_uv"":-8580,""pp_uv"":381},""4"":{""mean_uv"":963535,""error_uv"":-36465,""pp_uv"":1106}},{""0"":{""mean_uv"":972442,""error_uv"":-27558,""pp_uv"":1487},""1"":{""mean_uv"":973300,""error_uv"":-26700,""pp_uv"":2174},""2"":{""mean_uv"":979614,""error_uv"":-20386,""pp_uv"":610},""3"":{""mean_uv"":975856,""error_uv"":-24144,""pp_uv"":476},""4"":{""mean_uv"":1038894,""error_uv"":38894,""pp_uv"":1068}},{""0"":{""mean_uv"":972461,""error_uv"":-27539,""pp_uv"":1506},""1"":{""mean_uv"":977478,""error_uv"":-22522,""pp_uv"":2250},""2"":{""mean_uv"":971889,""error_uv"":-28111,""pp_uv"":724},""3"":{""mean_uv"":971336,""error_uv"":-28664,""pp_uv"":534},""4"":{""mean_uv"":1060314,""error_uv"":60314,""pp_uv"":1029}}]},""codes"":[8,0,0,0]}"
24,sequential,False,9,2026-09-09T00:24:13,observation,    IDAC0 ABBA high 2 (8): PGAgain=-27.5mV BPo=-26.7mV OPA_SUMo=-20.4mV SUMo=-24.1mV LPo=+38.9mV,"[8, 0, 0, 0]",,1,-26700,2174,6295,"{""at"":""2026-09-09T00:24:13"",""kind"":""observation"",""message"":""    IDAC0 ABBA high 2 (8): PGAgain=-27.5mV BPo=-26.7mV OPA_SUMo=-20.4mV SUMo=-24.1mV LPo=+38.9mV"",""label"":""IDAC0 ABBA high 2 (8)"",""observation"":{""errors_uv"":{""0"":-27539,""1"":-26700,""2"":-20386,""3"":-24144,""4"":38894},""pp_uv"":{""0"":1487,""1"":2174,""2"":610,""3"":476,""4"":1068},""spread_uv"":{""0"":95,""1"":6295,""2"":20885,""3"":20084,""4"":96779},""samples"":[{""0"":{""mean_uv"":972537,""error_uv"":-27463,""pp_uv"":1010},""1"":{""mean_uv"":971183,""error_uv"":-28817,""pp_uv"":1850},""2"":{""mean_uv"":992774,""error_uv"":-7226,""pp_uv"":362},""3"":{""mean_uv"":991420,""error_uv"":-8580,""pp_uv"":381},""4"":{""mean_uv"":963535,""error_uv"":-36465,""pp_uv"":1106}},{""0"":{""mean_uv"":972442,""error_uv"":-27558,""pp_uv"":1487},""1"":{""mean_uv"":973300,""error_uv"":-26700,""pp_uv"":2174},""2"":{""mean_uv"":979614,""error_uv"":-20386,""pp_uv"":610},""3"":{""mean_uv"":975856,""error_uv"":-24144,""pp_uv"":476},""4"":{""mean_uv"":1038894,""error_uv"":38894,""pp_uv"":1068}},{""0"":{""mean_uv"":972461,""error_uv"":-27539,""pp_uv"":1506},""1"":{""mean_uv"":977478,""error_uv"":-22522,""pp_uv"":2250},""2"":{""mean_uv"":971889,""error_uv"":-28111,""pp_uv"":724},""3"":{""mean_uv"":971336,""error_uv"":-28664,""pp_uv"":534},""4"":{""mean_uv"":1060314,""error_uv"":60314,""pp_uv"":1029}}]},""codes"":[8,0,0,0]}"
24,sequential,False,9,2026-09-09T00:24:13,observation,    IDAC0 ABBA high 2 (8): PGAgain=-27.5mV BPo=-26.7mV OPA_SUMo=-20.4mV SUMo=-24.1mV LPo=+38.9mV,"[8, 0, 0, 0]",,2,-20386,610,20885,"{""at"":""2026-09-09T00:24:13"",""kind"":""observation"",""message"":""    IDAC0 ABBA high 2 (8): PGAgain=-27.5mV BPo=-26.7mV OPA_SUMo=-20.4mV SUMo=-24.1mV LPo=+38.9mV"",""label"":""IDAC0 ABBA high 2 (8)"",""observation"":{""errors_uv"":{""0"":-27539,""1"":-26700,""2"":-20386,""3"":-24144,""4"":38894},""pp_uv"":{""0"":1487,""1"":2174,""2"":610,""3"":476,""4"":1068},""spread_uv"":{""0"":95,""1"":6295,""2"":20885,""3"":20084,""4"":96779},""samples"":[{""0"":{""mean_uv"":972537,""error_uv"":-27463,""pp_uv"":1010},""1"":{""mean_uv"":971183,""error_uv"":-28817,""pp_uv"":1850},""2"":{""mean_uv"":992774,""error_uv"":-7226,""pp_uv"":362},""3"":{""mean_uv"":991420,""error_uv"":-8580,""pp_uv"":381},""4"":{""mean_uv"":963535,""error_uv"":-36465,""pp_uv"":1106}},{""0"":{""mean_uv"":972442,""error_uv"":-27558,""pp_uv"":1487},""1"":{""mean_uv"":973300,""error_uv"":-26700,""pp_uv"":2174},""2"":{""mean_uv"":979614,""error_uv"":-20386,""pp_uv"":610},""3"":{""mean_uv"":975856,""error_uv"":-24144,""pp_uv"":476},""4"":{""mean_uv"":1038894,""error_uv"":38894,""pp_uv"":1068}},{""0"":{""mean_uv"":972461,""error_uv"":-27539,""pp_uv"":1506},""1"":{""mean_uv"":977478,""error_uv"":-22522,""pp_uv"":2250},""2"":{""mean_uv"":971889,""error_uv"":-28111,""pp_uv"":724},""3"":{""mean_uv"":971336,""error_uv"":-28664,""pp_uv"":534},""4"":{""mean_uv"":1060314,""error_uv"":60314,""pp_uv"":1029}}]},""codes"":[8,0,0,0]}"
24,sequential,False,9,2026-09-09T00:24:13,observation,    IDAC0 ABBA high 2 (8): PGAgain=-27.5mV BPo=-26.7mV OPA_SUMo=-20.4mV SUMo=-24.1mV LPo=+38.9mV,"[8, 0, 0, 0]",,3,-24144,476,20084,"{""at"":""2026-09-09T00:24:13"",""kind"":""observation"",""message"":""    IDAC0 ABBA high 2 (8): PGAgain=-27.5mV BPo=-26.7mV OPA_SUMo=-20.4mV SUMo=-24.1mV LPo=+38.9mV"",""label"":""IDAC0 ABBA high 2 (8)"",""observation"":{""errors_uv"":{""0"":-27539,""1"":-26700,""2"":-20386,""3"":-24144,""4"":38894},""pp_uv"":{""0"":1487,""1"":2174,""2"":610,""3"":476,""4"":1068},""spread_uv"":{""0"":95,""1"":6295,""2"":20885,""3"":20084,""4"":96779},""samples"":[{""0"":{""mean_uv"":972537,""error_uv"":-27463,""pp_uv"":1010},""1"":{""mean_uv"":971183,""error_uv"":-28817,""pp_uv"":1850},""2"":{""mean_uv"":992774,""error_uv"":-7226,""pp_uv"":362},""3"":{""mean_uv"":991420,""error_uv"":-8580,""pp_uv"":381},""4"":{""mean_uv"":963535,""error_uv"":-36465,""pp_uv"":1106}},{""0"":{""mean_uv"":972442,""error_uv"":-27558,""pp_uv"":1487},""1"":{""mean_uv"":973300,""error_uv"":-26700,""pp_uv"":2174},""2"":{""mean_uv"":979614,""error_uv"":-20386,""pp_uv"":610},""3"":{""mean_uv"":975856,""error_uv"":-24144,""pp_uv"":476},""4"":{""mean_uv"":1038894,""error_uv"":38894,""pp_uv"":1068}},{""0"":{""mean_uv"":972461,""error_uv"":-27539,""pp_uv"":1506},""1"":{""mean_uv"":977478,""error_uv"":-22522,""pp_uv"":2250},""2"":{""mean_uv"":971889,""error_uv"":-28111,""pp_uv"":724},""3"":{""mean_uv"":971336,""error_uv"":-28664,""pp_uv"":534},""4"":{""mean_uv"":1060314,""error_uv"":60314,""pp_uv"":1029}}]},""codes"":[8,0,0,0]}"
24,sequential,False,9,2026-09-09T00:24:13,observation,    IDAC0 ABBA high 2 (8): PGAgain=-27.5mV BPo=-26.7mV OPA_SUMo=-20.4mV SUMo=-24.1mV LPo=+38.9mV,"[8, 0, 0, 0]",,4,38894,1068,96779,"{""at"":""2026-09-09T00:24:13"",""kind"":""observation"",""message"":""    IDAC0 ABBA high 2 (8): PGAgain=-27.5mV BPo=-26.7mV OPA_SUMo=-20.4mV SUMo=-24.1mV LPo=+38.9mV"",""label"":""IDAC0 ABBA high 2 (8)"",""observation"":{""errors_uv"":{""0"":-27539,""1"":-26700,""2"":-20386,""3"":-24144,""4"":38894},""pp_uv"":{""0"":1487,""1"":2174,""2"":610,""3"":476,""4"":1068},""spread_uv"":{""0"":95,""1"":6295,""2"":20885,""3"":20084,""4"":96779},""samples"":[{""0"":{""mean_uv"":972537,""error_uv"":-27463,""pp_uv"":1010},""1"":{""mean_uv"":971183,""error_uv"":-28817,""pp_uv"":1850},""2"":{""mean_uv"":992774,""error_uv"":-7226,""pp_uv"":362},""3"":{""mean_uv"":991420,""error_uv"":-8580,""pp_uv"":381},""4"":{""mean_uv"":963535,""error_uv"":-36465,""pp_uv"":1106}},{""0"":{""mean_uv"":972442,""error_uv"":-27558,""pp_uv"":1487},""1"":{""mean_uv"":973300,""error_uv"":-26700,""pp_uv"":2174},""2"":{""mean_uv"":979614,""error_uv"":-20386,""pp_uv"":610},""3"":{""mean_uv"":975856,""error_uv"":-24144,""pp_uv"":476},""4"":{""mean_uv"":1038894,""error_uv"":38894,""pp_uv"":1068}},{""0"":{""mean_uv"":972461,""error_uv"":-27539,""pp_uv"":1506},""1"":{""mean_uv"":977478,""error_uv"":-22522,""pp_uv"":2250},""2"":{""mean_uv"":971889,""error_uv"":-28111,""pp_uv"":724},""3"":{""mean_uv"":971336,""error_uv"":-28664,""pp_uv"":534},""4"":{""mean_uv"":1060314,""error_uv"":60314,""pp_uv"":1029}}]},""codes"":[8,0,0,0]}"
24,sequential,False,10,2026-09-09T00:24:28,observation,    IDAC0 ABBA low 2 (-8): PGAgain=-86.3mV BPo=+11.7mV OPA_SUMo=+6.3mV SUMo=+7.9mV LPo=-245.5mV,"[-8, 0, 0, 0]",,0,-86285,3299,1068,"{""at"":""2026-09-09T00:24:28"",""kind"":""observation"",""message"":""    IDAC0 ABBA low 2 (-8): PGAgain=-86.3mV BPo=+11.7mV OPA_SUMo=+6.3mV SUMo=+7.9mV LPo=-245.5mV"",""label"":""IDAC0 ABBA low 2 (-8)"",""observation"":{""errors_uv"":{""0"":-86285,""1"":11714,""2"":6259,""3"":7881,""4"":-245530},""pp_uv"":{""0"":3299,""1"":2288,""2"":553,""3"":534,""4"":4138},""spread_uv"":{""0"":1068,""1"":7229,""2"":23442,""3"":22964,""4"":175571},""samples"":[{""0"":{""mean_uv"":914230,""error_uv"":-85770,""pp_uv"":4138},""1"":{""mean_uv"":1015796,""error_uv"":15796,""pp_uv"":2288},""2"":{""mean_uv"":993556,""error_uv"":-6444,""pp_uv"":591},""3"":{""mean_uv"":995388,""error_uv"":-4612,""pp_uv"":591},""4"":{""mean_uv"":908088,""error_uv"":-91912,""pp_uv"":4367}},{""0"":{""mean_uv"":913715,""error_uv"":-86285,""pp_uv"":3299},""1"":{""mean_uv"":1011714,""error_uv"":11714,""pp_uv"":2727},""2"":{""mean_uv"":1006259,""error_uv"":6259,""pp_uv"":553},""3"":{""mean_uv"":1007881,""error_uv"":7881,""pp_uv"":534},""4"":{""mean_uv"":754470,""error_uv"":-245530,""pp_uv"":4138}},{""0"":{""mean_uv"":913162,""error_uv"":-86838,""pp_uv"":2899},""1"":{""mean_uv"":1008567,""error_uv"":8567,""pp_uv"":2040},""2"":{""mean_uv"":1016998,""error_uv"":16998,""pp_uv"":514},""3"":{""mean_uv"":1018352,""error_uv"":18352,""pp_uv"":514},""4"":{""mean_uv"":732517,""error_uv"":-267483,""pp_uv"":114}}]},""codes"":[-8,0,0,0]}"
24,sequential,False,10,2026-09-09T00:24:28,observation,    IDAC0 ABBA low 2 (-8): PGAgain=-86.3mV BPo=+11.7mV OPA_SUMo=+6.3mV SUMo=+7.9mV LPo=-245.5mV,"[-8, 0, 0, 0]",,1,11714,2288,7229,"{""at"":""2026-09-09T00:24:28"",""kind"":""observation"",""message"":""    IDAC0 ABBA low 2 (-8): PGAgain=-86.3mV BPo=+11.7mV OPA_SUMo=+6.3mV SUMo=+7.9mV LPo=-245.5mV"",""label"":""IDAC0 ABBA low 2 (-8)"",""observation"":{""errors_uv"":{""0"":-86285,""1"":11714,""2"":6259,""3"":7881,""4"":-245530},""pp_uv"":{""0"":3299,""1"":2288,""2"":553,""3"":534,""4"":4138},""spread_uv"":{""0"":1068,""1"":7229,""2"":23442,""3"":22964,""4"":175571},""samples"":[{""0"":{""mean_uv"":914230,""error_uv"":-85770,""pp_uv"":4138},""1"":{""mean_uv"":1015796,""error_uv"":15796,""pp_uv"":2288},""2"":{""mean_uv"":993556,""error_uv"":-6444,""pp_uv"":591},""3"":{""mean_uv"":995388,""error_uv"":-4612,""pp_uv"":591},""4"":{""mean_uv"":908088,""error_uv"":-91912,""pp_uv"":4367}},{""0"":{""mean_uv"":913715,""error_uv"":-86285,""pp_uv"":3299},""1"":{""mean_uv"":1011714,""error_uv"":11714,""pp_uv"":2727},""2"":{""mean_uv"":1006259,""error_uv"":6259,""pp_uv"":553},""3"":{""mean_uv"":1007881,""error_uv"":7881,""pp_uv"":534},""4"":{""mean_uv"":754470,""error_uv"":-245530,""pp_uv"":4138}},{""0"":{""mean_uv"":913162,""error_uv"":-86838,""pp_uv"":2899},""1"":{""mean_uv"":1008567,""error_uv"":8567,""pp_uv"":2040},""2"":{""mean_uv"":1016998,""error_uv"":16998,""pp_uv"":514},""3"":{""mean_uv"":1018352,""error_uv"":18352,""pp_uv"":514},""4"":{""mean_uv"":732517,""error_uv"":-267483,""pp_uv"":114}}]},""codes"":[-8,0,0,0]}"
24,sequential,False,10,2026-09-09T00:24:28,observation,    IDAC0 ABBA low 2 (-8): PGAgain=-86.3mV BPo=+11.7mV OPA_SUMo=+6.3mV SUMo=+7.9mV LPo=-245.5mV,"[-8, 0, 0, 0]",,2,6259,553,23442,"{""at"":""2026-09-09T00:24:28"",""kind"":""observation"",""message"":""    IDAC0 ABBA low 2 (-8): PGAgain=-86.3mV BPo=+11.7mV OPA_SUMo=+6.3mV SUMo=+7.9mV LPo=-245.5mV"",""label"":""IDAC0 ABBA low 2 (-8)"",""observation"":{""errors_uv"":{""0"":-86285,""1"":11714,""2"":6259,""3"":7881,""4"":-245530},""pp_uv"":{""0"":3299,""1"":2288,""2"":553,""3"":534,""4"":4138},""spread_uv"":{""0"":1068,""1"":7229,""2"":23442,""3"":22964,""4"":175571},""samples"":[{""0"":{""mean_uv"":914230,""error_uv"":-85770,""pp_uv"":4138},""1"":{""mean_uv"":1015796,""error_uv"":15796,""pp_uv"":2288},""2"":{""mean_uv"":993556,""error_uv"":-6444,""pp_uv"":591},""3"":{""mean_uv"":995388,""error_uv"":-4612,""pp_uv"":591},""4"":{""mean_uv"":908088,""error_uv"":-91912,""pp_uv"":4367}},{""0"":{""mean_uv"":913715,""error_uv"":-86285,""pp_uv"":3299},""1"":{""mean_uv"":1011714,""error_uv"":11714,""pp_uv"":2727},""2"":{""mean_uv"":1006259,""error_uv"":6259,""pp_uv"":553},""3"":{""mean_uv"":1007881,""error_uv"":7881,""pp_uv"":534},""4"":{""mean_uv"":754470,""error_uv"":-245530,""pp_uv"":4138}},{""0"":{""mean_uv"":913162,""error_uv"":-86838,""pp_uv"":2899},""1"":{""mean_uv"":1008567,""error_uv"":8567,""pp_uv"":2040},""2"":{""mean_uv"":1016998,""error_uv"":16998,""pp_uv"":514},""3"":{""mean_uv"":1018352,""error_uv"":18352,""pp_uv"":514},""4"":{""mean_uv"":732517,""error_uv"":-267483,""pp_uv"":114}}]},""codes"":[-8,0,0,0]}"
24,sequential,False,10,2026-09-09T00:24:28,observation,    IDAC0 ABBA low 2 (-8): PGAgain=-86.3mV BPo=+11.7mV OPA_SUMo=+6.3mV SUMo=+7.9mV LPo=-245.5mV,"[-8, 0, 0, 0]",,3,7881,534,22964,"{""at"":""2026-09-09T00:24:28"",""kind"":""observation"",""message"":""    IDAC0 ABBA low 2 (-8): PGAgain=-86.3mV BPo=+11.7mV OPA_SUMo=+6.3mV SUMo=+7.9mV LPo=-245.5mV"",""label"":""IDAC0 ABBA low 2 (-8)"",""observation"":{""errors_uv"":{""0"":-86285,""1"":11714,""2"":6259,""3"":7881,""4"":-245530},""pp_uv"":{""0"":3299,""1"":2288,""2"":553,""3"":534,""4"":4138},""spread_uv"":{""0"":1068,""1"":7229,""2"":23442,""3"":22964,""4"":175571},""samples"":[{""0"":{""mean_uv"":914230,""error_uv"":-85770,""pp_uv"":4138},""1"":{""mean_uv"":1015796,""error_uv"":15796,""pp_uv"":2288},""2"":{""mean_uv"":993556,""error_uv"":-6444,""pp_uv"":591},""3"":{""mean_uv"":995388,""error_uv"":-4612,""pp_uv"":591},""4"":{""mean_uv"":908088,""error_uv"":-91912,""pp_uv"":4367}},{""0"":{""mean_uv"":913715,""error_uv"":-86285,""pp_uv"":3299},""1"":{""mean_uv"":1011714,""error_uv"":11714,""pp_uv"":2727},""2"":{""mean_uv"":1006259,""error_uv"":6259,""pp_uv"":553},""3"":{""mean_uv"":1007881,""error_uv"":7881,""pp_uv"":534},""4"":{""mean_uv"":754470,""error_uv"":-245530,""pp_uv"":4138}},{""0"":{""mean_uv"":913162,""error_uv"":-86838,""pp_uv"":2899},""1"":{""mean_uv"":1008567,""error_uv"":8567,""pp_uv"":2040},""2"":{""mean_uv"":1016998,""error_uv"":16998,""pp_uv"":514},""3"":{""mean_uv"":1018352,""error_uv"":18352,""pp_uv"":514},""4"":{""mean_uv"":732517,""error_uv"":-267483,""pp_uv"":114}}]},""codes"":[-8,0,0,0]}"
24,sequential,False,10,2026-09-09T00:24:28,observation,    IDAC0 ABBA low 2 (-8): PGAgain=-86.3mV BPo=+11.7mV OPA_SUMo=+6.3mV SUMo=+7.9mV LPo=-245.5mV,"[-8, 0, 0, 0]",,4,-245530,4138,175571,"{""at"":""2026-09-09T00:24:28"",""kind"":""observation"",""message"":""    IDAC0 ABBA low 2 (-8): PGAgain=-86.3mV BPo=+11.7mV OPA_SUMo=+6.3mV SUMo=+7.9mV LPo=-245.5mV"",""label"":""IDAC0 ABBA low 2 (-8)"",""observation"":{""errors_uv"":{""0"":-86285,""1"":11714,""2"":6259,""3"":7881,""4"":-245530},""pp_uv"":{""0"":3299,""1"":2288,""2"":553,""3"":534,""4"":4138},""spread_uv"":{""0"":1068,""1"":7229,""2"":23442,""3"":22964,""4"":175571},""samples"":[{""0"":{""mean_uv"":914230,""error_uv"":-85770,""pp_uv"":4138},""1"":{""mean_uv"":1015796,""error_uv"":15796,""pp_uv"":2288},""2"":{""mean_uv"":993556,""error_uv"":-6444,""pp_uv"":591},""3"":{""mean_uv"":995388,""error_uv"":-4612,""pp_uv"":591},""4"":{""mean_uv"":908088,""error_uv"":-91912,""pp_uv"":4367}},{""0"":{""mean_uv"":913715,""error_uv"":-86285,""pp_uv"":3299},""1"":{""mean_uv"":1011714,""error_uv"":11714,""pp_uv"":2727},""2"":{""mean_uv"":1006259,""error_uv"":6259,""pp_uv"":553},""3"":{""mean_uv"":1007881,""error_uv"":7881,""pp_uv"":534},""4"":{""mean_uv"":754470,""error_uv"":-245530,""pp_uv"":4138}},{""0"":{""mean_uv"":913162,""error_uv"":-86838,""pp_uv"":2899},""1"":{""mean_uv"":1008567,""error_uv"":8567,""pp_uv"":2040},""2"":{""mean_uv"":1016998,""error_uv"":16998,""pp_uv"":514},""3"":{""mean_uv"":1018352,""error_uv"":18352,""pp_uv"":514},""4"":{""mean_uv"":732517,""error_uv"":-267483,""pp_uv"":114}}]},""codes"":[-8,0,0,0]}"
24,sequential,False,11,2026-09-09T00:24:44,observation,    IDAC0 rápido restaurado: PGAgain=-48.7mV BPo=-14.8mV OPA_SUMo=+18.1mV SUMo=+18.0mV LPo=-267.7mV,"[0, 0, 0, 0]",,0,-48710,2365,172,"{""at"":""2026-09-09T00:24:44"",""kind"":""observation"",""message"":""    IDAC0 rápido restaurado: PGAgain=-48.7mV BPo=-14.8mV OPA_SUMo=+18.1mV SUMo=+18.0mV LPo=-267.7mV"",""label"":""IDAC0 rápido restaurado"",""observation"":{""errors_uv"":{""0"":-48710,""1"":-14798,""2"":18142,""3"":17990,""4"":-267712},""pp_uv"":{""0"":2365,""1"":2059,""2"":495,""3"":457,""4"":95},""spread_uv"":{""0"":172,""1"":1221,""2"":2212,""3"":2251,""4"":38},""samples"":[{""0"":{""mean_uv"":951290,""error_uv"":-48710,""pp_uv"":2880},""1"":{""mean_uv"":984611,""error_uv"":-15389,""pp_uv"":2059},""2"":{""mean_uv"":1019496,""error_uv"":19496,""pp_uv"":419},""3"":{""mean_uv"":1019325,""error_uv"":19325,""pp_uv"":457},""4"":{""mean_uv"":732288,""error_uv"":-267712,""pp_uv"":190}},{""0"":{""mean_uv"":951290,""error_uv"":-48710,""pp_uv"":2059},""1"":{""mean_uv"":985202,""error_uv"":-14798,""pp_uv"":1850},""2"":{""mean_uv"":1018142,""error_uv"":18142,""pp_uv"":495},""3"":{""mean_uv"":1017990,""error_uv"":17990,""pp_uv"":419},""4"":{""mean_uv"":732269,""error_uv"":-267731,""pp_uv"":95}},{""0"":{""mean_uv"":951118,""error_uv"":-48882,""pp_uv"":2365},""1"":{""mean_uv"":985832,""error_uv"":-14168,""pp_uv"":2517},""2"":{""mean_uv"":1017284,""error_uv"":17284,""pp_uv"":534},""3"":{""mean_uv"":1017074,""error_uv"":17074,""pp_uv"":667},""4"":{""mean_uv"":732307,""error_uv"":-267693,""pp_uv"":95}}]},""codes"":[0,0,0,0]}"
24,sequential,False,11,2026-09-09T00:24:44,observation,    IDAC0 rápido restaurado: PGAgain=-48.7mV BPo=-14.8mV OPA_SUMo=+18.1mV SUMo=+18.0mV LPo=-267.7mV,"[0, 0, 0, 0]",,1,-14798,2059,1221,"{""at"":""2026-09-09T00:24:44"",""kind"":""observation"",""message"":""    IDAC0 rápido restaurado: PGAgain=-48.7mV BPo=-14.8mV OPA_SUMo=+18.1mV SUMo=+18.0mV LPo=-267.7mV"",""label"":""IDAC0 rápido restaurado"",""observation"":{""errors_uv"":{""0"":-48710,""1"":-14798,""2"":18142,""3"":17990,""4"":-267712},""pp_uv"":{""0"":2365,""1"":2059,""2"":495,""3"":457,""4"":95},""spread_uv"":{""0"":172,""1"":1221,""2"":2212,""3"":2251,""4"":38},""samples"":[{""0"":{""mean_uv"":951290,""error_uv"":-48710,""pp_uv"":2880},""1"":{""mean_uv"":984611,""error_uv"":-15389,""pp_uv"":2059},""2"":{""mean_uv"":1019496,""error_uv"":19496,""pp_uv"":419},""3"":{""mean_uv"":1019325,""error_uv"":19325,""pp_uv"":457},""4"":{""mean_uv"":732288,""error_uv"":-267712,""pp_uv"":190}},{""0"":{""mean_uv"":951290,""error_uv"":-48710,""pp_uv"":2059},""1"":{""mean_uv"":985202,""error_uv"":-14798,""pp_uv"":1850},""2"":{""mean_uv"":1018142,""error_uv"":18142,""pp_uv"":495},""3"":{""mean_uv"":1017990,""error_uv"":17990,""pp_uv"":419},""4"":{""mean_uv"":732269,""error_uv"":-267731,""pp_uv"":95}},{""0"":{""mean_uv"":951118,""error_uv"":-48882,""pp_uv"":2365},""1"":{""mean_uv"":985832,""error_uv"":-14168,""pp_uv"":2517},""2"":{""mean_uv"":1017284,""error_uv"":17284,""pp_uv"":534},""3"":{""mean_uv"":1017074,""error_uv"":17074,""pp_uv"":667},""4"":{""mean_uv"":732307,""error_uv"":-267693,""pp_uv"":95}}]},""codes"":[0,0,0,0]}"
24,sequential,False,11,2026-09-09T00:24:44,observation,    IDAC0 rápido restaurado: PGAgain=-48.7mV BPo=-14.8mV OPA_SUMo=+18.1mV SUMo=+18.0mV LPo=-267.7mV,"[0, 0, 0, 0]",,2,18142,495,2212,"{""at"":""2026-09-09T00:24:44"",""kind"":""observation"",""message"":""    IDAC0 rápido restaurado: PGAgain=-48.7mV BPo=-14.8mV OPA_SUMo=+18.1mV SUMo=+18.0mV LPo=-267.7mV"",""label"":""IDAC0 rápido restaurado"",""observation"":{""errors_uv"":{""0"":-48710,""1"":-14798,""2"":18142,""3"":17990,""4"":-267712},""pp_uv"":{""0"":2365,""1"":2059,""2"":495,""3"":457,""4"":95},""spread_uv"":{""0"":172,""1"":1221,""2"":2212,""3"":2251,""4"":38},""samples"":[{""0"":{""mean_uv"":951290,""error_uv"":-48710,""pp_uv"":2880},""1"":{""mean_uv"":984611,""error_uv"":-15389,""pp_uv"":2059},""2"":{""mean_uv"":1019496,""error_uv"":19496,""pp_uv"":419},""3"":{""mean_uv"":1019325,""error_uv"":19325,""pp_uv"":457},""4"":{""mean_uv"":732288,""error_uv"":-267712,""pp_uv"":190}},{""0"":{""mean_uv"":951290,""error_uv"":-48710,""pp_uv"":2059},""1"":{""mean_uv"":985202,""error_uv"":-14798,""pp_uv"":1850},""2"":{""mean_uv"":1018142,""error_uv"":18142,""pp_uv"":495},""3"":{""mean_uv"":1017990,""error_uv"":17990,""pp_uv"":419},""4"":{""mean_uv"":732269,""error_uv"":-267731,""pp_uv"":95}},{""0"":{""mean_uv"":951118,""error_uv"":-48882,""pp_uv"":2365},""1"":{""mean_uv"":985832,""error_uv"":-14168,""pp_uv"":2517},""2"":{""mean_uv"":1017284,""error_uv"":17284,""pp_uv"":534},""3"":{""mean_uv"":1017074,""error_uv"":17074,""pp_uv"":667},""4"":{""mean_uv"":732307,""error_uv"":-267693,""pp_uv"":95}}]},""codes"":[0,0,0,0]}"
24,sequential,False,11,2026-09-09T00:24:44,observation,    IDAC0 rápido restaurado: PGAgain=-48.7mV BPo=-14.8mV OPA_SUMo=+18.1mV SUMo=+18.0mV LPo=-267.7mV,"[0, 0, 0, 0]",,3,17990,457,2251,"{""at"":""2026-09-09T00:24:44"",""kind"":""observation"",""message"":""    IDAC0 rápido restaurado: PGAgain=-48.7mV BPo=-14.8mV OPA_SUMo=+18.1mV SUMo=+18.0mV LPo=-267.7mV"",""label"":""IDAC0 rápido restaurado"",""observation"":{""errors_uv"":{""0"":-48710,""1"":-14798,""2"":18142,""3"":17990,""4"":-267712},""pp_uv"":{""0"":2365,""1"":2059,""2"":495,""3"":457,""4"":95},""spread_uv"":{""0"":172,""1"":1221,""2"":2212,""3"":2251,""4"":38},""samples"":[{""0"":{""mean_uv"":951290,""error_uv"":-48710,""pp_uv"":2880},""1"":{""mean_uv"":984611,""error_uv"":-15389,""pp_uv"":2059},""2"":{""mean_uv"":1019496,""error_uv"":19496,""pp_uv"":419},""3"":{""mean_uv"":1019325,""error_uv"":19325,""pp_uv"":457},""4"":{""mean_uv"":732288,""error_uv"":-267712,""pp_uv"":190}},{""0"":{""mean_uv"":951290,""error_uv"":-48710,""pp_uv"":2059},""1"":{""mean_uv"":985202,""error_uv"":-14798,""pp_uv"":1850},""2"":{""mean_uv"":1018142,""error_uv"":18142,""pp_uv"":495},""3"":{""mean_uv"":1017990,""error_uv"":17990,""pp_uv"":419},""4"":{""mean_uv"":732269,""error_uv"":-267731,""pp_uv"":95}},{""0"":{""mean_uv"":951118,""error_uv"":-48882,""pp_uv"":2365},""1"":{""mean_uv"":985832,""error_uv"":-14168,""pp_uv"":2517},""2"":{""mean_uv"":1017284,""error_uv"":17284,""pp_uv"":534},""3"":{""mean_uv"":1017074,""error_uv"":17074,""pp_uv"":667},""4"":{""mean_uv"":732307,""error_uv"":-267693,""pp_uv"":95}}]},""codes"":[0,0,0,0]}"
24,sequential,False,11,2026-09-09T00:24:44,observation,    IDAC0 rápido restaurado: PGAgain=-48.7mV BPo=-14.8mV OPA_SUMo=+18.1mV SUMo=+18.0mV LPo=-267.7mV,"[0, 0, 0, 0]",,4,-267712,95,38,"{""at"":""2026-09-09T00:24:44"",""kind"":""observation"",""message"":""    IDAC0 rápido restaurado: PGAgain=-48.7mV BPo=-14.8mV OPA_SUMo=+18.1mV SUMo=+18.0mV LPo=-267.7mV"",""label"":""IDAC0 rápido restaurado"",""observation"":{""errors_uv"":{""0"":-48710,""1"":-14798,""2"":18142,""3"":17990,""4"":-267712},""pp_uv"":{""0"":2365,""1"":2059,""2"":495,""3"":457,""4"":95},""spread_uv"":{""0"":172,""1"":1221,""2"":2212,""3"":2251,""4"":38},""samples"":[{""0"":{""mean_uv"":951290,""error_uv"":-48710,""pp_uv"":2880},""1"":{""mean_uv"":984611,""error_uv"":-15389,""pp_uv"":2059},""2"":{""mean_uv"":1019496,""error_uv"":19496,""pp_uv"":419},""3"":{""mean_uv"":1019325,""error_uv"":19325,""pp_uv"":457},""4"":{""mean_uv"":732288,""error_uv"":-267712,""pp_uv"":190}},{""0"":{""mean_uv"":951290,""error_uv"":-48710,""pp_uv"":2059},""1"":{""mean_uv"":985202,""error_uv"":-14798,""pp_uv"":1850},""2"":{""mean_uv"":1018142,""error_uv"":18142,""pp_uv"":495},""3"":{""mean_uv"":1017990,""error_uv"":17990,""pp_uv"":419},""4"":{""mean_uv"":732269,""error_uv"":-267731,""pp_uv"":95}},{""0"":{""mean_uv"":951118,""error_uv"":-48882,""pp_uv"":2365},""1"":{""mean_uv"":985832,""error_uv"":-14168,""pp_uv"":2517},""2"":{""mean_uv"":1017284,""error_uv"":17284,""pp_uv"":534},""3"":{""mean_uv"":1017074,""error_uv"":17074,""pp_uv"":667},""4"":{""mean_uv"":732307,""error_uv"":-267693,""pp_uv"":95}}]},""codes"":[0,0,0,0]}"
24,sequential,False,12,2026-09-09T00:24:44,fast_identification,    IDAC0->ch0: +3668.1uV/código (fiable),"[16, 0, 0, 0]",,,,,,"{""at"":""2026-09-09T00:24:44"",""kind"":""fast_identification"",""message"":""    IDAC0->ch0: +3668.1uV/código (fiable)"",""stage"":0,""channel"":0,""low"":-8,""high"":8,""slope_uv_per_code"":3668.0625,""effect_uv"":58689.0,""forward_effect_uv"":58632.0,""reverse_effect_uv"":58746.0,""reliable_effect_uv"":58632.0,""noise_uv"":1068,""threshold_uv"":12000,""same_sign"":true,""magnitude_ratio"":0.9980594423450108,""reliable"":true}"
24,sequential,False,13,2026-09-09T00:24:44,fast_pi,    PI rápido IDAC0 0->8,"[16, 0, 0, 0]",,,,,,"{""at"":""2026-09-09T00:24:44"",""kind"":""fast_pi"",""message"":""    PI rápido IDAC0 0->8"",""cycle"":0,""error_uv"":-48710,""slope_uv_per_code"":3668.0625}"
24,sequential,False,14,2026-09-09T00:25:00,observation,    microajuste rápido: PGAgain=-27.8mV BPo=-29.8mV OPA_SUMo=-7.0mV SUMo=-8.2mV LPo=-36.4mV,"[8, 0, 0, 0]",,0,-27806,1678,744,"{""at"":""2026-09-09T00:25:00"",""kind"":""observation"",""message"":""    microajuste rápido: PGAgain=-27.8mV BPo=-29.8mV OPA_SUMo=-7.0mV SUMo=-8.2mV LPo=-36.4mV"",""label"":""microajuste rápido"",""observation"":{""errors_uv"":{""0"":-27806,""1"":-29770,""2"":-6997,""3"":-8217,""4"":-36389},""pp_uv"":{""0"":1678,""1"":2517,""2"":534,""3"":495,""4"":1449},""spread_uv"":{""0"":744,""1"":4578,""2"":15240,""3"":14878,""4"":103989},""samples"":[{""0"":{""mean_uv"":971870,""error_uv"":-28130,""pp_uv"":1678},""1"":{""mean_uv"":968341,""error_uv"":-31659,""pp_uv"":3280},""2"":{""mean_uv"":1001205,""error_uv"":1205,""pp_uv"":782},""3"":{""mean_uv"":999832,""error_uv"":-168,""pp_uv"":534},""4"":{""mean_uv"":892238,""error_uv"":-107762,""pp_uv"":2212}},{""0"":{""mean_uv"":972194,""error_uv"":-27806,""pp_uv"":1621},""1"":{""mean_uv"":970230,""error_uv"":-29770,""pp_uv"":2193},""2"":{""mean_uv"":993003,""error_uv"":-6997,""pp_uv"":419},""3"":{""mean_uv"":991783,""error_uv"":-8217,""pp_uv"":495},""4"":{""mean_uv"":963611,""error_uv"":-36389,""pp_uv"":1449}},{""0"":{""mean_uv"":972614,""error_uv"":-27386,""pp_uv"":2174},""1"":{""mean_uv"":972919,""error_uv"":-27081,""pp_uv"":2517},""2"":{""mean_uv"":985965,""error_uv"":-14035,""pp_uv"":534},""3"":{""mean_uv"":984954,""error_uv"":-15046,""pp_uv"":457},""4"":{""mean_uv"":996227,""error_uv"":-3773,""pp_uv"":1182}}]},""codes"":[8,0,0,0]}"
24,sequential,False,14,2026-09-09T00:25:00,observation,    microajuste rápido: PGAgain=-27.8mV BPo=-29.8mV OPA_SUMo=-7.0mV SUMo=-8.2mV LPo=-36.4mV,"[8, 0, 0, 0]",,1,-29770,2517,4578,"{""at"":""2026-09-09T00:25:00"",""kind"":""observation"",""message"":""    microajuste rápido: PGAgain=-27.8mV BPo=-29.8mV OPA_SUMo=-7.0mV SUMo=-8.2mV LPo=-36.4mV"",""label"":""microajuste rápido"",""observation"":{""errors_uv"":{""0"":-27806,""1"":-29770,""2"":-6997,""3"":-8217,""4"":-36389},""pp_uv"":{""0"":1678,""1"":2517,""2"":534,""3"":495,""4"":1449},""spread_uv"":{""0"":744,""1"":4578,""2"":15240,""3"":14878,""4"":103989},""samples"":[{""0"":{""mean_uv"":971870,""error_uv"":-28130,""pp_uv"":1678},""1"":{""mean_uv"":968341,""error_uv"":-31659,""pp_uv"":3280},""2"":{""mean_uv"":1001205,""error_uv"":1205,""pp_uv"":782},""3"":{""mean_uv"":999832,""error_uv"":-168,""pp_uv"":534},""4"":{""mean_uv"":892238,""error_uv"":-107762,""pp_uv"":2212}},{""0"":{""mean_uv"":972194,""error_uv"":-27806,""pp_uv"":1621},""1"":{""mean_uv"":970230,""error_uv"":-29770,""pp_uv"":2193},""2"":{""mean_uv"":993003,""error_uv"":-6997,""pp_uv"":419},""3"":{""mean_uv"":991783,""error_uv"":-8217,""pp_uv"":495},""4"":{""mean_uv"":963611,""error_uv"":-36389,""pp_uv"":1449}},{""0"":{""mean_uv"":972614,""error_uv"":-27386,""pp_uv"":2174},""1"":{""mean_uv"":972919,""error_uv"":-27081,""pp_uv"":2517},""2"":{""mean_uv"":985965,""error_uv"":-14035,""pp_uv"":534},""3"":{""mean_uv"":984954,""error_uv"":-15046,""pp_uv"":457},""4"":{""mean_uv"":996227,""error_uv"":-3773,""pp_uv"":1182}}]},""codes"":[8,0,0,0]}"
24,sequential,False,14,2026-09-09T00:25:00,observation,    microajuste rápido: PGAgain=-27.8mV BPo=-29.8mV OPA_SUMo=-7.0mV SUMo=-8.2mV LPo=-36.4mV,"[8, 0, 0, 0]",,2,-6997,534,15240,"{""at"":""2026-09-09T00:25:00"",""kind"":""observation"",""message"":""    microajuste rápido: PGAgain=-27.8mV BPo=-29.8mV OPA_SUMo=-7.0mV SUMo=-8.2mV LPo=-36.4mV"",""label"":""microajuste rápido"",""observation"":{""errors_uv"":{""0"":-27806,""1"":-29770,""2"":-6997,""3"":-8217,""4"":-36389},""pp_uv"":{""0"":1678,""1"":2517,""2"":534,""3"":495,""4"":1449},""spread_uv"":{""0"":744,""1"":4578,""2"":15240,""3"":14878,""4"":103989},""samples"":[{""0"":{""mean_uv"":971870,""error_uv"":-28130,""pp_uv"":1678},""1"":{""mean_uv"":968341,""error_uv"":-31659,""pp_uv"":3280},""2"":{""mean_uv"":1001205,""error_uv"":1205,""pp_uv"":782},""3"":{""mean_uv"":999832,""error_uv"":-168,""pp_uv"":534},""4"":{""mean_uv"":892238,""error_uv"":-107762,""pp_uv"":2212}},{""0"":{""mean_uv"":972194,""error_uv"":-27806,""pp_uv"":1621},""1"":{""mean_uv"":970230,""error_uv"":-29770,""pp_uv"":2193},""2"":{""mean_uv"":993003,""error_uv"":-6997,""pp_uv"":419},""3"":{""mean_uv"":991783,""error_uv"":-8217,""pp_uv"":495},""4"":{""mean_uv"":963611,""error_uv"":-36389,""pp_uv"":1449}},{""0"":{""mean_uv"":972614,""error_uv"":-27386,""pp_uv"":2174},""1"":{""mean_uv"":972919,""error_uv"":-27081,""pp_uv"":2517},""2"":{""mean_uv"":985965,""error_uv"":-14035,""pp_uv"":534},""3"":{""mean_uv"":984954,""error_uv"":-15046,""pp_uv"":457},""4"":{""mean_uv"":996227,""error_uv"":-3773,""pp_uv"":1182}}]},""codes"":[8,0,0,0]}"
24,sequential,False,14,2026-09-09T00:25:00,observation,    microajuste rápido: PGAgain=-27.8mV BPo=-29.8mV OPA_SUMo=-7.0mV SUMo=-8.2mV LPo=-36.4mV,"[8, 0, 0, 0]",,3,-8217,495,14878,"{""at"":""2026-09-09T00:25:00"",""kind"":""observation"",""message"":""    microajuste rápido: PGAgain=-27.8mV BPo=-29.8mV OPA_SUMo=-7.0mV SUMo=-8.2mV LPo=-36.4mV"",""label"":""microajuste rápido"",""observation"":{""errors_uv"":{""0"":-27806,""1"":-29770,""2"":-6997,""3"":-8217,""4"":-36389},""pp_uv"":{""0"":1678,""1"":2517,""2"":534,""3"":495,""4"":1449},""spread_uv"":{""0"":744,""1"":4578,""2"":15240,""3"":14878,""4"":103989},""samples"":[{""0"":{""mean_uv"":971870,""error_uv"":-28130,""pp_uv"":1678},""1"":{""mean_uv"":968341,""error_uv"":-31659,""pp_uv"":3280},""2"":{""mean_uv"":1001205,""error_uv"":1205,""pp_uv"":782},""3"":{""mean_uv"":999832,""error_uv"":-168,""pp_uv"":534},""4"":{""mean_uv"":892238,""error_uv"":-107762,""pp_uv"":2212}},{""0"":{""mean_uv"":972194,""error_uv"":-27806,""pp_uv"":1621},""1"":{""mean_uv"":970230,""error_uv"":-29770,""pp_uv"":2193},""2"":{""mean_uv"":993003,""error_uv"":-6997,""pp_uv"":419},""3"":{""mean_uv"":991783,""error_uv"":-8217,""pp_uv"":495},""4"":{""mean_uv"":963611,""error_uv"":-36389,""pp_uv"":1449}},{""0"":{""mean_uv"":972614,""error_uv"":-27386,""pp_uv"":2174},""1"":{""mean_uv"":972919,""error_uv"":-27081,""pp_uv"":2517},""2"":{""mean_uv"":985965,""error_uv"":-14035,""pp_uv"":534},""3"":{""mean_uv"":984954,""error_uv"":-15046,""pp_uv"":457},""4"":{""mean_uv"":996227,""error_uv"":-3773,""pp_uv"":1182}}]},""codes"":[8,0,0,0]}"
24,sequential,False,14,2026-09-09T00:25:00,observation,    microajuste rápido: PGAgain=-27.8mV BPo=-29.8mV OPA_SUMo=-7.0mV SUMo=-8.2mV LPo=-36.4mV,"[8, 0, 0, 0]",,4,-36389,1449,103989,"{""at"":""2026-09-09T00:25:00"",""kind"":""observation"",""message"":""    microajuste rápido: PGAgain=-27.8mV BPo=-29.8mV OPA_SUMo=-7.0mV SUMo=-8.2mV LPo=-36.4mV"",""label"":""microajuste rápido"",""observation"":{""errors_uv"":{""0"":-27806,""1"":-29770,""2"":-6997,""3"":-8217,""4"":-36389},""pp_uv"":{""0"":1678,""1"":2517,""2"":534,""3"":495,""4"":1449},""spread_uv"":{""0"":744,""1"":4578,""2"":15240,""3"":14878,""4"":103989},""samples"":[{""0"":{""mean_uv"":971870,""error_uv"":-28130,""pp_uv"":1678},""1"":{""mean_uv"":968341,""error_uv"":-31659,""pp_uv"":3280},""2"":{""mean_uv"":1001205,""error_uv"":1205,""pp_uv"":782},""3"":{""mean_uv"":999832,""error_uv"":-168,""pp_uv"":534},""4"":{""mean_uv"":892238,""error_uv"":-107762,""pp_uv"":2212}},{""0"":{""mean_uv"":972194,""error_uv"":-27806,""pp_uv"":1621},""1"":{""mean_uv"":970230,""error_uv"":-29770,""pp_uv"":2193},""2"":{""mean_uv"":993003,""error_uv"":-6997,""pp_uv"":419},""3"":{""mean_uv"":991783,""error_uv"":-8217,""pp_uv"":495},""4"":{""mean_uv"":963611,""error_uv"":-36389,""pp_uv"":1449}},{""0"":{""mean_uv"":972614,""error_uv"":-27386,""pp_uv"":2174},""1"":{""mean_uv"":972919,""error_uv"":-27081,""pp_uv"":2517},""2"":{""mean_uv"":985965,""error_uv"":-14035,""pp_uv"":534},""3"":{""mean_uv"":984954,""error_uv"":-15046,""pp_uv"":457},""4"":{""mean_uv"":996227,""error_uv"":-3773,""pp_uv"":1182}}]},""codes"":[8,0,0,0]}"
24,sequential,False,15,2026-09-09T00:25:00,fast_pi,    PI rápido IDAC0 8->13,"[16, 0, 0, 0]",,,,,,"{""at"":""2026-09-09T00:25:00"",""kind"":""fast_pi"",""message"":""    PI rápido IDAC0 8->13"",""cycle"":1,""error_uv"":-27806,""slope_uv_per_code"":3668.0625}"
24,sequential,False,16,2026-09-09T00:25:22,observation,    microajuste rápido: PGAgain=-14.7mV BPo=-32.8mV OPA_SUMo=-45.7mV SUMo=-47.4mV LPo=+106.7mV,"[13, 0, 0, 0]",,0,-14721,2174,248,"{""at"":""2026-09-09T00:25:22"",""kind"":""observation"",""message"":""    microajuste rápido: PGAgain=-14.7mV BPo=-32.8mV OPA_SUMo=-45.7mV SUMo=-47.4mV LPo=+106.7mV"",""label"":""microajuste rápido"",""observation"":{""errors_uv"":{""0"":-14721,""1"":-32822,""2"":-45697,""3"":-47432,""4"":106662},""pp_uv"":{""0"":2174,""1"":2937,""2"":743,""3"":877,""4"":133},""spread_uv"":{""0"":248,""1"":7344,""2"":48084,""3"":48123,""4"":5035},""samples"":[{""0"":{""mean_uv"":985279,""error_uv"":-14721,""pp_uv"":2040},""1"":{""mean_uv"":963954,""error_uv"":-36046,""pp_uv"":3070},""2"":{""mean_uv"":964984,""error_uv"":-35016,""pp_uv"":476},""3"":{""mean_uv"":963516,""error_uv"":-36484,""pp_uv"":514},""4"":{""mean_uv"":1101627,""error_uv"":101627,""pp_uv"":1049}},{""0"":{""mean_uv"":985431,""error_uv"":-14569,""pp_uv"":2174},""1"":{""mean_uv"":967178,""error_uv"":-32822,""pp_uv"":2784},""2"":{""mean_uv"":954303,""error_uv"":-45697,""pp_uv"":743},""3"":{""mean_uv"":952568,""error_uv"":-47432,""pp_uv"":877},""4"":{""mean_uv"":1106662,""error_uv"":106662,""pp_uv"":133}},{""0"":{""mean_uv"":985183,""error_uv"":-14817,""pp_uv"":2174},""1"":{""mean_uv"":971298,""error_uv"":-28702,""pp_uv"":2937},""2"":{""mean_uv"":916900,""error_uv"":-83100,""pp_uv"":2059},""3"":{""mean_uv"":915393,""error_uv"":-84607,""pp_uv"":1220},""4"":{""mean_uv"":1106662,""error_uv"":106662,""pp_uv"":114}}]},""codes"":[13,0,0,0]}"
24,sequential,False,16,2026-09-09T00:25:22,observation,    microajuste rápido: PGAgain=-14.7mV BPo=-32.8mV OPA_SUMo=-45.7mV SUMo=-47.4mV LPo=+106.7mV,"[13, 0, 0, 0]",,1,-32822,2937,7344,"{""at"":""2026-09-09T00:25:22"",""kind"":""observation"",""message"":""    microajuste rápido: PGAgain=-14.7mV BPo=-32.8mV OPA_SUMo=-45.7mV SUMo=-47.4mV LPo=+106.7mV"",""label"":""microajuste rápido"",""observation"":{""errors_uv"":{""0"":-14721,""1"":-32822,""2"":-45697,""3"":-47432,""4"":106662},""pp_uv"":{""0"":2174,""1"":2937,""2"":743,""3"":877,""4"":133},""spread_uv"":{""0"":248,""1"":7344,""2"":48084,""3"":48123,""4"":5035},""samples"":[{""0"":{""mean_uv"":985279,""error_uv"":-14721,""pp_uv"":2040},""1"":{""mean_uv"":963954,""error_uv"":-36046,""pp_uv"":3070},""2"":{""mean_uv"":964984,""error_uv"":-35016,""pp_uv"":476},""3"":{""mean_uv"":963516,""error_uv"":-36484,""pp_uv"":514},""4"":{""mean_uv"":1101627,""error_uv"":101627,""pp_uv"":1049}},{""0"":{""mean_uv"":985431,""error_uv"":-14569,""pp_uv"":2174},""1"":{""mean_uv"":967178,""error_uv"":-32822,""pp_uv"":2784},""2"":{""mean_uv"":954303,""error_uv"":-45697,""pp_uv"":743},""3"":{""mean_uv"":952568,""error_uv"":-47432,""pp_uv"":877},""4"":{""mean_uv"":1106662,""error_uv"":106662,""pp_uv"":133}},{""0"":{""mean_uv"":985183,""error_uv"":-14817,""pp_uv"":2174},""1"":{""mean_uv"":971298,""error_uv"":-28702,""pp_uv"":2937},""2"":{""mean_uv"":916900,""error_uv"":-83100,""pp_uv"":2059},""3"":{""mean_uv"":915393,""error_uv"":-84607,""pp_uv"":1220},""4"":{""mean_uv"":1106662,""error_uv"":106662,""pp_uv"":114}}]},""codes"":[13,0,0,0]}"
24,sequential,False,16,2026-09-09T00:25:22,observation,    microajuste rápido: PGAgain=-14.7mV BPo=-32.8mV OPA_SUMo=-45.7mV SUMo=-47.4mV LPo=+106.7mV,"[13, 0, 0, 0]",,2,-45697,743,48084,"{""at"":""2026-09-09T00:25:22"",""kind"":""observation"",""message"":""    microajuste rápido: PGAgain=-14.7mV BPo=-32.8mV OPA_SUMo=-45.7mV SUMo=-47.4mV LPo=+106.7mV"",""label"":""microajuste rápido"",""observation"":{""errors_uv"":{""0"":-14721,""1"":-32822,""2"":-45697,""3"":-47432,""4"":106662},""pp_uv"":{""0"":2174,""1"":2937,""2"":743,""3"":877,""4"":133},""spread_uv"":{""0"":248,""1"":7344,""2"":48084,""3"":48123,""4"":5035},""samples"":[{""0"":{""mean_uv"":985279,""error_uv"":-14721,""pp_uv"":2040},""1"":{""mean_uv"":963954,""error_uv"":-36046,""pp_uv"":3070},""2"":{""mean_uv"":964984,""error_uv"":-35016,""pp_uv"":476},""3"":{""mean_uv"":963516,""error_uv"":-36484,""pp_uv"":514},""4"":{""mean_uv"":1101627,""error_uv"":101627,""pp_uv"":1049}},{""0"":{""mean_uv"":985431,""error_uv"":-14569,""pp_uv"":2174},""1"":{""mean_uv"":967178,""error_uv"":-32822,""pp_uv"":2784},""2"":{""mean_uv"":954303,""error_uv"":-45697,""pp_uv"":743},""3"":{""mean_uv"":952568,""error_uv"":-47432,""pp_uv"":877},""4"":{""mean_uv"":1106662,""error_uv"":106662,""pp_uv"":133}},{""0"":{""mean_uv"":985183,""error_uv"":-14817,""pp_uv"":2174},""1"":{""mean_uv"":971298,""error_uv"":-28702,""pp_uv"":2937},""2"":{""mean_uv"":916900,""error_uv"":-83100,""pp_uv"":2059},""3"":{""mean_uv"":915393,""error_uv"":-84607,""pp_uv"":1220},""4"":{""mean_uv"":1106662,""error_uv"":106662,""pp_uv"":114}}]},""codes"":[13,0,0,0]}"
24,sequential,False,16,2026-09-09T00:25:22,observation,    microajuste rápido: PGAgain=-14.7mV BPo=-32.8mV OPA_SUMo=-45.7mV SUMo=-47.4mV LPo=+106.7mV,"[13, 0, 0, 0]",,3,-47432,877,48123,"{""at"":""2026-09-09T00:25:22"",""kind"":""observation"",""message"":""    microajuste rápido: PGAgain=-14.7mV BPo=-32.8mV OPA_SUMo=-45.7mV SUMo=-47.4mV LPo=+106.7mV"",""label"":""microajuste rápido"",""observation"":{""errors_uv"":{""0"":-14721,""1"":-32822,""2"":-45697,""3"":-47432,""4"":106662},""pp_uv"":{""0"":2174,""1"":2937,""2"":743,""3"":877,""4"":133},""spread_uv"":{""0"":248,""1"":7344,""2"":48084,""3"":48123,""4"":5035},""samples"":[{""0"":{""mean_uv"":985279,""error_uv"":-14721,""pp_uv"":2040},""1"":{""mean_uv"":963954,""error_uv"":-36046,""pp_uv"":3070},""2"":{""mean_uv"":964984,""error_uv"":-35016,""pp_uv"":476},""3"":{""mean_uv"":963516,""error_uv"":-36484,""pp_uv"":514},""4"":{""mean_uv"":1101627,""error_uv"":101627,""pp_uv"":1049}},{""0"":{""mean_uv"":985431,""error_uv"":-14569,""pp_uv"":2174},""1"":{""mean_uv"":967178,""error_uv"":-32822,""pp_uv"":2784},""2"":{""mean_uv"":954303,""error_uv"":-45697,""pp_uv"":743},""3"":{""mean_uv"":952568,""error_uv"":-47432,""pp_uv"":877},""4"":{""mean_uv"":1106662,""error_uv"":106662,""pp_uv"":133}},{""0"":{""mean_uv"":985183,""error_uv"":-14817,""pp_uv"":2174},""1"":{""mean_uv"":971298,""error_uv"":-28702,""pp_uv"":2937},""2"":{""mean_uv"":916900,""error_uv"":-83100,""pp_uv"":2059},""3"":{""mean_uv"":915393,""error_uv"":-84607,""pp_uv"":1220},""4"":{""mean_uv"":1106662,""error_uv"":106662,""pp_uv"":114}}]},""codes"":[13,0,0,0]}"
24,sequential,False,16,2026-09-09T00:25:22,observation,    microajuste rápido: PGAgain=-14.7mV BPo=-32.8mV OPA_SUMo=-45.7mV SUMo=-47.4mV LPo=+106.7mV,"[13, 0, 0, 0]",,4,106662,133,5035,"{""at"":""2026-09-09T00:25:22"",""kind"":""observation"",""message"":""    microajuste rápido: PGAgain=-14.7mV BPo=-32.8mV OPA_SUMo=-45.7mV SUMo=-47.4mV LPo=+106.7mV"",""label"":""microajuste rápido"",""observation"":{""errors_uv"":{""0"":-14721,""1"":-32822,""2"":-45697,""3"":-47432,""4"":106662},""pp_uv"":{""0"":2174,""1"":2937,""2"":743,""3"":877,""4"":133},""spread_uv"":{""0"":248,""1"":7344,""2"":48084,""3"":48123,""4"":5035},""samples"":[{""0"":{""mean_uv"":985279,""error_uv"":-14721,""pp_uv"":2040},""1"":{""mean_uv"":963954,""error_uv"":-36046,""pp_uv"":3070},""2"":{""mean_uv"":964984,""error_uv"":-35016,""pp_uv"":476},""3"":{""mean_uv"":963516,""error_uv"":-36484,""pp_uv"":514},""4"":{""mean_uv"":1101627,""error_uv"":101627,""pp_uv"":1049}},{""0"":{""mean_uv"":985431,""error_uv"":-14569,""pp_uv"":2174},""1"":{""mean_uv"":967178,""error_uv"":-32822,""pp_uv"":2784},""2"":{""mean_uv"":954303,""error_uv"":-45697,""pp_uv"":743},""3"":{""mean_uv"":952568,""error_uv"":-47432,""pp_uv"":877},""4"":{""mean_uv"":1106662,""error_uv"":106662,""pp_uv"":133}},{""0"":{""mean_uv"":985183,""error_uv"":-14817,""pp_uv"":2174},""1"":{""mean_uv"":971298,""error_uv"":-28702,""pp_uv"":2937},""2"":{""mean_uv"":916900,""error_uv"":-83100,""pp_uv"":2059},""3"":{""mean_uv"":915393,""error_uv"":-84607,""pp_uv"":1220},""4"":{""mean_uv"":1106662,""error_uv"":106662,""pp_uv"":114}}]},""codes"":[13,0,0,0]}"
24,sequential,False,17,2026-09-09T00:25:22,fast_pi,    PI rápido IDAC0 13->16,"[16, 0, 0, 0]",,,,,,"{""at"":""2026-09-09T00:25:22"",""kind"":""fast_pi"",""message"":""    PI rápido IDAC0 13->16"",""cycle"":2,""error_uv"":-14721,""slope_uv_per_code"":3668.0625}"
24,sequential,False,18,2026-09-09T00:25:38,observation,    microajuste rápido: PGAgain=-7.0mV BPo=-29.0mV OPA_SUMo=-145.0mV SUMo=-146.8mV LPo=+106.6mV,"[16, 0, 0, 0]",,0,-7016,2384,171,"{""at"":""2026-09-09T00:25:38"",""kind"":""observation"",""message"":""    microajuste rápido: PGAgain=-7.0mV BPo=-29.0mV OPA_SUMo=-145.0mV SUMo=-146.8mV LPo=+106.6mV"",""label"":""microajuste rápido"",""observation"":{""errors_uv"":{""0"":-7016,""1"":-29007,""2"":-145012,""3"":-146805,""4"":106567},""pp_uv"":{""0"":2384,""1"":2784,""2"":1621,""3"":1316,""4"":114},""spread_uv"":{""0"":171,""1"":3338,""2"":38338,""3"":37232,""4"":0},""samples"":[{""0"":{""mean_uv"":993041,""error_uv"":-6959,""pp_uv"":1773},""1"":{""mean_uv"":968723,""error_uv"":-31277,""pp_uv"":2746},""2"":{""mean_uv"":875301,""error_uv"":-124699,""pp_uv"":1621},""3"":{""mean_uv"":872974,""error_uv"":-127026,""pp_uv"":1316},""4"":{""mean_uv"":1106567,""error_uv"":106567,""pp_uv"":114}},{""0"":{""mean_uv"":992984,""error_uv"":-7016,""pp_uv"":2498},""1"":{""mean_uv"":970993,""error_uv"":-29007,""pp_uv"":2956},""2"":{""mean_uv"":854988,""error_uv"":-145012,""pp_uv"":1697},""3"":{""mean_uv"":853195,""error_uv"":-146805,""pp_uv"":1087},""4"":{""mean_uv"":1106567,""error_uv"":106567,""pp_uv"":114}},{""0"":{""mean_uv"":992870,""error_uv"":-7130,""pp_uv"":2384},""1"":{""mean_uv"":972061,""error_uv"":-27939,""pp_uv"":2784},""2"":{""mean_uv"":836963,""error_uv"":-163037,""pp_uv"":1220},""3"":{""mean_uv"":835742,""error_uv"":-164258,""pp_uv"":1354},""4"":{""mean_uv"":1106567,""error_uv"":106567,""pp_uv"":114}}]},""codes"":[16,0,0,0]}"
24,sequential,False,18,2026-09-09T00:25:38,observation,    microajuste rápido: PGAgain=-7.0mV BPo=-29.0mV OPA_SUMo=-145.0mV SUMo=-146.8mV LPo=+106.6mV,"[16, 0, 0, 0]",,1,-29007,2784,3338,"{""at"":""2026-09-09T00:25:38"",""kind"":""observation"",""message"":""    microajuste rápido: PGAgain=-7.0mV BPo=-29.0mV OPA_SUMo=-145.0mV SUMo=-146.8mV LPo=+106.6mV"",""label"":""microajuste rápido"",""observation"":{""errors_uv"":{""0"":-7016,""1"":-29007,""2"":-145012,""3"":-146805,""4"":106567},""pp_uv"":{""0"":2384,""1"":2784,""2"":1621,""3"":1316,""4"":114},""spread_uv"":{""0"":171,""1"":3338,""2"":38338,""3"":37232,""4"":0},""samples"":[{""0"":{""mean_uv"":993041,""error_uv"":-6959,""pp_uv"":1773},""1"":{""mean_uv"":968723,""error_uv"":-31277,""pp_uv"":2746},""2"":{""mean_uv"":875301,""error_uv"":-124699,""pp_uv"":1621},""3"":{""mean_uv"":872974,""error_uv"":-127026,""pp_uv"":1316},""4"":{""mean_uv"":1106567,""error_uv"":106567,""pp_uv"":114}},{""0"":{""mean_uv"":992984,""error_uv"":-7016,""pp_uv"":2498},""1"":{""mean_uv"":970993,""error_uv"":-29007,""pp_uv"":2956},""2"":{""mean_uv"":854988,""error_uv"":-145012,""pp_uv"":1697},""3"":{""mean_uv"":853195,""error_uv"":-146805,""pp_uv"":1087},""4"":{""mean_uv"":1106567,""error_uv"":106567,""pp_uv"":114}},{""0"":{""mean_uv"":992870,""error_uv"":-7130,""pp_uv"":2384},""1"":{""mean_uv"":972061,""error_uv"":-27939,""pp_uv"":2784},""2"":{""mean_uv"":836963,""error_uv"":-163037,""pp_uv"":1220},""3"":{""mean_uv"":835742,""error_uv"":-164258,""pp_uv"":1354},""4"":{""mean_uv"":1106567,""error_uv"":106567,""pp_uv"":114}}]},""codes"":[16,0,0,0]}"
24,sequential,False,18,2026-09-09T00:25:38,observation,    microajuste rápido: PGAgain=-7.0mV BPo=-29.0mV OPA_SUMo=-145.0mV SUMo=-146.8mV LPo=+106.6mV,"[16, 0, 0, 0]",,2,-145012,1621,38338,"{""at"":""2026-09-09T00:25:38"",""kind"":""observation"",""message"":""    microajuste rápido: PGAgain=-7.0mV BPo=-29.0mV OPA_SUMo=-145.0mV SUMo=-146.8mV LPo=+106.6mV"",""label"":""microajuste rápido"",""observation"":{""errors_uv"":{""0"":-7016,""1"":-29007,""2"":-145012,""3"":-146805,""4"":106567},""pp_uv"":{""0"":2384,""1"":2784,""2"":1621,""3"":1316,""4"":114},""spread_uv"":{""0"":171,""1"":3338,""2"":38338,""3"":37232,""4"":0},""samples"":[{""0"":{""mean_uv"":993041,""error_uv"":-6959,""pp_uv"":1773},""1"":{""mean_uv"":968723,""error_uv"":-31277,""pp_uv"":2746},""2"":{""mean_uv"":875301,""error_uv"":-124699,""pp_uv"":1621},""3"":{""mean_uv"":872974,""error_uv"":-127026,""pp_uv"":1316},""4"":{""mean_uv"":1106567,""error_uv"":106567,""pp_uv"":114}},{""0"":{""mean_uv"":992984,""error_uv"":-7016,""pp_uv"":2498},""1"":{""mean_uv"":970993,""error_uv"":-29007,""pp_uv"":2956},""2"":{""mean_uv"":854988,""error_uv"":-145012,""pp_uv"":1697},""3"":{""mean_uv"":853195,""error_uv"":-146805,""pp_uv"":1087},""4"":{""mean_uv"":1106567,""error_uv"":106567,""pp_uv"":114}},{""0"":{""mean_uv"":992870,""error_uv"":-7130,""pp_uv"":2384},""1"":{""mean_uv"":972061,""error_uv"":-27939,""pp_uv"":2784},""2"":{""mean_uv"":836963,""error_uv"":-163037,""pp_uv"":1220},""3"":{""mean_uv"":835742,""error_uv"":-164258,""pp_uv"":1354},""4"":{""mean_uv"":1106567,""error_uv"":106567,""pp_uv"":114}}]},""codes"":[16,0,0,0]}"
24,sequential,False,18,2026-09-09T00:25:38,observation,    microajuste rápido: PGAgain=-7.0mV BPo=-29.0mV OPA_SUMo=-145.0mV SUMo=-146.8mV LPo=+106.6mV,"[16, 0, 0, 0]",,3,-146805,1316,37232,"{""at"":""2026-09-09T00:25:38"",""kind"":""observation"",""message"":""    microajuste rápido: PGAgain=-7.0mV BPo=-29.0mV OPA_SUMo=-145.0mV SUMo=-146.8mV LPo=+106.6mV"",""label"":""microajuste rápido"",""observation"":{""errors_uv"":{""0"":-7016,""1"":-29007,""2"":-145012,""3"":-146805,""4"":106567},""pp_uv"":{""0"":2384,""1"":2784,""2"":1621,""3"":1316,""4"":114},""spread_uv"":{""0"":171,""1"":3338,""2"":38338,""3"":37232,""4"":0},""samples"":[{""0"":{""mean_uv"":993041,""error_uv"":-6959,""pp_uv"":1773},""1"":{""mean_uv"":968723,""error_uv"":-31277,""pp_uv"":2746},""2"":{""mean_uv"":875301,""error_uv"":-124699,""pp_uv"":1621},""3"":{""mean_uv"":872974,""error_uv"":-127026,""pp_uv"":1316},""4"":{""mean_uv"":1106567,""error_uv"":106567,""pp_uv"":114}},{""0"":{""mean_uv"":992984,""error_uv"":-7016,""pp_uv"":2498},""1"":{""mean_uv"":970993,""error_uv"":-29007,""pp_uv"":2956},""2"":{""mean_uv"":854988,""error_uv"":-145012,""pp_uv"":1697},""3"":{""mean_uv"":853195,""error_uv"":-146805,""pp_uv"":1087},""4"":{""mean_uv"":1106567,""error_uv"":106567,""pp_uv"":114}},{""0"":{""mean_uv"":992870,""error_uv"":-7130,""pp_uv"":2384},""1"":{""mean_uv"":972061,""error_uv"":-27939,""pp_uv"":2784},""2"":{""mean_uv"":836963,""error_uv"":-163037,""pp_uv"":1220},""3"":{""mean_uv"":835742,""error_uv"":-164258,""pp_uv"":1354},""4"":{""mean_uv"":1106567,""error_uv"":106567,""pp_uv"":114}}]},""codes"":[16,0,0,0]}"
24,sequential,False,18,2026-09-09T00:25:38,observation,    microajuste rápido: PGAgain=-7.0mV BPo=-29.0mV OPA_SUMo=-145.0mV SUMo=-146.8mV LPo=+106.6mV,"[16, 0, 0, 0]",,4,106567,114,0,"{""at"":""2026-09-09T00:25:38"",""kind"":""observation"",""message"":""    microajuste rápido: PGAgain=-7.0mV BPo=-29.0mV OPA_SUMo=-145.0mV SUMo=-146.8mV LPo=+106.6mV"",""label"":""microajuste rápido"",""observation"":{""errors_uv"":{""0"":-7016,""1"":-29007,""2"":-145012,""3"":-146805,""4"":106567},""pp_uv"":{""0"":2384,""1"":2784,""2"":1621,""3"":1316,""4"":114},""spread_uv"":{""0"":171,""1"":3338,""2"":38338,""3"":37232,""4"":0},""samples"":[{""0"":{""mean_uv"":993041,""error_uv"":-6959,""pp_uv"":1773},""1"":{""mean_uv"":968723,""error_uv"":-31277,""pp_uv"":2746},""2"":{""mean_uv"":875301,""error_uv"":-124699,""pp_uv"":1621},""3"":{""mean_uv"":872974,""error_uv"":-127026,""pp_uv"":1316},""4"":{""mean_uv"":1106567,""error_uv"":106567,""pp_uv"":114}},{""0"":{""mean_uv"":992984,""error_uv"":-7016,""pp_uv"":2498},""1"":{""mean_uv"":970993,""error_uv"":-29007,""pp_uv"":2956},""2"":{""mean_uv"":854988,""error_uv"":-145012,""pp_uv"":1697},""3"":{""mean_uv"":853195,""error_uv"":-146805,""pp_uv"":1087},""4"":{""mean_uv"":1106567,""error_uv"":106567,""pp_uv"":114}},{""0"":{""mean_uv"":992870,""error_uv"":-7130,""pp_uv"":2384},""1"":{""mean_uv"":972061,""error_uv"":-27939,""pp_uv"":2784},""2"":{""mean_uv"":836963,""error_uv"":-163037,""pp_uv"":1220},""3"":{""mean_uv"":835742,""error_uv"":-164258,""pp_uv"":1354},""4"":{""mean_uv"":1106567,""error_uv"":106567,""pp_uv"":114}}]},""codes"":[16,0,0,0]}"
24,sequential,False,19,2026-09-09T00:25:48,observation,    BP asentado tras 2tau: PGAgain=-7.5mV BPo=-24.5mV OPA_SUMo=-189.8mV SUMo=-189.9mV LPo=+106.6mV,"[16, 0, 0, 0]",,0,-7493,1983,534,"{""at"":""2026-09-09T00:25:48"",""kind"":""observation"",""message"":""    BP asentado tras 2tau: PGAgain=-7.5mV BPo=-24.5mV OPA_SUMo=-189.8mV SUMo=-189.9mV LPo=+106.6mV"",""label"":""BP asentado tras 2tau"",""observation"":{""errors_uv"":{""0"":-7493,""1"":-24544,""2"":-189816,""3"":-189873,""4"":106586},""pp_uv"":{""0"":1983,""1"":2727,""2"":1392,""3"":1430,""4"":76},""spread_uv"":{""0"":534,""1"":2594,""2"":26493,""3"":25577,""4"":38},""samples"":[{""0"":{""mean_uv"":992736,""error_uv"":-7264,""pp_uv"":1869},""1"":{""mean_uv"":973968,""error_uv"":-26032,""pp_uv"":3280},""2"":{""mean_uv"":824184,""error_uv"":-175816,""pp_uv"":1773},""3"":{""mean_uv"":823497,""error_uv"":-176503,""pp_uv"":1583},""4"":{""mean_uv"":1106567,""error_uv"":106567,""pp_uv"":76}},{""0"":{""mean_uv"":992507,""error_uv"":-7493,""pp_uv"":2307},""1"":{""mean_uv"":975456,""error_uv"":-24544,""pp_uv"":2727},""2"":{""mean_uv"":810184,""error_uv"":-189816,""pp_uv"":1335},""3"":{""mean_uv"":810127,""error_uv"":-189873,""pp_uv"":1430},""4"":{""mean_uv"":1106605,""error_uv"":106605,""pp_uv"":76}},{""0"":{""mean_uv"":992202,""error_uv"":-7798,""pp_uv"":1983},""1"":{""mean_uv"":976562,""error_uv"":-23438,""pp_uv"":2365},""2"":{""mean_uv"":797691,""error_uv"":-202309,""pp_uv"":1392},""3"":{""mean_uv"":797920,""error_uv"":-202080,""pp_uv"":1430},""4"":{""mean_uv"":1106586,""error_uv"":106586,""pp_uv"":95}}]},""codes"":[16,0,0,0]}"
24,sequential,False,19,2026-09-09T00:25:48,observation,    BP asentado tras 2tau: PGAgain=-7.5mV BPo=-24.5mV OPA_SUMo=-189.8mV SUMo=-189.9mV LPo=+106.6mV,"[16, 0, 0, 0]",,1,-24544,2727,2594,"{""at"":""2026-09-09T00:25:48"",""kind"":""observation"",""message"":""    BP asentado tras 2tau: PGAgain=-7.5mV BPo=-24.5mV OPA_SUMo=-189.8mV SUMo=-189.9mV LPo=+106.6mV"",""label"":""BP asentado tras 2tau"",""observation"":{""errors_uv"":{""0"":-7493,""1"":-24544,""2"":-189816,""3"":-189873,""4"":106586},""pp_uv"":{""0"":1983,""1"":2727,""2"":1392,""3"":1430,""4"":76},""spread_uv"":{""0"":534,""1"":2594,""2"":26493,""3"":25577,""4"":38},""samples"":[{""0"":{""mean_uv"":992736,""error_uv"":-7264,""pp_uv"":1869},""1"":{""mean_uv"":973968,""error_uv"":-26032,""pp_uv"":3280},""2"":{""mean_uv"":824184,""error_uv"":-175816,""pp_uv"":1773},""3"":{""mean_uv"":823497,""error_uv"":-176503,""pp_uv"":1583},""4"":{""mean_uv"":1106567,""error_uv"":106567,""pp_uv"":76}},{""0"":{""mean_uv"":992507,""error_uv"":-7493,""pp_uv"":2307},""1"":{""mean_uv"":975456,""error_uv"":-24544,""pp_uv"":2727},""2"":{""mean_uv"":810184,""error_uv"":-189816,""pp_uv"":1335},""3"":{""mean_uv"":810127,""error_uv"":-189873,""pp_uv"":1430},""4"":{""mean_uv"":1106605,""error_uv"":106605,""pp_uv"":76}},{""0"":{""mean_uv"":992202,""error_uv"":-7798,""pp_uv"":1983},""1"":{""mean_uv"":976562,""error_uv"":-23438,""pp_uv"":2365},""2"":{""mean_uv"":797691,""error_uv"":-202309,""pp_uv"":1392},""3"":{""mean_uv"":797920,""error_uv"":-202080,""pp_uv"":1430},""4"":{""mean_uv"":1106586,""error_uv"":106586,""pp_uv"":95}}]},""codes"":[16,0,0,0]}"
24,sequential,False,19,2026-09-09T00:25:48,observation,    BP asentado tras 2tau: PGAgain=-7.5mV BPo=-24.5mV OPA_SUMo=-189.8mV SUMo=-189.9mV LPo=+106.6mV,"[16, 0, 0, 0]",,2,-189816,1392,26493,"{""at"":""2026-09-09T00:25:48"",""kind"":""observation"",""message"":""    BP asentado tras 2tau: PGAgain=-7.5mV BPo=-24.5mV OPA_SUMo=-189.8mV SUMo=-189.9mV LPo=+106.6mV"",""label"":""BP asentado tras 2tau"",""observation"":{""errors_uv"":{""0"":-7493,""1"":-24544,""2"":-189816,""3"":-189873,""4"":106586},""pp_uv"":{""0"":1983,""1"":2727,""2"":1392,""3"":1430,""4"":76},""spread_uv"":{""0"":534,""1"":2594,""2"":26493,""3"":25577,""4"":38},""samples"":[{""0"":{""mean_uv"":992736,""error_uv"":-7264,""pp_uv"":1869},""1"":{""mean_uv"":973968,""error_uv"":-26032,""pp_uv"":3280},""2"":{""mean_uv"":824184,""error_uv"":-175816,""pp_uv"":1773},""3"":{""mean_uv"":823497,""error_uv"":-176503,""pp_uv"":1583},""4"":{""mean_uv"":1106567,""error_uv"":106567,""pp_uv"":76}},{""0"":{""mean_uv"":992507,""error_uv"":-7493,""pp_uv"":2307},""1"":{""mean_uv"":975456,""error_uv"":-24544,""pp_uv"":2727},""2"":{""mean_uv"":810184,""error_uv"":-189816,""pp_uv"":1335},""3"":{""mean_uv"":810127,""error_uv"":-189873,""pp_uv"":1430},""4"":{""mean_uv"":1106605,""error_uv"":106605,""pp_uv"":76}},{""0"":{""mean_uv"":992202,""error_uv"":-7798,""pp_uv"":1983},""1"":{""mean_uv"":976562,""error_uv"":-23438,""pp_uv"":2365},""2"":{""mean_uv"":797691,""error_uv"":-202309,""pp_uv"":1392},""3"":{""mean_uv"":797920,""error_uv"":-202080,""pp_uv"":1430},""4"":{""mean_uv"":1106586,""error_uv"":106586,""pp_uv"":95}}]},""codes"":[16,0,0,0]}"
24,sequential,False,19,2026-09-09T00:25:48,observation,    BP asentado tras 2tau: PGAgain=-7.5mV BPo=-24.5mV OPA_SUMo=-189.8mV SUMo=-189.9mV LPo=+106.6mV,"[16, 0, 0, 0]",,3,-189873,1430,25577,"{""at"":""2026-09-09T00:25:48"",""kind"":""observation"",""message"":""    BP asentado tras 2tau: PGAgain=-7.5mV BPo=-24.5mV OPA_SUMo=-189.8mV SUMo=-189.9mV LPo=+106.6mV"",""label"":""BP asentado tras 2tau"",""observation"":{""errors_uv"":{""0"":-7493,""1"":-24544,""2"":-189816,""3"":-189873,""4"":106586},""pp_uv"":{""0"":1983,""1"":2727,""2"":1392,""3"":1430,""4"":76},""spread_uv"":{""0"":534,""1"":2594,""2"":26493,""3"":25577,""4"":38},""samples"":[{""0"":{""mean_uv"":992736,""error_uv"":-7264,""pp_uv"":1869},""1"":{""mean_uv"":973968,""error_uv"":-26032,""pp_uv"":3280},""2"":{""mean_uv"":824184,""error_uv"":-175816,""pp_uv"":1773},""3"":{""mean_uv"":823497,""error_uv"":-176503,""pp_uv"":1583},""4"":{""mean_uv"":1106567,""error_uv"":106567,""pp_uv"":76}},{""0"":{""mean_uv"":992507,""error_uv"":-7493,""pp_uv"":2307},""1"":{""mean_uv"":975456,""error_uv"":-24544,""pp_uv"":2727},""2"":{""mean_uv"":810184,""error_uv"":-189816,""pp_uv"":1335},""3"":{""mean_uv"":810127,""error_uv"":-189873,""pp_uv"":1430},""4"":{""mean_uv"":1106605,""error_uv"":106605,""pp_uv"":76}},{""0"":{""mean_uv"":992202,""error_uv"":-7798,""pp_uv"":1983},""1"":{""mean_uv"":976562,""error_uv"":-23438,""pp_uv"":2365},""2"":{""mean_uv"":797691,""error_uv"":-202309,""pp_uv"":1392},""3"":{""mean_uv"":797920,""error_uv"":-202080,""pp_uv"":1430},""4"":{""mean_uv"":1106586,""error_uv"":106586,""pp_uv"":95}}]},""codes"":[16,0,0,0]}"
24,sequential,False,19,2026-09-09T00:25:48,observation,    BP asentado tras 2tau: PGAgain=-7.5mV BPo=-24.5mV OPA_SUMo=-189.8mV SUMo=-189.9mV LPo=+106.6mV,"[16, 0, 0, 0]",,4,106586,76,38,"{""at"":""2026-09-09T00:25:48"",""kind"":""observation"",""message"":""    BP asentado tras 2tau: PGAgain=-7.5mV BPo=-24.5mV OPA_SUMo=-189.8mV SUMo=-189.9mV LPo=+106.6mV"",""label"":""BP asentado tras 2tau"",""observation"":{""errors_uv"":{""0"":-7493,""1"":-24544,""2"":-189816,""3"":-189873,""4"":106586},""pp_uv"":{""0"":1983,""1"":2727,""2"":1392,""3"":1430,""4"":76},""spread_uv"":{""0"":534,""1"":2594,""2"":26493,""3"":25577,""4"":38},""samples"":[{""0"":{""mean_uv"":992736,""error_uv"":-7264,""pp_uv"":1869},""1"":{""mean_uv"":973968,""error_uv"":-26032,""pp_uv"":3280},""2"":{""mean_uv"":824184,""error_uv"":-175816,""pp_uv"":1773},""3"":{""mean_uv"":823497,""error_uv"":-176503,""pp_uv"":1583},""4"":{""mean_uv"":1106567,""error_uv"":106567,""pp_uv"":76}},{""0"":{""mean_uv"":992507,""error_uv"":-7493,""pp_uv"":2307},""1"":{""mean_uv"":975456,""error_uv"":-24544,""pp_uv"":2727},""2"":{""mean_uv"":810184,""error_uv"":-189816,""pp_uv"":1335},""3"":{""mean_uv"":810127,""error_uv"":-189873,""pp_uv"":1430},""4"":{""mean_uv"":1106605,""error_uv"":106605,""pp_uv"":76}},{""0"":{""mean_uv"":992202,""error_uv"":-7798,""pp_uv"":1983},""1"":{""mean_uv"":976562,""error_uv"":-23438,""pp_uv"":2365},""2"":{""mean_uv"":797691,""error_uv"":-202309,""pp_uv"":1392},""3"":{""mean_uv"":797920,""error_uv"":-202080,""pp_uv"":1430},""4"":{""mean_uv"":1106586,""error_uv"":106586,""pp_uv"":95}}]},""codes"":[16,0,0,0]}"
24,sequential,False,20,2026-09-09T00:26:04,observation,    IDAC2 ABBA low 1 (-16): PGAgain=-7.0mV BPo=-21.4mV OPA_SUMo=-41.1mV SUMo=-39.0mV LPo=+106.6mV,"[16, 0, -16, 0]",,0,-7016,1449,171,"{""at"":""2026-09-09T00:26:04"",""kind"":""observation"",""message"":""    IDAC2 ABBA low 1 (-16): PGAgain=-7.0mV BPo=-21.4mV OPA_SUMo=-41.1mV SUMo=-39.0mV LPo=+106.6mV"",""label"":""IDAC2 ABBA low 1 (-16)"",""observation"":{""errors_uv"":{""0"":-7016,""1"":-21435,""2"":-41062,""3"":-39021,""4"":106586},""pp_uv"":{""0"":1449,""1"":1926,""2"":572,""3"":343,""4"":133},""spread_uv"":{""0"":171,""1"":1488,""2"":5168,""3"":2403,""4"":1449},""samples"":[{""0"":{""mean_uv"":992984,""error_uv"":-7016,""pp_uv"":4863},""1"":{""mean_uv"":977859,""error_uv"":-22141,""pp_uv"":1926},""2"":{""mean_uv"":962409,""error_uv"":-37591,""pp_uv"":457},""3"":{""mean_uv"":961246,""error_uv"":-38754,""pp_uv"":514},""4"":{""mean_uv"":1105175,""error_uv"":105175,""pp_uv"":1258}},{""0"":{""mean_uv"":992851,""error_uv"":-7149,""pp_uv"":1411},""1"":{""mean_uv"":978565,""error_uv"":-21435,""pp_uv"":1640},""2"":{""mean_uv"":957241,""error_uv"":-42759,""pp_uv"":667},""3"":{""mean_uv"":960979,""error_uv"":-39021,""pp_uv"":247},""4"":{""mean_uv"":1106586,""error_uv"":106586,""pp_uv"":133}},{""0"":{""mean_uv"":993022,""error_uv"":-6978,""pp_uv"":1449},""1"":{""mean_uv"":979347,""error_uv"":-20653,""pp_uv"":1945},""2"":{""mean_uv"":958938,""error_uv"":-41062,""pp_uv"":572},""3"":{""mean_uv"":958843,""error_uv"":-41157,""pp_uv"":343},""4"":{""mean_uv"":1106624,""error_uv"":106624,""pp_uv"":133}}]},""codes"":[16,0,-16,0]}"
24,sequential,False,20,2026-09-09T00:26:04,observation,    IDAC2 ABBA low 1 (-16): PGAgain=-7.0mV BPo=-21.4mV OPA_SUMo=-41.1mV SUMo=-39.0mV LPo=+106.6mV,"[16, 0, -16, 0]",,1,-21435,1926,1488,"{""at"":""2026-09-09T00:26:04"",""kind"":""observation"",""message"":""    IDAC2 ABBA low 1 (-16): PGAgain=-7.0mV BPo=-21.4mV OPA_SUMo=-41.1mV SUMo=-39.0mV LPo=+106.6mV"",""label"":""IDAC2 ABBA low 1 (-16)"",""observation"":{""errors_uv"":{""0"":-7016,""1"":-21435,""2"":-41062,""3"":-39021,""4"":106586},""pp_uv"":{""0"":1449,""1"":1926,""2"":572,""3"":343,""4"":133},""spread_uv"":{""0"":171,""1"":1488,""2"":5168,""3"":2403,""4"":1449},""samples"":[{""0"":{""mean_uv"":992984,""error_uv"":-7016,""pp_uv"":4863},""1"":{""mean_uv"":977859,""error_uv"":-22141,""pp_uv"":1926},""2"":{""mean_uv"":962409,""error_uv"":-37591,""pp_uv"":457},""3"":{""mean_uv"":961246,""error_uv"":-38754,""pp_uv"":514},""4"":{""mean_uv"":1105175,""error_uv"":105175,""pp_uv"":1258}},{""0"":{""mean_uv"":992851,""error_uv"":-7149,""pp_uv"":1411},""1"":{""mean_uv"":978565,""error_uv"":-21435,""pp_uv"":1640},""2"":{""mean_uv"":957241,""error_uv"":-42759,""pp_uv"":667},""3"":{""mean_uv"":960979,""error_uv"":-39021,""pp_uv"":247},""4"":{""mean_uv"":1106586,""error_uv"":106586,""pp_uv"":133}},{""0"":{""mean_uv"":993022,""error_uv"":-6978,""pp_uv"":1449},""1"":{""mean_uv"":979347,""error_uv"":-20653,""pp_uv"":1945},""2"":{""mean_uv"":958938,""error_uv"":-41062,""pp_uv"":572},""3"":{""mean_uv"":958843,""error_uv"":-41157,""pp_uv"":343},""4"":{""mean_uv"":1106624,""error_uv"":106624,""pp_uv"":133}}]},""codes"":[16,0,-16,0]}"
24,sequential,False,20,2026-09-09T00:26:04,observation,    IDAC2 ABBA low 1 (-16): PGAgain=-7.0mV BPo=-21.4mV OPA_SUMo=-41.1mV SUMo=-39.0mV LPo=+106.6mV,"[16, 0, -16, 0]",,2,-41062,572,5168,"{""at"":""2026-09-09T00:26:04"",""kind"":""observation"",""message"":""    IDAC2 ABBA low 1 (-16): PGAgain=-7.0mV BPo=-21.4mV OPA_SUMo=-41.1mV SUMo=-39.0mV LPo=+106.6mV"",""label"":""IDAC2 ABBA low 1 (-16)"",""observation"":{""errors_uv"":{""0"":-7016,""1"":-21435,""2"":-41062,""3"":-39021,""4"":106586},""pp_uv"":{""0"":1449,""1"":1926,""2"":572,""3"":343,""4"":133},""spread_uv"":{""0"":171,""1"":1488,""2"":5168,""3"":2403,""4"":1449},""samples"":[{""0"":{""mean_uv"":992984,""error_uv"":-7016,""pp_uv"":4863},""1"":{""mean_uv"":977859,""error_uv"":-22141,""pp_uv"":1926},""2"":{""mean_uv"":962409,""error_uv"":-37591,""pp_uv"":457},""3"":{""mean_uv"":961246,""error_uv"":-38754,""pp_uv"":514},""4"":{""mean_uv"":1105175,""error_uv"":105175,""pp_uv"":1258}},{""0"":{""mean_uv"":992851,""error_uv"":-7149,""pp_uv"":1411},""1"":{""mean_uv"":978565,""error_uv"":-21435,""pp_uv"":1640},""2"":{""mean_uv"":957241,""error_uv"":-42759,""pp_uv"":667},""3"":{""mean_uv"":960979,""error_uv"":-39021,""pp_uv"":247},""4"":{""mean_uv"":1106586,""error_uv"":106586,""pp_uv"":133}},{""0"":{""mean_uv"":993022,""error_uv"":-6978,""pp_uv"":1449},""1"":{""mean_uv"":979347,""error_uv"":-20653,""pp_uv"":1945},""2"":{""mean_uv"":958938,""error_uv"":-41062,""pp_uv"":572},""3"":{""mean_uv"":958843,""error_uv"":-41157,""pp_uv"":343},""4"":{""mean_uv"":1106624,""error_uv"":106624,""pp_uv"":133}}]},""codes"":[16,0,-16,0]}"
24,sequential,False,20,2026-09-09T00:26:04,observation,    IDAC2 ABBA low 1 (-16): PGAgain=-7.0mV BPo=-21.4mV OPA_SUMo=-41.1mV SUMo=-39.0mV LPo=+106.6mV,"[16, 0, -16, 0]",,3,-39021,343,2403,"{""at"":""2026-09-09T00:26:04"",""kind"":""observation"",""message"":""    IDAC2 ABBA low 1 (-16): PGAgain=-7.0mV BPo=-21.4mV OPA_SUMo=-41.1mV SUMo=-39.0mV LPo=+106.6mV"",""label"":""IDAC2 ABBA low 1 (-16)"",""observation"":{""errors_uv"":{""0"":-7016,""1"":-21435,""2"":-41062,""3"":-39021,""4"":106586},""pp_uv"":{""0"":1449,""1"":1926,""2"":572,""3"":343,""4"":133},""spread_uv"":{""0"":171,""1"":1488,""2"":5168,""3"":2403,""4"":1449},""samples"":[{""0"":{""mean_uv"":992984,""error_uv"":-7016,""pp_uv"":4863},""1"":{""mean_uv"":977859,""error_uv"":-22141,""pp_uv"":1926},""2"":{""mean_uv"":962409,""error_uv"":-37591,""pp_uv"":457},""3"":{""mean_uv"":961246,""error_uv"":-38754,""pp_uv"":514},""4"":{""mean_uv"":1105175,""error_uv"":105175,""pp_uv"":1258}},{""0"":{""mean_uv"":992851,""error_uv"":-7149,""pp_uv"":1411},""1"":{""mean_uv"":978565,""error_uv"":-21435,""pp_uv"":1640},""2"":{""mean_uv"":957241,""error_uv"":-42759,""pp_uv"":667},""3"":{""mean_uv"":960979,""error_uv"":-39021,""pp_uv"":247},""4"":{""mean_uv"":1106586,""error_uv"":106586,""pp_uv"":133}},{""0"":{""mean_uv"":993022,""error_uv"":-6978,""pp_uv"":1449},""1"":{""mean_uv"":979347,""error_uv"":-20653,""pp_uv"":1945},""2"":{""mean_uv"":958938,""error_uv"":-41062,""pp_uv"":572},""3"":{""mean_uv"":958843,""error_uv"":-41157,""pp_uv"":343},""4"":{""mean_uv"":1106624,""error_uv"":106624,""pp_uv"":133}}]},""codes"":[16,0,-16,0]}"
24,sequential,False,20,2026-09-09T00:26:04,observation,    IDAC2 ABBA low 1 (-16): PGAgain=-7.0mV BPo=-21.4mV OPA_SUMo=-41.1mV SUMo=-39.0mV LPo=+106.6mV,"[16, 0, -16, 0]",,4,106586,133,1449,"{""at"":""2026-09-09T00:26:04"",""kind"":""observation"",""message"":""    IDAC2 ABBA low 1 (-16): PGAgain=-7.0mV BPo=-21.4mV OPA_SUMo=-41.1mV SUMo=-39.0mV LPo=+106.6mV"",""label"":""IDAC2 ABBA low 1 (-16)"",""observation"":{""errors_uv"":{""0"":-7016,""1"":-21435,""2"":-41062,""3"":-39021,""4"":106586},""pp_uv"":{""0"":1449,""1"":1926,""2"":572,""3"":343,""4"":133},""spread_uv"":{""0"":171,""1"":1488,""2"":5168,""3"":2403,""4"":1449},""samples"":[{""0"":{""mean_uv"":992984,""error_uv"":-7016,""pp_uv"":4863},""1"":{""mean_uv"":977859,""error_uv"":-22141,""pp_uv"":1926},""2"":{""mean_uv"":962409,""error_uv"":-37591,""pp_uv"":457},""3"":{""mean_uv"":961246,""error_uv"":-38754,""pp_uv"":514},""4"":{""mean_uv"":1105175,""error_uv"":105175,""pp_uv"":1258}},{""0"":{""mean_uv"":992851,""error_uv"":-7149,""pp_uv"":1411},""1"":{""mean_uv"":978565,""error_uv"":-21435,""pp_uv"":1640},""2"":{""mean_uv"":957241,""error_uv"":-42759,""pp_uv"":667},""3"":{""mean_uv"":960979,""error_uv"":-39021,""pp_uv"":247},""4"":{""mean_uv"":1106586,""error_uv"":106586,""pp_uv"":133}},{""0"":{""mean_uv"":993022,""error_uv"":-6978,""pp_uv"":1449},""1"":{""mean_uv"":979347,""error_uv"":-20653,""pp_uv"":1945},""2"":{""mean_uv"":958938,""error_uv"":-41062,""pp_uv"":572},""3"":{""mean_uv"":958843,""error_uv"":-41157,""pp_uv"":343},""4"":{""mean_uv"":1106624,""error_uv"":106624,""pp_uv"":133}}]},""codes"":[16,0,-16,0]}"
24,sequential,False,21,2026-09-09T00:26:26,observation,    IDAC2 ABBA high 1 (16): PGAgain=-6.8mV BPo=-18.6mV OPA_SUMo=-14.6mV SUMo=-14.2mV LPo=-15.5mV,"[16, 0, 16, 0]",,0,-6768,1125,96,"{""at"":""2026-09-09T00:26:26"",""kind"":""observation"",""message"":""    IDAC2 ABBA high 1 (16): PGAgain=-6.8mV BPo=-18.6mV OPA_SUMo=-14.6mV SUMo=-14.2mV LPo=-15.5mV"",""label"":""IDAC2 ABBA high 1 (16)"",""observation"":{""errors_uv"":{""0"":-6768,""1"":-18574,""2"":-14626,""3"":-14206,""4"":-15484},""pp_uv"":{""0"":1125,""1"":2079,""2"":667,""3"":400,""4"":972},""spread_uv"":{""0"":96,""1"":1239,""2"":1793,""3"":2174,""4"":6084},""samples"":[{""0"":{""mean_uv"":993213,""error_uv"":-6787,""pp_uv"":1106},""1"":{""mean_uv"":981426,""error_uv"":-18574,""pp_uv"":2079},""2"":{""mean_uv"":986919,""error_uv"":-13081,""pp_uv"":667},""3"":{""mean_uv"":986709,""error_uv"":-13291,""pp_uv"":362},""4"":{""mean_uv"":979690,""error_uv"":-20310,""pp_uv"":972}},{""0"":{""mean_uv"":993309,""error_uv"":-6691,""pp_uv"":1125},""1"":{""mean_uv"":981369,""error_uv"":-18631,""pp_uv"":2422},""2"":{""mean_uv"":985374,""error_uv"":-14626,""pp_uv"":591},""3"":{""mean_uv"":985794,""error_uv"":-14206,""pp_uv"":400},""4"":{""mean_uv"":984516,""error_uv"":-15484,""pp_uv"":858}},{""0"":{""mean_uv"":993232,""error_uv"":-6768,""pp_uv"":1506},""1"":{""mean_uv"":982608,""error_uv"":-17392,""pp_uv"":2079},""2"":{""mean_uv"":985126,""error_uv"":-14874,""pp_uv"":782},""3"":{""mean_uv"":984535,""error_uv"":-15465,""pp_uv"":591},""4"":{""mean_uv"":985774,""error_uv"":-14226,""pp_uv"":2498}}]},""codes"":[16,0,16,0]}"
24,sequential,False,21,2026-09-09T00:26:26,observation,    IDAC2 ABBA high 1 (16): PGAgain=-6.8mV BPo=-18.6mV OPA_SUMo=-14.6mV SUMo=-14.2mV LPo=-15.5mV,"[16, 0, 16, 0]",,1,-18574,2079,1239,"{""at"":""2026-09-09T00:26:26"",""kind"":""observation"",""message"":""    IDAC2 ABBA high 1 (16): PGAgain=-6.8mV BPo=-18.6mV OPA_SUMo=-14.6mV SUMo=-14.2mV LPo=-15.5mV"",""label"":""IDAC2 ABBA high 1 (16)"",""observation"":{""errors_uv"":{""0"":-6768,""1"":-18574,""2"":-14626,""3"":-14206,""4"":-15484},""pp_uv"":{""0"":1125,""1"":2079,""2"":667,""3"":400,""4"":972},""spread_uv"":{""0"":96,""1"":1239,""2"":1793,""3"":2174,""4"":6084},""samples"":[{""0"":{""mean_uv"":993213,""error_uv"":-6787,""pp_uv"":1106},""1"":{""mean_uv"":981426,""error_uv"":-18574,""pp_uv"":2079},""2"":{""mean_uv"":986919,""error_uv"":-13081,""pp_uv"":667},""3"":{""mean_uv"":986709,""error_uv"":-13291,""pp_uv"":362},""4"":{""mean_uv"":979690,""error_uv"":-20310,""pp_uv"":972}},{""0"":{""mean_uv"":993309,""error_uv"":-6691,""pp_uv"":1125},""1"":{""mean_uv"":981369,""error_uv"":-18631,""pp_uv"":2422},""2"":{""mean_uv"":985374,""error_uv"":-14626,""pp_uv"":591},""3"":{""mean_uv"":985794,""error_uv"":-14206,""pp_uv"":400},""4"":{""mean_uv"":984516,""error_uv"":-15484,""pp_uv"":858}},{""0"":{""mean_uv"":993232,""error_uv"":-6768,""pp_uv"":1506},""1"":{""mean_uv"":982608,""error_uv"":-17392,""pp_uv"":2079},""2"":{""mean_uv"":985126,""error_uv"":-14874,""pp_uv"":782},""3"":{""mean_uv"":984535,""error_uv"":-15465,""pp_uv"":591},""4"":{""mean_uv"":985774,""error_uv"":-14226,""pp_uv"":2498}}]},""codes"":[16,0,16,0]}"
24,sequential,False,21,2026-09-09T00:26:26,observation,    IDAC2 ABBA high 1 (16): PGAgain=-6.8mV BPo=-18.6mV OPA_SUMo=-14.6mV SUMo=-14.2mV LPo=-15.5mV,"[16, 0, 16, 0]",,2,-14626,667,1793,"{""at"":""2026-09-09T00:26:26"",""kind"":""observation"",""message"":""    IDAC2 ABBA high 1 (16): PGAgain=-6.8mV BPo=-18.6mV OPA_SUMo=-14.6mV SUMo=-14.2mV LPo=-15.5mV"",""label"":""IDAC2 ABBA high 1 (16)"",""observation"":{""errors_uv"":{""0"":-6768,""1"":-18574,""2"":-14626,""3"":-14206,""4"":-15484},""pp_uv"":{""0"":1125,""1"":2079,""2"":667,""3"":400,""4"":972},""spread_uv"":{""0"":96,""1"":1239,""2"":1793,""3"":2174,""4"":6084},""samples"":[{""0"":{""mean_uv"":993213,""error_uv"":-6787,""pp_uv"":1106},""1"":{""mean_uv"":981426,""error_uv"":-18574,""pp_uv"":2079},""2"":{""mean_uv"":986919,""error_uv"":-13081,""pp_uv"":667},""3"":{""mean_uv"":986709,""error_uv"":-13291,""pp_uv"":362},""4"":{""mean_uv"":979690,""error_uv"":-20310,""pp_uv"":972}},{""0"":{""mean_uv"":993309,""error_uv"":-6691,""pp_uv"":1125},""1"":{""mean_uv"":981369,""error_uv"":-18631,""pp_uv"":2422},""2"":{""mean_uv"":985374,""error_uv"":-14626,""pp_uv"":591},""3"":{""mean_uv"":985794,""error_uv"":-14206,""pp_uv"":400},""4"":{""mean_uv"":984516,""error_uv"":-15484,""pp_uv"":858}},{""0"":{""mean_uv"":993232,""error_uv"":-6768,""pp_uv"":1506},""1"":{""mean_uv"":982608,""error_uv"":-17392,""pp_uv"":2079},""2"":{""mean_uv"":985126,""error_uv"":-14874,""pp_uv"":782},""3"":{""mean_uv"":984535,""error_uv"":-15465,""pp_uv"":591},""4"":{""mean_uv"":985774,""error_uv"":-14226,""pp_uv"":2498}}]},""codes"":[16,0,16,0]}"
24,sequential,False,21,2026-09-09T00:26:26,observation,    IDAC2 ABBA high 1 (16): PGAgain=-6.8mV BPo=-18.6mV OPA_SUMo=-14.6mV SUMo=-14.2mV LPo=-15.5mV,"[16, 0, 16, 0]",,3,-14206,400,2174,"{""at"":""2026-09-09T00:26:26"",""kind"":""observation"",""message"":""    IDAC2 ABBA high 1 (16): PGAgain=-6.8mV BPo=-18.6mV OPA_SUMo=-14.6mV SUMo=-14.2mV LPo=-15.5mV"",""label"":""IDAC2 ABBA high 1 (16)"",""observation"":{""errors_uv"":{""0"":-6768,""1"":-18574,""2"":-14626,""3"":-14206,""4"":-15484},""pp_uv"":{""0"":1125,""1"":2079,""2"":667,""3"":400,""4"":972},""spread_uv"":{""0"":96,""1"":1239,""2"":1793,""3"":2174,""4"":6084},""samples"":[{""0"":{""mean_uv"":993213,""error_uv"":-6787,""pp_uv"":1106},""1"":{""mean_uv"":981426,""error_uv"":-18574,""pp_uv"":2079},""2"":{""mean_uv"":986919,""error_uv"":-13081,""pp_uv"":667},""3"":{""mean_uv"":986709,""error_uv"":-13291,""pp_uv"":362},""4"":{""mean_uv"":979690,""error_uv"":-20310,""pp_uv"":972}},{""0"":{""mean_uv"":993309,""error_uv"":-6691,""pp_uv"":1125},""1"":{""mean_uv"":981369,""error_uv"":-18631,""pp_uv"":2422},""2"":{""mean_uv"":985374,""error_uv"":-14626,""pp_uv"":591},""3"":{""mean_uv"":985794,""error_uv"":-14206,""pp_uv"":400},""4"":{""mean_uv"":984516,""error_uv"":-15484,""pp_uv"":858}},{""0"":{""mean_uv"":993232,""error_uv"":-6768,""pp_uv"":1506},""1"":{""mean_uv"":982608,""error_uv"":-17392,""pp_uv"":2079},""2"":{""mean_uv"":985126,""error_uv"":-14874,""pp_uv"":782},""3"":{""mean_uv"":984535,""error_uv"":-15465,""pp_uv"":591},""4"":{""mean_uv"":985774,""error_uv"":-14226,""pp_uv"":2498}}]},""codes"":[16,0,16,0]}"
24,sequential,False,21,2026-09-09T00:26:26,observation,    IDAC2 ABBA high 1 (16): PGAgain=-6.8mV BPo=-18.6mV OPA_SUMo=-14.6mV SUMo=-14.2mV LPo=-15.5mV,"[16, 0, 16, 0]",,4,-15484,972,6084,"{""at"":""2026-09-09T00:26:26"",""kind"":""observation"",""message"":""    IDAC2 ABBA high 1 (16): PGAgain=-6.8mV BPo=-18.6mV OPA_SUMo=-14.6mV SUMo=-14.2mV LPo=-15.5mV"",""label"":""IDAC2 ABBA high 1 (16)"",""observation"":{""errors_uv"":{""0"":-6768,""1"":-18574,""2"":-14626,""3"":-14206,""4"":-15484},""pp_uv"":{""0"":1125,""1"":2079,""2"":667,""3"":400,""4"":972},""spread_uv"":{""0"":96,""1"":1239,""2"":1793,""3"":2174,""4"":6084},""samples"":[{""0"":{""mean_uv"":993213,""error_uv"":-6787,""pp_uv"":1106},""1"":{""mean_uv"":981426,""error_uv"":-18574,""pp_uv"":2079},""2"":{""mean_uv"":986919,""error_uv"":-13081,""pp_uv"":667},""3"":{""mean_uv"":986709,""error_uv"":-13291,""pp_uv"":362},""4"":{""mean_uv"":979690,""error_uv"":-20310,""pp_uv"":972}},{""0"":{""mean_uv"":993309,""error_uv"":-6691,""pp_uv"":1125},""1"":{""mean_uv"":981369,""error_uv"":-18631,""pp_uv"":2422},""2"":{""mean_uv"":985374,""error_uv"":-14626,""pp_uv"":591},""3"":{""mean_uv"":985794,""error_uv"":-14206,""pp_uv"":400},""4"":{""mean_uv"":984516,""error_uv"":-15484,""pp_uv"":858}},{""0"":{""mean_uv"":993232,""error_uv"":-6768,""pp_uv"":1506},""1"":{""mean_uv"":982608,""error_uv"":-17392,""pp_uv"":2079},""2"":{""mean_uv"":985126,""error_uv"":-14874,""pp_uv"":782},""3"":{""mean_uv"":984535,""error_uv"":-15465,""pp_uv"":591},""4"":{""mean_uv"":985774,""error_uv"":-14226,""pp_uv"":2498}}]},""codes"":[16,0,16,0]}"
24,sequential,False,22,2026-09-09T00:26:39,observation,    IDAC2 ABBA high 2 (16): PGAgain=-6.1mV BPo=-16.6mV OPA_SUMo=-18.7mV SUMo=-17.8mV LPo=+0.0mV,"[16, 0, 16, 0]",,0,-6119,1277,343,"{""at"":""2026-09-09T00:26:39"",""kind"":""observation"",""message"":""    IDAC2 ABBA high 2 (16): PGAgain=-6.1mV BPo=-16.6mV OPA_SUMo=-18.7mV SUMo=-17.8mV LPo=+0.0mV"",""label"":""IDAC2 ABBA high 2 (16)"",""observation"":{""errors_uv"":{""0"":-6119,""1"":-16648,""2"":-18651,""3"":-17830,""4"":3},""pp_uv"":{""0"":1277,""1"":1754,""2"":514,""3"":457,""4"":1335},""spread_uv"":{""0"":343,""1"":1411,""2"":5207,""3"":3720,""4"":20370},""samples"":[{""0"":{""mean_uv"":993728,""error_uv"":-6272,""pp_uv"":858},""1"":{""mean_uv"":983009,""error_uv"":-16991,""pp_uv"":3623},""2"":{""mean_uv"":985088,""error_uv"":-14912,""pp_uv"":553},""3"":{""mean_uv"":984802,""error_uv"":-15198,""pp_uv"":495},""4"":{""mean_uv"":987701,""error_uv"":-12299,""pp_uv"":1487}},{""0"":{""mean_uv"":994071,""error_uv"":-5929,""pp_uv"":1277},""1"":{""mean_uv"":983352,""error_uv"":-16648,""pp_uv"":1754},""2"":{""mean_uv"":981349,""error_uv"":-18651,""pp_uv"":495},""3"":{""mean_uv"":981082,""error_uv"":-18918,""pp_uv"":400},""4"":{""mean_uv"":1008071,""error_uv"":8071,""pp_uv"":1335}},{""0"":{""mean_uv"":993881,""error_uv"":-6119,""pp_uv"":1583},""1"":{""mean_uv"":984420,""error_uv"":-15580,""pp_uv"":1716},""2"":{""mean_uv"":979881,""error_uv"":-20119,""pp_uv"":514},""3"":{""mean_uv"":982170,""error_uv"":-17830,""pp_uv"":457},""4"":{""mean_uv"":1000003,""error_uv"":3,""pp_uv"":915}}]},""codes"":[16,0,16,0]}"
24,sequential,False,22,2026-09-09T00:26:39,observation,    IDAC2 ABBA high 2 (16): PGAgain=-6.1mV BPo=-16.6mV OPA_SUMo=-18.7mV SUMo=-17.8mV LPo=+0.0mV,"[16, 0, 16, 0]",,1,-16648,1754,1411,"{""at"":""2026-09-09T00:26:39"",""kind"":""observation"",""message"":""    IDAC2 ABBA high 2 (16): PGAgain=-6.1mV BPo=-16.6mV OPA_SUMo=-18.7mV SUMo=-17.8mV LPo=+0.0mV"",""label"":""IDAC2 ABBA high 2 (16)"",""observation"":{""errors_uv"":{""0"":-6119,""1"":-16648,""2"":-18651,""3"":-17830,""4"":3},""pp_uv"":{""0"":1277,""1"":1754,""2"":514,""3"":457,""4"":1335},""spread_uv"":{""0"":343,""1"":1411,""2"":5207,""3"":3720,""4"":20370},""samples"":[{""0"":{""mean_uv"":993728,""error_uv"":-6272,""pp_uv"":858},""1"":{""mean_uv"":983009,""error_uv"":-16991,""pp_uv"":3623},""2"":{""mean_uv"":985088,""error_uv"":-14912,""pp_uv"":553},""3"":{""mean_uv"":984802,""error_uv"":-15198,""pp_uv"":495},""4"":{""mean_uv"":987701,""error_uv"":-12299,""pp_uv"":1487}},{""0"":{""mean_uv"":994071,""error_uv"":-5929,""pp_uv"":1277},""1"":{""mean_uv"":983352,""error_uv"":-16648,""pp_uv"":1754},""2"":{""mean_uv"":981349,""error_uv"":-18651,""pp_uv"":495},""3"":{""mean_uv"":981082,""error_uv"":-18918,""pp_uv"":400},""4"":{""mean_uv"":1008071,""error_uv"":8071,""pp_uv"":1335}},{""0"":{""mean_uv"":993881,""error_uv"":-6119,""pp_uv"":1583},""1"":{""mean_uv"":984420,""error_uv"":-15580,""pp_uv"":1716},""2"":{""mean_uv"":979881,""error_uv"":-20119,""pp_uv"":514},""3"":{""mean_uv"":982170,""error_uv"":-17830,""pp_uv"":457},""4"":{""mean_uv"":1000003,""error_uv"":3,""pp_uv"":915}}]},""codes"":[16,0,16,0]}"
24,sequential,False,22,2026-09-09T00:26:39,observation,    IDAC2 ABBA high 2 (16): PGAgain=-6.1mV BPo=-16.6mV OPA_SUMo=-18.7mV SUMo=-17.8mV LPo=+0.0mV,"[16, 0, 16, 0]",,2,-18651,514,5207,"{""at"":""2026-09-09T00:26:39"",""kind"":""observation"",""message"":""    IDAC2 ABBA high 2 (16): PGAgain=-6.1mV BPo=-16.6mV OPA_SUMo=-18.7mV SUMo=-17.8mV LPo=+0.0mV"",""label"":""IDAC2 ABBA high 2 (16)"",""observation"":{""errors_uv"":{""0"":-6119,""1"":-16648,""2"":-18651,""3"":-17830,""4"":3},""pp_uv"":{""0"":1277,""1"":1754,""2"":514,""3"":457,""4"":1335},""spread_uv"":{""0"":343,""1"":1411,""2"":5207,""3"":3720,""4"":20370},""samples"":[{""0"":{""mean_uv"":993728,""error_uv"":-6272,""pp_uv"":858},""1"":{""mean_uv"":983009,""error_uv"":-16991,""pp_uv"":3623},""2"":{""mean_uv"":985088,""error_uv"":-14912,""pp_uv"":553},""3"":{""mean_uv"":984802,""error_uv"":-15198,""pp_uv"":495},""4"":{""mean_uv"":987701,""error_uv"":-12299,""pp_uv"":1487}},{""0"":{""mean_uv"":994071,""error_uv"":-5929,""pp_uv"":1277},""1"":{""mean_uv"":983352,""error_uv"":-16648,""pp_uv"":1754},""2"":{""mean_uv"":981349,""error_uv"":-18651,""pp_uv"":495},""3"":{""mean_uv"":981082,""error_uv"":-18918,""pp_uv"":400},""4"":{""mean_uv"":1008071,""error_uv"":8071,""pp_uv"":1335}},{""0"":{""mean_uv"":993881,""error_uv"":-6119,""pp_uv"":1583},""1"":{""mean_uv"":984420,""error_uv"":-15580,""pp_uv"":1716},""2"":{""mean_uv"":979881,""error_uv"":-20119,""pp_uv"":514},""3"":{""mean_uv"":982170,""error_uv"":-17830,""pp_uv"":457},""4"":{""mean_uv"":1000003,""error_uv"":3,""pp_uv"":915}}]},""codes"":[16,0,16,0]}"
24,sequential,False,22,2026-09-09T00:26:39,observation,    IDAC2 ABBA high 2 (16): PGAgain=-6.1mV BPo=-16.6mV OPA_SUMo=-18.7mV SUMo=-17.8mV LPo=+0.0mV,"[16, 0, 16, 0]",,3,-17830,457,3720,"{""at"":""2026-09-09T00:26:39"",""kind"":""observation"",""message"":""    IDAC2 ABBA high 2 (16): PGAgain=-6.1mV BPo=-16.6mV OPA_SUMo=-18.7mV SUMo=-17.8mV LPo=+0.0mV"",""label"":""IDAC2 ABBA high 2 (16)"",""observation"":{""errors_uv"":{""0"":-6119,""1"":-16648,""2"":-18651,""3"":-17830,""4"":3},""pp_uv"":{""0"":1277,""1"":1754,""2"":514,""3"":457,""4"":1335},""spread_uv"":{""0"":343,""1"":1411,""2"":5207,""3"":3720,""4"":20370},""samples"":[{""0"":{""mean_uv"":993728,""error_uv"":-6272,""pp_uv"":858},""1"":{""mean_uv"":983009,""error_uv"":-16991,""pp_uv"":3623},""2"":{""mean_uv"":985088,""error_uv"":-14912,""pp_uv"":553},""3"":{""mean_uv"":984802,""error_uv"":-15198,""pp_uv"":495},""4"":{""mean_uv"":987701,""error_uv"":-12299,""pp_uv"":1487}},{""0"":{""mean_uv"":994071,""error_uv"":-5929,""pp_uv"":1277},""1"":{""mean_uv"":983352,""error_uv"":-16648,""pp_uv"":1754},""2"":{""mean_uv"":981349,""error_uv"":-18651,""pp_uv"":495},""3"":{""mean_uv"":981082,""error_uv"":-18918,""pp_uv"":400},""4"":{""mean_uv"":1008071,""error_uv"":8071,""pp_uv"":1335}},{""0"":{""mean_uv"":993881,""error_uv"":-6119,""pp_uv"":1583},""1"":{""mean_uv"":984420,""error_uv"":-15580,""pp_uv"":1716},""2"":{""mean_uv"":979881,""error_uv"":-20119,""pp_uv"":514},""3"":{""mean_uv"":982170,""error_uv"":-17830,""pp_uv"":457},""4"":{""mean_uv"":1000003,""error_uv"":3,""pp_uv"":915}}]},""codes"":[16,0,16,0]}"
24,sequential,False,22,2026-09-09T00:26:39,observation,    IDAC2 ABBA high 2 (16): PGAgain=-6.1mV BPo=-16.6mV OPA_SUMo=-18.7mV SUMo=-17.8mV LPo=+0.0mV,"[16, 0, 16, 0]",,4,3,1335,20370,"{""at"":""2026-09-09T00:26:39"",""kind"":""observation"",""message"":""    IDAC2 ABBA high 2 (16): PGAgain=-6.1mV BPo=-16.6mV OPA_SUMo=-18.7mV SUMo=-17.8mV LPo=+0.0mV"",""label"":""IDAC2 ABBA high 2 (16)"",""observation"":{""errors_uv"":{""0"":-6119,""1"":-16648,""2"":-18651,""3"":-17830,""4"":3},""pp_uv"":{""0"":1277,""1"":1754,""2"":514,""3"":457,""4"":1335},""spread_uv"":{""0"":343,""1"":1411,""2"":5207,""3"":3720,""4"":20370},""samples"":[{""0"":{""mean_uv"":993728,""error_uv"":-6272,""pp_uv"":858},""1"":{""mean_uv"":983009,""error_uv"":-16991,""pp_uv"":3623},""2"":{""mean_uv"":985088,""error_uv"":-14912,""pp_uv"":553},""3"":{""mean_uv"":984802,""error_uv"":-15198,""pp_uv"":495},""4"":{""mean_uv"":987701,""error_uv"":-12299,""pp_uv"":1487}},{""0"":{""mean_uv"":994071,""error_uv"":-5929,""pp_uv"":1277},""1"":{""mean_uv"":983352,""error_uv"":-16648,""pp_uv"":1754},""2"":{""mean_uv"":981349,""error_uv"":-18651,""pp_uv"":495},""3"":{""mean_uv"":981082,""error_uv"":-18918,""pp_uv"":400},""4"":{""mean_uv"":1008071,""error_uv"":8071,""pp_uv"":1335}},{""0"":{""mean_uv"":993881,""error_uv"":-6119,""pp_uv"":1583},""1"":{""mean_uv"":984420,""error_uv"":-15580,""pp_uv"":1716},""2"":{""mean_uv"":979881,""error_uv"":-20119,""pp_uv"":514},""3"":{""mean_uv"":982170,""error_uv"":-17830,""pp_uv"":457},""4"":{""mean_uv"":1000003,""error_uv"":3,""pp_uv"":915}}]},""codes"":[16,0,16,0]}"
24,sequential,False,23,2026-09-09T00:26:55,observation,    IDAC2 ABBA low 2 (-16): PGAgain=-6.4mV BPo=-15.1mV OPA_SUMo=-69.0mV SUMo=-68.5mV LPo=+106.6mV,"[16, 0, -16, 0]",,0,-6386,1888,57,"{""at"":""2026-09-09T00:26:55"",""kind"":""observation"",""message"":""    IDAC2 ABBA low 2 (-16): PGAgain=-6.4mV BPo=-15.1mV OPA_SUMo=-69.0mV SUMo=-68.5mV LPo=+106.6mV"",""label"":""IDAC2 ABBA low 2 (-16)"",""observation"":{""errors_uv"":{""0"":-6386,""1"":-15084,""2"":-68985,""3"":-68451,""4"":106586},""pp_uv"":{""0"":1888,""1"":2918,""2"":1354,""3"":1544,""4"":114},""spread_uv"":{""0"":57,""1"":496,""2"":1659,""3"":1964,""4"":19},""samples"":[{""0"":{""mean_uv"":993652,""error_uv"":-6348,""pp_uv"":1888},""1"":{""mean_uv"":984916,""error_uv"":-15084,""pp_uv"":2269},""2"":{""mean_uv"":931015,""error_uv"":-68985,""pp_uv"":1354},""3"":{""mean_uv"":932521,""error_uv"":-67479,""pp_uv"":1544},""4"":{""mean_uv"":1106586,""error_uv"":106586,""pp_uv"":95}},{""0"":{""mean_uv"":993614,""error_uv"":-6386,""pp_uv"":1773},""1"":{""mean_uv"":984592,""error_uv"":-15408,""pp_uv"":2918},""2"":{""mean_uv"":929603,""error_uv"":-70397,""pp_uv"":1296},""3"":{""mean_uv"":930557,""error_uv"":-69443,""pp_uv"":915},""4"":{""mean_uv"":1106586,""error_uv"":106586,""pp_uv"":133}},{""0"":{""mean_uv"":993595,""error_uv"":-6405,""pp_uv"":1888},""1"":{""mean_uv"":985088,""error_uv"":-14912,""pp_uv"":3643},""2"":{""mean_uv"":931262,""error_uv"":-68738,""pp_uv"":1983},""3"":{""mean_uv"":931549,""error_uv"":-68451,""pp_uv"":1583},""4"":{""mean_uv"":1106605,""error_uv"":106605,""pp_uv"":114}}]},""codes"":[16,0,-16,0]}"
24,sequential,False,23,2026-09-09T00:26:55,observation,    IDAC2 ABBA low 2 (-16): PGAgain=-6.4mV BPo=-15.1mV OPA_SUMo=-69.0mV SUMo=-68.5mV LPo=+106.6mV,"[16, 0, -16, 0]",,1,-15084,2918,496,"{""at"":""2026-09-09T00:26:55"",""kind"":""observation"",""message"":""    IDAC2 ABBA low 2 (-16): PGAgain=-6.4mV BPo=-15.1mV OPA_SUMo=-69.0mV SUMo=-68.5mV LPo=+106.6mV"",""label"":""IDAC2 ABBA low 2 (-16)"",""observation"":{""errors_uv"":{""0"":-6386,""1"":-15084,""2"":-68985,""3"":-68451,""4"":106586},""pp_uv"":{""0"":1888,""1"":2918,""2"":1354,""3"":1544,""4"":114},""spread_uv"":{""0"":57,""1"":496,""2"":1659,""3"":1964,""4"":19},""samples"":[{""0"":{""mean_uv"":993652,""error_uv"":-6348,""pp_uv"":1888},""1"":{""mean_uv"":984916,""error_uv"":-15084,""pp_uv"":2269},""2"":{""mean_uv"":931015,""error_uv"":-68985,""pp_uv"":1354},""3"":{""mean_uv"":932521,""error_uv"":-67479,""pp_uv"":1544},""4"":{""mean_uv"":1106586,""error_uv"":106586,""pp_uv"":95}},{""0"":{""mean_uv"":993614,""error_uv"":-6386,""pp_uv"":1773},""1"":{""mean_uv"":984592,""error_uv"":-15408,""pp_uv"":2918},""2"":{""mean_uv"":929603,""error_uv"":-70397,""pp_uv"":1296},""3"":{""mean_uv"":930557,""error_uv"":-69443,""pp_uv"":915},""4"":{""mean_uv"":1106586,""error_uv"":106586,""pp_uv"":133}},{""0"":{""mean_uv"":993595,""error_uv"":-6405,""pp_uv"":1888},""1"":{""mean_uv"":985088,""error_uv"":-14912,""pp_uv"":3643},""2"":{""mean_uv"":931262,""error_uv"":-68738,""pp_uv"":1983},""3"":{""mean_uv"":931549,""error_uv"":-68451,""pp_uv"":1583},""4"":{""mean_uv"":1106605,""error_uv"":106605,""pp_uv"":114}}]},""codes"":[16,0,-16,0]}"
24,sequential,False,23,2026-09-09T00:26:55,observation,    IDAC2 ABBA low 2 (-16): PGAgain=-6.4mV BPo=-15.1mV OPA_SUMo=-69.0mV SUMo=-68.5mV LPo=+106.6mV,"[16, 0, -16, 0]",,2,-68985,1354,1659,"{""at"":""2026-09-09T00:26:55"",""kind"":""observation"",""message"":""    IDAC2 ABBA low 2 (-16): PGAgain=-6.4mV BPo=-15.1mV OPA_SUMo=-69.0mV SUMo=-68.5mV LPo=+106.6mV"",""label"":""IDAC2 ABBA low 2 (-16)"",""observation"":{""errors_uv"":{""0"":-6386,""1"":-15084,""2"":-68985,""3"":-68451,""4"":106586},""pp_uv"":{""0"":1888,""1"":2918,""2"":1354,""3"":1544,""4"":114},""spread_uv"":{""0"":57,""1"":496,""2"":1659,""3"":1964,""4"":19},""samples"":[{""0"":{""mean_uv"":993652,""error_uv"":-6348,""pp_uv"":1888},""1"":{""mean_uv"":984916,""error_uv"":-15084,""pp_uv"":2269},""2"":{""mean_uv"":931015,""error_uv"":-68985,""pp_uv"":1354},""3"":{""mean_uv"":932521,""error_uv"":-67479,""pp_uv"":1544},""4"":{""mean_uv"":1106586,""error_uv"":106586,""pp_uv"":95}},{""0"":{""mean_uv"":993614,""error_uv"":-6386,""pp_uv"":1773},""1"":{""mean_uv"":984592,""error_uv"":-15408,""pp_uv"":2918},""2"":{""mean_uv"":929603,""error_uv"":-70397,""pp_uv"":1296},""3"":{""mean_uv"":930557,""error_uv"":-69443,""pp_uv"":915},""4"":{""mean_uv"":1106586,""error_uv"":106586,""pp_uv"":133}},{""0"":{""mean_uv"":993595,""error_uv"":-6405,""pp_uv"":1888},""1"":{""mean_uv"":985088,""error_uv"":-14912,""pp_uv"":3643},""2"":{""mean_uv"":931262,""error_uv"":-68738,""pp_uv"":1983},""3"":{""mean_uv"":931549,""error_uv"":-68451,""pp_uv"":1583},""4"":{""mean_uv"":1106605,""error_uv"":106605,""pp_uv"":114}}]},""codes"":[16,0,-16,0]}"
24,sequential,False,23,2026-09-09T00:26:55,observation,    IDAC2 ABBA low 2 (-16): PGAgain=-6.4mV BPo=-15.1mV OPA_SUMo=-69.0mV SUMo=-68.5mV LPo=+106.6mV,"[16, 0, -16, 0]",,3,-68451,1544,1964,"{""at"":""2026-09-09T00:26:55"",""kind"":""observation"",""message"":""    IDAC2 ABBA low 2 (-16): PGAgain=-6.4mV BPo=-15.1mV OPA_SUMo=-69.0mV SUMo=-68.5mV LPo=+106.6mV"",""label"":""IDAC2 ABBA low 2 (-16)"",""observation"":{""errors_uv"":{""0"":-6386,""1"":-15084,""2"":-68985,""3"":-68451,""4"":106586},""pp_uv"":{""0"":1888,""1"":2918,""2"":1354,""3"":1544,""4"":114},""spread_uv"":{""0"":57,""1"":496,""2"":1659,""3"":1964,""4"":19},""samples"":[{""0"":{""mean_uv"":993652,""error_uv"":-6348,""pp_uv"":1888},""1"":{""mean_uv"":984916,""error_uv"":-15084,""pp_uv"":2269},""2"":{""mean_uv"":931015,""error_uv"":-68985,""pp_uv"":1354},""3"":{""mean_uv"":932521,""error_uv"":-67479,""pp_uv"":1544},""4"":{""mean_uv"":1106586,""error_uv"":106586,""pp_uv"":95}},{""0"":{""mean_uv"":993614,""error_uv"":-6386,""pp_uv"":1773},""1"":{""mean_uv"":984592,""error_uv"":-15408,""pp_uv"":2918},""2"":{""mean_uv"":929603,""error_uv"":-70397,""pp_uv"":1296},""3"":{""mean_uv"":930557,""error_uv"":-69443,""pp_uv"":915},""4"":{""mean_uv"":1106586,""error_uv"":106586,""pp_uv"":133}},{""0"":{""mean_uv"":993595,""error_uv"":-6405,""pp_uv"":1888},""1"":{""mean_uv"":985088,""error_uv"":-14912,""pp_uv"":3643},""2"":{""mean_uv"":931262,""error_uv"":-68738,""pp_uv"":1983},""3"":{""mean_uv"":931549,""error_uv"":-68451,""pp_uv"":1583},""4"":{""mean_uv"":1106605,""error_uv"":106605,""pp_uv"":114}}]},""codes"":[16,0,-16,0]}"
24,sequential,False,23,2026-09-09T00:26:55,observation,    IDAC2 ABBA low 2 (-16): PGAgain=-6.4mV BPo=-15.1mV OPA_SUMo=-69.0mV SUMo=-68.5mV LPo=+106.6mV,"[16, 0, -16, 0]",,4,106586,114,19,"{""at"":""2026-09-09T00:26:55"",""kind"":""observation"",""message"":""    IDAC2 ABBA low 2 (-16): PGAgain=-6.4mV BPo=-15.1mV OPA_SUMo=-69.0mV SUMo=-68.5mV LPo=+106.6mV"",""label"":""IDAC2 ABBA low 2 (-16)"",""observation"":{""errors_uv"":{""0"":-6386,""1"":-15084,""2"":-68985,""3"":-68451,""4"":106586},""pp_uv"":{""0"":1888,""1"":2918,""2"":1354,""3"":1544,""4"":114},""spread_uv"":{""0"":57,""1"":496,""2"":1659,""3"":1964,""4"":19},""samples"":[{""0"":{""mean_uv"":993652,""error_uv"":-6348,""pp_uv"":1888},""1"":{""mean_uv"":984916,""error_uv"":-15084,""pp_uv"":2269},""2"":{""mean_uv"":931015,""error_uv"":-68985,""pp_uv"":1354},""3"":{""mean_uv"":932521,""error_uv"":-67479,""pp_uv"":1544},""4"":{""mean_uv"":1106586,""error_uv"":106586,""pp_uv"":95}},{""0"":{""mean_uv"":993614,""error_uv"":-6386,""pp_uv"":1773},""1"":{""mean_uv"":984592,""error_uv"":-15408,""pp_uv"":2918},""2"":{""mean_uv"":929603,""error_uv"":-70397,""pp_uv"":1296},""3"":{""mean_uv"":930557,""error_uv"":-69443,""pp_uv"":915},""4"":{""mean_uv"":1106586,""error_uv"":106586,""pp_uv"":133}},{""0"":{""mean_uv"":993595,""error_uv"":-6405,""pp_uv"":1888},""1"":{""mean_uv"":985088,""error_uv"":-14912,""pp_uv"":3643},""2"":{""mean_uv"":931262,""error_uv"":-68738,""pp_uv"":1983},""3"":{""mean_uv"":931549,""error_uv"":-68451,""pp_uv"":1583},""4"":{""mean_uv"":1106605,""error_uv"":106605,""pp_uv"":114}}]},""codes"":[16,0,-16,0]}"
24,sequential,False,24,2026-09-09T00:27:16,observation,    IDAC2 rápido restaurado: PGAgain=-6.6mV BPo=-14.9mV OPA_SUMo=-42.2mV SUMo=-42.0mV LPo=+106.6mV,"[16, 0, 0, 0]",,0,-6615,2079,171,"{""at"":""2026-09-09T00:27:16"",""kind"":""observation"",""message"":""    IDAC2 rápido restaurado: PGAgain=-6.6mV BPo=-14.9mV OPA_SUMo=-42.2mV SUMo=-42.0mV LPo=+106.6mV"",""label"":""IDAC2 rápido restaurado"",""observation"":{""errors_uv"":{""0"":-6615,""1"":-14874,""2"":-42206,""3"":-41958,""4"":106586},""pp_uv"":{""0"":2079,""1"":2822,""2"":610,""3"":629,""4"":114},""spread_uv"":{""0"":171,""1"":668,""2"":668,""3"":210,""4"":19},""samples"":[{""0"":{""mean_uv"":993385,""error_uv"":-6615,""pp_uv"":2021},""1"":{""mean_uv"":985126,""error_uv"":-14874,""pp_uv"":3242},""2"":{""mean_uv"":958309,""error_uv"":-41691,""pp_uv"":610},""3"":{""mean_uv"":958099,""error_uv"":-41901,""pp_uv"":553},""4"":{""mean_uv"":1106567,""error_uv"":106567,""pp_uv"":114}},{""0"":{""mean_uv"":993556,""error_uv"":-6444,""pp_uv"":2079},""1"":{""mean_uv"":985298,""error_uv"":-14702,""pp_uv"":2822},""2"":{""mean_uv"":957794,""error_uv"":-42206,""pp_uv"":610},""3"":{""mean_uv"":958042,""error_uv"":-41958,""pp_uv"":686},""4"":{""mean_uv"":1106586,""error_uv"":106586,""pp_uv"":114}},{""0"":{""mean_uv"":993385,""error_uv"":-6615,""pp_uv"":2479},""1"":{""mean_uv"":984630,""error_uv"":-15370,""pp_uv"":2479},""2"":{""mean_uv"":957641,""error_uv"":-42359,""pp_uv"":782},""3"":{""mean_uv"":957889,""error_uv"":-42111,""pp_uv"":629},""4"":{""mean_uv"":1106586,""error_uv"":106586,""pp_uv"":95}}]},""codes"":[16,0,0,0]}"
24,sequential,False,24,2026-09-09T00:27:16,observation,    IDAC2 rápido restaurado: PGAgain=-6.6mV BPo=-14.9mV OPA_SUMo=-42.2mV SUMo=-42.0mV LPo=+106.6mV,"[16, 0, 0, 0]",,1,-14874,2822,668,"{""at"":""2026-09-09T00:27:16"",""kind"":""observation"",""message"":""    IDAC2 rápido restaurado: PGAgain=-6.6mV BPo=-14.9mV OPA_SUMo=-42.2mV SUMo=-42.0mV LPo=+106.6mV"",""label"":""IDAC2 rápido restaurado"",""observation"":{""errors_uv"":{""0"":-6615,""1"":-14874,""2"":-42206,""3"":-41958,""4"":106586},""pp_uv"":{""0"":2079,""1"":2822,""2"":610,""3"":629,""4"":114},""spread_uv"":{""0"":171,""1"":668,""2"":668,""3"":210,""4"":19},""samples"":[{""0"":{""mean_uv"":993385,""error_uv"":-6615,""pp_uv"":2021},""1"":{""mean_uv"":985126,""error_uv"":-14874,""pp_uv"":3242},""2"":{""mean_uv"":958309,""error_uv"":-41691,""pp_uv"":610},""3"":{""mean_uv"":958099,""error_uv"":-41901,""pp_uv"":553},""4"":{""mean_uv"":1106567,""error_uv"":106567,""pp_uv"":114}},{""0"":{""mean_uv"":993556,""error_uv"":-6444,""pp_uv"":2079},""1"":{""mean_uv"":985298,""error_uv"":-14702,""pp_uv"":2822},""2"":{""mean_uv"":957794,""error_uv"":-42206,""pp_uv"":610},""3"":{""mean_uv"":958042,""error_uv"":-41958,""pp_uv"":686},""4"":{""mean_uv"":1106586,""error_uv"":106586,""pp_uv"":114}},{""0"":{""mean_uv"":993385,""error_uv"":-6615,""pp_uv"":2479},""1"":{""mean_uv"":984630,""error_uv"":-15370,""pp_uv"":2479},""2"":{""mean_uv"":957641,""error_uv"":-42359,""pp_uv"":782},""3"":{""mean_uv"":957889,""error_uv"":-42111,""pp_uv"":629},""4"":{""mean_uv"":1106586,""error_uv"":106586,""pp_uv"":95}}]},""codes"":[16,0,0,0]}"
24,sequential,False,24,2026-09-09T00:27:16,observation,    IDAC2 rápido restaurado: PGAgain=-6.6mV BPo=-14.9mV OPA_SUMo=-42.2mV SUMo=-42.0mV LPo=+106.6mV,"[16, 0, 0, 0]",,2,-42206,610,668,"{""at"":""2026-09-09T00:27:16"",""kind"":""observation"",""message"":""    IDAC2 rápido restaurado: PGAgain=-6.6mV BPo=-14.9mV OPA_SUMo=-42.2mV SUMo=-42.0mV LPo=+106.6mV"",""label"":""IDAC2 rápido restaurado"",""observation"":{""errors_uv"":{""0"":-6615,""1"":-14874,""2"":-42206,""3"":-41958,""4"":106586},""pp_uv"":{""0"":2079,""1"":2822,""2"":610,""3"":629,""4"":114},""spread_uv"":{""0"":171,""1"":668,""2"":668,""3"":210,""4"":19},""samples"":[{""0"":{""mean_uv"":993385,""error_uv"":-6615,""pp_uv"":2021},""1"":{""mean_uv"":985126,""error_uv"":-14874,""pp_uv"":3242},""2"":{""mean_uv"":958309,""error_uv"":-41691,""pp_uv"":610},""3"":{""mean_uv"":958099,""error_uv"":-41901,""pp_uv"":553},""4"":{""mean_uv"":1106567,""error_uv"":106567,""pp_uv"":114}},{""0"":{""mean_uv"":993556,""error_uv"":-6444,""pp_uv"":2079},""1"":{""mean_uv"":985298,""error_uv"":-14702,""pp_uv"":2822},""2"":{""mean_uv"":957794,""error_uv"":-42206,""pp_uv"":610},""3"":{""mean_uv"":958042,""error_uv"":-41958,""pp_uv"":686},""4"":{""mean_uv"":1106586,""error_uv"":106586,""pp_uv"":114}},{""0"":{""mean_uv"":993385,""error_uv"":-6615,""pp_uv"":2479},""1"":{""mean_uv"":984630,""error_uv"":-15370,""pp_uv"":2479},""2"":{""mean_uv"":957641,""error_uv"":-42359,""pp_uv"":782},""3"":{""mean_uv"":957889,""error_uv"":-42111,""pp_uv"":629},""4"":{""mean_uv"":1106586,""error_uv"":106586,""pp_uv"":95}}]},""codes"":[16,0,0,0]}"
24,sequential,False,24,2026-09-09T00:27:16,observation,    IDAC2 rápido restaurado: PGAgain=-6.6mV BPo=-14.9mV OPA_SUMo=-42.2mV SUMo=-42.0mV LPo=+106.6mV,"[16, 0, 0, 0]",,3,-41958,629,210,"{""at"":""2026-09-09T00:27:16"",""kind"":""observation"",""message"":""    IDAC2 rápido restaurado: PGAgain=-6.6mV BPo=-14.9mV OPA_SUMo=-42.2mV SUMo=-42.0mV LPo=+106.6mV"",""label"":""IDAC2 rápido restaurado"",""observation"":{""errors_uv"":{""0"":-6615,""1"":-14874,""2"":-42206,""3"":-41958,""4"":106586},""pp_uv"":{""0"":2079,""1"":2822,""2"":610,""3"":629,""4"":114},""spread_uv"":{""0"":171,""1"":668,""2"":668,""3"":210,""4"":19},""samples"":[{""0"":{""mean_uv"":993385,""error_uv"":-6615,""pp_uv"":2021},""1"":{""mean_uv"":985126,""error_uv"":-14874,""pp_uv"":3242},""2"":{""mean_uv"":958309,""error_uv"":-41691,""pp_uv"":610},""3"":{""mean_uv"":958099,""error_uv"":-41901,""pp_uv"":553},""4"":{""mean_uv"":1106567,""error_uv"":106567,""pp_uv"":114}},{""0"":{""mean_uv"":993556,""error_uv"":-6444,""pp_uv"":2079},""1"":{""mean_uv"":985298,""error_uv"":-14702,""pp_uv"":2822},""2"":{""mean_uv"":957794,""error_uv"":-42206,""pp_uv"":610},""3"":{""mean_uv"":958042,""error_uv"":-41958,""pp_uv"":686},""4"":{""mean_uv"":1106586,""error_uv"":106586,""pp_uv"":114}},{""0"":{""mean_uv"":993385,""error_uv"":-6615,""pp_uv"":2479},""1"":{""mean_uv"":984630,""error_uv"":-15370,""pp_uv"":2479},""2"":{""mean_uv"":957641,""error_uv"":-42359,""pp_uv"":782},""3"":{""mean_uv"":957889,""error_uv"":-42111,""pp_uv"":629},""4"":{""mean_uv"":1106586,""error_uv"":106586,""pp_uv"":95}}]},""codes"":[16,0,0,0]}"
24,sequential,False,24,2026-09-09T00:27:16,observation,    IDAC2 rápido restaurado: PGAgain=-6.6mV BPo=-14.9mV OPA_SUMo=-42.2mV SUMo=-42.0mV LPo=+106.6mV,"[16, 0, 0, 0]",,4,106586,114,19,"{""at"":""2026-09-09T00:27:16"",""kind"":""observation"",""message"":""    IDAC2 rápido restaurado: PGAgain=-6.6mV BPo=-14.9mV OPA_SUMo=-42.2mV SUMo=-42.0mV LPo=+106.6mV"",""label"":""IDAC2 rápido restaurado"",""observation"":{""errors_uv"":{""0"":-6615,""1"":-14874,""2"":-42206,""3"":-41958,""4"":106586},""pp_uv"":{""0"":2079,""1"":2822,""2"":610,""3"":629,""4"":114},""spread_uv"":{""0"":171,""1"":668,""2"":668,""3"":210,""4"":19},""samples"":[{""0"":{""mean_uv"":993385,""error_uv"":-6615,""pp_uv"":2021},""1"":{""mean_uv"":985126,""error_uv"":-14874,""pp_uv"":3242},""2"":{""mean_uv"":958309,""error_uv"":-41691,""pp_uv"":610},""3"":{""mean_uv"":958099,""error_uv"":-41901,""pp_uv"":553},""4"":{""mean_uv"":1106567,""error_uv"":106567,""pp_uv"":114}},{""0"":{""mean_uv"":993556,""error_uv"":-6444,""pp_uv"":2079},""1"":{""mean_uv"":985298,""error_uv"":-14702,""pp_uv"":2822},""2"":{""mean_uv"":957794,""error_uv"":-42206,""pp_uv"":610},""3"":{""mean_uv"":958042,""error_uv"":-41958,""pp_uv"":686},""4"":{""mean_uv"":1106586,""error_uv"":106586,""pp_uv"":114}},{""0"":{""mean_uv"":993385,""error_uv"":-6615,""pp_uv"":2479},""1"":{""mean_uv"":984630,""error_uv"":-15370,""pp_uv"":2479},""2"":{""mean_uv"":957641,""error_uv"":-42359,""pp_uv"":782},""3"":{""mean_uv"":957889,""error_uv"":-42111,""pp_uv"":629},""4"":{""mean_uv"":1106586,""error_uv"":106586,""pp_uv"":95}}]},""codes"":[16,0,0,0]}"
24,sequential,False,25,2026-09-09T00:27:16,fast_identification,    IDAC2->ch2: +1199.5uV/código (rechazada),"[16, 0, 0, 0]",,,,,,"{""at"":""2026-09-09T00:27:16"",""kind"":""fast_identification"",""message"":""    IDAC2->ch2: +1199.5uV/código (rechazada)"",""stage"":2,""channel"":2,""low"":-16,""high"":16,""slope_uv_per_code"":1199.53125,""effect_uv"":38385.0,""forward_effect_uv"":26436.0,""reverse_effect_uv"":50334.0,""reliable_effect_uv"":0.0,""noise_uv"":5207,""threshold_uv"":31242.0,""same_sign"":true,""magnitude_ratio"":0.5252115866015019,""reliable"":false}"
24,sequential,False,26,2026-09-09T00:27:16,gain_fail,FAIL x24: IDAC2 sin autoridad rápida medible,"[16, 0, 0, 0]",,,,,,"{""at"":""2026-09-09T00:27:16"",""kind"":""gain_fail"",""message"":""FAIL x24: IDAC2 sin autoridad rápida medible""}"
