gain,strategy,pass,event_index,at,kind,message,codes,tau_s,channel,error_uv,pp_uv,spread_uv,data_json
1,coupled,False,0,2026-09-08T19:47:13,gain_start,"
Autocalibrando x1 desde cero (coupled)","[3, 72, 0, 0]",,,,,,"{""at"":""2026-09-08T19:47:13"",""kind"":""gain_start"",""message"":""\nAutocalibrando x1 desde cero (coupled)""}"
1,coupled,False,1,2026-09-08T19:48:31,observation,    estado neutro: PGAgain=-14.6mV BPo=+1.7mV OPA_SUMo=+42.3mV SUMo=+42.1mV LPo=-257.1mV,"[0, 0, 0, 0]",,0,-14607,4062,382,"{""at"":""2026-09-08T19:48:31"",""kind"":""observation"",""message"":""    estado neutro: PGAgain=-14.6mV BPo=+1.7mV OPA_SUMo=+42.3mV SUMo=+42.1mV LPo=-257.1mV"",""label"":""estado neutro"",""observation"":{""errors_uv"":{""0"":-14607,""1"":1682,""2"":42327,""3"":42079,""4"":-257107},""pp_uv"":{""0"":4062,""1"":5092,""2"":705,""3"":648,""4"":171},""spread_uv"":{""0"":382,""1"":1793,""2"":4616,""3"":4483,""4"":19},""samples"":[{""0"":{""mean_uv"":985584,""error_uv"":-14416,""pp_uv"":6351},""1"":{""mean_uv"":1003055,""error_uv"":3055,""pp_uv"":5092},""2"":{""mean_uv"":1040744,""error_uv"":40744,""pp_uv"":801},""3"":{""mean_uv"":1040763,""error_uv"":40763,""pp_uv"":648},""4"":{""mean_uv"":742893,""error_uv"":-257107,""pp_uv"":171}},{""0"":{""mean_uv"":985393,""error_uv"":-14607,""pp_uv"":3871},""1"":{""mean_uv"":1001682,""error_uv"":1682,""pp_uv"":6141},""2"":{""mean_uv"":1042327,""error_uv"":42327,""pp_uv"":572},""3"":{""mean_uv"":1042079,""error_uv"":42079,""pp_uv"":705},""4"":{""mean_uv"":742912,""error_uv"":-257088,""pp_uv"":114}},{""0"":{""mean_uv"":985202,""error_uv"":-14798,""pp_uv"":4062},""1"":{""mean_uv"":1001262,""error_uv"":1262,""pp_uv"":4920},""2"":{""mean_uv"":1045360,""error_uv"":45360,""pp_uv"":705},""3"":{""mean_uv"":1045246,""error_uv"":45246,""pp_uv"":400},""4"":{""mean_uv"":742893,""error_uv"":-257107,""pp_uv"":190}}]},""codes"":[0,0,0,0]}"
1,coupled,False,1,2026-09-08T19:48:31,observation,    estado neutro: PGAgain=-14.6mV BPo=+1.7mV OPA_SUMo=+42.3mV SUMo=+42.1mV LPo=-257.1mV,"[0, 0, 0, 0]",,1,1682,5092,1793,"{""at"":""2026-09-08T19:48:31"",""kind"":""observation"",""message"":""    estado neutro: PGAgain=-14.6mV BPo=+1.7mV OPA_SUMo=+42.3mV SUMo=+42.1mV LPo=-257.1mV"",""label"":""estado neutro"",""observation"":{""errors_uv"":{""0"":-14607,""1"":1682,""2"":42327,""3"":42079,""4"":-257107},""pp_uv"":{""0"":4062,""1"":5092,""2"":705,""3"":648,""4"":171},""spread_uv"":{""0"":382,""1"":1793,""2"":4616,""3"":4483,""4"":19},""samples"":[{""0"":{""mean_uv"":985584,""error_uv"":-14416,""pp_uv"":6351},""1"":{""mean_uv"":1003055,""error_uv"":3055,""pp_uv"":5092},""2"":{""mean_uv"":1040744,""error_uv"":40744,""pp_uv"":801},""3"":{""mean_uv"":1040763,""error_uv"":40763,""pp_uv"":648},""4"":{""mean_uv"":742893,""error_uv"":-257107,""pp_uv"":171}},{""0"":{""mean_uv"":985393,""error_uv"":-14607,""pp_uv"":3871},""1"":{""mean_uv"":1001682,""error_uv"":1682,""pp_uv"":6141},""2"":{""mean_uv"":1042327,""error_uv"":42327,""pp_uv"":572},""3"":{""mean_uv"":1042079,""error_uv"":42079,""pp_uv"":705},""4"":{""mean_uv"":742912,""error_uv"":-257088,""pp_uv"":114}},{""0"":{""mean_uv"":985202,""error_uv"":-14798,""pp_uv"":4062},""1"":{""mean_uv"":1001262,""error_uv"":1262,""pp_uv"":4920},""2"":{""mean_uv"":1045360,""error_uv"":45360,""pp_uv"":705},""3"":{""mean_uv"":1045246,""error_uv"":45246,""pp_uv"":400},""4"":{""mean_uv"":742893,""error_uv"":-257107,""pp_uv"":190}}]},""codes"":[0,0,0,0]}"
1,coupled,False,1,2026-09-08T19:48:31,observation,    estado neutro: PGAgain=-14.6mV BPo=+1.7mV OPA_SUMo=+42.3mV SUMo=+42.1mV LPo=-257.1mV,"[0, 0, 0, 0]",,2,42327,705,4616,"{""at"":""2026-09-08T19:48:31"",""kind"":""observation"",""message"":""    estado neutro: PGAgain=-14.6mV BPo=+1.7mV OPA_SUMo=+42.3mV SUMo=+42.1mV LPo=-257.1mV"",""label"":""estado neutro"",""observation"":{""errors_uv"":{""0"":-14607,""1"":1682,""2"":42327,""3"":42079,""4"":-257107},""pp_uv"":{""0"":4062,""1"":5092,""2"":705,""3"":648,""4"":171},""spread_uv"":{""0"":382,""1"":1793,""2"":4616,""3"":4483,""4"":19},""samples"":[{""0"":{""mean_uv"":985584,""error_uv"":-14416,""pp_uv"":6351},""1"":{""mean_uv"":1003055,""error_uv"":3055,""pp_uv"":5092},""2"":{""mean_uv"":1040744,""error_uv"":40744,""pp_uv"":801},""3"":{""mean_uv"":1040763,""error_uv"":40763,""pp_uv"":648},""4"":{""mean_uv"":742893,""error_uv"":-257107,""pp_uv"":171}},{""0"":{""mean_uv"":985393,""error_uv"":-14607,""pp_uv"":3871},""1"":{""mean_uv"":1001682,""error_uv"":1682,""pp_uv"":6141},""2"":{""mean_uv"":1042327,""error_uv"":42327,""pp_uv"":572},""3"":{""mean_uv"":1042079,""error_uv"":42079,""pp_uv"":705},""4"":{""mean_uv"":742912,""error_uv"":-257088,""pp_uv"":114}},{""0"":{""mean_uv"":985202,""error_uv"":-14798,""pp_uv"":4062},""1"":{""mean_uv"":1001262,""error_uv"":1262,""pp_uv"":4920},""2"":{""mean_uv"":1045360,""error_uv"":45360,""pp_uv"":705},""3"":{""mean_uv"":1045246,""error_uv"":45246,""pp_uv"":400},""4"":{""mean_uv"":742893,""error_uv"":-257107,""pp_uv"":190}}]},""codes"":[0,0,0,0]}"
1,coupled,False,1,2026-09-08T19:48:31,observation,    estado neutro: PGAgain=-14.6mV BPo=+1.7mV OPA_SUMo=+42.3mV SUMo=+42.1mV LPo=-257.1mV,"[0, 0, 0, 0]",,3,42079,648,4483,"{""at"":""2026-09-08T19:48:31"",""kind"":""observation"",""message"":""    estado neutro: PGAgain=-14.6mV BPo=+1.7mV OPA_SUMo=+42.3mV SUMo=+42.1mV LPo=-257.1mV"",""label"":""estado neutro"",""observation"":{""errors_uv"":{""0"":-14607,""1"":1682,""2"":42327,""3"":42079,""4"":-257107},""pp_uv"":{""0"":4062,""1"":5092,""2"":705,""3"":648,""4"":171},""spread_uv"":{""0"":382,""1"":1793,""2"":4616,""3"":4483,""4"":19},""samples"":[{""0"":{""mean_uv"":985584,""error_uv"":-14416,""pp_uv"":6351},""1"":{""mean_uv"":1003055,""error_uv"":3055,""pp_uv"":5092},""2"":{""mean_uv"":1040744,""error_uv"":40744,""pp_uv"":801},""3"":{""mean_uv"":1040763,""error_uv"":40763,""pp_uv"":648},""4"":{""mean_uv"":742893,""error_uv"":-257107,""pp_uv"":171}},{""0"":{""mean_uv"":985393,""error_uv"":-14607,""pp_uv"":3871},""1"":{""mean_uv"":1001682,""error_uv"":1682,""pp_uv"":6141},""2"":{""mean_uv"":1042327,""error_uv"":42327,""pp_uv"":572},""3"":{""mean_uv"":1042079,""error_uv"":42079,""pp_uv"":705},""4"":{""mean_uv"":742912,""error_uv"":-257088,""pp_uv"":114}},{""0"":{""mean_uv"":985202,""error_uv"":-14798,""pp_uv"":4062},""1"":{""mean_uv"":1001262,""error_uv"":1262,""pp_uv"":4920},""2"":{""mean_uv"":1045360,""error_uv"":45360,""pp_uv"":705},""3"":{""mean_uv"":1045246,""error_uv"":45246,""pp_uv"":400},""4"":{""mean_uv"":742893,""error_uv"":-257107,""pp_uv"":190}}]},""codes"":[0,0,0,0]}"
1,coupled,False,1,2026-09-08T19:48:31,observation,    estado neutro: PGAgain=-14.6mV BPo=+1.7mV OPA_SUMo=+42.3mV SUMo=+42.1mV LPo=-257.1mV,"[0, 0, 0, 0]",,4,-257107,171,19,"{""at"":""2026-09-08T19:48:31"",""kind"":""observation"",""message"":""    estado neutro: PGAgain=-14.6mV BPo=+1.7mV OPA_SUMo=+42.3mV SUMo=+42.1mV LPo=-257.1mV"",""label"":""estado neutro"",""observation"":{""errors_uv"":{""0"":-14607,""1"":1682,""2"":42327,""3"":42079,""4"":-257107},""pp_uv"":{""0"":4062,""1"":5092,""2"":705,""3"":648,""4"":171},""spread_uv"":{""0"":382,""1"":1793,""2"":4616,""3"":4483,""4"":19},""samples"":[{""0"":{""mean_uv"":985584,""error_uv"":-14416,""pp_uv"":6351},""1"":{""mean_uv"":1003055,""error_uv"":3055,""pp_uv"":5092},""2"":{""mean_uv"":1040744,""error_uv"":40744,""pp_uv"":801},""3"":{""mean_uv"":1040763,""error_uv"":40763,""pp_uv"":648},""4"":{""mean_uv"":742893,""error_uv"":-257107,""pp_uv"":171}},{""0"":{""mean_uv"":985393,""error_uv"":-14607,""pp_uv"":3871},""1"":{""mean_uv"":1001682,""error_uv"":1682,""pp_uv"":6141},""2"":{""mean_uv"":1042327,""error_uv"":42327,""pp_uv"":572},""3"":{""mean_uv"":1042079,""error_uv"":42079,""pp_uv"":705},""4"":{""mean_uv"":742912,""error_uv"":-257088,""pp_uv"":114}},{""0"":{""mean_uv"":985202,""error_uv"":-14798,""pp_uv"":4062},""1"":{""mean_uv"":1001262,""error_uv"":1262,""pp_uv"":4920},""2"":{""mean_uv"":1045360,""error_uv"":45360,""pp_uv"":705},""3"":{""mean_uv"":1045246,""error_uv"":45246,""pp_uv"":400},""4"":{""mean_uv"":742893,""error_uv"":-257107,""pp_uv"":190}}]},""codes"":[0,0,0,0]}"
1,coupled,False,2,2026-09-08T19:48:42,observation,    base para estimar tau: PGAgain=-14.6mV BPo=+0.7mV OPA_SUMo=+47.1mV SUMo=+46.7mV LPo=-257.1mV,"[0, 0, 0, 0]",,0,-14645,4177,763,"{""at"":""2026-09-08T19:48:42"",""kind"":""observation"",""message"":""    base para estimar tau: PGAgain=-14.6mV BPo=+0.7mV OPA_SUMo=+47.1mV SUMo=+46.7mV LPo=-257.1mV"",""label"":""base para estimar tau"",""observation"":{""errors_uv"":{""0"":-14645,""1"":728,""2"":47077,""3"":46676,""4"":-257069},""pp_uv"":{""0"":4177,""1"":5397,""2"":705,""3"":534,""4"":171},""spread_uv"":{""0"":763,""1"":801,""2"":1354,""3"":1183,""4"":95},""samples"":[{""0"":{""mean_uv"":985355,""error_uv"":-14645,""pp_uv"":4177},""1"":{""mean_uv"":1001510,""error_uv"":1510,""pp_uv"":5397},""2"":{""mean_uv"":1046276,""error_uv"":46276,""pp_uv"":705},""3"":{""mean_uv"":1045989,""error_uv"":45989,""pp_uv"":495},""4"":{""mean_uv"":742988,""error_uv"":-257012,""pp_uv"":171}},{""0"":{""mean_uv"":985355,""error_uv"":-14645,""pp_uv"":3490},""1"":{""mean_uv"":1000709,""error_uv"":709,""pp_uv"":6141},""2"":{""mean_uv"":1047077,""error_uv"":47077,""pp_uv"":705},""3"":{""mean_uv"":1046676,""error_uv"":46676,""pp_uv"":629},""4"":{""mean_uv"":742893,""error_uv"":-257107,""pp_uv"":190}},{""0"":{""mean_uv"":986118,""error_uv"":-13882,""pp_uv"":4634},""1"":{""mean_uv"":1000728,""error_uv"":728,""pp_uv"":4577},""2"":{""mean_uv"":1047630,""error_uv"":47630,""pp_uv"":553},""3"":{""mean_uv"":1047172,""error_uv"":47172,""pp_uv"":534},""4"":{""mean_uv"":742931,""error_uv"":-257069,""pp_uv"":152}}]},""codes"":[0,0,0,0]}"
1,coupled,False,2,2026-09-08T19:48:42,observation,    base para estimar tau: PGAgain=-14.6mV BPo=+0.7mV OPA_SUMo=+47.1mV SUMo=+46.7mV LPo=-257.1mV,"[0, 0, 0, 0]",,1,728,5397,801,"{""at"":""2026-09-08T19:48:42"",""kind"":""observation"",""message"":""    base para estimar tau: PGAgain=-14.6mV BPo=+0.7mV OPA_SUMo=+47.1mV SUMo=+46.7mV LPo=-257.1mV"",""label"":""base para estimar tau"",""observation"":{""errors_uv"":{""0"":-14645,""1"":728,""2"":47077,""3"":46676,""4"":-257069},""pp_uv"":{""0"":4177,""1"":5397,""2"":705,""3"":534,""4"":171},""spread_uv"":{""0"":763,""1"":801,""2"":1354,""3"":1183,""4"":95},""samples"":[{""0"":{""mean_uv"":985355,""error_uv"":-14645,""pp_uv"":4177},""1"":{""mean_uv"":1001510,""error_uv"":1510,""pp_uv"":5397},""2"":{""mean_uv"":1046276,""error_uv"":46276,""pp_uv"":705},""3"":{""mean_uv"":1045989,""error_uv"":45989,""pp_uv"":495},""4"":{""mean_uv"":742988,""error_uv"":-257012,""pp_uv"":171}},{""0"":{""mean_uv"":985355,""error_uv"":-14645,""pp_uv"":3490},""1"":{""mean_uv"":1000709,""error_uv"":709,""pp_uv"":6141},""2"":{""mean_uv"":1047077,""error_uv"":47077,""pp_uv"":705},""3"":{""mean_uv"":1046676,""error_uv"":46676,""pp_uv"":629},""4"":{""mean_uv"":742893,""error_uv"":-257107,""pp_uv"":190}},{""0"":{""mean_uv"":986118,""error_uv"":-13882,""pp_uv"":4634},""1"":{""mean_uv"":1000728,""error_uv"":728,""pp_uv"":4577},""2"":{""mean_uv"":1047630,""error_uv"":47630,""pp_uv"":553},""3"":{""mean_uv"":1047172,""error_uv"":47172,""pp_uv"":534},""4"":{""mean_uv"":742931,""error_uv"":-257069,""pp_uv"":152}}]},""codes"":[0,0,0,0]}"
1,coupled,False,2,2026-09-08T19:48:42,observation,    base para estimar tau: PGAgain=-14.6mV BPo=+0.7mV OPA_SUMo=+47.1mV SUMo=+46.7mV LPo=-257.1mV,"[0, 0, 0, 0]",,2,47077,705,1354,"{""at"":""2026-09-08T19:48:42"",""kind"":""observation"",""message"":""    base para estimar tau: PGAgain=-14.6mV BPo=+0.7mV OPA_SUMo=+47.1mV SUMo=+46.7mV LPo=-257.1mV"",""label"":""base para estimar tau"",""observation"":{""errors_uv"":{""0"":-14645,""1"":728,""2"":47077,""3"":46676,""4"":-257069},""pp_uv"":{""0"":4177,""1"":5397,""2"":705,""3"":534,""4"":171},""spread_uv"":{""0"":763,""1"":801,""2"":1354,""3"":1183,""4"":95},""samples"":[{""0"":{""mean_uv"":985355,""error_uv"":-14645,""pp_uv"":4177},""1"":{""mean_uv"":1001510,""error_uv"":1510,""pp_uv"":5397},""2"":{""mean_uv"":1046276,""error_uv"":46276,""pp_uv"":705},""3"":{""mean_uv"":1045989,""error_uv"":45989,""pp_uv"":495},""4"":{""mean_uv"":742988,""error_uv"":-257012,""pp_uv"":171}},{""0"":{""mean_uv"":985355,""error_uv"":-14645,""pp_uv"":3490},""1"":{""mean_uv"":1000709,""error_uv"":709,""pp_uv"":6141},""2"":{""mean_uv"":1047077,""error_uv"":47077,""pp_uv"":705},""3"":{""mean_uv"":1046676,""error_uv"":46676,""pp_uv"":629},""4"":{""mean_uv"":742893,""error_uv"":-257107,""pp_uv"":190}},{""0"":{""mean_uv"":986118,""error_uv"":-13882,""pp_uv"":4634},""1"":{""mean_uv"":1000728,""error_uv"":728,""pp_uv"":4577},""2"":{""mean_uv"":1047630,""error_uv"":47630,""pp_uv"":553},""3"":{""mean_uv"":1047172,""error_uv"":47172,""pp_uv"":534},""4"":{""mean_uv"":742931,""error_uv"":-257069,""pp_uv"":152}}]},""codes"":[0,0,0,0]}"
1,coupled,False,2,2026-09-08T19:48:42,observation,    base para estimar tau: PGAgain=-14.6mV BPo=+0.7mV OPA_SUMo=+47.1mV SUMo=+46.7mV LPo=-257.1mV,"[0, 0, 0, 0]",,3,46676,534,1183,"{""at"":""2026-09-08T19:48:42"",""kind"":""observation"",""message"":""    base para estimar tau: PGAgain=-14.6mV BPo=+0.7mV OPA_SUMo=+47.1mV SUMo=+46.7mV LPo=-257.1mV"",""label"":""base para estimar tau"",""observation"":{""errors_uv"":{""0"":-14645,""1"":728,""2"":47077,""3"":46676,""4"":-257069},""pp_uv"":{""0"":4177,""1"":5397,""2"":705,""3"":534,""4"":171},""spread_uv"":{""0"":763,""1"":801,""2"":1354,""3"":1183,""4"":95},""samples"":[{""0"":{""mean_uv"":985355,""error_uv"":-14645,""pp_uv"":4177},""1"":{""mean_uv"":1001510,""error_uv"":1510,""pp_uv"":5397},""2"":{""mean_uv"":1046276,""error_uv"":46276,""pp_uv"":705},""3"":{""mean_uv"":1045989,""error_uv"":45989,""pp_uv"":495},""4"":{""mean_uv"":742988,""error_uv"":-257012,""pp_uv"":171}},{""0"":{""mean_uv"":985355,""error_uv"":-14645,""pp_uv"":3490},""1"":{""mean_uv"":1000709,""error_uv"":709,""pp_uv"":6141},""2"":{""mean_uv"":1047077,""error_uv"":47077,""pp_uv"":705},""3"":{""mean_uv"":1046676,""error_uv"":46676,""pp_uv"":629},""4"":{""mean_uv"":742893,""error_uv"":-257107,""pp_uv"":190}},{""0"":{""mean_uv"":986118,""error_uv"":-13882,""pp_uv"":4634},""1"":{""mean_uv"":1000728,""error_uv"":728,""pp_uv"":4577},""2"":{""mean_uv"":1047630,""error_uv"":47630,""pp_uv"":553},""3"":{""mean_uv"":1047172,""error_uv"":47172,""pp_uv"":534},""4"":{""mean_uv"":742931,""error_uv"":-257069,""pp_uv"":152}}]},""codes"":[0,0,0,0]}"
1,coupled,False,2,2026-09-08T19:48:42,observation,    base para estimar tau: PGAgain=-14.6mV BPo=+0.7mV OPA_SUMo=+47.1mV SUMo=+46.7mV LPo=-257.1mV,"[0, 0, 0, 0]",,4,-257069,171,95,"{""at"":""2026-09-08T19:48:42"",""kind"":""observation"",""message"":""    base para estimar tau: PGAgain=-14.6mV BPo=+0.7mV OPA_SUMo=+47.1mV SUMo=+46.7mV LPo=-257.1mV"",""label"":""base para estimar tau"",""observation"":{""errors_uv"":{""0"":-14645,""1"":728,""2"":47077,""3"":46676,""4"":-257069},""pp_uv"":{""0"":4177,""1"":5397,""2"":705,""3"":534,""4"":171},""spread_uv"":{""0"":763,""1"":801,""2"":1354,""3"":1183,""4"":95},""samples"":[{""0"":{""mean_uv"":985355,""error_uv"":-14645,""pp_uv"":4177},""1"":{""mean_uv"":1001510,""error_uv"":1510,""pp_uv"":5397},""2"":{""mean_uv"":1046276,""error_uv"":46276,""pp_uv"":705},""3"":{""mean_uv"":1045989,""error_uv"":45989,""pp_uv"":495},""4"":{""mean_uv"":742988,""error_uv"":-257012,""pp_uv"":171}},{""0"":{""mean_uv"":985355,""error_uv"":-14645,""pp_uv"":3490},""1"":{""mean_uv"":1000709,""error_uv"":709,""pp_uv"":6141},""2"":{""mean_uv"":1047077,""error_uv"":47077,""pp_uv"":705},""3"":{""mean_uv"":1046676,""error_uv"":46676,""pp_uv"":629},""4"":{""mean_uv"":742893,""error_uv"":-257107,""pp_uv"":190}},{""0"":{""mean_uv"":986118,""error_uv"":-13882,""pp_uv"":4634},""1"":{""mean_uv"":1000728,""error_uv"":728,""pp_uv"":4577},""2"":{""mean_uv"":1047630,""error_uv"":47630,""pp_uv"":553},""3"":{""mean_uv"":1047172,""error_uv"":47172,""pp_uv"":534},""4"":{""mean_uv"":742931,""error_uv"":-257069,""pp_uv"":152}}]},""codes"":[0,0,0,0]}"
1,coupled,False,3,2026-09-08T19:50:13,tau_measurement,  tau BP medido: 29.25 s,"[3, 72, 0, 0]",29.25,,,,,"{""at"":""2026-09-08T19:50:13"",""kind"":""tau_measurement"",""message"":""  tau BP medido: 29.25 s"",""direction"":1,""delta_code"":60,""points"":[[0.6078144999919459,12763],[5.602225700000417,10951],[10.603147499990882,10684],[15.602688999992097,9788],[20.604506000003312,8491],[25.607565800004522,8777],[30.60254769999301,7270],[35.60459219999029,6603],[40.60657180000271,6450],[45.606035399992834,6050],[50.606687099992996,5744],[55.604604099993594,6355],[60.606532199992216,6584],[65.60574929999711,4905],[70.60505030000058,5191],[75.60462849999021,5725],[80.6060307000007,4657],[85.60654629999772,4753],[90.60559439999633,5458]],""metrics"":{""tau_s"":29.25,""amplitude_uv"":8081.893472322178,""final_uv"":4618.814220038032,""r2"":0.9620810232338706,""residual_rms_uv"":447.6868389985699,""noise_uv"":801,""samples"":19},""tau_s"":29.25}"
1,coupled,False,4,2026-09-08T19:50:24,observation,    tau aceptado; BP restaurado e iniciando control: PGAgain=-14.0mV BPo=-5.9mV OPA_SUMo=+69.5mV SUMo=+68.7mV LPo=-257.1mV,"[0, 0, 0, 0]",,0,-14035,15621,572,"{""at"":""2026-09-08T19:50:24"",""kind"":""observation"",""message"":""    tau aceptado; BP restaurado e iniciando control: PGAgain=-14.0mV BPo=-5.9mV OPA_SUMo=+69.5mV SUMo=+68.7mV LPo=-257.1mV"",""label"":""tau aceptado; BP restaurado e iniciando control"",""observation"":{""errors_uv"":{""0"":-14035,""1"":-5909,""2"":69469,""3"":68668,""4"":-257050},""pp_uv"":{""0"":15621,""1"":22468,""2"":1010,""3"":1449,""4"":114},""spread_uv"":{""0"":572,""1"":1316,""2"":4959,""3"":4864,""4"":114},""samples"":[{""0"":{""mean_uv"":986480,""error_uv"":-13520,""pp_uv"":10356},""1"":{""mean_uv"":993843,""error_uv"":-6157,""pp_uv"":22468},""2"":{""mean_uv"":1072158,""error_uv"":72158,""pp_uv"":1239},""3"":{""mean_uv"":1071262,""error_uv"":71262,""pp_uv"":1392},""4"":{""mean_uv"":743007,""error_uv"":-256993,""pp_uv"":133}},{""0"":{""mean_uv"":985908,""error_uv"":-14092,""pp_uv"":15621},""1"":{""mean_uv"":994091,""error_uv"":-5909,""pp_uv"":22735},""2"":{""mean_uv"":1069469,""error_uv"":69469,""pp_uv"":991},""3"":{""mean_uv"":1068668,""error_uv"":68668,""pp_uv"":2098},""4"":{""mean_uv"":742893,""error_uv"":-257107,""pp_uv"":114}},{""0"":{""mean_uv"":985965,""error_uv"":-14035,""pp_uv"":18196},""1"":{""mean_uv"":995159,""error_uv"":-4841,""pp_uv"":20351},""2"":{""mean_uv"":1067199,""error_uv"":67199,""pp_uv"":1010},""3"":{""mean_uv"":1066398,""error_uv"":66398,""pp_uv"":1449},""4"":{""mean_uv"":742950,""error_uv"":-257050,""pp_uv"":114}}]},""codes"":[0,0,0,0]}"
1,coupled,False,4,2026-09-08T19:50:24,observation,    tau aceptado; BP restaurado e iniciando control: PGAgain=-14.0mV BPo=-5.9mV OPA_SUMo=+69.5mV SUMo=+68.7mV LPo=-257.1mV,"[0, 0, 0, 0]",,1,-5909,22468,1316,"{""at"":""2026-09-08T19:50:24"",""kind"":""observation"",""message"":""    tau aceptado; BP restaurado e iniciando control: PGAgain=-14.0mV BPo=-5.9mV OPA_SUMo=+69.5mV SUMo=+68.7mV LPo=-257.1mV"",""label"":""tau aceptado; BP restaurado e iniciando control"",""observation"":{""errors_uv"":{""0"":-14035,""1"":-5909,""2"":69469,""3"":68668,""4"":-257050},""pp_uv"":{""0"":15621,""1"":22468,""2"":1010,""3"":1449,""4"":114},""spread_uv"":{""0"":572,""1"":1316,""2"":4959,""3"":4864,""4"":114},""samples"":[{""0"":{""mean_uv"":986480,""error_uv"":-13520,""pp_uv"":10356},""1"":{""mean_uv"":993843,""error_uv"":-6157,""pp_uv"":22468},""2"":{""mean_uv"":1072158,""error_uv"":72158,""pp_uv"":1239},""3"":{""mean_uv"":1071262,""error_uv"":71262,""pp_uv"":1392},""4"":{""mean_uv"":743007,""error_uv"":-256993,""pp_uv"":133}},{""0"":{""mean_uv"":985908,""error_uv"":-14092,""pp_uv"":15621},""1"":{""mean_uv"":994091,""error_uv"":-5909,""pp_uv"":22735},""2"":{""mean_uv"":1069469,""error_uv"":69469,""pp_uv"":991},""3"":{""mean_uv"":1068668,""error_uv"":68668,""pp_uv"":2098},""4"":{""mean_uv"":742893,""error_uv"":-257107,""pp_uv"":114}},{""0"":{""mean_uv"":985965,""error_uv"":-14035,""pp_uv"":18196},""1"":{""mean_uv"":995159,""error_uv"":-4841,""pp_uv"":20351},""2"":{""mean_uv"":1067199,""error_uv"":67199,""pp_uv"":1010},""3"":{""mean_uv"":1066398,""error_uv"":66398,""pp_uv"":1449},""4"":{""mean_uv"":742950,""error_uv"":-257050,""pp_uv"":114}}]},""codes"":[0,0,0,0]}"
1,coupled,False,4,2026-09-08T19:50:24,observation,    tau aceptado; BP restaurado e iniciando control: PGAgain=-14.0mV BPo=-5.9mV OPA_SUMo=+69.5mV SUMo=+68.7mV LPo=-257.1mV,"[0, 0, 0, 0]",,2,69469,1010,4959,"{""at"":""2026-09-08T19:50:24"",""kind"":""observation"",""message"":""    tau aceptado; BP restaurado e iniciando control: PGAgain=-14.0mV BPo=-5.9mV OPA_SUMo=+69.5mV SUMo=+68.7mV LPo=-257.1mV"",""label"":""tau aceptado; BP restaurado e iniciando control"",""observation"":{""errors_uv"":{""0"":-14035,""1"":-5909,""2"":69469,""3"":68668,""4"":-257050},""pp_uv"":{""0"":15621,""1"":22468,""2"":1010,""3"":1449,""4"":114},""spread_uv"":{""0"":572,""1"":1316,""2"":4959,""3"":4864,""4"":114},""samples"":[{""0"":{""mean_uv"":986480,""error_uv"":-13520,""pp_uv"":10356},""1"":{""mean_uv"":993843,""error_uv"":-6157,""pp_uv"":22468},""2"":{""mean_uv"":1072158,""error_uv"":72158,""pp_uv"":1239},""3"":{""mean_uv"":1071262,""error_uv"":71262,""pp_uv"":1392},""4"":{""mean_uv"":743007,""error_uv"":-256993,""pp_uv"":133}},{""0"":{""mean_uv"":985908,""error_uv"":-14092,""pp_uv"":15621},""1"":{""mean_uv"":994091,""error_uv"":-5909,""pp_uv"":22735},""2"":{""mean_uv"":1069469,""error_uv"":69469,""pp_uv"":991},""3"":{""mean_uv"":1068668,""error_uv"":68668,""pp_uv"":2098},""4"":{""mean_uv"":742893,""error_uv"":-257107,""pp_uv"":114}},{""0"":{""mean_uv"":985965,""error_uv"":-14035,""pp_uv"":18196},""1"":{""mean_uv"":995159,""error_uv"":-4841,""pp_uv"":20351},""2"":{""mean_uv"":1067199,""error_uv"":67199,""pp_uv"":1010},""3"":{""mean_uv"":1066398,""error_uv"":66398,""pp_uv"":1449},""4"":{""mean_uv"":742950,""error_uv"":-257050,""pp_uv"":114}}]},""codes"":[0,0,0,0]}"
1,coupled,False,4,2026-09-08T19:50:24,observation,    tau aceptado; BP restaurado e iniciando control: PGAgain=-14.0mV BPo=-5.9mV OPA_SUMo=+69.5mV SUMo=+68.7mV LPo=-257.1mV,"[0, 0, 0, 0]",,3,68668,1449,4864,"{""at"":""2026-09-08T19:50:24"",""kind"":""observation"",""message"":""    tau aceptado; BP restaurado e iniciando control: PGAgain=-14.0mV BPo=-5.9mV OPA_SUMo=+69.5mV SUMo=+68.7mV LPo=-257.1mV"",""label"":""tau aceptado; BP restaurado e iniciando control"",""observation"":{""errors_uv"":{""0"":-14035,""1"":-5909,""2"":69469,""3"":68668,""4"":-257050},""pp_uv"":{""0"":15621,""1"":22468,""2"":1010,""3"":1449,""4"":114},""spread_uv"":{""0"":572,""1"":1316,""2"":4959,""3"":4864,""4"":114},""samples"":[{""0"":{""mean_uv"":986480,""error_uv"":-13520,""pp_uv"":10356},""1"":{""mean_uv"":993843,""error_uv"":-6157,""pp_uv"":22468},""2"":{""mean_uv"":1072158,""error_uv"":72158,""pp_uv"":1239},""3"":{""mean_uv"":1071262,""error_uv"":71262,""pp_uv"":1392},""4"":{""mean_uv"":743007,""error_uv"":-256993,""pp_uv"":133}},{""0"":{""mean_uv"":985908,""error_uv"":-14092,""pp_uv"":15621},""1"":{""mean_uv"":994091,""error_uv"":-5909,""pp_uv"":22735},""2"":{""mean_uv"":1069469,""error_uv"":69469,""pp_uv"":991},""3"":{""mean_uv"":1068668,""error_uv"":68668,""pp_uv"":2098},""4"":{""mean_uv"":742893,""error_uv"":-257107,""pp_uv"":114}},{""0"":{""mean_uv"":985965,""error_uv"":-14035,""pp_uv"":18196},""1"":{""mean_uv"":995159,""error_uv"":-4841,""pp_uv"":20351},""2"":{""mean_uv"":1067199,""error_uv"":67199,""pp_uv"":1010},""3"":{""mean_uv"":1066398,""error_uv"":66398,""pp_uv"":1449},""4"":{""mean_uv"":742950,""error_uv"":-257050,""pp_uv"":114}}]},""codes"":[0,0,0,0]}"
1,coupled,False,4,2026-09-08T19:50:24,observation,    tau aceptado; BP restaurado e iniciando control: PGAgain=-14.0mV BPo=-5.9mV OPA_SUMo=+69.5mV SUMo=+68.7mV LPo=-257.1mV,"[0, 0, 0, 0]",,4,-257050,114,114,"{""at"":""2026-09-08T19:50:24"",""kind"":""observation"",""message"":""    tau aceptado; BP restaurado e iniciando control: PGAgain=-14.0mV BPo=-5.9mV OPA_SUMo=+69.5mV SUMo=+68.7mV LPo=-257.1mV"",""label"":""tau aceptado; BP restaurado e iniciando control"",""observation"":{""errors_uv"":{""0"":-14035,""1"":-5909,""2"":69469,""3"":68668,""4"":-257050},""pp_uv"":{""0"":15621,""1"":22468,""2"":1010,""3"":1449,""4"":114},""spread_uv"":{""0"":572,""1"":1316,""2"":4959,""3"":4864,""4"":114},""samples"":[{""0"":{""mean_uv"":986480,""error_uv"":-13520,""pp_uv"":10356},""1"":{""mean_uv"":993843,""error_uv"":-6157,""pp_uv"":22468},""2"":{""mean_uv"":1072158,""error_uv"":72158,""pp_uv"":1239},""3"":{""mean_uv"":1071262,""error_uv"":71262,""pp_uv"":1392},""4"":{""mean_uv"":743007,""error_uv"":-256993,""pp_uv"":133}},{""0"":{""mean_uv"":985908,""error_uv"":-14092,""pp_uv"":15621},""1"":{""mean_uv"":994091,""error_uv"":-5909,""pp_uv"":22735},""2"":{""mean_uv"":1069469,""error_uv"":69469,""pp_uv"":991},""3"":{""mean_uv"":1068668,""error_uv"":68668,""pp_uv"":2098},""4"":{""mean_uv"":742893,""error_uv"":-257107,""pp_uv"":114}},{""0"":{""mean_uv"":985965,""error_uv"":-14035,""pp_uv"":18196},""1"":{""mean_uv"":995159,""error_uv"":-4841,""pp_uv"":20351},""2"":{""mean_uv"":1067199,""error_uv"":67199,""pp_uv"":1010},""3"":{""mean_uv"":1066398,""error_uv"":66398,""pp_uv"":1449},""4"":{""mean_uv"":742950,""error_uv"":-257050,""pp_uv"":114}}]},""codes"":[0,0,0,0]}"
1,coupled,False,5,2026-09-08T19:50:35,observation,    PGAout x1: entrada al lazo: PGAgain=-13.7mV BPo=-2.9mV OPA_SUMo=+63.7mV SUMo=+63.1mV LPo=-257.1mV,"[0, 0, 0, 0]",,0,-13672,18177,859,"{""at"":""2026-09-08T19:50:35"",""kind"":""observation"",""message"":""    PGAout x1: entrada al lazo: PGAgain=-13.7mV BPo=-2.9mV OPA_SUMo=+63.7mV SUMo=+63.1mV LPo=-257.1mV"",""label"":""PGAout x1: entrada al lazo"",""observation"":{""errors_uv"":{""0"":-13672,""1"":-2934,""2"":63709,""3"":63098,""4"":-257069},""pp_uv"":{""0"":18177,""1"":19607,""2"":1525,""3"":1831,""4"":171},""spread_uv"":{""0"":859,""1"":667,""2"":3300,""3"":3300,""4"":19},""samples"":[{""0"":{""mean_uv"":986843,""error_uv"":-13157,""pp_uv"":18177},""1"":{""mean_uv"":997066,""error_uv"":-2934,""pp_uv"":8640},""2"":{""mean_uv"":1065578,""error_uv"":65578,""pp_uv"":1525},""3"":{""mean_uv"":1064834,""error_uv"":64834,""pp_uv"":2117},""4"":{""mean_uv"":742931,""error_uv"":-257069,""pp_uv"":190}},{""0"":{""mean_uv"":985984,""error_uv"":-14016,""pp_uv"":21038},""1"":{""mean_uv"":996704,""error_uv"":-3296,""pp_uv"":19607},""2"":{""mean_uv"":1063709,""error_uv"":63709,""pp_uv"":839},""3"":{""mean_uv"":1063098,""error_uv"":63098,""pp_uv"":1831},""4"":{""mean_uv"":742931,""error_uv"":-257069,""pp_uv"":171}},{""0"":{""mean_uv"":986328,""error_uv"":-13672,""pp_uv"":10585},""1"":{""mean_uv"":997371,""error_uv"":-2629,""pp_uv"":21286},""2"":{""mean_uv"":1062278,""error_uv"":62278,""pp_uv"":2021},""3"":{""mean_uv"":1061534,""error_uv"":61534,""pp_uv"":743},""4"":{""mean_uv"":742912,""error_uv"":-257088,""pp_uv"":171}}]},""codes"":[0,0,0,0]}"
1,coupled,False,5,2026-09-08T19:50:35,observation,    PGAout x1: entrada al lazo: PGAgain=-13.7mV BPo=-2.9mV OPA_SUMo=+63.7mV SUMo=+63.1mV LPo=-257.1mV,"[0, 0, 0, 0]",,1,-2934,19607,667,"{""at"":""2026-09-08T19:50:35"",""kind"":""observation"",""message"":""    PGAout x1: entrada al lazo: PGAgain=-13.7mV BPo=-2.9mV OPA_SUMo=+63.7mV SUMo=+63.1mV LPo=-257.1mV"",""label"":""PGAout x1: entrada al lazo"",""observation"":{""errors_uv"":{""0"":-13672,""1"":-2934,""2"":63709,""3"":63098,""4"":-257069},""pp_uv"":{""0"":18177,""1"":19607,""2"":1525,""3"":1831,""4"":171},""spread_uv"":{""0"":859,""1"":667,""2"":3300,""3"":3300,""4"":19},""samples"":[{""0"":{""mean_uv"":986843,""error_uv"":-13157,""pp_uv"":18177},""1"":{""mean_uv"":997066,""error_uv"":-2934,""pp_uv"":8640},""2"":{""mean_uv"":1065578,""error_uv"":65578,""pp_uv"":1525},""3"":{""mean_uv"":1064834,""error_uv"":64834,""pp_uv"":2117},""4"":{""mean_uv"":742931,""error_uv"":-257069,""pp_uv"":190}},{""0"":{""mean_uv"":985984,""error_uv"":-14016,""pp_uv"":21038},""1"":{""mean_uv"":996704,""error_uv"":-3296,""pp_uv"":19607},""2"":{""mean_uv"":1063709,""error_uv"":63709,""pp_uv"":839},""3"":{""mean_uv"":1063098,""error_uv"":63098,""pp_uv"":1831},""4"":{""mean_uv"":742931,""error_uv"":-257069,""pp_uv"":171}},{""0"":{""mean_uv"":986328,""error_uv"":-13672,""pp_uv"":10585},""1"":{""mean_uv"":997371,""error_uv"":-2629,""pp_uv"":21286},""2"":{""mean_uv"":1062278,""error_uv"":62278,""pp_uv"":2021},""3"":{""mean_uv"":1061534,""error_uv"":61534,""pp_uv"":743},""4"":{""mean_uv"":742912,""error_uv"":-257088,""pp_uv"":171}}]},""codes"":[0,0,0,0]}"
1,coupled,False,5,2026-09-08T19:50:35,observation,    PGAout x1: entrada al lazo: PGAgain=-13.7mV BPo=-2.9mV OPA_SUMo=+63.7mV SUMo=+63.1mV LPo=-257.1mV,"[0, 0, 0, 0]",,2,63709,1525,3300,"{""at"":""2026-09-08T19:50:35"",""kind"":""observation"",""message"":""    PGAout x1: entrada al lazo: PGAgain=-13.7mV BPo=-2.9mV OPA_SUMo=+63.7mV SUMo=+63.1mV LPo=-257.1mV"",""label"":""PGAout x1: entrada al lazo"",""observation"":{""errors_uv"":{""0"":-13672,""1"":-2934,""2"":63709,""3"":63098,""4"":-257069},""pp_uv"":{""0"":18177,""1"":19607,""2"":1525,""3"":1831,""4"":171},""spread_uv"":{""0"":859,""1"":667,""2"":3300,""3"":3300,""4"":19},""samples"":[{""0"":{""mean_uv"":986843,""error_uv"":-13157,""pp_uv"":18177},""1"":{""mean_uv"":997066,""error_uv"":-2934,""pp_uv"":8640},""2"":{""mean_uv"":1065578,""error_uv"":65578,""pp_uv"":1525},""3"":{""mean_uv"":1064834,""error_uv"":64834,""pp_uv"":2117},""4"":{""mean_uv"":742931,""error_uv"":-257069,""pp_uv"":190}},{""0"":{""mean_uv"":985984,""error_uv"":-14016,""pp_uv"":21038},""1"":{""mean_uv"":996704,""error_uv"":-3296,""pp_uv"":19607},""2"":{""mean_uv"":1063709,""error_uv"":63709,""pp_uv"":839},""3"":{""mean_uv"":1063098,""error_uv"":63098,""pp_uv"":1831},""4"":{""mean_uv"":742931,""error_uv"":-257069,""pp_uv"":171}},{""0"":{""mean_uv"":986328,""error_uv"":-13672,""pp_uv"":10585},""1"":{""mean_uv"":997371,""error_uv"":-2629,""pp_uv"":21286},""2"":{""mean_uv"":1062278,""error_uv"":62278,""pp_uv"":2021},""3"":{""mean_uv"":1061534,""error_uv"":61534,""pp_uv"":743},""4"":{""mean_uv"":742912,""error_uv"":-257088,""pp_uv"":171}}]},""codes"":[0,0,0,0]}"
1,coupled,False,5,2026-09-08T19:50:35,observation,    PGAout x1: entrada al lazo: PGAgain=-13.7mV BPo=-2.9mV OPA_SUMo=+63.7mV SUMo=+63.1mV LPo=-257.1mV,"[0, 0, 0, 0]",,3,63098,1831,3300,"{""at"":""2026-09-08T19:50:35"",""kind"":""observation"",""message"":""    PGAout x1: entrada al lazo: PGAgain=-13.7mV BPo=-2.9mV OPA_SUMo=+63.7mV SUMo=+63.1mV LPo=-257.1mV"",""label"":""PGAout x1: entrada al lazo"",""observation"":{""errors_uv"":{""0"":-13672,""1"":-2934,""2"":63709,""3"":63098,""4"":-257069},""pp_uv"":{""0"":18177,""1"":19607,""2"":1525,""3"":1831,""4"":171},""spread_uv"":{""0"":859,""1"":667,""2"":3300,""3"":3300,""4"":19},""samples"":[{""0"":{""mean_uv"":986843,""error_uv"":-13157,""pp_uv"":18177},""1"":{""mean_uv"":997066,""error_uv"":-2934,""pp_uv"":8640},""2"":{""mean_uv"":1065578,""error_uv"":65578,""pp_uv"":1525},""3"":{""mean_uv"":1064834,""error_uv"":64834,""pp_uv"":2117},""4"":{""mean_uv"":742931,""error_uv"":-257069,""pp_uv"":190}},{""0"":{""mean_uv"":985984,""error_uv"":-14016,""pp_uv"":21038},""1"":{""mean_uv"":996704,""error_uv"":-3296,""pp_uv"":19607},""2"":{""mean_uv"":1063709,""error_uv"":63709,""pp_uv"":839},""3"":{""mean_uv"":1063098,""error_uv"":63098,""pp_uv"":1831},""4"":{""mean_uv"":742931,""error_uv"":-257069,""pp_uv"":171}},{""0"":{""mean_uv"":986328,""error_uv"":-13672,""pp_uv"":10585},""1"":{""mean_uv"":997371,""error_uv"":-2629,""pp_uv"":21286},""2"":{""mean_uv"":1062278,""error_uv"":62278,""pp_uv"":2021},""3"":{""mean_uv"":1061534,""error_uv"":61534,""pp_uv"":743},""4"":{""mean_uv"":742912,""error_uv"":-257088,""pp_uv"":171}}]},""codes"":[0,0,0,0]}"
1,coupled,False,5,2026-09-08T19:50:35,observation,    PGAout x1: entrada al lazo: PGAgain=-13.7mV BPo=-2.9mV OPA_SUMo=+63.7mV SUMo=+63.1mV LPo=-257.1mV,"[0, 0, 0, 0]",,4,-257069,171,19,"{""at"":""2026-09-08T19:50:35"",""kind"":""observation"",""message"":""    PGAout x1: entrada al lazo: PGAgain=-13.7mV BPo=-2.9mV OPA_SUMo=+63.7mV SUMo=+63.1mV LPo=-257.1mV"",""label"":""PGAout x1: entrada al lazo"",""observation"":{""errors_uv"":{""0"":-13672,""1"":-2934,""2"":63709,""3"":63098,""4"":-257069},""pp_uv"":{""0"":18177,""1"":19607,""2"":1525,""3"":1831,""4"":171},""spread_uv"":{""0"":859,""1"":667,""2"":3300,""3"":3300,""4"":19},""samples"":[{""0"":{""mean_uv"":986843,""error_uv"":-13157,""pp_uv"":18177},""1"":{""mean_uv"":997066,""error_uv"":-2934,""pp_uv"":8640},""2"":{""mean_uv"":1065578,""error_uv"":65578,""pp_uv"":1525},""3"":{""mean_uv"":1064834,""error_uv"":64834,""pp_uv"":2117},""4"":{""mean_uv"":742931,""error_uv"":-257069,""pp_uv"":190}},{""0"":{""mean_uv"":985984,""error_uv"":-14016,""pp_uv"":21038},""1"":{""mean_uv"":996704,""error_uv"":-3296,""pp_uv"":19607},""2"":{""mean_uv"":1063709,""error_uv"":63709,""pp_uv"":839},""3"":{""mean_uv"":1063098,""error_uv"":63098,""pp_uv"":1831},""4"":{""mean_uv"":742931,""error_uv"":-257069,""pp_uv"":171}},{""0"":{""mean_uv"":986328,""error_uv"":-13672,""pp_uv"":10585},""1"":{""mean_uv"":997371,""error_uv"":-2629,""pp_uv"":21286},""2"":{""mean_uv"":1062278,""error_uv"":62278,""pp_uv"":2021},""3"":{""mean_uv"":1061534,""error_uv"":61534,""pp_uv"":743},""4"":{""mean_uv"":742912,""error_uv"":-257088,""pp_uv"":171}}]},""codes"":[0,0,0,0]}"
1,coupled,False,6,2026-09-08T19:50:52,observation,    IDAC0 ABBA low 1 (-8): PGAgain=-39.1mV BPo=+14.8mV OPA_SUMo=+84.2mV SUMo=+84.8mV LPo=-257.1mV,"[-8, 0, 0, 0]",,0,-39116,24776,1297,"{""at"":""2026-09-08T19:50:52"",""kind"":""observation"",""message"":""    IDAC0 ABBA low 1 (-8): PGAgain=-39.1mV BPo=+14.8mV OPA_SUMo=+84.2mV SUMo=+84.8mV LPo=-257.1mV"",""label"":""IDAC0 ABBA low 1 (-8)"",""observation"":{""errors_uv"":{""0"":-39116,""1"":14842,""2"":84175,""3"":84842,""4"":-257069},""pp_uv"":{""0"":24776,""1"":14972,""2"":1430,""3"":1640,""4"":152},""spread_uv"":{""0"":1297,""1"":4177,""2"":15011,""3"":14744,""4"":57},""samples"":[{""0"":{""mean_uv"":961380,""error_uv"":-38620,""pp_uv"":8392},""1"":{""mean_uv"":1016960,""error_uv"":16960,""pp_uv"":14972},""2"":{""mean_uv"":1076145,""error_uv"":76145,""pp_uv"":1716},""3"":{""mean_uv"":1077022,""error_uv"":77022,""pp_uv"":1640},""4"":{""mean_uv"":742931,""error_uv"":-257069,""pp_uv"":152}},{""0"":{""mean_uv"":960884,""error_uv"":-39116,""pp_uv"":30803},""1"":{""mean_uv"":1014842,""error_uv"":14842,""pp_uv"":17471},""2"":{""mean_uv"":1084175,""error_uv"":84175,""pp_uv"":991},""3"":{""mean_uv"":1084842,""error_uv"":84842,""pp_uv"":1010},""4"":{""mean_uv"":742912,""error_uv"":-257088,""pp_uv"":152}},{""0"":{""mean_uv"":960083,""error_uv"":-39917,""pp_uv"":24776},""1"":{""mean_uv"":1012783,""error_uv"":12783,""pp_uv"":9498},""2"":{""mean_uv"":1091156,""error_uv"":91156,""pp_uv"":1430},""3"":{""mean_uv"":1091766,""error_uv"":91766,""pp_uv"":1716},""4"":{""mean_uv"":742969,""error_uv"":-257031,""pp_uv"":114}}]},""codes"":[-8,0,0,0]}"
1,coupled,False,6,2026-09-08T19:50:52,observation,    IDAC0 ABBA low 1 (-8): PGAgain=-39.1mV BPo=+14.8mV OPA_SUMo=+84.2mV SUMo=+84.8mV LPo=-257.1mV,"[-8, 0, 0, 0]",,1,14842,14972,4177,"{""at"":""2026-09-08T19:50:52"",""kind"":""observation"",""message"":""    IDAC0 ABBA low 1 (-8): PGAgain=-39.1mV BPo=+14.8mV OPA_SUMo=+84.2mV SUMo=+84.8mV LPo=-257.1mV"",""label"":""IDAC0 ABBA low 1 (-8)"",""observation"":{""errors_uv"":{""0"":-39116,""1"":14842,""2"":84175,""3"":84842,""4"":-257069},""pp_uv"":{""0"":24776,""1"":14972,""2"":1430,""3"":1640,""4"":152},""spread_uv"":{""0"":1297,""1"":4177,""2"":15011,""3"":14744,""4"":57},""samples"":[{""0"":{""mean_uv"":961380,""error_uv"":-38620,""pp_uv"":8392},""1"":{""mean_uv"":1016960,""error_uv"":16960,""pp_uv"":14972},""2"":{""mean_uv"":1076145,""error_uv"":76145,""pp_uv"":1716},""3"":{""mean_uv"":1077022,""error_uv"":77022,""pp_uv"":1640},""4"":{""mean_uv"":742931,""error_uv"":-257069,""pp_uv"":152}},{""0"":{""mean_uv"":960884,""error_uv"":-39116,""pp_uv"":30803},""1"":{""mean_uv"":1014842,""error_uv"":14842,""pp_uv"":17471},""2"":{""mean_uv"":1084175,""error_uv"":84175,""pp_uv"":991},""3"":{""mean_uv"":1084842,""error_uv"":84842,""pp_uv"":1010},""4"":{""mean_uv"":742912,""error_uv"":-257088,""pp_uv"":152}},{""0"":{""mean_uv"":960083,""error_uv"":-39917,""pp_uv"":24776},""1"":{""mean_uv"":1012783,""error_uv"":12783,""pp_uv"":9498},""2"":{""mean_uv"":1091156,""error_uv"":91156,""pp_uv"":1430},""3"":{""mean_uv"":1091766,""error_uv"":91766,""pp_uv"":1716},""4"":{""mean_uv"":742969,""error_uv"":-257031,""pp_uv"":114}}]},""codes"":[-8,0,0,0]}"
1,coupled,False,6,2026-09-08T19:50:52,observation,    IDAC0 ABBA low 1 (-8): PGAgain=-39.1mV BPo=+14.8mV OPA_SUMo=+84.2mV SUMo=+84.8mV LPo=-257.1mV,"[-8, 0, 0, 0]",,2,84175,1430,15011,"{""at"":""2026-09-08T19:50:52"",""kind"":""observation"",""message"":""    IDAC0 ABBA low 1 (-8): PGAgain=-39.1mV BPo=+14.8mV OPA_SUMo=+84.2mV SUMo=+84.8mV LPo=-257.1mV"",""label"":""IDAC0 ABBA low 1 (-8)"",""observation"":{""errors_uv"":{""0"":-39116,""1"":14842,""2"":84175,""3"":84842,""4"":-257069},""pp_uv"":{""0"":24776,""1"":14972,""2"":1430,""3"":1640,""4"":152},""spread_uv"":{""0"":1297,""1"":4177,""2"":15011,""3"":14744,""4"":57},""samples"":[{""0"":{""mean_uv"":961380,""error_uv"":-38620,""pp_uv"":8392},""1"":{""mean_uv"":1016960,""error_uv"":16960,""pp_uv"":14972},""2"":{""mean_uv"":1076145,""error_uv"":76145,""pp_uv"":1716},""3"":{""mean_uv"":1077022,""error_uv"":77022,""pp_uv"":1640},""4"":{""mean_uv"":742931,""error_uv"":-257069,""pp_uv"":152}},{""0"":{""mean_uv"":960884,""error_uv"":-39116,""pp_uv"":30803},""1"":{""mean_uv"":1014842,""error_uv"":14842,""pp_uv"":17471},""2"":{""mean_uv"":1084175,""error_uv"":84175,""pp_uv"":991},""3"":{""mean_uv"":1084842,""error_uv"":84842,""pp_uv"":1010},""4"":{""mean_uv"":742912,""error_uv"":-257088,""pp_uv"":152}},{""0"":{""mean_uv"":960083,""error_uv"":-39917,""pp_uv"":24776},""1"":{""mean_uv"":1012783,""error_uv"":12783,""pp_uv"":9498},""2"":{""mean_uv"":1091156,""error_uv"":91156,""pp_uv"":1430},""3"":{""mean_uv"":1091766,""error_uv"":91766,""pp_uv"":1716},""4"":{""mean_uv"":742969,""error_uv"":-257031,""pp_uv"":114}}]},""codes"":[-8,0,0,0]}"
1,coupled,False,6,2026-09-08T19:50:52,observation,    IDAC0 ABBA low 1 (-8): PGAgain=-39.1mV BPo=+14.8mV OPA_SUMo=+84.2mV SUMo=+84.8mV LPo=-257.1mV,"[-8, 0, 0, 0]",,3,84842,1640,14744,"{""at"":""2026-09-08T19:50:52"",""kind"":""observation"",""message"":""    IDAC0 ABBA low 1 (-8): PGAgain=-39.1mV BPo=+14.8mV OPA_SUMo=+84.2mV SUMo=+84.8mV LPo=-257.1mV"",""label"":""IDAC0 ABBA low 1 (-8)"",""observation"":{""errors_uv"":{""0"":-39116,""1"":14842,""2"":84175,""3"":84842,""4"":-257069},""pp_uv"":{""0"":24776,""1"":14972,""2"":1430,""3"":1640,""4"":152},""spread_uv"":{""0"":1297,""1"":4177,""2"":15011,""3"":14744,""4"":57},""samples"":[{""0"":{""mean_uv"":961380,""error_uv"":-38620,""pp_uv"":8392},""1"":{""mean_uv"":1016960,""error_uv"":16960,""pp_uv"":14972},""2"":{""mean_uv"":1076145,""error_uv"":76145,""pp_uv"":1716},""3"":{""mean_uv"":1077022,""error_uv"":77022,""pp_uv"":1640},""4"":{""mean_uv"":742931,""error_uv"":-257069,""pp_uv"":152}},{""0"":{""mean_uv"":960884,""error_uv"":-39116,""pp_uv"":30803},""1"":{""mean_uv"":1014842,""error_uv"":14842,""pp_uv"":17471},""2"":{""mean_uv"":1084175,""error_uv"":84175,""pp_uv"":991},""3"":{""mean_uv"":1084842,""error_uv"":84842,""pp_uv"":1010},""4"":{""mean_uv"":742912,""error_uv"":-257088,""pp_uv"":152}},{""0"":{""mean_uv"":960083,""error_uv"":-39917,""pp_uv"":24776},""1"":{""mean_uv"":1012783,""error_uv"":12783,""pp_uv"":9498},""2"":{""mean_uv"":1091156,""error_uv"":91156,""pp_uv"":1430},""3"":{""mean_uv"":1091766,""error_uv"":91766,""pp_uv"":1716},""4"":{""mean_uv"":742969,""error_uv"":-257031,""pp_uv"":114}}]},""codes"":[-8,0,0,0]}"
1,coupled,False,6,2026-09-08T19:50:52,observation,    IDAC0 ABBA low 1 (-8): PGAgain=-39.1mV BPo=+14.8mV OPA_SUMo=+84.2mV SUMo=+84.8mV LPo=-257.1mV,"[-8, 0, 0, 0]",,4,-257069,152,57,"{""at"":""2026-09-08T19:50:52"",""kind"":""observation"",""message"":""    IDAC0 ABBA low 1 (-8): PGAgain=-39.1mV BPo=+14.8mV OPA_SUMo=+84.2mV SUMo=+84.8mV LPo=-257.1mV"",""label"":""IDAC0 ABBA low 1 (-8)"",""observation"":{""errors_uv"":{""0"":-39116,""1"":14842,""2"":84175,""3"":84842,""4"":-257069},""pp_uv"":{""0"":24776,""1"":14972,""2"":1430,""3"":1640,""4"":152},""spread_uv"":{""0"":1297,""1"":4177,""2"":15011,""3"":14744,""4"":57},""samples"":[{""0"":{""mean_uv"":961380,""error_uv"":-38620,""pp_uv"":8392},""1"":{""mean_uv"":1016960,""error_uv"":16960,""pp_uv"":14972},""2"":{""mean_uv"":1076145,""error_uv"":76145,""pp_uv"":1716},""3"":{""mean_uv"":1077022,""error_uv"":77022,""pp_uv"":1640},""4"":{""mean_uv"":742931,""error_uv"":-257069,""pp_uv"":152}},{""0"":{""mean_uv"":960884,""error_uv"":-39116,""pp_uv"":30803},""1"":{""mean_uv"":1014842,""error_uv"":14842,""pp_uv"":17471},""2"":{""mean_uv"":1084175,""error_uv"":84175,""pp_uv"":991},""3"":{""mean_uv"":1084842,""error_uv"":84842,""pp_uv"":1010},""4"":{""mean_uv"":742912,""error_uv"":-257088,""pp_uv"":152}},{""0"":{""mean_uv"":960083,""error_uv"":-39917,""pp_uv"":24776},""1"":{""mean_uv"":1012783,""error_uv"":12783,""pp_uv"":9498},""2"":{""mean_uv"":1091156,""error_uv"":91156,""pp_uv"":1430},""3"":{""mean_uv"":1091766,""error_uv"":91766,""pp_uv"":1716},""4"":{""mean_uv"":742969,""error_uv"":-257031,""pp_uv"":114}}]},""codes"":[-8,0,0,0]}"
1,coupled,False,7,2026-09-08T19:51:08,observation,    IDAC0 ABBA high 1 (8): PGAgain=+6.1mV BPo=-26.4mV OPA_SUMo=+57.2mV SUMo=+55.0mV LPo=-257.1mV,"[8, 0, 0, 0]",,0,6069,14114,286,"{""at"":""2026-09-08T19:51:08"",""kind"":""observation"",""message"":""    IDAC0 ABBA high 1 (8): PGAgain=+6.1mV BPo=-26.4mV OPA_SUMo=+57.2mV SUMo=+55.0mV LPo=-257.1mV"",""label"":""IDAC0 ABBA high 1 (8)"",""observation"":{""errors_uv"":{""0"":6069,""1"":-26375,""2"":57186,""3"":55011,""4"":-257069},""pp_uv"":{""0"":14114,""1"":10013,""2"":953,""3"":1583,""4"":171},""spread_uv"":{""0"":286,""1"":7611,""2"":24738,""3"":24414,""4"":95},""samples"":[{""0"":{""mean_uv"":1005935,""error_uv"":5935,""pp_uv"":12798},""1"":{""mean_uv"":969123,""error_uv"":-30877,""pp_uv"":10013},""2"":{""mean_uv"":1070308,""error_uv"":70308,""pp_uv"":1354},""3"":{""mean_uv"":1068038,""error_uv"":68038,""pp_uv"":1888},""4"":{""mean_uv"":742874,""error_uv"":-257126,""pp_uv"":171}},{""0"":{""mean_uv"":1006069,""error_uv"":6069,""pp_uv"":14114},""1"":{""mean_uv"":973625,""error_uv"":-26375,""pp_uv"":9899},""2"":{""mean_uv"":1057186,""error_uv"":57186,""pp_uv"":953},""3"":{""mean_uv"":1055011,""error_uv"":55011,""pp_uv"":1583},""4"":{""mean_uv"":742969,""error_uv"":-257031,""pp_uv"":152}},{""0"":{""mean_uv"":1006221,""error_uv"":6221,""pp_uv"":17127},""1"":{""mean_uv"":976734,""error_uv"":-23266,""pp_uv"":19073},""2"":{""mean_uv"":1045570,""error_uv"":45570,""pp_uv"":896},""3"":{""mean_uv"":1043624,""error_uv"":43624,""pp_uv"":1354},""4"":{""mean_uv"":742931,""error_uv"":-257069,""pp_uv"":190}}]},""codes"":[8,0,0,0]}"
1,coupled,False,7,2026-09-08T19:51:08,observation,    IDAC0 ABBA high 1 (8): PGAgain=+6.1mV BPo=-26.4mV OPA_SUMo=+57.2mV SUMo=+55.0mV LPo=-257.1mV,"[8, 0, 0, 0]",,1,-26375,10013,7611,"{""at"":""2026-09-08T19:51:08"",""kind"":""observation"",""message"":""    IDAC0 ABBA high 1 (8): PGAgain=+6.1mV BPo=-26.4mV OPA_SUMo=+57.2mV SUMo=+55.0mV LPo=-257.1mV"",""label"":""IDAC0 ABBA high 1 (8)"",""observation"":{""errors_uv"":{""0"":6069,""1"":-26375,""2"":57186,""3"":55011,""4"":-257069},""pp_uv"":{""0"":14114,""1"":10013,""2"":953,""3"":1583,""4"":171},""spread_uv"":{""0"":286,""1"":7611,""2"":24738,""3"":24414,""4"":95},""samples"":[{""0"":{""mean_uv"":1005935,""error_uv"":5935,""pp_uv"":12798},""1"":{""mean_uv"":969123,""error_uv"":-30877,""pp_uv"":10013},""2"":{""mean_uv"":1070308,""error_uv"":70308,""pp_uv"":1354},""3"":{""mean_uv"":1068038,""error_uv"":68038,""pp_uv"":1888},""4"":{""mean_uv"":742874,""error_uv"":-257126,""pp_uv"":171}},{""0"":{""mean_uv"":1006069,""error_uv"":6069,""pp_uv"":14114},""1"":{""mean_uv"":973625,""error_uv"":-26375,""pp_uv"":9899},""2"":{""mean_uv"":1057186,""error_uv"":57186,""pp_uv"":953},""3"":{""mean_uv"":1055011,""error_uv"":55011,""pp_uv"":1583},""4"":{""mean_uv"":742969,""error_uv"":-257031,""pp_uv"":152}},{""0"":{""mean_uv"":1006221,""error_uv"":6221,""pp_uv"":17127},""1"":{""mean_uv"":976734,""error_uv"":-23266,""pp_uv"":19073},""2"":{""mean_uv"":1045570,""error_uv"":45570,""pp_uv"":896},""3"":{""mean_uv"":1043624,""error_uv"":43624,""pp_uv"":1354},""4"":{""mean_uv"":742931,""error_uv"":-257069,""pp_uv"":190}}]},""codes"":[8,0,0,0]}"
1,coupled,False,7,2026-09-08T19:51:08,observation,    IDAC0 ABBA high 1 (8): PGAgain=+6.1mV BPo=-26.4mV OPA_SUMo=+57.2mV SUMo=+55.0mV LPo=-257.1mV,"[8, 0, 0, 0]",,2,57186,953,24738,"{""at"":""2026-09-08T19:51:08"",""kind"":""observation"",""message"":""    IDAC0 ABBA high 1 (8): PGAgain=+6.1mV BPo=-26.4mV OPA_SUMo=+57.2mV SUMo=+55.0mV LPo=-257.1mV"",""label"":""IDAC0 ABBA high 1 (8)"",""observation"":{""errors_uv"":{""0"":6069,""1"":-26375,""2"":57186,""3"":55011,""4"":-257069},""pp_uv"":{""0"":14114,""1"":10013,""2"":953,""3"":1583,""4"":171},""spread_uv"":{""0"":286,""1"":7611,""2"":24738,""3"":24414,""4"":95},""samples"":[{""0"":{""mean_uv"":1005935,""error_uv"":5935,""pp_uv"":12798},""1"":{""mean_uv"":969123,""error_uv"":-30877,""pp_uv"":10013},""2"":{""mean_uv"":1070308,""error_uv"":70308,""pp_uv"":1354},""3"":{""mean_uv"":1068038,""error_uv"":68038,""pp_uv"":1888},""4"":{""mean_uv"":742874,""error_uv"":-257126,""pp_uv"":171}},{""0"":{""mean_uv"":1006069,""error_uv"":6069,""pp_uv"":14114},""1"":{""mean_uv"":973625,""error_uv"":-26375,""pp_uv"":9899},""2"":{""mean_uv"":1057186,""error_uv"":57186,""pp_uv"":953},""3"":{""mean_uv"":1055011,""error_uv"":55011,""pp_uv"":1583},""4"":{""mean_uv"":742969,""error_uv"":-257031,""pp_uv"":152}},{""0"":{""mean_uv"":1006221,""error_uv"":6221,""pp_uv"":17127},""1"":{""mean_uv"":976734,""error_uv"":-23266,""pp_uv"":19073},""2"":{""mean_uv"":1045570,""error_uv"":45570,""pp_uv"":896},""3"":{""mean_uv"":1043624,""error_uv"":43624,""pp_uv"":1354},""4"":{""mean_uv"":742931,""error_uv"":-257069,""pp_uv"":190}}]},""codes"":[8,0,0,0]}"
1,coupled,False,7,2026-09-08T19:51:08,observation,    IDAC0 ABBA high 1 (8): PGAgain=+6.1mV BPo=-26.4mV OPA_SUMo=+57.2mV SUMo=+55.0mV LPo=-257.1mV,"[8, 0, 0, 0]",,3,55011,1583,24414,"{""at"":""2026-09-08T19:51:08"",""kind"":""observation"",""message"":""    IDAC0 ABBA high 1 (8): PGAgain=+6.1mV BPo=-26.4mV OPA_SUMo=+57.2mV SUMo=+55.0mV LPo=-257.1mV"",""label"":""IDAC0 ABBA high 1 (8)"",""observation"":{""errors_uv"":{""0"":6069,""1"":-26375,""2"":57186,""3"":55011,""4"":-257069},""pp_uv"":{""0"":14114,""1"":10013,""2"":953,""3"":1583,""4"":171},""spread_uv"":{""0"":286,""1"":7611,""2"":24738,""3"":24414,""4"":95},""samples"":[{""0"":{""mean_uv"":1005935,""error_uv"":5935,""pp_uv"":12798},""1"":{""mean_uv"":969123,""error_uv"":-30877,""pp_uv"":10013},""2"":{""mean_uv"":1070308,""error_uv"":70308,""pp_uv"":1354},""3"":{""mean_uv"":1068038,""error_uv"":68038,""pp_uv"":1888},""4"":{""mean_uv"":742874,""error_uv"":-257126,""pp_uv"":171}},{""0"":{""mean_uv"":1006069,""error_uv"":6069,""pp_uv"":14114},""1"":{""mean_uv"":973625,""error_uv"":-26375,""pp_uv"":9899},""2"":{""mean_uv"":1057186,""error_uv"":57186,""pp_uv"":953},""3"":{""mean_uv"":1055011,""error_uv"":55011,""pp_uv"":1583},""4"":{""mean_uv"":742969,""error_uv"":-257031,""pp_uv"":152}},{""0"":{""mean_uv"":1006221,""error_uv"":6221,""pp_uv"":17127},""1"":{""mean_uv"":976734,""error_uv"":-23266,""pp_uv"":19073},""2"":{""mean_uv"":1045570,""error_uv"":45570,""pp_uv"":896},""3"":{""mean_uv"":1043624,""error_uv"":43624,""pp_uv"":1354},""4"":{""mean_uv"":742931,""error_uv"":-257069,""pp_uv"":190}}]},""codes"":[8,0,0,0]}"
1,coupled,False,7,2026-09-08T19:51:08,observation,    IDAC0 ABBA high 1 (8): PGAgain=+6.1mV BPo=-26.4mV OPA_SUMo=+57.2mV SUMo=+55.0mV LPo=-257.1mV,"[8, 0, 0, 0]",,4,-257069,171,95,"{""at"":""2026-09-08T19:51:08"",""kind"":""observation"",""message"":""    IDAC0 ABBA high 1 (8): PGAgain=+6.1mV BPo=-26.4mV OPA_SUMo=+57.2mV SUMo=+55.0mV LPo=-257.1mV"",""label"":""IDAC0 ABBA high 1 (8)"",""observation"":{""errors_uv"":{""0"":6069,""1"":-26375,""2"":57186,""3"":55011,""4"":-257069},""pp_uv"":{""0"":14114,""1"":10013,""2"":953,""3"":1583,""4"":171},""spread_uv"":{""0"":286,""1"":7611,""2"":24738,""3"":24414,""4"":95},""samples"":[{""0"":{""mean_uv"":1005935,""error_uv"":5935,""pp_uv"":12798},""1"":{""mean_uv"":969123,""error_uv"":-30877,""pp_uv"":10013},""2"":{""mean_uv"":1070308,""error_uv"":70308,""pp_uv"":1354},""3"":{""mean_uv"":1068038,""error_uv"":68038,""pp_uv"":1888},""4"":{""mean_uv"":742874,""error_uv"":-257126,""pp_uv"":171}},{""0"":{""mean_uv"":1006069,""error_uv"":6069,""pp_uv"":14114},""1"":{""mean_uv"":973625,""error_uv"":-26375,""pp_uv"":9899},""2"":{""mean_uv"":1057186,""error_uv"":57186,""pp_uv"":953},""3"":{""mean_uv"":1055011,""error_uv"":55011,""pp_uv"":1583},""4"":{""mean_uv"":742969,""error_uv"":-257031,""pp_uv"":152}},{""0"":{""mean_uv"":1006221,""error_uv"":6221,""pp_uv"":17127},""1"":{""mean_uv"":976734,""error_uv"":-23266,""pp_uv"":19073},""2"":{""mean_uv"":1045570,""error_uv"":45570,""pp_uv"":896},""3"":{""mean_uv"":1043624,""error_uv"":43624,""pp_uv"":1354},""4"":{""mean_uv"":742931,""error_uv"":-257069,""pp_uv"":190}}]},""codes"":[8,0,0,0]}"
1,coupled,False,8,2026-09-08T19:51:21,observation,    IDAC0 ABBA high 2 (8): PGAgain=+6.2mV BPo=-16.8mV OPA_SUMo=+24.6mV SUMo=+23.0mV LPo=-226.7mV,"[8, 0, 0, 0]",,0,6202,15430,477,"{""at"":""2026-09-08T19:51:21"",""kind"":""observation"",""message"":""    IDAC0 ABBA high 2 (8): PGAgain=+6.2mV BPo=-16.8mV OPA_SUMo=+24.6mV SUMo=+23.0mV LPo=-226.7mV"",""label"":""IDAC0 ABBA high 2 (8)"",""observation"":{""errors_uv"":{""0"":6202,""1"":-16820,""2"":24551,""3"":23044,""4"":-226704},""pp_uv"":{""0"":15430,""1"":19836,""2"":1716,""3"":1735,""4"":9059},""spread_uv"":{""0"":477,""1"":4673,""2"":15660,""3"":15221,""4"":121345},""samples"":[{""0"":{""mean_uv"":1006412,""error_uv"":6412,""pp_uv"":15830},""1"":{""mean_uv"":980548,""error_uv"":-19452,""pp_uv"":19912},""2"":{""mean_uv"":1033077,""error_uv"":33077,""pp_uv"":1258},""3"":{""mean_uv"":1031284,""error_uv"":31284,""pp_uv"":1068},""4"":{""mean_uv"":742893,""error_uv"":-257107,""pp_uv"":190}},{""0"":{""mean_uv"":1005935,""error_uv"":5935,""pp_uv"":15430},""1"":{""mean_uv"":983180,""error_uv"":-16820,""pp_uv"":19836},""2"":{""mean_uv"":1024551,""error_uv"":24551,""pp_uv"":1869},""3"":{""mean_uv"":1023044,""error_uv"":23044,""pp_uv"":1735},""4"":{""mean_uv"":773296,""error_uv"":-226704,""pp_uv"":9059}},{""0"":{""mean_uv"":1006202,""error_uv"":6202,""pp_uv"":8010},""1"":{""mean_uv"":985221,""error_uv"":-14779,""pp_uv"":13236},""2"":{""mean_uv"":1017417,""error_uv"":17417,""pp_uv"":1716},""3"":{""mean_uv"":1016063,""error_uv"":16063,""pp_uv"":1850},""4"":{""mean_uv"":864238,""error_uv"":-135762,""pp_uv"":20885}}]},""codes"":[8,0,0,0]}"
1,coupled,False,8,2026-09-08T19:51:21,observation,    IDAC0 ABBA high 2 (8): PGAgain=+6.2mV BPo=-16.8mV OPA_SUMo=+24.6mV SUMo=+23.0mV LPo=-226.7mV,"[8, 0, 0, 0]",,1,-16820,19836,4673,"{""at"":""2026-09-08T19:51:21"",""kind"":""observation"",""message"":""    IDAC0 ABBA high 2 (8): PGAgain=+6.2mV BPo=-16.8mV OPA_SUMo=+24.6mV SUMo=+23.0mV LPo=-226.7mV"",""label"":""IDAC0 ABBA high 2 (8)"",""observation"":{""errors_uv"":{""0"":6202,""1"":-16820,""2"":24551,""3"":23044,""4"":-226704},""pp_uv"":{""0"":15430,""1"":19836,""2"":1716,""3"":1735,""4"":9059},""spread_uv"":{""0"":477,""1"":4673,""2"":15660,""3"":15221,""4"":121345},""samples"":[{""0"":{""mean_uv"":1006412,""error_uv"":6412,""pp_uv"":15830},""1"":{""mean_uv"":980548,""error_uv"":-19452,""pp_uv"":19912},""2"":{""mean_uv"":1033077,""error_uv"":33077,""pp_uv"":1258},""3"":{""mean_uv"":1031284,""error_uv"":31284,""pp_uv"":1068},""4"":{""mean_uv"":742893,""error_uv"":-257107,""pp_uv"":190}},{""0"":{""mean_uv"":1005935,""error_uv"":5935,""pp_uv"":15430},""1"":{""mean_uv"":983180,""error_uv"":-16820,""pp_uv"":19836},""2"":{""mean_uv"":1024551,""error_uv"":24551,""pp_uv"":1869},""3"":{""mean_uv"":1023044,""error_uv"":23044,""pp_uv"":1735},""4"":{""mean_uv"":773296,""error_uv"":-226704,""pp_uv"":9059}},{""0"":{""mean_uv"":1006202,""error_uv"":6202,""pp_uv"":8010},""1"":{""mean_uv"":985221,""error_uv"":-14779,""pp_uv"":13236},""2"":{""mean_uv"":1017417,""error_uv"":17417,""pp_uv"":1716},""3"":{""mean_uv"":1016063,""error_uv"":16063,""pp_uv"":1850},""4"":{""mean_uv"":864238,""error_uv"":-135762,""pp_uv"":20885}}]},""codes"":[8,0,0,0]}"
1,coupled,False,8,2026-09-08T19:51:21,observation,    IDAC0 ABBA high 2 (8): PGAgain=+6.2mV BPo=-16.8mV OPA_SUMo=+24.6mV SUMo=+23.0mV LPo=-226.7mV,"[8, 0, 0, 0]",,2,24551,1716,15660,"{""at"":""2026-09-08T19:51:21"",""kind"":""observation"",""message"":""    IDAC0 ABBA high 2 (8): PGAgain=+6.2mV BPo=-16.8mV OPA_SUMo=+24.6mV SUMo=+23.0mV LPo=-226.7mV"",""label"":""IDAC0 ABBA high 2 (8)"",""observation"":{""errors_uv"":{""0"":6202,""1"":-16820,""2"":24551,""3"":23044,""4"":-226704},""pp_uv"":{""0"":15430,""1"":19836,""2"":1716,""3"":1735,""4"":9059},""spread_uv"":{""0"":477,""1"":4673,""2"":15660,""3"":15221,""4"":121345},""samples"":[{""0"":{""mean_uv"":1006412,""error_uv"":6412,""pp_uv"":15830},""1"":{""mean_uv"":980548,""error_uv"":-19452,""pp_uv"":19912},""2"":{""mean_uv"":1033077,""error_uv"":33077,""pp_uv"":1258},""3"":{""mean_uv"":1031284,""error_uv"":31284,""pp_uv"":1068},""4"":{""mean_uv"":742893,""error_uv"":-257107,""pp_uv"":190}},{""0"":{""mean_uv"":1005935,""error_uv"":5935,""pp_uv"":15430},""1"":{""mean_uv"":983180,""error_uv"":-16820,""pp_uv"":19836},""2"":{""mean_uv"":1024551,""error_uv"":24551,""pp_uv"":1869},""3"":{""mean_uv"":1023044,""error_uv"":23044,""pp_uv"":1735},""4"":{""mean_uv"":773296,""error_uv"":-226704,""pp_uv"":9059}},{""0"":{""mean_uv"":1006202,""error_uv"":6202,""pp_uv"":8010},""1"":{""mean_uv"":985221,""error_uv"":-14779,""pp_uv"":13236},""2"":{""mean_uv"":1017417,""error_uv"":17417,""pp_uv"":1716},""3"":{""mean_uv"":1016063,""error_uv"":16063,""pp_uv"":1850},""4"":{""mean_uv"":864238,""error_uv"":-135762,""pp_uv"":20885}}]},""codes"":[8,0,0,0]}"
1,coupled,False,8,2026-09-08T19:51:21,observation,    IDAC0 ABBA high 2 (8): PGAgain=+6.2mV BPo=-16.8mV OPA_SUMo=+24.6mV SUMo=+23.0mV LPo=-226.7mV,"[8, 0, 0, 0]",,3,23044,1735,15221,"{""at"":""2026-09-08T19:51:21"",""kind"":""observation"",""message"":""    IDAC0 ABBA high 2 (8): PGAgain=+6.2mV BPo=-16.8mV OPA_SUMo=+24.6mV SUMo=+23.0mV LPo=-226.7mV"",""label"":""IDAC0 ABBA high 2 (8)"",""observation"":{""errors_uv"":{""0"":6202,""1"":-16820,""2"":24551,""3"":23044,""4"":-226704},""pp_uv"":{""0"":15430,""1"":19836,""2"":1716,""3"":1735,""4"":9059},""spread_uv"":{""0"":477,""1"":4673,""2"":15660,""3"":15221,""4"":121345},""samples"":[{""0"":{""mean_uv"":1006412,""error_uv"":6412,""pp_uv"":15830},""1"":{""mean_uv"":980548,""error_uv"":-19452,""pp_uv"":19912},""2"":{""mean_uv"":1033077,""error_uv"":33077,""pp_uv"":1258},""3"":{""mean_uv"":1031284,""error_uv"":31284,""pp_uv"":1068},""4"":{""mean_uv"":742893,""error_uv"":-257107,""pp_uv"":190}},{""0"":{""mean_uv"":1005935,""error_uv"":5935,""pp_uv"":15430},""1"":{""mean_uv"":983180,""error_uv"":-16820,""pp_uv"":19836},""2"":{""mean_uv"":1024551,""error_uv"":24551,""pp_uv"":1869},""3"":{""mean_uv"":1023044,""error_uv"":23044,""pp_uv"":1735},""4"":{""mean_uv"":773296,""error_uv"":-226704,""pp_uv"":9059}},{""0"":{""mean_uv"":1006202,""error_uv"":6202,""pp_uv"":8010},""1"":{""mean_uv"":985221,""error_uv"":-14779,""pp_uv"":13236},""2"":{""mean_uv"":1017417,""error_uv"":17417,""pp_uv"":1716},""3"":{""mean_uv"":1016063,""error_uv"":16063,""pp_uv"":1850},""4"":{""mean_uv"":864238,""error_uv"":-135762,""pp_uv"":20885}}]},""codes"":[8,0,0,0]}"
1,coupled,False,8,2026-09-08T19:51:21,observation,    IDAC0 ABBA high 2 (8): PGAgain=+6.2mV BPo=-16.8mV OPA_SUMo=+24.6mV SUMo=+23.0mV LPo=-226.7mV,"[8, 0, 0, 0]",,4,-226704,9059,121345,"{""at"":""2026-09-08T19:51:21"",""kind"":""observation"",""message"":""    IDAC0 ABBA high 2 (8): PGAgain=+6.2mV BPo=-16.8mV OPA_SUMo=+24.6mV SUMo=+23.0mV LPo=-226.7mV"",""label"":""IDAC0 ABBA high 2 (8)"",""observation"":{""errors_uv"":{""0"":6202,""1"":-16820,""2"":24551,""3"":23044,""4"":-226704},""pp_uv"":{""0"":15430,""1"":19836,""2"":1716,""3"":1735,""4"":9059},""spread_uv"":{""0"":477,""1"":4673,""2"":15660,""3"":15221,""4"":121345},""samples"":[{""0"":{""mean_uv"":1006412,""error_uv"":6412,""pp_uv"":15830},""1"":{""mean_uv"":980548,""error_uv"":-19452,""pp_uv"":19912},""2"":{""mean_uv"":1033077,""error_uv"":33077,""pp_uv"":1258},""3"":{""mean_uv"":1031284,""error_uv"":31284,""pp_uv"":1068},""4"":{""mean_uv"":742893,""error_uv"":-257107,""pp_uv"":190}},{""0"":{""mean_uv"":1005935,""error_uv"":5935,""pp_uv"":15430},""1"":{""mean_uv"":983180,""error_uv"":-16820,""pp_uv"":19836},""2"":{""mean_uv"":1024551,""error_uv"":24551,""pp_uv"":1869},""3"":{""mean_uv"":1023044,""error_uv"":23044,""pp_uv"":1735},""4"":{""mean_uv"":773296,""error_uv"":-226704,""pp_uv"":9059}},{""0"":{""mean_uv"":1006202,""error_uv"":6202,""pp_uv"":8010},""1"":{""mean_uv"":985221,""error_uv"":-14779,""pp_uv"":13236},""2"":{""mean_uv"":1017417,""error_uv"":17417,""pp_uv"":1716},""3"":{""mean_uv"":1016063,""error_uv"":16063,""pp_uv"":1850},""4"":{""mean_uv"":864238,""error_uv"":-135762,""pp_uv"":20885}}]},""codes"":[8,0,0,0]}"
1,coupled,False,9,2026-09-08T19:51:37,observation,    IDAC0 ABBA low 2 (-8): PGAgain=-40.0mV BPo=+24.3mV OPA_SUMo=+51.4mV SUMo=+52.6mV LPo=-257.0mV,"[-8, 0, 0, 0]",,0,-40013,22850,2098,"{""at"":""2026-09-08T19:51:37"",""kind"":""observation"",""message"":""    IDAC0 ABBA low 2 (-8): PGAgain=-40.0mV BPo=+24.3mV OPA_SUMo=+51.4mV SUMo=+52.6mV LPo=-257.0mV"",""label"":""IDAC0 ABBA low 2 (-8)"",""observation"":{""errors_uv"":{""0"":-40013,""1"":24303,""2"":51368,""3"":52570,""4"":-256974},""pp_uv"":{""0"":22850,""1"":15583,""2"":1735,""3"":2040,""4"":171},""spread_uv"":{""0"":2098,""1"":6027,""2"":24643,""3"":23919,""4"":19},""samples"":[{""0"":{""mean_uv"":959949,""error_uv"":-40051,""pp_uv"":17147},""1"":{""mean_uv"":1027526,""error_uv"":27526,""pp_uv"":15335},""2"":{""mean_uv"":1038074,""error_uv"":38074,""pp_uv"":1735},""3"":{""mean_uv"":1039733,""error_uv"":39733,""pp_uv"":2040},""4"":{""mean_uv"":743026,""error_uv"":-256974,""pp_uv"":171}},{""0"":{""mean_uv"":959987,""error_uv"":-40013,""pp_uv"":22850},""1"":{""mean_uv"":1024303,""error_uv"":24303,""pp_uv"":15583},""2"":{""mean_uv"":1051368,""error_uv"":51368,""pp_uv"":686},""3"":{""mean_uv"":1052570,""error_uv"":52570,""pp_uv"":1144},""4"":{""mean_uv"":743007,""error_uv"":-256993,""pp_uv"":171}},{""0"":{""mean_uv"":962047,""error_uv"":-37953,""pp_uv"":23097},""1"":{""mean_uv"":1021499,""error_uv"":21499,""pp_uv"":20885},""2"":{""mean_uv"":1062717,""error_uv"":62717,""pp_uv"":1850},""3"":{""mean_uv"":1063652,""error_uv"":63652,""pp_uv"":2079},""4"":{""mean_uv"":743026,""error_uv"":-256974,""pp_uv"":209}}]},""codes"":[-8,0,0,0]}"
1,coupled,False,9,2026-09-08T19:51:37,observation,    IDAC0 ABBA low 2 (-8): PGAgain=-40.0mV BPo=+24.3mV OPA_SUMo=+51.4mV SUMo=+52.6mV LPo=-257.0mV,"[-8, 0, 0, 0]",,1,24303,15583,6027,"{""at"":""2026-09-08T19:51:37"",""kind"":""observation"",""message"":""    IDAC0 ABBA low 2 (-8): PGAgain=-40.0mV BPo=+24.3mV OPA_SUMo=+51.4mV SUMo=+52.6mV LPo=-257.0mV"",""label"":""IDAC0 ABBA low 2 (-8)"",""observation"":{""errors_uv"":{""0"":-40013,""1"":24303,""2"":51368,""3"":52570,""4"":-256974},""pp_uv"":{""0"":22850,""1"":15583,""2"":1735,""3"":2040,""4"":171},""spread_uv"":{""0"":2098,""1"":6027,""2"":24643,""3"":23919,""4"":19},""samples"":[{""0"":{""mean_uv"":959949,""error_uv"":-40051,""pp_uv"":17147},""1"":{""mean_uv"":1027526,""error_uv"":27526,""pp_uv"":15335},""2"":{""mean_uv"":1038074,""error_uv"":38074,""pp_uv"":1735},""3"":{""mean_uv"":1039733,""error_uv"":39733,""pp_uv"":2040},""4"":{""mean_uv"":743026,""error_uv"":-256974,""pp_uv"":171}},{""0"":{""mean_uv"":959987,""error_uv"":-40013,""pp_uv"":22850},""1"":{""mean_uv"":1024303,""error_uv"":24303,""pp_uv"":15583},""2"":{""mean_uv"":1051368,""error_uv"":51368,""pp_uv"":686},""3"":{""mean_uv"":1052570,""error_uv"":52570,""pp_uv"":1144},""4"":{""mean_uv"":743007,""error_uv"":-256993,""pp_uv"":171}},{""0"":{""mean_uv"":962047,""error_uv"":-37953,""pp_uv"":23097},""1"":{""mean_uv"":1021499,""error_uv"":21499,""pp_uv"":20885},""2"":{""mean_uv"":1062717,""error_uv"":62717,""pp_uv"":1850},""3"":{""mean_uv"":1063652,""error_uv"":63652,""pp_uv"":2079},""4"":{""mean_uv"":743026,""error_uv"":-256974,""pp_uv"":209}}]},""codes"":[-8,0,0,0]}"
1,coupled,False,9,2026-09-08T19:51:37,observation,    IDAC0 ABBA low 2 (-8): PGAgain=-40.0mV BPo=+24.3mV OPA_SUMo=+51.4mV SUMo=+52.6mV LPo=-257.0mV,"[-8, 0, 0, 0]",,2,51368,1735,24643,"{""at"":""2026-09-08T19:51:37"",""kind"":""observation"",""message"":""    IDAC0 ABBA low 2 (-8): PGAgain=-40.0mV BPo=+24.3mV OPA_SUMo=+51.4mV SUMo=+52.6mV LPo=-257.0mV"",""label"":""IDAC0 ABBA low 2 (-8)"",""observation"":{""errors_uv"":{""0"":-40013,""1"":24303,""2"":51368,""3"":52570,""4"":-256974},""pp_uv"":{""0"":22850,""1"":15583,""2"":1735,""3"":2040,""4"":171},""spread_uv"":{""0"":2098,""1"":6027,""2"":24643,""3"":23919,""4"":19},""samples"":[{""0"":{""mean_uv"":959949,""error_uv"":-40051,""pp_uv"":17147},""1"":{""mean_uv"":1027526,""error_uv"":27526,""pp_uv"":15335},""2"":{""mean_uv"":1038074,""error_uv"":38074,""pp_uv"":1735},""3"":{""mean_uv"":1039733,""error_uv"":39733,""pp_uv"":2040},""4"":{""mean_uv"":743026,""error_uv"":-256974,""pp_uv"":171}},{""0"":{""mean_uv"":959987,""error_uv"":-40013,""pp_uv"":22850},""1"":{""mean_uv"":1024303,""error_uv"":24303,""pp_uv"":15583},""2"":{""mean_uv"":1051368,""error_uv"":51368,""pp_uv"":686},""3"":{""mean_uv"":1052570,""error_uv"":52570,""pp_uv"":1144},""4"":{""mean_uv"":743007,""error_uv"":-256993,""pp_uv"":171}},{""0"":{""mean_uv"":962047,""error_uv"":-37953,""pp_uv"":23097},""1"":{""mean_uv"":1021499,""error_uv"":21499,""pp_uv"":20885},""2"":{""mean_uv"":1062717,""error_uv"":62717,""pp_uv"":1850},""3"":{""mean_uv"":1063652,""error_uv"":63652,""pp_uv"":2079},""4"":{""mean_uv"":743026,""error_uv"":-256974,""pp_uv"":209}}]},""codes"":[-8,0,0,0]}"
1,coupled,False,9,2026-09-08T19:51:37,observation,    IDAC0 ABBA low 2 (-8): PGAgain=-40.0mV BPo=+24.3mV OPA_SUMo=+51.4mV SUMo=+52.6mV LPo=-257.0mV,"[-8, 0, 0, 0]",,3,52570,2040,23919,"{""at"":""2026-09-08T19:51:37"",""kind"":""observation"",""message"":""    IDAC0 ABBA low 2 (-8): PGAgain=-40.0mV BPo=+24.3mV OPA_SUMo=+51.4mV SUMo=+52.6mV LPo=-257.0mV"",""label"":""IDAC0 ABBA low 2 (-8)"",""observation"":{""errors_uv"":{""0"":-40013,""1"":24303,""2"":51368,""3"":52570,""4"":-256974},""pp_uv"":{""0"":22850,""1"":15583,""2"":1735,""3"":2040,""4"":171},""spread_uv"":{""0"":2098,""1"":6027,""2"":24643,""3"":23919,""4"":19},""samples"":[{""0"":{""mean_uv"":959949,""error_uv"":-40051,""pp_uv"":17147},""1"":{""mean_uv"":1027526,""error_uv"":27526,""pp_uv"":15335},""2"":{""mean_uv"":1038074,""error_uv"":38074,""pp_uv"":1735},""3"":{""mean_uv"":1039733,""error_uv"":39733,""pp_uv"":2040},""4"":{""mean_uv"":743026,""error_uv"":-256974,""pp_uv"":171}},{""0"":{""mean_uv"":959987,""error_uv"":-40013,""pp_uv"":22850},""1"":{""mean_uv"":1024303,""error_uv"":24303,""pp_uv"":15583},""2"":{""mean_uv"":1051368,""error_uv"":51368,""pp_uv"":686},""3"":{""mean_uv"":1052570,""error_uv"":52570,""pp_uv"":1144},""4"":{""mean_uv"":743007,""error_uv"":-256993,""pp_uv"":171}},{""0"":{""mean_uv"":962047,""error_uv"":-37953,""pp_uv"":23097},""1"":{""mean_uv"":1021499,""error_uv"":21499,""pp_uv"":20885},""2"":{""mean_uv"":1062717,""error_uv"":62717,""pp_uv"":1850},""3"":{""mean_uv"":1063652,""error_uv"":63652,""pp_uv"":2079},""4"":{""mean_uv"":743026,""error_uv"":-256974,""pp_uv"":209}}]},""codes"":[-8,0,0,0]}"
1,coupled,False,9,2026-09-08T19:51:37,observation,    IDAC0 ABBA low 2 (-8): PGAgain=-40.0mV BPo=+24.3mV OPA_SUMo=+51.4mV SUMo=+52.6mV LPo=-257.0mV,"[-8, 0, 0, 0]",,4,-256974,171,19,"{""at"":""2026-09-08T19:51:37"",""kind"":""observation"",""message"":""    IDAC0 ABBA low 2 (-8): PGAgain=-40.0mV BPo=+24.3mV OPA_SUMo=+51.4mV SUMo=+52.6mV LPo=-257.0mV"",""label"":""IDAC0 ABBA low 2 (-8)"",""observation"":{""errors_uv"":{""0"":-40013,""1"":24303,""2"":51368,""3"":52570,""4"":-256974},""pp_uv"":{""0"":22850,""1"":15583,""2"":1735,""3"":2040,""4"":171},""spread_uv"":{""0"":2098,""1"":6027,""2"":24643,""3"":23919,""4"":19},""samples"":[{""0"":{""mean_uv"":959949,""error_uv"":-40051,""pp_uv"":17147},""1"":{""mean_uv"":1027526,""error_uv"":27526,""pp_uv"":15335},""2"":{""mean_uv"":1038074,""error_uv"":38074,""pp_uv"":1735},""3"":{""mean_uv"":1039733,""error_uv"":39733,""pp_uv"":2040},""4"":{""mean_uv"":743026,""error_uv"":-256974,""pp_uv"":171}},{""0"":{""mean_uv"":959987,""error_uv"":-40013,""pp_uv"":22850},""1"":{""mean_uv"":1024303,""error_uv"":24303,""pp_uv"":15583},""2"":{""mean_uv"":1051368,""error_uv"":51368,""pp_uv"":686},""3"":{""mean_uv"":1052570,""error_uv"":52570,""pp_uv"":1144},""4"":{""mean_uv"":743007,""error_uv"":-256993,""pp_uv"":171}},{""0"":{""mean_uv"":962047,""error_uv"":-37953,""pp_uv"":23097},""1"":{""mean_uv"":1021499,""error_uv"":21499,""pp_uv"":20885},""2"":{""mean_uv"":1062717,""error_uv"":62717,""pp_uv"":1850},""3"":{""mean_uv"":1063652,""error_uv"":63652,""pp_uv"":2079},""4"":{""mean_uv"":743026,""error_uv"":-256974,""pp_uv"":209}}]},""codes"":[-8,0,0,0]}"
1,coupled,False,10,2026-09-08T19:51:53,observation,    IDAC0 rápido restaurado: PGAgain=-13.9mV BPo=-3.1mV OPA_SUMo=+62.9mV SUMo=+62.3mV LPo=-257.1mV,"[0, 0, 0, 0]",,0,-13882,11234,1202,"{""at"":""2026-09-08T19:51:53"",""kind"":""observation"",""message"":""    IDAC0 rápido restaurado: PGAgain=-13.9mV BPo=-3.1mV OPA_SUMo=+62.9mV SUMo=+62.3mV LPo=-257.1mV"",""label"":""IDAC0 rápido restaurado"",""observation"":{""errors_uv"":{""0"":-13882,""1"":-3068,""2"":62927,""3"":62278,""4"":-257050},""pp_uv"":{""0"":11234,""1"":17013,""2"":1602,""3"":1659,""4"":133},""spread_uv"":{""0"":1202,""1"":1278,""2"":3090,""3"":3090,""4"":76},""samples"":[{""0"":{""mean_uv"":985717,""error_uv"":-14283,""pp_uv"":11234},""1"":{""mean_uv"":996303,""error_uv"":-3697,""pp_uv"":17013},""2"":{""mean_uv"":1064682,""error_uv"":64682,""pp_uv"":1602},""3"":{""mean_uv"":1063938,""error_uv"":63938,""pp_uv"":1659},""4"":{""mean_uv"":742950,""error_uv"":-257050,""pp_uv"":209}},{""0"":{""mean_uv"":986118,""error_uv"":-13882,""pp_uv"":16651},""1"":{""mean_uv"":997581,""error_uv"":-2419,""pp_uv"":18692},""2"":{""mean_uv"":1062927,""error_uv"":62927,""pp_uv"":1525},""3"":{""mean_uv"":1062278,""error_uv"":62278,""pp_uv"":1087},""4"":{""mean_uv"":742988,""error_uv"":-257012,""pp_uv"":133}},{""0"":{""mean_uv"":986919,""error_uv"":-13081,""pp_uv"":7190},""1"":{""mean_uv"":996932,""error_uv"":-3068,""pp_uv"":12264},""2"":{""mean_uv"":1061592,""error_uv"":61592,""pp_uv"":1869},""3"":{""mean_uv"":1060848,""error_uv"":60848,""pp_uv"":1792},""4"":{""mean_uv"":742912,""error_uv"":-257088,""pp_uv"":133}}]},""codes"":[0,0,0,0]}"
1,coupled,False,10,2026-09-08T19:51:53,observation,    IDAC0 rápido restaurado: PGAgain=-13.9mV BPo=-3.1mV OPA_SUMo=+62.9mV SUMo=+62.3mV LPo=-257.1mV,"[0, 0, 0, 0]",,1,-3068,17013,1278,"{""at"":""2026-09-08T19:51:53"",""kind"":""observation"",""message"":""    IDAC0 rápido restaurado: PGAgain=-13.9mV BPo=-3.1mV OPA_SUMo=+62.9mV SUMo=+62.3mV LPo=-257.1mV"",""label"":""IDAC0 rápido restaurado"",""observation"":{""errors_uv"":{""0"":-13882,""1"":-3068,""2"":62927,""3"":62278,""4"":-257050},""pp_uv"":{""0"":11234,""1"":17013,""2"":1602,""3"":1659,""4"":133},""spread_uv"":{""0"":1202,""1"":1278,""2"":3090,""3"":3090,""4"":76},""samples"":[{""0"":{""mean_uv"":985717,""error_uv"":-14283,""pp_uv"":11234},""1"":{""mean_uv"":996303,""error_uv"":-3697,""pp_uv"":17013},""2"":{""mean_uv"":1064682,""error_uv"":64682,""pp_uv"":1602},""3"":{""mean_uv"":1063938,""error_uv"":63938,""pp_uv"":1659},""4"":{""mean_uv"":742950,""error_uv"":-257050,""pp_uv"":209}},{""0"":{""mean_uv"":986118,""error_uv"":-13882,""pp_uv"":16651},""1"":{""mean_uv"":997581,""error_uv"":-2419,""pp_uv"":18692},""2"":{""mean_uv"":1062927,""error_uv"":62927,""pp_uv"":1525},""3"":{""mean_uv"":1062278,""error_uv"":62278,""pp_uv"":1087},""4"":{""mean_uv"":742988,""error_uv"":-257012,""pp_uv"":133}},{""0"":{""mean_uv"":986919,""error_uv"":-13081,""pp_uv"":7190},""1"":{""mean_uv"":996932,""error_uv"":-3068,""pp_uv"":12264},""2"":{""mean_uv"":1061592,""error_uv"":61592,""pp_uv"":1869},""3"":{""mean_uv"":1060848,""error_uv"":60848,""pp_uv"":1792},""4"":{""mean_uv"":742912,""error_uv"":-257088,""pp_uv"":133}}]},""codes"":[0,0,0,0]}"
1,coupled,False,10,2026-09-08T19:51:53,observation,    IDAC0 rápido restaurado: PGAgain=-13.9mV BPo=-3.1mV OPA_SUMo=+62.9mV SUMo=+62.3mV LPo=-257.1mV,"[0, 0, 0, 0]",,2,62927,1602,3090,"{""at"":""2026-09-08T19:51:53"",""kind"":""observation"",""message"":""    IDAC0 rápido restaurado: PGAgain=-13.9mV BPo=-3.1mV OPA_SUMo=+62.9mV SUMo=+62.3mV LPo=-257.1mV"",""label"":""IDAC0 rápido restaurado"",""observation"":{""errors_uv"":{""0"":-13882,""1"":-3068,""2"":62927,""3"":62278,""4"":-257050},""pp_uv"":{""0"":11234,""1"":17013,""2"":1602,""3"":1659,""4"":133},""spread_uv"":{""0"":1202,""1"":1278,""2"":3090,""3"":3090,""4"":76},""samples"":[{""0"":{""mean_uv"":985717,""error_uv"":-14283,""pp_uv"":11234},""1"":{""mean_uv"":996303,""error_uv"":-3697,""pp_uv"":17013},""2"":{""mean_uv"":1064682,""error_uv"":64682,""pp_uv"":1602},""3"":{""mean_uv"":1063938,""error_uv"":63938,""pp_uv"":1659},""4"":{""mean_uv"":742950,""error_uv"":-257050,""pp_uv"":209}},{""0"":{""mean_uv"":986118,""error_uv"":-13882,""pp_uv"":16651},""1"":{""mean_uv"":997581,""error_uv"":-2419,""pp_uv"":18692},""2"":{""mean_uv"":1062927,""error_uv"":62927,""pp_uv"":1525},""3"":{""mean_uv"":1062278,""error_uv"":62278,""pp_uv"":1087},""4"":{""mean_uv"":742988,""error_uv"":-257012,""pp_uv"":133}},{""0"":{""mean_uv"":986919,""error_uv"":-13081,""pp_uv"":7190},""1"":{""mean_uv"":996932,""error_uv"":-3068,""pp_uv"":12264},""2"":{""mean_uv"":1061592,""error_uv"":61592,""pp_uv"":1869},""3"":{""mean_uv"":1060848,""error_uv"":60848,""pp_uv"":1792},""4"":{""mean_uv"":742912,""error_uv"":-257088,""pp_uv"":133}}]},""codes"":[0,0,0,0]}"
1,coupled,False,10,2026-09-08T19:51:53,observation,    IDAC0 rápido restaurado: PGAgain=-13.9mV BPo=-3.1mV OPA_SUMo=+62.9mV SUMo=+62.3mV LPo=-257.1mV,"[0, 0, 0, 0]",,3,62278,1659,3090,"{""at"":""2026-09-08T19:51:53"",""kind"":""observation"",""message"":""    IDAC0 rápido restaurado: PGAgain=-13.9mV BPo=-3.1mV OPA_SUMo=+62.9mV SUMo=+62.3mV LPo=-257.1mV"",""label"":""IDAC0 rápido restaurado"",""observation"":{""errors_uv"":{""0"":-13882,""1"":-3068,""2"":62927,""3"":62278,""4"":-257050},""pp_uv"":{""0"":11234,""1"":17013,""2"":1602,""3"":1659,""4"":133},""spread_uv"":{""0"":1202,""1"":1278,""2"":3090,""3"":3090,""4"":76},""samples"":[{""0"":{""mean_uv"":985717,""error_uv"":-14283,""pp_uv"":11234},""1"":{""mean_uv"":996303,""error_uv"":-3697,""pp_uv"":17013},""2"":{""mean_uv"":1064682,""error_uv"":64682,""pp_uv"":1602},""3"":{""mean_uv"":1063938,""error_uv"":63938,""pp_uv"":1659},""4"":{""mean_uv"":742950,""error_uv"":-257050,""pp_uv"":209}},{""0"":{""mean_uv"":986118,""error_uv"":-13882,""pp_uv"":16651},""1"":{""mean_uv"":997581,""error_uv"":-2419,""pp_uv"":18692},""2"":{""mean_uv"":1062927,""error_uv"":62927,""pp_uv"":1525},""3"":{""mean_uv"":1062278,""error_uv"":62278,""pp_uv"":1087},""4"":{""mean_uv"":742988,""error_uv"":-257012,""pp_uv"":133}},{""0"":{""mean_uv"":986919,""error_uv"":-13081,""pp_uv"":7190},""1"":{""mean_uv"":996932,""error_uv"":-3068,""pp_uv"":12264},""2"":{""mean_uv"":1061592,""error_uv"":61592,""pp_uv"":1869},""3"":{""mean_uv"":1060848,""error_uv"":60848,""pp_uv"":1792},""4"":{""mean_uv"":742912,""error_uv"":-257088,""pp_uv"":133}}]},""codes"":[0,0,0,0]}"
1,coupled,False,10,2026-09-08T19:51:53,observation,    IDAC0 rápido restaurado: PGAgain=-13.9mV BPo=-3.1mV OPA_SUMo=+62.9mV SUMo=+62.3mV LPo=-257.1mV,"[0, 0, 0, 0]",,4,-257050,133,76,"{""at"":""2026-09-08T19:51:53"",""kind"":""observation"",""message"":""    IDAC0 rápido restaurado: PGAgain=-13.9mV BPo=-3.1mV OPA_SUMo=+62.9mV SUMo=+62.3mV LPo=-257.1mV"",""label"":""IDAC0 rápido restaurado"",""observation"":{""errors_uv"":{""0"":-13882,""1"":-3068,""2"":62927,""3"":62278,""4"":-257050},""pp_uv"":{""0"":11234,""1"":17013,""2"":1602,""3"":1659,""4"":133},""spread_uv"":{""0"":1202,""1"":1278,""2"":3090,""3"":3090,""4"":76},""samples"":[{""0"":{""mean_uv"":985717,""error_uv"":-14283,""pp_uv"":11234},""1"":{""mean_uv"":996303,""error_uv"":-3697,""pp_uv"":17013},""2"":{""mean_uv"":1064682,""error_uv"":64682,""pp_uv"":1602},""3"":{""mean_uv"":1063938,""error_uv"":63938,""pp_uv"":1659},""4"":{""mean_uv"":742950,""error_uv"":-257050,""pp_uv"":209}},{""0"":{""mean_uv"":986118,""error_uv"":-13882,""pp_uv"":16651},""1"":{""mean_uv"":997581,""error_uv"":-2419,""pp_uv"":18692},""2"":{""mean_uv"":1062927,""error_uv"":62927,""pp_uv"":1525},""3"":{""mean_uv"":1062278,""error_uv"":62278,""pp_uv"":1087},""4"":{""mean_uv"":742988,""error_uv"":-257012,""pp_uv"":133}},{""0"":{""mean_uv"":986919,""error_uv"":-13081,""pp_uv"":7190},""1"":{""mean_uv"":996932,""error_uv"":-3068,""pp_uv"":12264},""2"":{""mean_uv"":1061592,""error_uv"":61592,""pp_uv"":1869},""3"":{""mean_uv"":1060848,""error_uv"":60848,""pp_uv"":1792},""4"":{""mean_uv"":742912,""error_uv"":-257088,""pp_uv"":133}}]},""codes"":[0,0,0,0]}"
1,coupled,False,11,2026-09-08T19:51:53,fast_identification,    IDAC0->ch0: +2856.2uV/código (fiable),"[3, 72, 0, 0]",,,,,,"{""at"":""2026-09-08T19:51:53"",""kind"":""fast_identification"",""message"":""    IDAC0->ch0: +2856.2uV/código (fiable)"",""stage"":0,""channel"":0,""low"":-8,""high"":8,""slope_uv_per_code"":2856.25,""effect_uv"":45700.0,""forward_effect_uv"":45185.0,""reverse_effect_uv"":46215.0,""reliable_effect_uv"":45185.0,""noise_uv"":2098,""threshold_uv"":12588.0,""same_sign"":true,""magnitude_ratio"":0.9777128637888132,""reliable"":true}"
1,coupled,False,12,2026-09-08T19:51:53,fast_pi,    PI rápido IDAC0 0->3,"[3, 72, 0, 0]",,,,,,"{""at"":""2026-09-08T19:51:53"",""kind"":""fast_pi"",""message"":""    PI rápido IDAC0 0->3"",""cycle"":0,""error_uv"":-13882,""slope_uv_per_code"":2856.25}"
1,coupled,False,13,2026-09-08T19:52:09,observation,    microajuste rápido: PGAgain=-6.3mV BPo=-7.6mV OPA_SUMo=+49.3mV SUMo=+48.3mV LPo=-257.0mV,"[3, 0, 0, 0]",,0,-6253,12187,1201,"{""at"":""2026-09-08T19:52:09"",""kind"":""observation"",""message"":""    microajuste rápido: PGAgain=-6.3mV BPo=-7.6mV OPA_SUMo=+49.3mV SUMo=+48.3mV LPo=-257.0mV"",""label"":""microajuste rápido"",""observation"":{""errors_uv"":{""0"":-6253,""1"":-7588,""2"":49270,""3"":48278,""4"":-257031},""pp_uv"":{""0"":12187,""1"":13809,""2"":1068,""3"":1640,""4"":171},""spread_uv"":{""0"":1201,""1"":2021,""2"":7725,""3"":7458,""4"":57},""samples"":[{""0"":{""mean_uv"":993747,""error_uv"":-6253,""pp_uv"":10814},""1"":{""mean_uv"":992031,""error_uv"":-7969,""pp_uv"":9193},""2"":{""mean_uv"":1053428,""error_uv"":53428,""pp_uv"":686},""3"":{""mean_uv"":1052246,""error_uv"":52246,""pp_uv"":1697},""4"":{""mean_uv"":743007,""error_uv"":-256993,""pp_uv"":114}},{""0"":{""mean_uv"":993595,""error_uv"":-6405,""pp_uv"":12187},""1"":{""mean_uv"":992412,""error_uv"":-7588,""pp_uv"":19340},""2"":{""mean_uv"":1049270,""error_uv"":49270,""pp_uv"":2212},""3"":{""mean_uv"":1048278,""error_uv"":48278,""pp_uv"":1640},""4"":{""mean_uv"":742950,""error_uv"":-257050,""pp_uv"":171}},{""0"":{""mean_uv"":994796,""error_uv"":-5204,""pp_uv"":15583},""1"":{""mean_uv"":994052,""error_uv"":-5948,""pp_uv"":13809},""2"":{""mean_uv"":1045703,""error_uv"":45703,""pp_uv"":1068},""3"":{""mean_uv"":1044788,""error_uv"":44788,""pp_uv"":1049},""4"":{""mean_uv"":742969,""error_uv"":-257031,""pp_uv"":171}}]},""codes"":[3,0,0,0]}"
1,coupled,False,13,2026-09-08T19:52:09,observation,    microajuste rápido: PGAgain=-6.3mV BPo=-7.6mV OPA_SUMo=+49.3mV SUMo=+48.3mV LPo=-257.0mV,"[3, 0, 0, 0]",,1,-7588,13809,2021,"{""at"":""2026-09-08T19:52:09"",""kind"":""observation"",""message"":""    microajuste rápido: PGAgain=-6.3mV BPo=-7.6mV OPA_SUMo=+49.3mV SUMo=+48.3mV LPo=-257.0mV"",""label"":""microajuste rápido"",""observation"":{""errors_uv"":{""0"":-6253,""1"":-7588,""2"":49270,""3"":48278,""4"":-257031},""pp_uv"":{""0"":12187,""1"":13809,""2"":1068,""3"":1640,""4"":171},""spread_uv"":{""0"":1201,""1"":2021,""2"":7725,""3"":7458,""4"":57},""samples"":[{""0"":{""mean_uv"":993747,""error_uv"":-6253,""pp_uv"":10814},""1"":{""mean_uv"":992031,""error_uv"":-7969,""pp_uv"":9193},""2"":{""mean_uv"":1053428,""error_uv"":53428,""pp_uv"":686},""3"":{""mean_uv"":1052246,""error_uv"":52246,""pp_uv"":1697},""4"":{""mean_uv"":743007,""error_uv"":-256993,""pp_uv"":114}},{""0"":{""mean_uv"":993595,""error_uv"":-6405,""pp_uv"":12187},""1"":{""mean_uv"":992412,""error_uv"":-7588,""pp_uv"":19340},""2"":{""mean_uv"":1049270,""error_uv"":49270,""pp_uv"":2212},""3"":{""mean_uv"":1048278,""error_uv"":48278,""pp_uv"":1640},""4"":{""mean_uv"":742950,""error_uv"":-257050,""pp_uv"":171}},{""0"":{""mean_uv"":994796,""error_uv"":-5204,""pp_uv"":15583},""1"":{""mean_uv"":994052,""error_uv"":-5948,""pp_uv"":13809},""2"":{""mean_uv"":1045703,""error_uv"":45703,""pp_uv"":1068},""3"":{""mean_uv"":1044788,""error_uv"":44788,""pp_uv"":1049},""4"":{""mean_uv"":742969,""error_uv"":-257031,""pp_uv"":171}}]},""codes"":[3,0,0,0]}"
1,coupled,False,13,2026-09-08T19:52:09,observation,    microajuste rápido: PGAgain=-6.3mV BPo=-7.6mV OPA_SUMo=+49.3mV SUMo=+48.3mV LPo=-257.0mV,"[3, 0, 0, 0]",,2,49270,1068,7725,"{""at"":""2026-09-08T19:52:09"",""kind"":""observation"",""message"":""    microajuste rápido: PGAgain=-6.3mV BPo=-7.6mV OPA_SUMo=+49.3mV SUMo=+48.3mV LPo=-257.0mV"",""label"":""microajuste rápido"",""observation"":{""errors_uv"":{""0"":-6253,""1"":-7588,""2"":49270,""3"":48278,""4"":-257031},""pp_uv"":{""0"":12187,""1"":13809,""2"":1068,""3"":1640,""4"":171},""spread_uv"":{""0"":1201,""1"":2021,""2"":7725,""3"":7458,""4"":57},""samples"":[{""0"":{""mean_uv"":993747,""error_uv"":-6253,""pp_uv"":10814},""1"":{""mean_uv"":992031,""error_uv"":-7969,""pp_uv"":9193},""2"":{""mean_uv"":1053428,""error_uv"":53428,""pp_uv"":686},""3"":{""mean_uv"":1052246,""error_uv"":52246,""pp_uv"":1697},""4"":{""mean_uv"":743007,""error_uv"":-256993,""pp_uv"":114}},{""0"":{""mean_uv"":993595,""error_uv"":-6405,""pp_uv"":12187},""1"":{""mean_uv"":992412,""error_uv"":-7588,""pp_uv"":19340},""2"":{""mean_uv"":1049270,""error_uv"":49270,""pp_uv"":2212},""3"":{""mean_uv"":1048278,""error_uv"":48278,""pp_uv"":1640},""4"":{""mean_uv"":742950,""error_uv"":-257050,""pp_uv"":171}},{""0"":{""mean_uv"":994796,""error_uv"":-5204,""pp_uv"":15583},""1"":{""mean_uv"":994052,""error_uv"":-5948,""pp_uv"":13809},""2"":{""mean_uv"":1045703,""error_uv"":45703,""pp_uv"":1068},""3"":{""mean_uv"":1044788,""error_uv"":44788,""pp_uv"":1049},""4"":{""mean_uv"":742969,""error_uv"":-257031,""pp_uv"":171}}]},""codes"":[3,0,0,0]}"
1,coupled,False,13,2026-09-08T19:52:09,observation,    microajuste rápido: PGAgain=-6.3mV BPo=-7.6mV OPA_SUMo=+49.3mV SUMo=+48.3mV LPo=-257.0mV,"[3, 0, 0, 0]",,3,48278,1640,7458,"{""at"":""2026-09-08T19:52:09"",""kind"":""observation"",""message"":""    microajuste rápido: PGAgain=-6.3mV BPo=-7.6mV OPA_SUMo=+49.3mV SUMo=+48.3mV LPo=-257.0mV"",""label"":""microajuste rápido"",""observation"":{""errors_uv"":{""0"":-6253,""1"":-7588,""2"":49270,""3"":48278,""4"":-257031},""pp_uv"":{""0"":12187,""1"":13809,""2"":1068,""3"":1640,""4"":171},""spread_uv"":{""0"":1201,""1"":2021,""2"":7725,""3"":7458,""4"":57},""samples"":[{""0"":{""mean_uv"":993747,""error_uv"":-6253,""pp_uv"":10814},""1"":{""mean_uv"":992031,""error_uv"":-7969,""pp_uv"":9193},""2"":{""mean_uv"":1053428,""error_uv"":53428,""pp_uv"":686},""3"":{""mean_uv"":1052246,""error_uv"":52246,""pp_uv"":1697},""4"":{""mean_uv"":743007,""error_uv"":-256993,""pp_uv"":114}},{""0"":{""mean_uv"":993595,""error_uv"":-6405,""pp_uv"":12187},""1"":{""mean_uv"":992412,""error_uv"":-7588,""pp_uv"":19340},""2"":{""mean_uv"":1049270,""error_uv"":49270,""pp_uv"":2212},""3"":{""mean_uv"":1048278,""error_uv"":48278,""pp_uv"":1640},""4"":{""mean_uv"":742950,""error_uv"":-257050,""pp_uv"":171}},{""0"":{""mean_uv"":994796,""error_uv"":-5204,""pp_uv"":15583},""1"":{""mean_uv"":994052,""error_uv"":-5948,""pp_uv"":13809},""2"":{""mean_uv"":1045703,""error_uv"":45703,""pp_uv"":1068},""3"":{""mean_uv"":1044788,""error_uv"":44788,""pp_uv"":1049},""4"":{""mean_uv"":742969,""error_uv"":-257031,""pp_uv"":171}}]},""codes"":[3,0,0,0]}"
1,coupled,False,13,2026-09-08T19:52:09,observation,    microajuste rápido: PGAgain=-6.3mV BPo=-7.6mV OPA_SUMo=+49.3mV SUMo=+48.3mV LPo=-257.0mV,"[3, 0, 0, 0]",,4,-257031,171,57,"{""at"":""2026-09-08T19:52:09"",""kind"":""observation"",""message"":""    microajuste rápido: PGAgain=-6.3mV BPo=-7.6mV OPA_SUMo=+49.3mV SUMo=+48.3mV LPo=-257.0mV"",""label"":""microajuste rápido"",""observation"":{""errors_uv"":{""0"":-6253,""1"":-7588,""2"":49270,""3"":48278,""4"":-257031},""pp_uv"":{""0"":12187,""1"":13809,""2"":1068,""3"":1640,""4"":171},""spread_uv"":{""0"":1201,""1"":2021,""2"":7725,""3"":7458,""4"":57},""samples"":[{""0"":{""mean_uv"":993747,""error_uv"":-6253,""pp_uv"":10814},""1"":{""mean_uv"":992031,""error_uv"":-7969,""pp_uv"":9193},""2"":{""mean_uv"":1053428,""error_uv"":53428,""pp_uv"":686},""3"":{""mean_uv"":1052246,""error_uv"":52246,""pp_uv"":1697},""4"":{""mean_uv"":743007,""error_uv"":-256993,""pp_uv"":114}},{""0"":{""mean_uv"":993595,""error_uv"":-6405,""pp_uv"":12187},""1"":{""mean_uv"":992412,""error_uv"":-7588,""pp_uv"":19340},""2"":{""mean_uv"":1049270,""error_uv"":49270,""pp_uv"":2212},""3"":{""mean_uv"":1048278,""error_uv"":48278,""pp_uv"":1640},""4"":{""mean_uv"":742950,""error_uv"":-257050,""pp_uv"":171}},{""0"":{""mean_uv"":994796,""error_uv"":-5204,""pp_uv"":15583},""1"":{""mean_uv"":994052,""error_uv"":-5948,""pp_uv"":13809},""2"":{""mean_uv"":1045703,""error_uv"":45703,""pp_uv"":1068},""3"":{""mean_uv"":1044788,""error_uv"":44788,""pp_uv"":1049},""4"":{""mean_uv"":742969,""error_uv"":-257031,""pp_uv"":171}}]},""codes"":[3,0,0,0]}"
1,coupled,False,14,2026-09-08T19:52:20,observation,    base para bracket BP->SUM: PGAgain=-6.2mV BPo=-5.0mV OPA_SUMo=+40.5mV SUMo=+40.0mV LPo=-257.1mV,"[3, 0, 0, 0]",,0,-6215,13027,687,"{""at"":""2026-09-08T19:52:20"",""kind"":""observation"",""message"":""    base para bracket BP->SUM: PGAgain=-6.2mV BPo=-5.0mV OPA_SUMo=+40.5mV SUMo=+40.0mV LPo=-257.1mV"",""label"":""base para bracket BP->SUM"",""observation"":{""errors_uv"":{""0"":-6215,""1"":-4956,""2"":40496,""3"":39981,""4"":-257088},""pp_uv"":{""0"":13027,""1"":17166,""2"":1487,""3"":1678,""4"":190},""spread_uv"":{""0"":687,""1"":1126,""2"":5035,""3"":5055,""4"":133},""samples"":[{""0"":{""mean_uv"":993957,""error_uv"":-6043,""pp_uv"":13027},""1"":{""mean_uv"":993995,""error_uv"":-6005,""pp_uv"":17166},""2"":{""mean_uv"":1043281,""error_uv"":43281,""pp_uv"":1678},""3"":{""mean_uv"":1042690,""error_uv"":42690,""pp_uv"":1678},""4"":{""mean_uv"":742912,""error_uv"":-257088,""pp_uv"":171}},{""0"":{""mean_uv"":993785,""error_uv"":-6215,""pp_uv"":16841},""1"":{""mean_uv"":995044,""error_uv"":-4956,""pp_uv"":18119},""2"":{""mean_uv"":1040496,""error_uv"":40496,""pp_uv"":1220},""3"":{""mean_uv"":1039981,""error_uv"":39981,""pp_uv"":762},""4"":{""mean_uv"":742988,""error_uv"":-257012,""pp_uv"":190}},{""0"":{""mean_uv"":993270,""error_uv"":-6730,""pp_uv"":5245},""1"":{""mean_uv"":995121,""error_uv"":-4879,""pp_uv"":10147},""2"":{""mean_uv"":1038246,""error_uv"":38246,""pp_uv"":1487},""3"":{""mean_uv"":1037635,""error_uv"":37635,""pp_uv"":1716},""4"":{""mean_uv"":742855,""error_uv"":-257145,""pp_uv"":190}}]},""codes"":[3,0,0,0]}"
1,coupled,False,14,2026-09-08T19:52:20,observation,    base para bracket BP->SUM: PGAgain=-6.2mV BPo=-5.0mV OPA_SUMo=+40.5mV SUMo=+40.0mV LPo=-257.1mV,"[3, 0, 0, 0]",,1,-4956,17166,1126,"{""at"":""2026-09-08T19:52:20"",""kind"":""observation"",""message"":""    base para bracket BP->SUM: PGAgain=-6.2mV BPo=-5.0mV OPA_SUMo=+40.5mV SUMo=+40.0mV LPo=-257.1mV"",""label"":""base para bracket BP->SUM"",""observation"":{""errors_uv"":{""0"":-6215,""1"":-4956,""2"":40496,""3"":39981,""4"":-257088},""pp_uv"":{""0"":13027,""1"":17166,""2"":1487,""3"":1678,""4"":190},""spread_uv"":{""0"":687,""1"":1126,""2"":5035,""3"":5055,""4"":133},""samples"":[{""0"":{""mean_uv"":993957,""error_uv"":-6043,""pp_uv"":13027},""1"":{""mean_uv"":993995,""error_uv"":-6005,""pp_uv"":17166},""2"":{""mean_uv"":1043281,""error_uv"":43281,""pp_uv"":1678},""3"":{""mean_uv"":1042690,""error_uv"":42690,""pp_uv"":1678},""4"":{""mean_uv"":742912,""error_uv"":-257088,""pp_uv"":171}},{""0"":{""mean_uv"":993785,""error_uv"":-6215,""pp_uv"":16841},""1"":{""mean_uv"":995044,""error_uv"":-4956,""pp_uv"":18119},""2"":{""mean_uv"":1040496,""error_uv"":40496,""pp_uv"":1220},""3"":{""mean_uv"":1039981,""error_uv"":39981,""pp_uv"":762},""4"":{""mean_uv"":742988,""error_uv"":-257012,""pp_uv"":190}},{""0"":{""mean_uv"":993270,""error_uv"":-6730,""pp_uv"":5245},""1"":{""mean_uv"":995121,""error_uv"":-4879,""pp_uv"":10147},""2"":{""mean_uv"":1038246,""error_uv"":38246,""pp_uv"":1487},""3"":{""mean_uv"":1037635,""error_uv"":37635,""pp_uv"":1716},""4"":{""mean_uv"":742855,""error_uv"":-257145,""pp_uv"":190}}]},""codes"":[3,0,0,0]}"
1,coupled,False,14,2026-09-08T19:52:20,observation,    base para bracket BP->SUM: PGAgain=-6.2mV BPo=-5.0mV OPA_SUMo=+40.5mV SUMo=+40.0mV LPo=-257.1mV,"[3, 0, 0, 0]",,2,40496,1487,5035,"{""at"":""2026-09-08T19:52:20"",""kind"":""observation"",""message"":""    base para bracket BP->SUM: PGAgain=-6.2mV BPo=-5.0mV OPA_SUMo=+40.5mV SUMo=+40.0mV LPo=-257.1mV"",""label"":""base para bracket BP->SUM"",""observation"":{""errors_uv"":{""0"":-6215,""1"":-4956,""2"":40496,""3"":39981,""4"":-257088},""pp_uv"":{""0"":13027,""1"":17166,""2"":1487,""3"":1678,""4"":190},""spread_uv"":{""0"":687,""1"":1126,""2"":5035,""3"":5055,""4"":133},""samples"":[{""0"":{""mean_uv"":993957,""error_uv"":-6043,""pp_uv"":13027},""1"":{""mean_uv"":993995,""error_uv"":-6005,""pp_uv"":17166},""2"":{""mean_uv"":1043281,""error_uv"":43281,""pp_uv"":1678},""3"":{""mean_uv"":1042690,""error_uv"":42690,""pp_uv"":1678},""4"":{""mean_uv"":742912,""error_uv"":-257088,""pp_uv"":171}},{""0"":{""mean_uv"":993785,""error_uv"":-6215,""pp_uv"":16841},""1"":{""mean_uv"":995044,""error_uv"":-4956,""pp_uv"":18119},""2"":{""mean_uv"":1040496,""error_uv"":40496,""pp_uv"":1220},""3"":{""mean_uv"":1039981,""error_uv"":39981,""pp_uv"":762},""4"":{""mean_uv"":742988,""error_uv"":-257012,""pp_uv"":190}},{""0"":{""mean_uv"":993270,""error_uv"":-6730,""pp_uv"":5245},""1"":{""mean_uv"":995121,""error_uv"":-4879,""pp_uv"":10147},""2"":{""mean_uv"":1038246,""error_uv"":38246,""pp_uv"":1487},""3"":{""mean_uv"":1037635,""error_uv"":37635,""pp_uv"":1716},""4"":{""mean_uv"":742855,""error_uv"":-257145,""pp_uv"":190}}]},""codes"":[3,0,0,0]}"
1,coupled,False,14,2026-09-08T19:52:20,observation,    base para bracket BP->SUM: PGAgain=-6.2mV BPo=-5.0mV OPA_SUMo=+40.5mV SUMo=+40.0mV LPo=-257.1mV,"[3, 0, 0, 0]",,3,39981,1678,5055,"{""at"":""2026-09-08T19:52:20"",""kind"":""observation"",""message"":""    base para bracket BP->SUM: PGAgain=-6.2mV BPo=-5.0mV OPA_SUMo=+40.5mV SUMo=+40.0mV LPo=-257.1mV"",""label"":""base para bracket BP->SUM"",""observation"":{""errors_uv"":{""0"":-6215,""1"":-4956,""2"":40496,""3"":39981,""4"":-257088},""pp_uv"":{""0"":13027,""1"":17166,""2"":1487,""3"":1678,""4"":190},""spread_uv"":{""0"":687,""1"":1126,""2"":5035,""3"":5055,""4"":133},""samples"":[{""0"":{""mean_uv"":993957,""error_uv"":-6043,""pp_uv"":13027},""1"":{""mean_uv"":993995,""error_uv"":-6005,""pp_uv"":17166},""2"":{""mean_uv"":1043281,""error_uv"":43281,""pp_uv"":1678},""3"":{""mean_uv"":1042690,""error_uv"":42690,""pp_uv"":1678},""4"":{""mean_uv"":742912,""error_uv"":-257088,""pp_uv"":171}},{""0"":{""mean_uv"":993785,""error_uv"":-6215,""pp_uv"":16841},""1"":{""mean_uv"":995044,""error_uv"":-4956,""pp_uv"":18119},""2"":{""mean_uv"":1040496,""error_uv"":40496,""pp_uv"":1220},""3"":{""mean_uv"":1039981,""error_uv"":39981,""pp_uv"":762},""4"":{""mean_uv"":742988,""error_uv"":-257012,""pp_uv"":190}},{""0"":{""mean_uv"":993270,""error_uv"":-6730,""pp_uv"":5245},""1"":{""mean_uv"":995121,""error_uv"":-4879,""pp_uv"":10147},""2"":{""mean_uv"":1038246,""error_uv"":38246,""pp_uv"":1487},""3"":{""mean_uv"":1037635,""error_uv"":37635,""pp_uv"":1716},""4"":{""mean_uv"":742855,""error_uv"":-257145,""pp_uv"":190}}]},""codes"":[3,0,0,0]}"
1,coupled,False,14,2026-09-08T19:52:20,observation,    base para bracket BP->SUM: PGAgain=-6.2mV BPo=-5.0mV OPA_SUMo=+40.5mV SUMo=+40.0mV LPo=-257.1mV,"[3, 0, 0, 0]",,4,-257088,190,133,"{""at"":""2026-09-08T19:52:20"",""kind"":""observation"",""message"":""    base para bracket BP->SUM: PGAgain=-6.2mV BPo=-5.0mV OPA_SUMo=+40.5mV SUMo=+40.0mV LPo=-257.1mV"",""label"":""base para bracket BP->SUM"",""observation"":{""errors_uv"":{""0"":-6215,""1"":-4956,""2"":40496,""3"":39981,""4"":-257088},""pp_uv"":{""0"":13027,""1"":17166,""2"":1487,""3"":1678,""4"":190},""spread_uv"":{""0"":687,""1"":1126,""2"":5035,""3"":5055,""4"":133},""samples"":[{""0"":{""mean_uv"":993957,""error_uv"":-6043,""pp_uv"":13027},""1"":{""mean_uv"":993995,""error_uv"":-6005,""pp_uv"":17166},""2"":{""mean_uv"":1043281,""error_uv"":43281,""pp_uv"":1678},""3"":{""mean_uv"":1042690,""error_uv"":42690,""pp_uv"":1678},""4"":{""mean_uv"":742912,""error_uv"":-257088,""pp_uv"":171}},{""0"":{""mean_uv"":993785,""error_uv"":-6215,""pp_uv"":16841},""1"":{""mean_uv"":995044,""error_uv"":-4956,""pp_uv"":18119},""2"":{""mean_uv"":1040496,""error_uv"":40496,""pp_uv"":1220},""3"":{""mean_uv"":1039981,""error_uv"":39981,""pp_uv"":762},""4"":{""mean_uv"":742988,""error_uv"":-257012,""pp_uv"":190}},{""0"":{""mean_uv"":993270,""error_uv"":-6730,""pp_uv"":5245},""1"":{""mean_uv"":995121,""error_uv"":-4879,""pp_uv"":10147},""2"":{""mean_uv"":1038246,""error_uv"":38246,""pp_uv"":1487},""3"":{""mean_uv"":1037635,""error_uv"":37635,""pp_uv"":1716},""4"":{""mean_uv"":742855,""error_uv"":-257145,""pp_uv"":190}}]},""codes"":[3,0,0,0]}"
1,coupled,False,15,2026-09-08T19:52:42,observation,    bracket IDAC1=-12: PGAgain=-7.3mV BPo=-4.3mV OPA_SUMo=+27.5mV SUMo=+26.8mV LPo=-257.1mV,"[3, -12, 0, 0]",,0,-7321,3013,1011,"{""at"":""2026-09-08T19:52:42"",""kind"":""observation"",""message"":""    bracket IDAC1=-12: PGAgain=-7.3mV BPo=-4.3mV OPA_SUMo=+27.5mV SUMo=+26.8mV LPo=-257.1mV"",""label"":""bracket IDAC1=-12"",""observation"":{""errors_uv"":{""0"":-7321,""1"":-4288,""2"":27488,""3"":26821,""4"":-257050},""pp_uv"":{""0"":3013,""1"":4482,""2"":743,""3"":648,""4"":228},""spread_uv"":{""0"":1011,""1"":591,""2"":3109,""3"":2842,""4"":114},""samples"":[{""0"":{""mean_uv"":992565,""error_uv"":-7435,""pp_uv"":3967},""1"":{""mean_uv"":995712,""error_uv"":-4288,""pp_uv"":4558},""2"":{""mean_uv"":1029148,""error_uv"":29148,""pp_uv"":724},""3"":{""mean_uv"":1028251,""error_uv"":28251,""pp_uv"":648},""4"":{""mean_uv"":742931,""error_uv"":-257069,""pp_uv"":133}},{""0"":{""mean_uv"":993576,""error_uv"":-6424,""pp_uv"":2937},""1"":{""mean_uv"":995979,""error_uv"":-4021,""pp_uv"":4482},""2"":{""mean_uv"":1027488,""error_uv"":27488,""pp_uv"":743},""3"":{""mean_uv"":1026821,""error_uv"":26821,""pp_uv"":610},""4"":{""mean_uv"":743045,""error_uv"":-256955,""pp_uv"":228}},{""0"":{""mean_uv"":992679,""error_uv"":-7321,""pp_uv"":3013},""1"":{""mean_uv"":995388,""error_uv"":-4612,""pp_uv"":3623},""2"":{""mean_uv"":1026039,""error_uv"":26039,""pp_uv"":801},""3"":{""mean_uv"":1025409,""error_uv"":25409,""pp_uv"":648},""4"":{""mean_uv"":742950,""error_uv"":-257050,""pp_uv"":247}}]},""codes"":[3,-12,0,0]}"
1,coupled,False,15,2026-09-08T19:52:42,observation,    bracket IDAC1=-12: PGAgain=-7.3mV BPo=-4.3mV OPA_SUMo=+27.5mV SUMo=+26.8mV LPo=-257.1mV,"[3, -12, 0, 0]",,1,-4288,4482,591,"{""at"":""2026-09-08T19:52:42"",""kind"":""observation"",""message"":""    bracket IDAC1=-12: PGAgain=-7.3mV BPo=-4.3mV OPA_SUMo=+27.5mV SUMo=+26.8mV LPo=-257.1mV"",""label"":""bracket IDAC1=-12"",""observation"":{""errors_uv"":{""0"":-7321,""1"":-4288,""2"":27488,""3"":26821,""4"":-257050},""pp_uv"":{""0"":3013,""1"":4482,""2"":743,""3"":648,""4"":228},""spread_uv"":{""0"":1011,""1"":591,""2"":3109,""3"":2842,""4"":114},""samples"":[{""0"":{""mean_uv"":992565,""error_uv"":-7435,""pp_uv"":3967},""1"":{""mean_uv"":995712,""error_uv"":-4288,""pp_uv"":4558},""2"":{""mean_uv"":1029148,""error_uv"":29148,""pp_uv"":724},""3"":{""mean_uv"":1028251,""error_uv"":28251,""pp_uv"":648},""4"":{""mean_uv"":742931,""error_uv"":-257069,""pp_uv"":133}},{""0"":{""mean_uv"":993576,""error_uv"":-6424,""pp_uv"":2937},""1"":{""mean_uv"":995979,""error_uv"":-4021,""pp_uv"":4482},""2"":{""mean_uv"":1027488,""error_uv"":27488,""pp_uv"":743},""3"":{""mean_uv"":1026821,""error_uv"":26821,""pp_uv"":610},""4"":{""mean_uv"":743045,""error_uv"":-256955,""pp_uv"":228}},{""0"":{""mean_uv"":992679,""error_uv"":-7321,""pp_uv"":3013},""1"":{""mean_uv"":995388,""error_uv"":-4612,""pp_uv"":3623},""2"":{""mean_uv"":1026039,""error_uv"":26039,""pp_uv"":801},""3"":{""mean_uv"":1025409,""error_uv"":25409,""pp_uv"":648},""4"":{""mean_uv"":742950,""error_uv"":-257050,""pp_uv"":247}}]},""codes"":[3,-12,0,0]}"
1,coupled,False,15,2026-09-08T19:52:42,observation,    bracket IDAC1=-12: PGAgain=-7.3mV BPo=-4.3mV OPA_SUMo=+27.5mV SUMo=+26.8mV LPo=-257.1mV,"[3, -12, 0, 0]",,2,27488,743,3109,"{""at"":""2026-09-08T19:52:42"",""kind"":""observation"",""message"":""    bracket IDAC1=-12: PGAgain=-7.3mV BPo=-4.3mV OPA_SUMo=+27.5mV SUMo=+26.8mV LPo=-257.1mV"",""label"":""bracket IDAC1=-12"",""observation"":{""errors_uv"":{""0"":-7321,""1"":-4288,""2"":27488,""3"":26821,""4"":-257050},""pp_uv"":{""0"":3013,""1"":4482,""2"":743,""3"":648,""4"":228},""spread_uv"":{""0"":1011,""1"":591,""2"":3109,""3"":2842,""4"":114},""samples"":[{""0"":{""mean_uv"":992565,""error_uv"":-7435,""pp_uv"":3967},""1"":{""mean_uv"":995712,""error_uv"":-4288,""pp_uv"":4558},""2"":{""mean_uv"":1029148,""error_uv"":29148,""pp_uv"":724},""3"":{""mean_uv"":1028251,""error_uv"":28251,""pp_uv"":648},""4"":{""mean_uv"":742931,""error_uv"":-257069,""pp_uv"":133}},{""0"":{""mean_uv"":993576,""error_uv"":-6424,""pp_uv"":2937},""1"":{""mean_uv"":995979,""error_uv"":-4021,""pp_uv"":4482},""2"":{""mean_uv"":1027488,""error_uv"":27488,""pp_uv"":743},""3"":{""mean_uv"":1026821,""error_uv"":26821,""pp_uv"":610},""4"":{""mean_uv"":743045,""error_uv"":-256955,""pp_uv"":228}},{""0"":{""mean_uv"":992679,""error_uv"":-7321,""pp_uv"":3013},""1"":{""mean_uv"":995388,""error_uv"":-4612,""pp_uv"":3623},""2"":{""mean_uv"":1026039,""error_uv"":26039,""pp_uv"":801},""3"":{""mean_uv"":1025409,""error_uv"":25409,""pp_uv"":648},""4"":{""mean_uv"":742950,""error_uv"":-257050,""pp_uv"":247}}]},""codes"":[3,-12,0,0]}"
1,coupled,False,15,2026-09-08T19:52:42,observation,    bracket IDAC1=-12: PGAgain=-7.3mV BPo=-4.3mV OPA_SUMo=+27.5mV SUMo=+26.8mV LPo=-257.1mV,"[3, -12, 0, 0]",,3,26821,648,2842,"{""at"":""2026-09-08T19:52:42"",""kind"":""observation"",""message"":""    bracket IDAC1=-12: PGAgain=-7.3mV BPo=-4.3mV OPA_SUMo=+27.5mV SUMo=+26.8mV LPo=-257.1mV"",""label"":""bracket IDAC1=-12"",""observation"":{""errors_uv"":{""0"":-7321,""1"":-4288,""2"":27488,""3"":26821,""4"":-257050},""pp_uv"":{""0"":3013,""1"":4482,""2"":743,""3"":648,""4"":228},""spread_uv"":{""0"":1011,""1"":591,""2"":3109,""3"":2842,""4"":114},""samples"":[{""0"":{""mean_uv"":992565,""error_uv"":-7435,""pp_uv"":3967},""1"":{""mean_uv"":995712,""error_uv"":-4288,""pp_uv"":4558},""2"":{""mean_uv"":1029148,""error_uv"":29148,""pp_uv"":724},""3"":{""mean_uv"":1028251,""error_uv"":28251,""pp_uv"":648},""4"":{""mean_uv"":742931,""error_uv"":-257069,""pp_uv"":133}},{""0"":{""mean_uv"":993576,""error_uv"":-6424,""pp_uv"":2937},""1"":{""mean_uv"":995979,""error_uv"":-4021,""pp_uv"":4482},""2"":{""mean_uv"":1027488,""error_uv"":27488,""pp_uv"":743},""3"":{""mean_uv"":1026821,""error_uv"":26821,""pp_uv"":610},""4"":{""mean_uv"":743045,""error_uv"":-256955,""pp_uv"":228}},{""0"":{""mean_uv"":992679,""error_uv"":-7321,""pp_uv"":3013},""1"":{""mean_uv"":995388,""error_uv"":-4612,""pp_uv"":3623},""2"":{""mean_uv"":1026039,""error_uv"":26039,""pp_uv"":801},""3"":{""mean_uv"":1025409,""error_uv"":25409,""pp_uv"":648},""4"":{""mean_uv"":742950,""error_uv"":-257050,""pp_uv"":247}}]},""codes"":[3,-12,0,0]}"
1,coupled,False,15,2026-09-08T19:52:42,observation,    bracket IDAC1=-12: PGAgain=-7.3mV BPo=-4.3mV OPA_SUMo=+27.5mV SUMo=+26.8mV LPo=-257.1mV,"[3, -12, 0, 0]",,4,-257050,228,114,"{""at"":""2026-09-08T19:52:42"",""kind"":""observation"",""message"":""    bracket IDAC1=-12: PGAgain=-7.3mV BPo=-4.3mV OPA_SUMo=+27.5mV SUMo=+26.8mV LPo=-257.1mV"",""label"":""bracket IDAC1=-12"",""observation"":{""errors_uv"":{""0"":-7321,""1"":-4288,""2"":27488,""3"":26821,""4"":-257050},""pp_uv"":{""0"":3013,""1"":4482,""2"":743,""3"":648,""4"":228},""spread_uv"":{""0"":1011,""1"":591,""2"":3109,""3"":2842,""4"":114},""samples"":[{""0"":{""mean_uv"":992565,""error_uv"":-7435,""pp_uv"":3967},""1"":{""mean_uv"":995712,""error_uv"":-4288,""pp_uv"":4558},""2"":{""mean_uv"":1029148,""error_uv"":29148,""pp_uv"":724},""3"":{""mean_uv"":1028251,""error_uv"":28251,""pp_uv"":648},""4"":{""mean_uv"":742931,""error_uv"":-257069,""pp_uv"":133}},{""0"":{""mean_uv"":993576,""error_uv"":-6424,""pp_uv"":2937},""1"":{""mean_uv"":995979,""error_uv"":-4021,""pp_uv"":4482},""2"":{""mean_uv"":1027488,""error_uv"":27488,""pp_uv"":743},""3"":{""mean_uv"":1026821,""error_uv"":26821,""pp_uv"":610},""4"":{""mean_uv"":743045,""error_uv"":-256955,""pp_uv"":228}},{""0"":{""mean_uv"":992679,""error_uv"":-7321,""pp_uv"":3013},""1"":{""mean_uv"":995388,""error_uv"":-4612,""pp_uv"":3623},""2"":{""mean_uv"":1026039,""error_uv"":26039,""pp_uv"":801},""3"":{""mean_uv"":1025409,""error_uv"":25409,""pp_uv"":648},""4"":{""mean_uv"":742950,""error_uv"":-257050,""pp_uv"":247}}]},""codes"":[3,-12,0,0]}"
1,coupled,False,16,2026-09-08T19:53:06,observation,    bracket IDAC1=12: PGAgain=-6.2mV BPo=+1.5mV OPA_SUMo=+26.8mV SUMo=+26.6mV LPo=-257.0mV,"[3, 12, 0, 0]",,0,-6234,3280,1030,"{""at"":""2026-09-08T19:53:06"",""kind"":""observation"",""message"":""    bracket IDAC1=12: PGAgain=-6.2mV BPo=+1.5mV OPA_SUMo=+26.8mV SUMo=+26.6mV LPo=-257.0mV"",""label"":""bracket IDAC1=12"",""observation"":{""errors_uv"":{""0"":-6234,""1"":1529,""2"":26840,""3"":26554,""4"":-256974},""pp_uv"":{""0"":3280,""1"":4997,""2"":705,""3"":610,""4"":133},""spread_uv"":{""0"":1030,""1"":1068,""2"":57,""3"":191,""4"":19},""samples"":[{""0"":{""mean_uv"":994548,""error_uv"":-5452,""pp_uv"":3051},""1"":{""mean_uv"":1001701,""error_uv"":1701,""pp_uv"":3852},""2"":{""mean_uv"":1026840,""error_uv"":26840,""pp_uv"":705},""3"":{""mean_uv"":1026477,""error_uv"":26477,""pp_uv"":457},""4"":{""mean_uv"":743026,""error_uv"":-256974,""pp_uv"":152}},{""0"":{""mean_uv"":993766,""error_uv"":-6234,""pp_uv"":3280},""1"":{""mean_uv"":1000633,""error_uv"":633,""pp_uv"":4997},""2"":{""mean_uv"":1026897,""error_uv"":26897,""pp_uv"":801},""3"":{""mean_uv"":1026554,""error_uv"":26554,""pp_uv"":610},""4"":{""mean_uv"":743007,""error_uv"":-256993,""pp_uv"":133}},{""0"":{""mean_uv"":993518,""error_uv"":-6482,""pp_uv"":3719},""1"":{""mean_uv"":1001529,""error_uv"":1529,""pp_uv"":5989},""2"":{""mean_uv"":1026840,""error_uv"":26840,""pp_uv"":667},""3"":{""mean_uv"":1026668,""error_uv"":26668,""pp_uv"":839},""4"":{""mean_uv"":743026,""error_uv"":-256974,""pp_uv"":133}}]},""codes"":[3,12,0,0]}"
1,coupled,False,16,2026-09-08T19:53:06,observation,    bracket IDAC1=12: PGAgain=-6.2mV BPo=+1.5mV OPA_SUMo=+26.8mV SUMo=+26.6mV LPo=-257.0mV,"[3, 12, 0, 0]",,1,1529,4997,1068,"{""at"":""2026-09-08T19:53:06"",""kind"":""observation"",""message"":""    bracket IDAC1=12: PGAgain=-6.2mV BPo=+1.5mV OPA_SUMo=+26.8mV SUMo=+26.6mV LPo=-257.0mV"",""label"":""bracket IDAC1=12"",""observation"":{""errors_uv"":{""0"":-6234,""1"":1529,""2"":26840,""3"":26554,""4"":-256974},""pp_uv"":{""0"":3280,""1"":4997,""2"":705,""3"":610,""4"":133},""spread_uv"":{""0"":1030,""1"":1068,""2"":57,""3"":191,""4"":19},""samples"":[{""0"":{""mean_uv"":994548,""error_uv"":-5452,""pp_uv"":3051},""1"":{""mean_uv"":1001701,""error_uv"":1701,""pp_uv"":3852},""2"":{""mean_uv"":1026840,""error_uv"":26840,""pp_uv"":705},""3"":{""mean_uv"":1026477,""error_uv"":26477,""pp_uv"":457},""4"":{""mean_uv"":743026,""error_uv"":-256974,""pp_uv"":152}},{""0"":{""mean_uv"":993766,""error_uv"":-6234,""pp_uv"":3280},""1"":{""mean_uv"":1000633,""error_uv"":633,""pp_uv"":4997},""2"":{""mean_uv"":1026897,""error_uv"":26897,""pp_uv"":801},""3"":{""mean_uv"":1026554,""error_uv"":26554,""pp_uv"":610},""4"":{""mean_uv"":743007,""error_uv"":-256993,""pp_uv"":133}},{""0"":{""mean_uv"":993518,""error_uv"":-6482,""pp_uv"":3719},""1"":{""mean_uv"":1001529,""error_uv"":1529,""pp_uv"":5989},""2"":{""mean_uv"":1026840,""error_uv"":26840,""pp_uv"":667},""3"":{""mean_uv"":1026668,""error_uv"":26668,""pp_uv"":839},""4"":{""mean_uv"":743026,""error_uv"":-256974,""pp_uv"":133}}]},""codes"":[3,12,0,0]}"
1,coupled,False,16,2026-09-08T19:53:06,observation,    bracket IDAC1=12: PGAgain=-6.2mV BPo=+1.5mV OPA_SUMo=+26.8mV SUMo=+26.6mV LPo=-257.0mV,"[3, 12, 0, 0]",,2,26840,705,57,"{""at"":""2026-09-08T19:53:06"",""kind"":""observation"",""message"":""    bracket IDAC1=12: PGAgain=-6.2mV BPo=+1.5mV OPA_SUMo=+26.8mV SUMo=+26.6mV LPo=-257.0mV"",""label"":""bracket IDAC1=12"",""observation"":{""errors_uv"":{""0"":-6234,""1"":1529,""2"":26840,""3"":26554,""4"":-256974},""pp_uv"":{""0"":3280,""1"":4997,""2"":705,""3"":610,""4"":133},""spread_uv"":{""0"":1030,""1"":1068,""2"":57,""3"":191,""4"":19},""samples"":[{""0"":{""mean_uv"":994548,""error_uv"":-5452,""pp_uv"":3051},""1"":{""mean_uv"":1001701,""error_uv"":1701,""pp_uv"":3852},""2"":{""mean_uv"":1026840,""error_uv"":26840,""pp_uv"":705},""3"":{""mean_uv"":1026477,""error_uv"":26477,""pp_uv"":457},""4"":{""mean_uv"":743026,""error_uv"":-256974,""pp_uv"":152}},{""0"":{""mean_uv"":993766,""error_uv"":-6234,""pp_uv"":3280},""1"":{""mean_uv"":1000633,""error_uv"":633,""pp_uv"":4997},""2"":{""mean_uv"":1026897,""error_uv"":26897,""pp_uv"":801},""3"":{""mean_uv"":1026554,""error_uv"":26554,""pp_uv"":610},""4"":{""mean_uv"":743007,""error_uv"":-256993,""pp_uv"":133}},{""0"":{""mean_uv"":993518,""error_uv"":-6482,""pp_uv"":3719},""1"":{""mean_uv"":1001529,""error_uv"":1529,""pp_uv"":5989},""2"":{""mean_uv"":1026840,""error_uv"":26840,""pp_uv"":667},""3"":{""mean_uv"":1026668,""error_uv"":26668,""pp_uv"":839},""4"":{""mean_uv"":743026,""error_uv"":-256974,""pp_uv"":133}}]},""codes"":[3,12,0,0]}"
1,coupled,False,16,2026-09-08T19:53:06,observation,    bracket IDAC1=12: PGAgain=-6.2mV BPo=+1.5mV OPA_SUMo=+26.8mV SUMo=+26.6mV LPo=-257.0mV,"[3, 12, 0, 0]",,3,26554,610,191,"{""at"":""2026-09-08T19:53:06"",""kind"":""observation"",""message"":""    bracket IDAC1=12: PGAgain=-6.2mV BPo=+1.5mV OPA_SUMo=+26.8mV SUMo=+26.6mV LPo=-257.0mV"",""label"":""bracket IDAC1=12"",""observation"":{""errors_uv"":{""0"":-6234,""1"":1529,""2"":26840,""3"":26554,""4"":-256974},""pp_uv"":{""0"":3280,""1"":4997,""2"":705,""3"":610,""4"":133},""spread_uv"":{""0"":1030,""1"":1068,""2"":57,""3"":191,""4"":19},""samples"":[{""0"":{""mean_uv"":994548,""error_uv"":-5452,""pp_uv"":3051},""1"":{""mean_uv"":1001701,""error_uv"":1701,""pp_uv"":3852},""2"":{""mean_uv"":1026840,""error_uv"":26840,""pp_uv"":705},""3"":{""mean_uv"":1026477,""error_uv"":26477,""pp_uv"":457},""4"":{""mean_uv"":743026,""error_uv"":-256974,""pp_uv"":152}},{""0"":{""mean_uv"":993766,""error_uv"":-6234,""pp_uv"":3280},""1"":{""mean_uv"":1000633,""error_uv"":633,""pp_uv"":4997},""2"":{""mean_uv"":1026897,""error_uv"":26897,""pp_uv"":801},""3"":{""mean_uv"":1026554,""error_uv"":26554,""pp_uv"":610},""4"":{""mean_uv"":743007,""error_uv"":-256993,""pp_uv"":133}},{""0"":{""mean_uv"":993518,""error_uv"":-6482,""pp_uv"":3719},""1"":{""mean_uv"":1001529,""error_uv"":1529,""pp_uv"":5989},""2"":{""mean_uv"":1026840,""error_uv"":26840,""pp_uv"":667},""3"":{""mean_uv"":1026668,""error_uv"":26668,""pp_uv"":839},""4"":{""mean_uv"":743026,""error_uv"":-256974,""pp_uv"":133}}]},""codes"":[3,12,0,0]}"
1,coupled,False,16,2026-09-08T19:53:06,observation,    bracket IDAC1=12: PGAgain=-6.2mV BPo=+1.5mV OPA_SUMo=+26.8mV SUMo=+26.6mV LPo=-257.0mV,"[3, 12, 0, 0]",,4,-256974,133,19,"{""at"":""2026-09-08T19:53:06"",""kind"":""observation"",""message"":""    bracket IDAC1=12: PGAgain=-6.2mV BPo=+1.5mV OPA_SUMo=+26.8mV SUMo=+26.6mV LPo=-257.0mV"",""label"":""bracket IDAC1=12"",""observation"":{""errors_uv"":{""0"":-6234,""1"":1529,""2"":26840,""3"":26554,""4"":-256974},""pp_uv"":{""0"":3280,""1"":4997,""2"":705,""3"":610,""4"":133},""spread_uv"":{""0"":1030,""1"":1068,""2"":57,""3"":191,""4"":19},""samples"":[{""0"":{""mean_uv"":994548,""error_uv"":-5452,""pp_uv"":3051},""1"":{""mean_uv"":1001701,""error_uv"":1701,""pp_uv"":3852},""2"":{""mean_uv"":1026840,""error_uv"":26840,""pp_uv"":705},""3"":{""mean_uv"":1026477,""error_uv"":26477,""pp_uv"":457},""4"":{""mean_uv"":743026,""error_uv"":-256974,""pp_uv"":152}},{""0"":{""mean_uv"":993766,""error_uv"":-6234,""pp_uv"":3280},""1"":{""mean_uv"":1000633,""error_uv"":633,""pp_uv"":4997},""2"":{""mean_uv"":1026897,""error_uv"":26897,""pp_uv"":801},""3"":{""mean_uv"":1026554,""error_uv"":26554,""pp_uv"":610},""4"":{""mean_uv"":743007,""error_uv"":-256993,""pp_uv"":133}},{""0"":{""mean_uv"":993518,""error_uv"":-6482,""pp_uv"":3719},""1"":{""mean_uv"":1001529,""error_uv"":1529,""pp_uv"":5989},""2"":{""mean_uv"":1026840,""error_uv"":26840,""pp_uv"":667},""3"":{""mean_uv"":1026668,""error_uv"":26668,""pp_uv"":839},""4"":{""mean_uv"":743026,""error_uv"":-256974,""pp_uv"":133}}]},""codes"":[3,12,0,0]}"
1,coupled,False,17,2026-09-08T19:53:06,plateau_detected,    plateau SUMo: búsqueda direccional +,"[3, 72, 0, 0]",,,,,,"{""at"":""2026-09-08T19:53:06"",""kind"":""plateau_detected"",""message"":""    plateau SUMo: búsqueda direccional +"",""probe_codes"":[-12,12],""probe_errors_uv"":[26821,26554],""direction"":1}"
1,coupled,False,18,2026-09-08T19:53:37,observation,    borde grueso IDAC1=12: PGAgain=-5.6mV BPo=+1.0mV OPA_SUMo=+26.5mV SUMo=+26.0mV LPo=-256.9mV,"[3, 12, 0, 0]",,0,-5585,3929,1049,"{""at"":""2026-09-08T19:53:37"",""kind"":""observation"",""message"":""    borde grueso IDAC1=12: PGAgain=-5.6mV BPo=+1.0mV OPA_SUMo=+26.5mV SUMo=+26.0mV LPo=-256.9mV"",""label"":""borde grueso IDAC1=12"",""observation"":{""errors_uv"":{""0"":-5585,""1"":1033,""2"":26496,""3"":25981,""4"":-256936},""pp_uv"":{""0"":3929,""1"":4425,""2"":724,""3"":762,""4"":133},""spread_uv"":{""0"":1049,""1"":1259,""2"":744,""3"":648,""4"":76},""samples"":[{""0"":{""mean_uv"":994548,""error_uv"":-5452,""pp_uv"":3566},""1"":{""mean_uv"":1002216,""error_uv"":2216,""pp_uv"":4062},""2"":{""mean_uv"":1026172,""error_uv"":26172,""pp_uv"":724},""3"":{""mean_uv"":1025867,""error_uv"":25867,""pp_uv"":762},""4"":{""mean_uv"":743007,""error_uv"":-256993,""pp_uv"":209}},{""0"":{""mean_uv"":993499,""error_uv"":-6501,""pp_uv"":3929},""1"":{""mean_uv"":1000957,""error_uv"":957,""pp_uv"":4425},""2"":{""mean_uv"":1026496,""error_uv"":26496,""pp_uv"":686},""3"":{""mean_uv"":1025981,""error_uv"":25981,""pp_uv"":801},""4"":{""mean_uv"":743083,""error_uv"":-256917,""pp_uv"":133}},{""0"":{""mean_uv"":994415,""error_uv"":-5585,""pp_uv"":4272},""1"":{""mean_uv"":1001033,""error_uv"":1033,""pp_uv"":5645},""2"":{""mean_uv"":1026916,""error_uv"":26916,""pp_uv"":896},""3"":{""mean_uv"":1026515,""error_uv"":26515,""pp_uv"":667},""4"":{""mean_uv"":743064,""error_uv"":-256936,""pp_uv"":133}}]},""codes"":[3,12,0,0]}"
1,coupled,False,18,2026-09-08T19:53:37,observation,    borde grueso IDAC1=12: PGAgain=-5.6mV BPo=+1.0mV OPA_SUMo=+26.5mV SUMo=+26.0mV LPo=-256.9mV,"[3, 12, 0, 0]",,1,1033,4425,1259,"{""at"":""2026-09-08T19:53:37"",""kind"":""observation"",""message"":""    borde grueso IDAC1=12: PGAgain=-5.6mV BPo=+1.0mV OPA_SUMo=+26.5mV SUMo=+26.0mV LPo=-256.9mV"",""label"":""borde grueso IDAC1=12"",""observation"":{""errors_uv"":{""0"":-5585,""1"":1033,""2"":26496,""3"":25981,""4"":-256936},""pp_uv"":{""0"":3929,""1"":4425,""2"":724,""3"":762,""4"":133},""spread_uv"":{""0"":1049,""1"":1259,""2"":744,""3"":648,""4"":76},""samples"":[{""0"":{""mean_uv"":994548,""error_uv"":-5452,""pp_uv"":3566},""1"":{""mean_uv"":1002216,""error_uv"":2216,""pp_uv"":4062},""2"":{""mean_uv"":1026172,""error_uv"":26172,""pp_uv"":724},""3"":{""mean_uv"":1025867,""error_uv"":25867,""pp_uv"":762},""4"":{""mean_uv"":743007,""error_uv"":-256993,""pp_uv"":209}},{""0"":{""mean_uv"":993499,""error_uv"":-6501,""pp_uv"":3929},""1"":{""mean_uv"":1000957,""error_uv"":957,""pp_uv"":4425},""2"":{""mean_uv"":1026496,""error_uv"":26496,""pp_uv"":686},""3"":{""mean_uv"":1025981,""error_uv"":25981,""pp_uv"":801},""4"":{""mean_uv"":743083,""error_uv"":-256917,""pp_uv"":133}},{""0"":{""mean_uv"":994415,""error_uv"":-5585,""pp_uv"":4272},""1"":{""mean_uv"":1001033,""error_uv"":1033,""pp_uv"":5645},""2"":{""mean_uv"":1026916,""error_uv"":26916,""pp_uv"":896},""3"":{""mean_uv"":1026515,""error_uv"":26515,""pp_uv"":667},""4"":{""mean_uv"":743064,""error_uv"":-256936,""pp_uv"":133}}]},""codes"":[3,12,0,0]}"
1,coupled,False,18,2026-09-08T19:53:37,observation,    borde grueso IDAC1=12: PGAgain=-5.6mV BPo=+1.0mV OPA_SUMo=+26.5mV SUMo=+26.0mV LPo=-256.9mV,"[3, 12, 0, 0]",,2,26496,724,744,"{""at"":""2026-09-08T19:53:37"",""kind"":""observation"",""message"":""    borde grueso IDAC1=12: PGAgain=-5.6mV BPo=+1.0mV OPA_SUMo=+26.5mV SUMo=+26.0mV LPo=-256.9mV"",""label"":""borde grueso IDAC1=12"",""observation"":{""errors_uv"":{""0"":-5585,""1"":1033,""2"":26496,""3"":25981,""4"":-256936},""pp_uv"":{""0"":3929,""1"":4425,""2"":724,""3"":762,""4"":133},""spread_uv"":{""0"":1049,""1"":1259,""2"":744,""3"":648,""4"":76},""samples"":[{""0"":{""mean_uv"":994548,""error_uv"":-5452,""pp_uv"":3566},""1"":{""mean_uv"":1002216,""error_uv"":2216,""pp_uv"":4062},""2"":{""mean_uv"":1026172,""error_uv"":26172,""pp_uv"":724},""3"":{""mean_uv"":1025867,""error_uv"":25867,""pp_uv"":762},""4"":{""mean_uv"":743007,""error_uv"":-256993,""pp_uv"":209}},{""0"":{""mean_uv"":993499,""error_uv"":-6501,""pp_uv"":3929},""1"":{""mean_uv"":1000957,""error_uv"":957,""pp_uv"":4425},""2"":{""mean_uv"":1026496,""error_uv"":26496,""pp_uv"":686},""3"":{""mean_uv"":1025981,""error_uv"":25981,""pp_uv"":801},""4"":{""mean_uv"":743083,""error_uv"":-256917,""pp_uv"":133}},{""0"":{""mean_uv"":994415,""error_uv"":-5585,""pp_uv"":4272},""1"":{""mean_uv"":1001033,""error_uv"":1033,""pp_uv"":5645},""2"":{""mean_uv"":1026916,""error_uv"":26916,""pp_uv"":896},""3"":{""mean_uv"":1026515,""error_uv"":26515,""pp_uv"":667},""4"":{""mean_uv"":743064,""error_uv"":-256936,""pp_uv"":133}}]},""codes"":[3,12,0,0]}"
1,coupled,False,18,2026-09-08T19:53:37,observation,    borde grueso IDAC1=12: PGAgain=-5.6mV BPo=+1.0mV OPA_SUMo=+26.5mV SUMo=+26.0mV LPo=-256.9mV,"[3, 12, 0, 0]",,3,25981,762,648,"{""at"":""2026-09-08T19:53:37"",""kind"":""observation"",""message"":""    borde grueso IDAC1=12: PGAgain=-5.6mV BPo=+1.0mV OPA_SUMo=+26.5mV SUMo=+26.0mV LPo=-256.9mV"",""label"":""borde grueso IDAC1=12"",""observation"":{""errors_uv"":{""0"":-5585,""1"":1033,""2"":26496,""3"":25981,""4"":-256936},""pp_uv"":{""0"":3929,""1"":4425,""2"":724,""3"":762,""4"":133},""spread_uv"":{""0"":1049,""1"":1259,""2"":744,""3"":648,""4"":76},""samples"":[{""0"":{""mean_uv"":994548,""error_uv"":-5452,""pp_uv"":3566},""1"":{""mean_uv"":1002216,""error_uv"":2216,""pp_uv"":4062},""2"":{""mean_uv"":1026172,""error_uv"":26172,""pp_uv"":724},""3"":{""mean_uv"":1025867,""error_uv"":25867,""pp_uv"":762},""4"":{""mean_uv"":743007,""error_uv"":-256993,""pp_uv"":209}},{""0"":{""mean_uv"":993499,""error_uv"":-6501,""pp_uv"":3929},""1"":{""mean_uv"":1000957,""error_uv"":957,""pp_uv"":4425},""2"":{""mean_uv"":1026496,""error_uv"":26496,""pp_uv"":686},""3"":{""mean_uv"":1025981,""error_uv"":25981,""pp_uv"":801},""4"":{""mean_uv"":743083,""error_uv"":-256917,""pp_uv"":133}},{""0"":{""mean_uv"":994415,""error_uv"":-5585,""pp_uv"":4272},""1"":{""mean_uv"":1001033,""error_uv"":1033,""pp_uv"":5645},""2"":{""mean_uv"":1026916,""error_uv"":26916,""pp_uv"":896},""3"":{""mean_uv"":1026515,""error_uv"":26515,""pp_uv"":667},""4"":{""mean_uv"":743064,""error_uv"":-256936,""pp_uv"":133}}]},""codes"":[3,12,0,0]}"
1,coupled,False,18,2026-09-08T19:53:37,observation,    borde grueso IDAC1=12: PGAgain=-5.6mV BPo=+1.0mV OPA_SUMo=+26.5mV SUMo=+26.0mV LPo=-256.9mV,"[3, 12, 0, 0]",,4,-256936,133,76,"{""at"":""2026-09-08T19:53:37"",""kind"":""observation"",""message"":""    borde grueso IDAC1=12: PGAgain=-5.6mV BPo=+1.0mV OPA_SUMo=+26.5mV SUMo=+26.0mV LPo=-256.9mV"",""label"":""borde grueso IDAC1=12"",""observation"":{""errors_uv"":{""0"":-5585,""1"":1033,""2"":26496,""3"":25981,""4"":-256936},""pp_uv"":{""0"":3929,""1"":4425,""2"":724,""3"":762,""4"":133},""spread_uv"":{""0"":1049,""1"":1259,""2"":744,""3"":648,""4"":76},""samples"":[{""0"":{""mean_uv"":994548,""error_uv"":-5452,""pp_uv"":3566},""1"":{""mean_uv"":1002216,""error_uv"":2216,""pp_uv"":4062},""2"":{""mean_uv"":1026172,""error_uv"":26172,""pp_uv"":724},""3"":{""mean_uv"":1025867,""error_uv"":25867,""pp_uv"":762},""4"":{""mean_uv"":743007,""error_uv"":-256993,""pp_uv"":209}},{""0"":{""mean_uv"":993499,""error_uv"":-6501,""pp_uv"":3929},""1"":{""mean_uv"":1000957,""error_uv"":957,""pp_uv"":4425},""2"":{""mean_uv"":1026496,""error_uv"":26496,""pp_uv"":686},""3"":{""mean_uv"":1025981,""error_uv"":25981,""pp_uv"":801},""4"":{""mean_uv"":743083,""error_uv"":-256917,""pp_uv"":133}},{""0"":{""mean_uv"":994415,""error_uv"":-5585,""pp_uv"":4272},""1"":{""mean_uv"":1001033,""error_uv"":1033,""pp_uv"":5645},""2"":{""mean_uv"":1026916,""error_uv"":26916,""pp_uv"":896},""3"":{""mean_uv"":1026515,""error_uv"":26515,""pp_uv"":667},""4"":{""mean_uv"":743064,""error_uv"":-256936,""pp_uv"":133}}]},""codes"":[3,12,0,0]}"
1,coupled,False,19,2026-09-08T19:53:59,observation,    borde grueso IDAC1=24: PGAgain=-6.6mV BPo=+2.2mV OPA_SUMo=+29.2mV SUMo=+29.1mV LPo=-257.0mV,"[3, 24, 0, 0]",,0,-6615,4920,1221,"{""at"":""2026-09-08T19:53:59"",""kind"":""observation"",""message"":""    borde grueso IDAC1=24: PGAgain=-6.6mV BPo=+2.2mV OPA_SUMo=+29.2mV SUMo=+29.1mV LPo=-257.0mV"",""label"":""borde grueso IDAC1=24"",""observation"":{""errors_uv"":{""0"":-6615,""1"":2159,""2"":29224,""3"":29129,""4"":-256993},""pp_uv"":{""0"":4920,""1"":4959,""2"":724,""3"":572,""4"":152},""spread_uv"":{""0"":1221,""1"":1393,""2"":1011,""3"":858,""4"":133},""samples"":[{""0"":{""mean_uv"":993385,""error_uv"":-6615,""pp_uv"":4920},""1"":{""mean_uv"":1002159,""error_uv"":2159,""pp_uv"":5435},""2"":{""mean_uv"":1028728,""error_uv"":28728,""pp_uv"":724},""3"":{""mean_uv"":1028690,""error_uv"":28690,""pp_uv"":572},""4"":{""mean_uv"":743007,""error_uv"":-256993,""pp_uv"":95}},{""0"":{""mean_uv"":994434,""error_uv"":-5566,""pp_uv"":5817},""1"":{""mean_uv"":1003208,""error_uv"":3208,""pp_uv"":4463},""2"":{""mean_uv"":1029224,""error_uv"":29224,""pp_uv"":877},""3"":{""mean_uv"":1029129,""error_uv"":29129,""pp_uv"":514},""4"":{""mean_uv"":742912,""error_uv"":-257088,""pp_uv"":209}},{""0"":{""mean_uv"":993213,""error_uv"":-6787,""pp_uv"":4806},""1"":{""mean_uv"":1001815,""error_uv"":1815,""pp_uv"":4959},""2"":{""mean_uv"":1029739,""error_uv"":29739,""pp_uv"":572},""3"":{""mean_uv"":1029548,""error_uv"":29548,""pp_uv"":629},""4"":{""mean_uv"":743045,""error_uv"":-256955,""pp_uv"":152}}]},""codes"":[3,24,0,0]}"
1,coupled,False,19,2026-09-08T19:53:59,observation,    borde grueso IDAC1=24: PGAgain=-6.6mV BPo=+2.2mV OPA_SUMo=+29.2mV SUMo=+29.1mV LPo=-257.0mV,"[3, 24, 0, 0]",,1,2159,4959,1393,"{""at"":""2026-09-08T19:53:59"",""kind"":""observation"",""message"":""    borde grueso IDAC1=24: PGAgain=-6.6mV BPo=+2.2mV OPA_SUMo=+29.2mV SUMo=+29.1mV LPo=-257.0mV"",""label"":""borde grueso IDAC1=24"",""observation"":{""errors_uv"":{""0"":-6615,""1"":2159,""2"":29224,""3"":29129,""4"":-256993},""pp_uv"":{""0"":4920,""1"":4959,""2"":724,""3"":572,""4"":152},""spread_uv"":{""0"":1221,""1"":1393,""2"":1011,""3"":858,""4"":133},""samples"":[{""0"":{""mean_uv"":993385,""error_uv"":-6615,""pp_uv"":4920},""1"":{""mean_uv"":1002159,""error_uv"":2159,""pp_uv"":5435},""2"":{""mean_uv"":1028728,""error_uv"":28728,""pp_uv"":724},""3"":{""mean_uv"":1028690,""error_uv"":28690,""pp_uv"":572},""4"":{""mean_uv"":743007,""error_uv"":-256993,""pp_uv"":95}},{""0"":{""mean_uv"":994434,""error_uv"":-5566,""pp_uv"":5817},""1"":{""mean_uv"":1003208,""error_uv"":3208,""pp_uv"":4463},""2"":{""mean_uv"":1029224,""error_uv"":29224,""pp_uv"":877},""3"":{""mean_uv"":1029129,""error_uv"":29129,""pp_uv"":514},""4"":{""mean_uv"":742912,""error_uv"":-257088,""pp_uv"":209}},{""0"":{""mean_uv"":993213,""error_uv"":-6787,""pp_uv"":4806},""1"":{""mean_uv"":1001815,""error_uv"":1815,""pp_uv"":4959},""2"":{""mean_uv"":1029739,""error_uv"":29739,""pp_uv"":572},""3"":{""mean_uv"":1029548,""error_uv"":29548,""pp_uv"":629},""4"":{""mean_uv"":743045,""error_uv"":-256955,""pp_uv"":152}}]},""codes"":[3,24,0,0]}"
1,coupled,False,19,2026-09-08T19:53:59,observation,    borde grueso IDAC1=24: PGAgain=-6.6mV BPo=+2.2mV OPA_SUMo=+29.2mV SUMo=+29.1mV LPo=-257.0mV,"[3, 24, 0, 0]",,2,29224,724,1011,"{""at"":""2026-09-08T19:53:59"",""kind"":""observation"",""message"":""    borde grueso IDAC1=24: PGAgain=-6.6mV BPo=+2.2mV OPA_SUMo=+29.2mV SUMo=+29.1mV LPo=-257.0mV"",""label"":""borde grueso IDAC1=24"",""observation"":{""errors_uv"":{""0"":-6615,""1"":2159,""2"":29224,""3"":29129,""4"":-256993},""pp_uv"":{""0"":4920,""1"":4959,""2"":724,""3"":572,""4"":152},""spread_uv"":{""0"":1221,""1"":1393,""2"":1011,""3"":858,""4"":133},""samples"":[{""0"":{""mean_uv"":993385,""error_uv"":-6615,""pp_uv"":4920},""1"":{""mean_uv"":1002159,""error_uv"":2159,""pp_uv"":5435},""2"":{""mean_uv"":1028728,""error_uv"":28728,""pp_uv"":724},""3"":{""mean_uv"":1028690,""error_uv"":28690,""pp_uv"":572},""4"":{""mean_uv"":743007,""error_uv"":-256993,""pp_uv"":95}},{""0"":{""mean_uv"":994434,""error_uv"":-5566,""pp_uv"":5817},""1"":{""mean_uv"":1003208,""error_uv"":3208,""pp_uv"":4463},""2"":{""mean_uv"":1029224,""error_uv"":29224,""pp_uv"":877},""3"":{""mean_uv"":1029129,""error_uv"":29129,""pp_uv"":514},""4"":{""mean_uv"":742912,""error_uv"":-257088,""pp_uv"":209}},{""0"":{""mean_uv"":993213,""error_uv"":-6787,""pp_uv"":4806},""1"":{""mean_uv"":1001815,""error_uv"":1815,""pp_uv"":4959},""2"":{""mean_uv"":1029739,""error_uv"":29739,""pp_uv"":572},""3"":{""mean_uv"":1029548,""error_uv"":29548,""pp_uv"":629},""4"":{""mean_uv"":743045,""error_uv"":-256955,""pp_uv"":152}}]},""codes"":[3,24,0,0]}"
1,coupled,False,19,2026-09-08T19:53:59,observation,    borde grueso IDAC1=24: PGAgain=-6.6mV BPo=+2.2mV OPA_SUMo=+29.2mV SUMo=+29.1mV LPo=-257.0mV,"[3, 24, 0, 0]",,3,29129,572,858,"{""at"":""2026-09-08T19:53:59"",""kind"":""observation"",""message"":""    borde grueso IDAC1=24: PGAgain=-6.6mV BPo=+2.2mV OPA_SUMo=+29.2mV SUMo=+29.1mV LPo=-257.0mV"",""label"":""borde grueso IDAC1=24"",""observation"":{""errors_uv"":{""0"":-6615,""1"":2159,""2"":29224,""3"":29129,""4"":-256993},""pp_uv"":{""0"":4920,""1"":4959,""2"":724,""3"":572,""4"":152},""spread_uv"":{""0"":1221,""1"":1393,""2"":1011,""3"":858,""4"":133},""samples"":[{""0"":{""mean_uv"":993385,""error_uv"":-6615,""pp_uv"":4920},""1"":{""mean_uv"":1002159,""error_uv"":2159,""pp_uv"":5435},""2"":{""mean_uv"":1028728,""error_uv"":28728,""pp_uv"":724},""3"":{""mean_uv"":1028690,""error_uv"":28690,""pp_uv"":572},""4"":{""mean_uv"":743007,""error_uv"":-256993,""pp_uv"":95}},{""0"":{""mean_uv"":994434,""error_uv"":-5566,""pp_uv"":5817},""1"":{""mean_uv"":1003208,""error_uv"":3208,""pp_uv"":4463},""2"":{""mean_uv"":1029224,""error_uv"":29224,""pp_uv"":877},""3"":{""mean_uv"":1029129,""error_uv"":29129,""pp_uv"":514},""4"":{""mean_uv"":742912,""error_uv"":-257088,""pp_uv"":209}},{""0"":{""mean_uv"":993213,""error_uv"":-6787,""pp_uv"":4806},""1"":{""mean_uv"":1001815,""error_uv"":1815,""pp_uv"":4959},""2"":{""mean_uv"":1029739,""error_uv"":29739,""pp_uv"":572},""3"":{""mean_uv"":1029548,""error_uv"":29548,""pp_uv"":629},""4"":{""mean_uv"":743045,""error_uv"":-256955,""pp_uv"":152}}]},""codes"":[3,24,0,0]}"
1,coupled,False,19,2026-09-08T19:53:59,observation,    borde grueso IDAC1=24: PGAgain=-6.6mV BPo=+2.2mV OPA_SUMo=+29.2mV SUMo=+29.1mV LPo=-257.0mV,"[3, 24, 0, 0]",,4,-256993,152,133,"{""at"":""2026-09-08T19:53:59"",""kind"":""observation"",""message"":""    borde grueso IDAC1=24: PGAgain=-6.6mV BPo=+2.2mV OPA_SUMo=+29.2mV SUMo=+29.1mV LPo=-257.0mV"",""label"":""borde grueso IDAC1=24"",""observation"":{""errors_uv"":{""0"":-6615,""1"":2159,""2"":29224,""3"":29129,""4"":-256993},""pp_uv"":{""0"":4920,""1"":4959,""2"":724,""3"":572,""4"":152},""spread_uv"":{""0"":1221,""1"":1393,""2"":1011,""3"":858,""4"":133},""samples"":[{""0"":{""mean_uv"":993385,""error_uv"":-6615,""pp_uv"":4920},""1"":{""mean_uv"":1002159,""error_uv"":2159,""pp_uv"":5435},""2"":{""mean_uv"":1028728,""error_uv"":28728,""pp_uv"":724},""3"":{""mean_uv"":1028690,""error_uv"":28690,""pp_uv"":572},""4"":{""mean_uv"":743007,""error_uv"":-256993,""pp_uv"":95}},{""0"":{""mean_uv"":994434,""error_uv"":-5566,""pp_uv"":5817},""1"":{""mean_uv"":1003208,""error_uv"":3208,""pp_uv"":4463},""2"":{""mean_uv"":1029224,""error_uv"":29224,""pp_uv"":877},""3"":{""mean_uv"":1029129,""error_uv"":29129,""pp_uv"":514},""4"":{""mean_uv"":742912,""error_uv"":-257088,""pp_uv"":209}},{""0"":{""mean_uv"":993213,""error_uv"":-6787,""pp_uv"":4806},""1"":{""mean_uv"":1001815,""error_uv"":1815,""pp_uv"":4959},""2"":{""mean_uv"":1029739,""error_uv"":29739,""pp_uv"":572},""3"":{""mean_uv"":1029548,""error_uv"":29548,""pp_uv"":629},""4"":{""mean_uv"":743045,""error_uv"":-256955,""pp_uv"":152}}]},""codes"":[3,24,0,0]}"
1,coupled,False,20,2026-09-08T19:54:26,observation,    borde grueso IDAC1=36: PGAgain=-5.1mV BPo=+4.5mV OPA_SUMo=+34.5mV SUMo=+34.0mV LPo=-257.0mV,"[3, 36, 0, 0]",,0,-5108,3547,935,"{""at"":""2026-09-08T19:54:26"",""kind"":""observation"",""message"":""    borde grueso IDAC1=36: PGAgain=-5.1mV BPo=+4.5mV OPA_SUMo=+34.5mV SUMo=+34.0mV LPo=-257.0mV"",""label"":""borde grueso IDAC1=36"",""observation"":{""errors_uv"":{""0"":-5108,""1"":4486,""2"":34507,""3"":34011,""4"":-257012},""pp_uv"":{""0"":3547,""1"":5474,""2"":572,""3"":534,""4"":133},""spread_uv"":{""0"":935,""1"":1335,""2"":2480,""3"":1259,""4"":133},""samples"":[{""0"":{""mean_uv"":994911,""error_uv"":-5089,""pp_uv"":3547},""1"":{""mean_uv"":1004486,""error_uv"":4486,""pp_uv"":5474},""2"":{""mean_uv"":1032447,""error_uv"":32447,""pp_uv"":495},""3"":{""mean_uv"":1033172,""error_uv"":33172,""pp_uv"":324},""4"":{""mean_uv"":743064,""error_uv"":-256936,""pp_uv"":171}},{""0"":{""mean_uv"":994892,""error_uv"":-5108,""pp_uv"":3643},""1"":{""mean_uv"":1005210,""error_uv"":5210,""pp_uv"":5378},""2"":{""mean_uv"":1034507,""error_uv"":34507,""pp_uv"":820},""3"":{""mean_uv"":1034011,""error_uv"":34011,""pp_uv"":591},""4"":{""mean_uv"":742931,""error_uv"":-257069,""pp_uv"":133}},{""0"":{""mean_uv"":993976,""error_uv"":-6024,""pp_uv"":3528},""1"":{""mean_uv"":1003875,""error_uv"":3875,""pp_uv"":5683},""2"":{""mean_uv"":1034927,""error_uv"":34927,""pp_uv"":572},""3"":{""mean_uv"":1034431,""error_uv"":34431,""pp_uv"":534},""4"":{""mean_uv"":742988,""error_uv"":-257012,""pp_uv"":114}}]},""codes"":[3,36,0,0]}"
1,coupled,False,20,2026-09-08T19:54:26,observation,    borde grueso IDAC1=36: PGAgain=-5.1mV BPo=+4.5mV OPA_SUMo=+34.5mV SUMo=+34.0mV LPo=-257.0mV,"[3, 36, 0, 0]",,1,4486,5474,1335,"{""at"":""2026-09-08T19:54:26"",""kind"":""observation"",""message"":""    borde grueso IDAC1=36: PGAgain=-5.1mV BPo=+4.5mV OPA_SUMo=+34.5mV SUMo=+34.0mV LPo=-257.0mV"",""label"":""borde grueso IDAC1=36"",""observation"":{""errors_uv"":{""0"":-5108,""1"":4486,""2"":34507,""3"":34011,""4"":-257012},""pp_uv"":{""0"":3547,""1"":5474,""2"":572,""3"":534,""4"":133},""spread_uv"":{""0"":935,""1"":1335,""2"":2480,""3"":1259,""4"":133},""samples"":[{""0"":{""mean_uv"":994911,""error_uv"":-5089,""pp_uv"":3547},""1"":{""mean_uv"":1004486,""error_uv"":4486,""pp_uv"":5474},""2"":{""mean_uv"":1032447,""error_uv"":32447,""pp_uv"":495},""3"":{""mean_uv"":1033172,""error_uv"":33172,""pp_uv"":324},""4"":{""mean_uv"":743064,""error_uv"":-256936,""pp_uv"":171}},{""0"":{""mean_uv"":994892,""error_uv"":-5108,""pp_uv"":3643},""1"":{""mean_uv"":1005210,""error_uv"":5210,""pp_uv"":5378},""2"":{""mean_uv"":1034507,""error_uv"":34507,""pp_uv"":820},""3"":{""mean_uv"":1034011,""error_uv"":34011,""pp_uv"":591},""4"":{""mean_uv"":742931,""error_uv"":-257069,""pp_uv"":133}},{""0"":{""mean_uv"":993976,""error_uv"":-6024,""pp_uv"":3528},""1"":{""mean_uv"":1003875,""error_uv"":3875,""pp_uv"":5683},""2"":{""mean_uv"":1034927,""error_uv"":34927,""pp_uv"":572},""3"":{""mean_uv"":1034431,""error_uv"":34431,""pp_uv"":534},""4"":{""mean_uv"":742988,""error_uv"":-257012,""pp_uv"":114}}]},""codes"":[3,36,0,0]}"
1,coupled,False,20,2026-09-08T19:54:26,observation,    borde grueso IDAC1=36: PGAgain=-5.1mV BPo=+4.5mV OPA_SUMo=+34.5mV SUMo=+34.0mV LPo=-257.0mV,"[3, 36, 0, 0]",,2,34507,572,2480,"{""at"":""2026-09-08T19:54:26"",""kind"":""observation"",""message"":""    borde grueso IDAC1=36: PGAgain=-5.1mV BPo=+4.5mV OPA_SUMo=+34.5mV SUMo=+34.0mV LPo=-257.0mV"",""label"":""borde grueso IDAC1=36"",""observation"":{""errors_uv"":{""0"":-5108,""1"":4486,""2"":34507,""3"":34011,""4"":-257012},""pp_uv"":{""0"":3547,""1"":5474,""2"":572,""3"":534,""4"":133},""spread_uv"":{""0"":935,""1"":1335,""2"":2480,""3"":1259,""4"":133},""samples"":[{""0"":{""mean_uv"":994911,""error_uv"":-5089,""pp_uv"":3547},""1"":{""mean_uv"":1004486,""error_uv"":4486,""pp_uv"":5474},""2"":{""mean_uv"":1032447,""error_uv"":32447,""pp_uv"":495},""3"":{""mean_uv"":1033172,""error_uv"":33172,""pp_uv"":324},""4"":{""mean_uv"":743064,""error_uv"":-256936,""pp_uv"":171}},{""0"":{""mean_uv"":994892,""error_uv"":-5108,""pp_uv"":3643},""1"":{""mean_uv"":1005210,""error_uv"":5210,""pp_uv"":5378},""2"":{""mean_uv"":1034507,""error_uv"":34507,""pp_uv"":820},""3"":{""mean_uv"":1034011,""error_uv"":34011,""pp_uv"":591},""4"":{""mean_uv"":742931,""error_uv"":-257069,""pp_uv"":133}},{""0"":{""mean_uv"":993976,""error_uv"":-6024,""pp_uv"":3528},""1"":{""mean_uv"":1003875,""error_uv"":3875,""pp_uv"":5683},""2"":{""mean_uv"":1034927,""error_uv"":34927,""pp_uv"":572},""3"":{""mean_uv"":1034431,""error_uv"":34431,""pp_uv"":534},""4"":{""mean_uv"":742988,""error_uv"":-257012,""pp_uv"":114}}]},""codes"":[3,36,0,0]}"
1,coupled,False,20,2026-09-08T19:54:26,observation,    borde grueso IDAC1=36: PGAgain=-5.1mV BPo=+4.5mV OPA_SUMo=+34.5mV SUMo=+34.0mV LPo=-257.0mV,"[3, 36, 0, 0]",,3,34011,534,1259,"{""at"":""2026-09-08T19:54:26"",""kind"":""observation"",""message"":""    borde grueso IDAC1=36: PGAgain=-5.1mV BPo=+4.5mV OPA_SUMo=+34.5mV SUMo=+34.0mV LPo=-257.0mV"",""label"":""borde grueso IDAC1=36"",""observation"":{""errors_uv"":{""0"":-5108,""1"":4486,""2"":34507,""3"":34011,""4"":-257012},""pp_uv"":{""0"":3547,""1"":5474,""2"":572,""3"":534,""4"":133},""spread_uv"":{""0"":935,""1"":1335,""2"":2480,""3"":1259,""4"":133},""samples"":[{""0"":{""mean_uv"":994911,""error_uv"":-5089,""pp_uv"":3547},""1"":{""mean_uv"":1004486,""error_uv"":4486,""pp_uv"":5474},""2"":{""mean_uv"":1032447,""error_uv"":32447,""pp_uv"":495},""3"":{""mean_uv"":1033172,""error_uv"":33172,""pp_uv"":324},""4"":{""mean_uv"":743064,""error_uv"":-256936,""pp_uv"":171}},{""0"":{""mean_uv"":994892,""error_uv"":-5108,""pp_uv"":3643},""1"":{""mean_uv"":1005210,""error_uv"":5210,""pp_uv"":5378},""2"":{""mean_uv"":1034507,""error_uv"":34507,""pp_uv"":820},""3"":{""mean_uv"":1034011,""error_uv"":34011,""pp_uv"":591},""4"":{""mean_uv"":742931,""error_uv"":-257069,""pp_uv"":133}},{""0"":{""mean_uv"":993976,""error_uv"":-6024,""pp_uv"":3528},""1"":{""mean_uv"":1003875,""error_uv"":3875,""pp_uv"":5683},""2"":{""mean_uv"":1034927,""error_uv"":34927,""pp_uv"":572},""3"":{""mean_uv"":1034431,""error_uv"":34431,""pp_uv"":534},""4"":{""mean_uv"":742988,""error_uv"":-257012,""pp_uv"":114}}]},""codes"":[3,36,0,0]}"
1,coupled,False,20,2026-09-08T19:54:26,observation,    borde grueso IDAC1=36: PGAgain=-5.1mV BPo=+4.5mV OPA_SUMo=+34.5mV SUMo=+34.0mV LPo=-257.0mV,"[3, 36, 0, 0]",,4,-257012,133,133,"{""at"":""2026-09-08T19:54:26"",""kind"":""observation"",""message"":""    borde grueso IDAC1=36: PGAgain=-5.1mV BPo=+4.5mV OPA_SUMo=+34.5mV SUMo=+34.0mV LPo=-257.0mV"",""label"":""borde grueso IDAC1=36"",""observation"":{""errors_uv"":{""0"":-5108,""1"":4486,""2"":34507,""3"":34011,""4"":-257012},""pp_uv"":{""0"":3547,""1"":5474,""2"":572,""3"":534,""4"":133},""spread_uv"":{""0"":935,""1"":1335,""2"":2480,""3"":1259,""4"":133},""samples"":[{""0"":{""mean_uv"":994911,""error_uv"":-5089,""pp_uv"":3547},""1"":{""mean_uv"":1004486,""error_uv"":4486,""pp_uv"":5474},""2"":{""mean_uv"":1032447,""error_uv"":32447,""pp_uv"":495},""3"":{""mean_uv"":1033172,""error_uv"":33172,""pp_uv"":324},""4"":{""mean_uv"":743064,""error_uv"":-256936,""pp_uv"":171}},{""0"":{""mean_uv"":994892,""error_uv"":-5108,""pp_uv"":3643},""1"":{""mean_uv"":1005210,""error_uv"":5210,""pp_uv"":5378},""2"":{""mean_uv"":1034507,""error_uv"":34507,""pp_uv"":820},""3"":{""mean_uv"":1034011,""error_uv"":34011,""pp_uv"":591},""4"":{""mean_uv"":742931,""error_uv"":-257069,""pp_uv"":133}},{""0"":{""mean_uv"":993976,""error_uv"":-6024,""pp_uv"":3528},""1"":{""mean_uv"":1003875,""error_uv"":3875,""pp_uv"":5683},""2"":{""mean_uv"":1034927,""error_uv"":34927,""pp_uv"":572},""3"":{""mean_uv"":1034431,""error_uv"":34431,""pp_uv"":534},""4"":{""mean_uv"":742988,""error_uv"":-257012,""pp_uv"":114}}]},""codes"":[3,36,0,0]}"
1,coupled,False,21,2026-09-08T19:54:48,observation,    borde grueso IDAC1=48: PGAgain=-6.8mV BPo=+4.9mV OPA_SUMo=+38.3mV SUMo=+38.1mV LPo=-257.0mV,"[3, 48, 0, 0]",,0,-6806,2822,420,"{""at"":""2026-09-08T19:54:48"",""kind"":""observation"",""message"":""    borde grueso IDAC1=48: PGAgain=-6.8mV BPo=+4.9mV OPA_SUMo=+38.3mV SUMo=+38.1mV LPo=-257.0mV"",""label"":""borde grueso IDAC1=48"",""observation"":{""errors_uv"":{""0"":-6806,""1"":4924,""2"":38322,""3"":38112,""4"":-257012},""pp_uv"":{""0"":2822,""1"":5073,""2"":705,""3"":553,""4"":152},""spread_uv"":{""0"":420,""1"":1297,""2"":1278,""3"":1316,""4"":57},""samples"":[{""0"":{""mean_uv"":993461,""error_uv"":-6539,""pp_uv"":4310},""1"":{""mean_uv"":1004924,""error_uv"":4924,""pp_uv"":5073},""2"":{""mean_uv"":1037673,""error_uv"":37673,""pp_uv"":705},""3"":{""mean_uv"":1037368,""error_uv"":37368,""pp_uv"":553},""4"":{""mean_uv"":742988,""error_uv"":-257012,""pp_uv"":152}},{""0"":{""mean_uv"":993194,""error_uv"":-6806,""pp_uv"":2269},""1"":{""mean_uv"":1005840,""error_uv"":5840,""pp_uv"":4787},""2"":{""mean_uv"":1038322,""error_uv"":38322,""pp_uv"":572},""3"":{""mean_uv"":1038112,""error_uv"":38112,""pp_uv"":629},""4"":{""mean_uv"":742950,""error_uv"":-257050,""pp_uv"":209}},{""0"":{""mean_uv"":993041,""error_uv"":-6959,""pp_uv"":2822},""1"":{""mean_uv"":1004543,""error_uv"":4543,""pp_uv"":5264},""2"":{""mean_uv"":1038951,""error_uv"":38951,""pp_uv"":705},""3"":{""mean_uv"":1038684,""error_uv"":38684,""pp_uv"":553},""4"":{""mean_uv"":743007,""error_uv"":-256993,""pp_uv"":152}}]},""codes"":[3,48,0,0]}"
1,coupled,False,21,2026-09-08T19:54:48,observation,    borde grueso IDAC1=48: PGAgain=-6.8mV BPo=+4.9mV OPA_SUMo=+38.3mV SUMo=+38.1mV LPo=-257.0mV,"[3, 48, 0, 0]",,1,4924,5073,1297,"{""at"":""2026-09-08T19:54:48"",""kind"":""observation"",""message"":""    borde grueso IDAC1=48: PGAgain=-6.8mV BPo=+4.9mV OPA_SUMo=+38.3mV SUMo=+38.1mV LPo=-257.0mV"",""label"":""borde grueso IDAC1=48"",""observation"":{""errors_uv"":{""0"":-6806,""1"":4924,""2"":38322,""3"":38112,""4"":-257012},""pp_uv"":{""0"":2822,""1"":5073,""2"":705,""3"":553,""4"":152},""spread_uv"":{""0"":420,""1"":1297,""2"":1278,""3"":1316,""4"":57},""samples"":[{""0"":{""mean_uv"":993461,""error_uv"":-6539,""pp_uv"":4310},""1"":{""mean_uv"":1004924,""error_uv"":4924,""pp_uv"":5073},""2"":{""mean_uv"":1037673,""error_uv"":37673,""pp_uv"":705},""3"":{""mean_uv"":1037368,""error_uv"":37368,""pp_uv"":553},""4"":{""mean_uv"":742988,""error_uv"":-257012,""pp_uv"":152}},{""0"":{""mean_uv"":993194,""error_uv"":-6806,""pp_uv"":2269},""1"":{""mean_uv"":1005840,""error_uv"":5840,""pp_uv"":4787},""2"":{""mean_uv"":1038322,""error_uv"":38322,""pp_uv"":572},""3"":{""mean_uv"":1038112,""error_uv"":38112,""pp_uv"":629},""4"":{""mean_uv"":742950,""error_uv"":-257050,""pp_uv"":209}},{""0"":{""mean_uv"":993041,""error_uv"":-6959,""pp_uv"":2822},""1"":{""mean_uv"":1004543,""error_uv"":4543,""pp_uv"":5264},""2"":{""mean_uv"":1038951,""error_uv"":38951,""pp_uv"":705},""3"":{""mean_uv"":1038684,""error_uv"":38684,""pp_uv"":553},""4"":{""mean_uv"":743007,""error_uv"":-256993,""pp_uv"":152}}]},""codes"":[3,48,0,0]}"
1,coupled,False,21,2026-09-08T19:54:48,observation,    borde grueso IDAC1=48: PGAgain=-6.8mV BPo=+4.9mV OPA_SUMo=+38.3mV SUMo=+38.1mV LPo=-257.0mV,"[3, 48, 0, 0]",,2,38322,705,1278,"{""at"":""2026-09-08T19:54:48"",""kind"":""observation"",""message"":""    borde grueso IDAC1=48: PGAgain=-6.8mV BPo=+4.9mV OPA_SUMo=+38.3mV SUMo=+38.1mV LPo=-257.0mV"",""label"":""borde grueso IDAC1=48"",""observation"":{""errors_uv"":{""0"":-6806,""1"":4924,""2"":38322,""3"":38112,""4"":-257012},""pp_uv"":{""0"":2822,""1"":5073,""2"":705,""3"":553,""4"":152},""spread_uv"":{""0"":420,""1"":1297,""2"":1278,""3"":1316,""4"":57},""samples"":[{""0"":{""mean_uv"":993461,""error_uv"":-6539,""pp_uv"":4310},""1"":{""mean_uv"":1004924,""error_uv"":4924,""pp_uv"":5073},""2"":{""mean_uv"":1037673,""error_uv"":37673,""pp_uv"":705},""3"":{""mean_uv"":1037368,""error_uv"":37368,""pp_uv"":553},""4"":{""mean_uv"":742988,""error_uv"":-257012,""pp_uv"":152}},{""0"":{""mean_uv"":993194,""error_uv"":-6806,""pp_uv"":2269},""1"":{""mean_uv"":1005840,""error_uv"":5840,""pp_uv"":4787},""2"":{""mean_uv"":1038322,""error_uv"":38322,""pp_uv"":572},""3"":{""mean_uv"":1038112,""error_uv"":38112,""pp_uv"":629},""4"":{""mean_uv"":742950,""error_uv"":-257050,""pp_uv"":209}},{""0"":{""mean_uv"":993041,""error_uv"":-6959,""pp_uv"":2822},""1"":{""mean_uv"":1004543,""error_uv"":4543,""pp_uv"":5264},""2"":{""mean_uv"":1038951,""error_uv"":38951,""pp_uv"":705},""3"":{""mean_uv"":1038684,""error_uv"":38684,""pp_uv"":553},""4"":{""mean_uv"":743007,""error_uv"":-256993,""pp_uv"":152}}]},""codes"":[3,48,0,0]}"
1,coupled,False,21,2026-09-08T19:54:48,observation,    borde grueso IDAC1=48: PGAgain=-6.8mV BPo=+4.9mV OPA_SUMo=+38.3mV SUMo=+38.1mV LPo=-257.0mV,"[3, 48, 0, 0]",,3,38112,553,1316,"{""at"":""2026-09-08T19:54:48"",""kind"":""observation"",""message"":""    borde grueso IDAC1=48: PGAgain=-6.8mV BPo=+4.9mV OPA_SUMo=+38.3mV SUMo=+38.1mV LPo=-257.0mV"",""label"":""borde grueso IDAC1=48"",""observation"":{""errors_uv"":{""0"":-6806,""1"":4924,""2"":38322,""3"":38112,""4"":-257012},""pp_uv"":{""0"":2822,""1"":5073,""2"":705,""3"":553,""4"":152},""spread_uv"":{""0"":420,""1"":1297,""2"":1278,""3"":1316,""4"":57},""samples"":[{""0"":{""mean_uv"":993461,""error_uv"":-6539,""pp_uv"":4310},""1"":{""mean_uv"":1004924,""error_uv"":4924,""pp_uv"":5073},""2"":{""mean_uv"":1037673,""error_uv"":37673,""pp_uv"":705},""3"":{""mean_uv"":1037368,""error_uv"":37368,""pp_uv"":553},""4"":{""mean_uv"":742988,""error_uv"":-257012,""pp_uv"":152}},{""0"":{""mean_uv"":993194,""error_uv"":-6806,""pp_uv"":2269},""1"":{""mean_uv"":1005840,""error_uv"":5840,""pp_uv"":4787},""2"":{""mean_uv"":1038322,""error_uv"":38322,""pp_uv"":572},""3"":{""mean_uv"":1038112,""error_uv"":38112,""pp_uv"":629},""4"":{""mean_uv"":742950,""error_uv"":-257050,""pp_uv"":209}},{""0"":{""mean_uv"":993041,""error_uv"":-6959,""pp_uv"":2822},""1"":{""mean_uv"":1004543,""error_uv"":4543,""pp_uv"":5264},""2"":{""mean_uv"":1038951,""error_uv"":38951,""pp_uv"":705},""3"":{""mean_uv"":1038684,""error_uv"":38684,""pp_uv"":553},""4"":{""mean_uv"":743007,""error_uv"":-256993,""pp_uv"":152}}]},""codes"":[3,48,0,0]}"
1,coupled,False,21,2026-09-08T19:54:48,observation,    borde grueso IDAC1=48: PGAgain=-6.8mV BPo=+4.9mV OPA_SUMo=+38.3mV SUMo=+38.1mV LPo=-257.0mV,"[3, 48, 0, 0]",,4,-257012,152,57,"{""at"":""2026-09-08T19:54:48"",""kind"":""observation"",""message"":""    borde grueso IDAC1=48: PGAgain=-6.8mV BPo=+4.9mV OPA_SUMo=+38.3mV SUMo=+38.1mV LPo=-257.0mV"",""label"":""borde grueso IDAC1=48"",""observation"":{""errors_uv"":{""0"":-6806,""1"":4924,""2"":38322,""3"":38112,""4"":-257012},""pp_uv"":{""0"":2822,""1"":5073,""2"":705,""3"":553,""4"":152},""spread_uv"":{""0"":420,""1"":1297,""2"":1278,""3"":1316,""4"":57},""samples"":[{""0"":{""mean_uv"":993461,""error_uv"":-6539,""pp_uv"":4310},""1"":{""mean_uv"":1004924,""error_uv"":4924,""pp_uv"":5073},""2"":{""mean_uv"":1037673,""error_uv"":37673,""pp_uv"":705},""3"":{""mean_uv"":1037368,""error_uv"":37368,""pp_uv"":553},""4"":{""mean_uv"":742988,""error_uv"":-257012,""pp_uv"":152}},{""0"":{""mean_uv"":993194,""error_uv"":-6806,""pp_uv"":2269},""1"":{""mean_uv"":1005840,""error_uv"":5840,""pp_uv"":4787},""2"":{""mean_uv"":1038322,""error_uv"":38322,""pp_uv"":572},""3"":{""mean_uv"":1038112,""error_uv"":38112,""pp_uv"":629},""4"":{""mean_uv"":742950,""error_uv"":-257050,""pp_uv"":209}},{""0"":{""mean_uv"":993041,""error_uv"":-6959,""pp_uv"":2822},""1"":{""mean_uv"":1004543,""error_uv"":4543,""pp_uv"":5264},""2"":{""mean_uv"":1038951,""error_uv"":38951,""pp_uv"":705},""3"":{""mean_uv"":1038684,""error_uv"":38684,""pp_uv"":553},""4"":{""mean_uv"":743007,""error_uv"":-256993,""pp_uv"":152}}]},""codes"":[3,48,0,0]}"
1,coupled,False,22,2026-09-08T19:55:09,observation,    borde grueso IDAC1=60: PGAgain=-6.2mV BPo=+6.7mV OPA_SUMo=+43.0mV SUMo=+42.6mV LPo=-257.1mV,"[3, 60, 0, 0]",,0,-6157,3738,114,"{""at"":""2026-09-08T19:55:09"",""kind"":""observation"",""message"":""    borde grueso IDAC1=60: PGAgain=-6.2mV BPo=+6.7mV OPA_SUMo=+43.0mV SUMo=+42.6mV LPo=-257.1mV"",""label"":""borde grueso IDAC1=60"",""observation"":{""errors_uv"":{""0"":-6157,""1"":6698,""2"":42995,""3"":42613,""4"":-257050},""pp_uv"":{""0"":3738,""1"":4959,""2"":705,""3"":610,""4"":114},""spread_uv"":{""0"":114,""1"":1297,""2"":1354,""3"":1411,""4"":95},""samples"":[{""0"":{""mean_uv"":993843,""error_uv"":-6157,""pp_uv"":3738},""1"":{""mean_uv"":1007881,""error_uv"":7881,""pp_uv"":5512},""2"":{""mean_uv"":1042289,""error_uv"":42289,""pp_uv"":705},""3"":{""mean_uv"":1041870,""error_uv"":41870,""pp_uv"":648},""4"":{""mean_uv"":742950,""error_uv"":-257050,""pp_uv"":95}},{""0"":{""mean_uv"":993824,""error_uv"":-6176,""pp_uv"":3490},""1"":{""mean_uv"":1006698,""error_uv"":6698,""pp_uv"":4959},""2"":{""mean_uv"":1042995,""error_uv"":42995,""pp_uv"":801},""3"":{""mean_uv"":1042613,""error_uv"":42613,""pp_uv"":610},""4"":{""mean_uv"":742950,""error_uv"":-257050,""pp_uv"":114}},{""0"":{""mean_uv"":993938,""error_uv"":-6062,""pp_uv"":3833},""1"":{""mean_uv"":1006584,""error_uv"":6584,""pp_uv"":4882},""2"":{""mean_uv"":1043643,""error_uv"":43643,""pp_uv"":534},""3"":{""mean_uv"":1043281,""error_uv"":43281,""pp_uv"":438},""4"":{""mean_uv"":742855,""error_uv"":-257145,""pp_uv"":228}}]},""codes"":[3,60,0,0]}"
1,coupled,False,22,2026-09-08T19:55:09,observation,    borde grueso IDAC1=60: PGAgain=-6.2mV BPo=+6.7mV OPA_SUMo=+43.0mV SUMo=+42.6mV LPo=-257.1mV,"[3, 60, 0, 0]",,1,6698,4959,1297,"{""at"":""2026-09-08T19:55:09"",""kind"":""observation"",""message"":""    borde grueso IDAC1=60: PGAgain=-6.2mV BPo=+6.7mV OPA_SUMo=+43.0mV SUMo=+42.6mV LPo=-257.1mV"",""label"":""borde grueso IDAC1=60"",""observation"":{""errors_uv"":{""0"":-6157,""1"":6698,""2"":42995,""3"":42613,""4"":-257050},""pp_uv"":{""0"":3738,""1"":4959,""2"":705,""3"":610,""4"":114},""spread_uv"":{""0"":114,""1"":1297,""2"":1354,""3"":1411,""4"":95},""samples"":[{""0"":{""mean_uv"":993843,""error_uv"":-6157,""pp_uv"":3738},""1"":{""mean_uv"":1007881,""error_uv"":7881,""pp_uv"":5512},""2"":{""mean_uv"":1042289,""error_uv"":42289,""pp_uv"":705},""3"":{""mean_uv"":1041870,""error_uv"":41870,""pp_uv"":648},""4"":{""mean_uv"":742950,""error_uv"":-257050,""pp_uv"":95}},{""0"":{""mean_uv"":993824,""error_uv"":-6176,""pp_uv"":3490},""1"":{""mean_uv"":1006698,""error_uv"":6698,""pp_uv"":4959},""2"":{""mean_uv"":1042995,""error_uv"":42995,""pp_uv"":801},""3"":{""mean_uv"":1042613,""error_uv"":42613,""pp_uv"":610},""4"":{""mean_uv"":742950,""error_uv"":-257050,""pp_uv"":114}},{""0"":{""mean_uv"":993938,""error_uv"":-6062,""pp_uv"":3833},""1"":{""mean_uv"":1006584,""error_uv"":6584,""pp_uv"":4882},""2"":{""mean_uv"":1043643,""error_uv"":43643,""pp_uv"":534},""3"":{""mean_uv"":1043281,""error_uv"":43281,""pp_uv"":438},""4"":{""mean_uv"":742855,""error_uv"":-257145,""pp_uv"":228}}]},""codes"":[3,60,0,0]}"
1,coupled,False,22,2026-09-08T19:55:09,observation,    borde grueso IDAC1=60: PGAgain=-6.2mV BPo=+6.7mV OPA_SUMo=+43.0mV SUMo=+42.6mV LPo=-257.1mV,"[3, 60, 0, 0]",,2,42995,705,1354,"{""at"":""2026-09-08T19:55:09"",""kind"":""observation"",""message"":""    borde grueso IDAC1=60: PGAgain=-6.2mV BPo=+6.7mV OPA_SUMo=+43.0mV SUMo=+42.6mV LPo=-257.1mV"",""label"":""borde grueso IDAC1=60"",""observation"":{""errors_uv"":{""0"":-6157,""1"":6698,""2"":42995,""3"":42613,""4"":-257050},""pp_uv"":{""0"":3738,""1"":4959,""2"":705,""3"":610,""4"":114},""spread_uv"":{""0"":114,""1"":1297,""2"":1354,""3"":1411,""4"":95},""samples"":[{""0"":{""mean_uv"":993843,""error_uv"":-6157,""pp_uv"":3738},""1"":{""mean_uv"":1007881,""error_uv"":7881,""pp_uv"":5512},""2"":{""mean_uv"":1042289,""error_uv"":42289,""pp_uv"":705},""3"":{""mean_uv"":1041870,""error_uv"":41870,""pp_uv"":648},""4"":{""mean_uv"":742950,""error_uv"":-257050,""pp_uv"":95}},{""0"":{""mean_uv"":993824,""error_uv"":-6176,""pp_uv"":3490},""1"":{""mean_uv"":1006698,""error_uv"":6698,""pp_uv"":4959},""2"":{""mean_uv"":1042995,""error_uv"":42995,""pp_uv"":801},""3"":{""mean_uv"":1042613,""error_uv"":42613,""pp_uv"":610},""4"":{""mean_uv"":742950,""error_uv"":-257050,""pp_uv"":114}},{""0"":{""mean_uv"":993938,""error_uv"":-6062,""pp_uv"":3833},""1"":{""mean_uv"":1006584,""error_uv"":6584,""pp_uv"":4882},""2"":{""mean_uv"":1043643,""error_uv"":43643,""pp_uv"":534},""3"":{""mean_uv"":1043281,""error_uv"":43281,""pp_uv"":438},""4"":{""mean_uv"":742855,""error_uv"":-257145,""pp_uv"":228}}]},""codes"":[3,60,0,0]}"
1,coupled,False,22,2026-09-08T19:55:09,observation,    borde grueso IDAC1=60: PGAgain=-6.2mV BPo=+6.7mV OPA_SUMo=+43.0mV SUMo=+42.6mV LPo=-257.1mV,"[3, 60, 0, 0]",,3,42613,610,1411,"{""at"":""2026-09-08T19:55:09"",""kind"":""observation"",""message"":""    borde grueso IDAC1=60: PGAgain=-6.2mV BPo=+6.7mV OPA_SUMo=+43.0mV SUMo=+42.6mV LPo=-257.1mV"",""label"":""borde grueso IDAC1=60"",""observation"":{""errors_uv"":{""0"":-6157,""1"":6698,""2"":42995,""3"":42613,""4"":-257050},""pp_uv"":{""0"":3738,""1"":4959,""2"":705,""3"":610,""4"":114},""spread_uv"":{""0"":114,""1"":1297,""2"":1354,""3"":1411,""4"":95},""samples"":[{""0"":{""mean_uv"":993843,""error_uv"":-6157,""pp_uv"":3738},""1"":{""mean_uv"":1007881,""error_uv"":7881,""pp_uv"":5512},""2"":{""mean_uv"":1042289,""error_uv"":42289,""pp_uv"":705},""3"":{""mean_uv"":1041870,""error_uv"":41870,""pp_uv"":648},""4"":{""mean_uv"":742950,""error_uv"":-257050,""pp_uv"":95}},{""0"":{""mean_uv"":993824,""error_uv"":-6176,""pp_uv"":3490},""1"":{""mean_uv"":1006698,""error_uv"":6698,""pp_uv"":4959},""2"":{""mean_uv"":1042995,""error_uv"":42995,""pp_uv"":801},""3"":{""mean_uv"":1042613,""error_uv"":42613,""pp_uv"":610},""4"":{""mean_uv"":742950,""error_uv"":-257050,""pp_uv"":114}},{""0"":{""mean_uv"":993938,""error_uv"":-6062,""pp_uv"":3833},""1"":{""mean_uv"":1006584,""error_uv"":6584,""pp_uv"":4882},""2"":{""mean_uv"":1043643,""error_uv"":43643,""pp_uv"":534},""3"":{""mean_uv"":1043281,""error_uv"":43281,""pp_uv"":438},""4"":{""mean_uv"":742855,""error_uv"":-257145,""pp_uv"":228}}]},""codes"":[3,60,0,0]}"
1,coupled,False,22,2026-09-08T19:55:09,observation,    borde grueso IDAC1=60: PGAgain=-6.2mV BPo=+6.7mV OPA_SUMo=+43.0mV SUMo=+42.6mV LPo=-257.1mV,"[3, 60, 0, 0]",,4,-257050,114,95,"{""at"":""2026-09-08T19:55:09"",""kind"":""observation"",""message"":""    borde grueso IDAC1=60: PGAgain=-6.2mV BPo=+6.7mV OPA_SUMo=+43.0mV SUMo=+42.6mV LPo=-257.1mV"",""label"":""borde grueso IDAC1=60"",""observation"":{""errors_uv"":{""0"":-6157,""1"":6698,""2"":42995,""3"":42613,""4"":-257050},""pp_uv"":{""0"":3738,""1"":4959,""2"":705,""3"":610,""4"":114},""spread_uv"":{""0"":114,""1"":1297,""2"":1354,""3"":1411,""4"":95},""samples"":[{""0"":{""mean_uv"":993843,""error_uv"":-6157,""pp_uv"":3738},""1"":{""mean_uv"":1007881,""error_uv"":7881,""pp_uv"":5512},""2"":{""mean_uv"":1042289,""error_uv"":42289,""pp_uv"":705},""3"":{""mean_uv"":1041870,""error_uv"":41870,""pp_uv"":648},""4"":{""mean_uv"":742950,""error_uv"":-257050,""pp_uv"":95}},{""0"":{""mean_uv"":993824,""error_uv"":-6176,""pp_uv"":3490},""1"":{""mean_uv"":1006698,""error_uv"":6698,""pp_uv"":4959},""2"":{""mean_uv"":1042995,""error_uv"":42995,""pp_uv"":801},""3"":{""mean_uv"":1042613,""error_uv"":42613,""pp_uv"":610},""4"":{""mean_uv"":742950,""error_uv"":-257050,""pp_uv"":114}},{""0"":{""mean_uv"":993938,""error_uv"":-6062,""pp_uv"":3833},""1"":{""mean_uv"":1006584,""error_uv"":6584,""pp_uv"":4882},""2"":{""mean_uv"":1043643,""error_uv"":43643,""pp_uv"":534},""3"":{""mean_uv"":1043281,""error_uv"":43281,""pp_uv"":438},""4"":{""mean_uv"":742855,""error_uv"":-257145,""pp_uv"":228}}]},""codes"":[3,60,0,0]}"
1,coupled,False,23,2026-09-08T19:55:38,observation,    borde grueso IDAC1=72: PGAgain=-6.3mV BPo=+7.3mV OPA_SUMo=+48.6mV SUMo=+48.3mV LPo=-257.1mV,"[3, 72, 0, 0]",,0,-6253,4177,172,"{""at"":""2026-09-08T19:55:38"",""kind"":""observation"",""message"":""    borde grueso IDAC1=72: PGAgain=-6.3mV BPo=+7.3mV OPA_SUMo=+48.6mV SUMo=+48.3mV LPo=-257.1mV"",""label"":""borde grueso IDAC1=72"",""observation"":{""errors_uv"":{""0"":-6253,""1"":7251,""2"":48641,""3"":48297,""4"":-257126},""pp_uv"":{""0"":4177,""1"":5722,""2"":724,""3"":877,""4"":190},""spread_uv"":{""0"":172,""1"":1545,""2"":1277,""3"":1088,""4"":96},""samples"":[{""0"":{""mean_uv"":993671,""error_uv"":-6329,""pp_uv"":3662},""1"":{""mean_uv"":1007251,""error_uv"":7251,""pp_uv"":7476},""2"":{""mean_uv"":1047821,""error_uv"":47821,""pp_uv"":743},""3"":{""mean_uv"":1047782,""error_uv"":47782,""pp_uv"":896},""4"":{""mean_uv"":742874,""error_uv"":-257126,""pp_uv"":190}},{""0"":{""mean_uv"":993843,""error_uv"":-6157,""pp_uv"":5092},""1"":{""mean_uv"":1008186,""error_uv"":8186,""pp_uv"":5722},""2"":{""mean_uv"":1048641,""error_uv"":48641,""pp_uv"":724},""3"":{""mean_uv"":1048297,""error_uv"":48297,""pp_uv"":877},""4"":{""mean_uv"":742931,""error_uv"":-257069,""pp_uv"":190}},{""0"":{""mean_uv"":993747,""error_uv"":-6253,""pp_uv"":4177},""1"":{""mean_uv"":1006641,""error_uv"":6641,""pp_uv"":4386},""2"":{""mean_uv"":1049098,""error_uv"":49098,""pp_uv"":553},""3"":{""mean_uv"":1048870,""error_uv"":48870,""pp_uv"":801},""4"":{""mean_uv"":742835,""error_uv"":-257165,""pp_uv"":171}}]},""codes"":[3,72,0,0]}"
1,coupled,False,23,2026-09-08T19:55:38,observation,    borde grueso IDAC1=72: PGAgain=-6.3mV BPo=+7.3mV OPA_SUMo=+48.6mV SUMo=+48.3mV LPo=-257.1mV,"[3, 72, 0, 0]",,1,7251,5722,1545,"{""at"":""2026-09-08T19:55:38"",""kind"":""observation"",""message"":""    borde grueso IDAC1=72: PGAgain=-6.3mV BPo=+7.3mV OPA_SUMo=+48.6mV SUMo=+48.3mV LPo=-257.1mV"",""label"":""borde grueso IDAC1=72"",""observation"":{""errors_uv"":{""0"":-6253,""1"":7251,""2"":48641,""3"":48297,""4"":-257126},""pp_uv"":{""0"":4177,""1"":5722,""2"":724,""3"":877,""4"":190},""spread_uv"":{""0"":172,""1"":1545,""2"":1277,""3"":1088,""4"":96},""samples"":[{""0"":{""mean_uv"":993671,""error_uv"":-6329,""pp_uv"":3662},""1"":{""mean_uv"":1007251,""error_uv"":7251,""pp_uv"":7476},""2"":{""mean_uv"":1047821,""error_uv"":47821,""pp_uv"":743},""3"":{""mean_uv"":1047782,""error_uv"":47782,""pp_uv"":896},""4"":{""mean_uv"":742874,""error_uv"":-257126,""pp_uv"":190}},{""0"":{""mean_uv"":993843,""error_uv"":-6157,""pp_uv"":5092},""1"":{""mean_uv"":1008186,""error_uv"":8186,""pp_uv"":5722},""2"":{""mean_uv"":1048641,""error_uv"":48641,""pp_uv"":724},""3"":{""mean_uv"":1048297,""error_uv"":48297,""pp_uv"":877},""4"":{""mean_uv"":742931,""error_uv"":-257069,""pp_uv"":190}},{""0"":{""mean_uv"":993747,""error_uv"":-6253,""pp_uv"":4177},""1"":{""mean_uv"":1006641,""error_uv"":6641,""pp_uv"":4386},""2"":{""mean_uv"":1049098,""error_uv"":49098,""pp_uv"":553},""3"":{""mean_uv"":1048870,""error_uv"":48870,""pp_uv"":801},""4"":{""mean_uv"":742835,""error_uv"":-257165,""pp_uv"":171}}]},""codes"":[3,72,0,0]}"
1,coupled,False,23,2026-09-08T19:55:38,observation,    borde grueso IDAC1=72: PGAgain=-6.3mV BPo=+7.3mV OPA_SUMo=+48.6mV SUMo=+48.3mV LPo=-257.1mV,"[3, 72, 0, 0]",,2,48641,724,1277,"{""at"":""2026-09-08T19:55:38"",""kind"":""observation"",""message"":""    borde grueso IDAC1=72: PGAgain=-6.3mV BPo=+7.3mV OPA_SUMo=+48.6mV SUMo=+48.3mV LPo=-257.1mV"",""label"":""borde grueso IDAC1=72"",""observation"":{""errors_uv"":{""0"":-6253,""1"":7251,""2"":48641,""3"":48297,""4"":-257126},""pp_uv"":{""0"":4177,""1"":5722,""2"":724,""3"":877,""4"":190},""spread_uv"":{""0"":172,""1"":1545,""2"":1277,""3"":1088,""4"":96},""samples"":[{""0"":{""mean_uv"":993671,""error_uv"":-6329,""pp_uv"":3662},""1"":{""mean_uv"":1007251,""error_uv"":7251,""pp_uv"":7476},""2"":{""mean_uv"":1047821,""error_uv"":47821,""pp_uv"":743},""3"":{""mean_uv"":1047782,""error_uv"":47782,""pp_uv"":896},""4"":{""mean_uv"":742874,""error_uv"":-257126,""pp_uv"":190}},{""0"":{""mean_uv"":993843,""error_uv"":-6157,""pp_uv"":5092},""1"":{""mean_uv"":1008186,""error_uv"":8186,""pp_uv"":5722},""2"":{""mean_uv"":1048641,""error_uv"":48641,""pp_uv"":724},""3"":{""mean_uv"":1048297,""error_uv"":48297,""pp_uv"":877},""4"":{""mean_uv"":742931,""error_uv"":-257069,""pp_uv"":190}},{""0"":{""mean_uv"":993747,""error_uv"":-6253,""pp_uv"":4177},""1"":{""mean_uv"":1006641,""error_uv"":6641,""pp_uv"":4386},""2"":{""mean_uv"":1049098,""error_uv"":49098,""pp_uv"":553},""3"":{""mean_uv"":1048870,""error_uv"":48870,""pp_uv"":801},""4"":{""mean_uv"":742835,""error_uv"":-257165,""pp_uv"":171}}]},""codes"":[3,72,0,0]}"
1,coupled,False,23,2026-09-08T19:55:38,observation,    borde grueso IDAC1=72: PGAgain=-6.3mV BPo=+7.3mV OPA_SUMo=+48.6mV SUMo=+48.3mV LPo=-257.1mV,"[3, 72, 0, 0]",,3,48297,877,1088,"{""at"":""2026-09-08T19:55:38"",""kind"":""observation"",""message"":""    borde grueso IDAC1=72: PGAgain=-6.3mV BPo=+7.3mV OPA_SUMo=+48.6mV SUMo=+48.3mV LPo=-257.1mV"",""label"":""borde grueso IDAC1=72"",""observation"":{""errors_uv"":{""0"":-6253,""1"":7251,""2"":48641,""3"":48297,""4"":-257126},""pp_uv"":{""0"":4177,""1"":5722,""2"":724,""3"":877,""4"":190},""spread_uv"":{""0"":172,""1"":1545,""2"":1277,""3"":1088,""4"":96},""samples"":[{""0"":{""mean_uv"":993671,""error_uv"":-6329,""pp_uv"":3662},""1"":{""mean_uv"":1007251,""error_uv"":7251,""pp_uv"":7476},""2"":{""mean_uv"":1047821,""error_uv"":47821,""pp_uv"":743},""3"":{""mean_uv"":1047782,""error_uv"":47782,""pp_uv"":896},""4"":{""mean_uv"":742874,""error_uv"":-257126,""pp_uv"":190}},{""0"":{""mean_uv"":993843,""error_uv"":-6157,""pp_uv"":5092},""1"":{""mean_uv"":1008186,""error_uv"":8186,""pp_uv"":5722},""2"":{""mean_uv"":1048641,""error_uv"":48641,""pp_uv"":724},""3"":{""mean_uv"":1048297,""error_uv"":48297,""pp_uv"":877},""4"":{""mean_uv"":742931,""error_uv"":-257069,""pp_uv"":190}},{""0"":{""mean_uv"":993747,""error_uv"":-6253,""pp_uv"":4177},""1"":{""mean_uv"":1006641,""error_uv"":6641,""pp_uv"":4386},""2"":{""mean_uv"":1049098,""error_uv"":49098,""pp_uv"":553},""3"":{""mean_uv"":1048870,""error_uv"":48870,""pp_uv"":801},""4"":{""mean_uv"":742835,""error_uv"":-257165,""pp_uv"":171}}]},""codes"":[3,72,0,0]}"
1,coupled,False,23,2026-09-08T19:55:38,observation,    borde grueso IDAC1=72: PGAgain=-6.3mV BPo=+7.3mV OPA_SUMo=+48.6mV SUMo=+48.3mV LPo=-257.1mV,"[3, 72, 0, 0]",,4,-257126,190,96,"{""at"":""2026-09-08T19:55:38"",""kind"":""observation"",""message"":""    borde grueso IDAC1=72: PGAgain=-6.3mV BPo=+7.3mV OPA_SUMo=+48.6mV SUMo=+48.3mV LPo=-257.1mV"",""label"":""borde grueso IDAC1=72"",""observation"":{""errors_uv"":{""0"":-6253,""1"":7251,""2"":48641,""3"":48297,""4"":-257126},""pp_uv"":{""0"":4177,""1"":5722,""2"":724,""3"":877,""4"":190},""spread_uv"":{""0"":172,""1"":1545,""2"":1277,""3"":1088,""4"":96},""samples"":[{""0"":{""mean_uv"":993671,""error_uv"":-6329,""pp_uv"":3662},""1"":{""mean_uv"":1007251,""error_uv"":7251,""pp_uv"":7476},""2"":{""mean_uv"":1047821,""error_uv"":47821,""pp_uv"":743},""3"":{""mean_uv"":1047782,""error_uv"":47782,""pp_uv"":896},""4"":{""mean_uv"":742874,""error_uv"":-257126,""pp_uv"":190}},{""0"":{""mean_uv"":993843,""error_uv"":-6157,""pp_uv"":5092},""1"":{""mean_uv"":1008186,""error_uv"":8186,""pp_uv"":5722},""2"":{""mean_uv"":1048641,""error_uv"":48641,""pp_uv"":724},""3"":{""mean_uv"":1048297,""error_uv"":48297,""pp_uv"":877},""4"":{""mean_uv"":742931,""error_uv"":-257069,""pp_uv"":190}},{""0"":{""mean_uv"":993747,""error_uv"":-6253,""pp_uv"":4177},""1"":{""mean_uv"":1006641,""error_uv"":6641,""pp_uv"":4386},""2"":{""mean_uv"":1049098,""error_uv"":49098,""pp_uv"":553},""3"":{""mean_uv"":1048870,""error_uv"":48870,""pp_uv"":801},""4"":{""mean_uv"":742835,""error_uv"":-257165,""pp_uv"":171}}]},""codes"":[3,72,0,0]}"
1,coupled,False,24,2026-09-08T19:55:38,gain_fail,FAIL x1: no se encontró el borde del plateau SUMo,"[3, 72, 0, 0]",,,,,,"{""at"":""2026-09-08T19:55:38"",""kind"":""gain_fail"",""message"":""FAIL x1: no se encontró el borde del plateau SUMo""}"
1,coupled,False,25,2026-09-08T19:56:51,observation,    estado neutro: PGAgain=-13.9mV BPo=+0.9mV OPA_SUMo=+48.5mV SUMo=+48.4mV LPo=-257.0mV,"[0, 0, 0, 0]",,0,-13882,3738,382,"{""at"":""2026-09-08T19:56:51"",""kind"":""observation"",""message"":""    estado neutro: PGAgain=-13.9mV BPo=+0.9mV OPA_SUMo=+48.5mV SUMo=+48.4mV LPo=-257.0mV"",""label"":""estado neutro"",""observation"":{""errors_uv"":{""0"":-13882,""1"":900,""2"":48450,""3"":48412,""4"":-256993},""pp_uv"":{""0"":3738,""1"":4158,""2"":896,""3"":610,""4"":152},""spread_uv"":{""0"":382,""1"":1545,""2"":972,""3"":953,""4"":76},""samples"":[{""0"":{""mean_uv"":986118,""error_uv"":-13882,""pp_uv"":3738},""1"":{""mean_uv"":1002159,""error_uv"":2159,""pp_uv"":4043},""2"":{""mean_uv"":1048126,""error_uv"":48126,""pp_uv"":877},""3"":{""mean_uv"":1047821,""error_uv"":47821,""pp_uv"":610},""4"":{""mean_uv"":742950,""error_uv"":-257050,""pp_uv"":114}},{""0"":{""mean_uv"":986003,""error_uv"":-13997,""pp_uv"":3356},""1"":{""mean_uv"":1000900,""error_uv"":900,""pp_uv"":7286},""2"":{""mean_uv"":1048450,""error_uv"":48450,""pp_uv"":953},""3"":{""mean_uv"":1048412,""error_uv"":48412,""pp_uv"":762},""4"":{""mean_uv"":743007,""error_uv"":-256993,""pp_uv"":152}},{""0"":{""mean_uv"":986385,""error_uv"":-13615,""pp_uv"":4844},""1"":{""mean_uv"":1000614,""error_uv"":614,""pp_uv"":4158},""2"":{""mean_uv"":1049098,""error_uv"":49098,""pp_uv"":896},""3"":{""mean_uv"":1048774,""error_uv"":48774,""pp_uv"":553},""4"":{""mean_uv"":743026,""error_uv"":-256974,""pp_uv"":152}}]},""codes"":[0,0,0,0]}"
1,coupled,False,25,2026-09-08T19:56:51,observation,    estado neutro: PGAgain=-13.9mV BPo=+0.9mV OPA_SUMo=+48.5mV SUMo=+48.4mV LPo=-257.0mV,"[0, 0, 0, 0]",,1,900,4158,1545,"{""at"":""2026-09-08T19:56:51"",""kind"":""observation"",""message"":""    estado neutro: PGAgain=-13.9mV BPo=+0.9mV OPA_SUMo=+48.5mV SUMo=+48.4mV LPo=-257.0mV"",""label"":""estado neutro"",""observation"":{""errors_uv"":{""0"":-13882,""1"":900,""2"":48450,""3"":48412,""4"":-256993},""pp_uv"":{""0"":3738,""1"":4158,""2"":896,""3"":610,""4"":152},""spread_uv"":{""0"":382,""1"":1545,""2"":972,""3"":953,""4"":76},""samples"":[{""0"":{""mean_uv"":986118,""error_uv"":-13882,""pp_uv"":3738},""1"":{""mean_uv"":1002159,""error_uv"":2159,""pp_uv"":4043},""2"":{""mean_uv"":1048126,""error_uv"":48126,""pp_uv"":877},""3"":{""mean_uv"":1047821,""error_uv"":47821,""pp_uv"":610},""4"":{""mean_uv"":742950,""error_uv"":-257050,""pp_uv"":114}},{""0"":{""mean_uv"":986003,""error_uv"":-13997,""pp_uv"":3356},""1"":{""mean_uv"":1000900,""error_uv"":900,""pp_uv"":7286},""2"":{""mean_uv"":1048450,""error_uv"":48450,""pp_uv"":953},""3"":{""mean_uv"":1048412,""error_uv"":48412,""pp_uv"":762},""4"":{""mean_uv"":743007,""error_uv"":-256993,""pp_uv"":152}},{""0"":{""mean_uv"":986385,""error_uv"":-13615,""pp_uv"":4844},""1"":{""mean_uv"":1000614,""error_uv"":614,""pp_uv"":4158},""2"":{""mean_uv"":1049098,""error_uv"":49098,""pp_uv"":896},""3"":{""mean_uv"":1048774,""error_uv"":48774,""pp_uv"":553},""4"":{""mean_uv"":743026,""error_uv"":-256974,""pp_uv"":152}}]},""codes"":[0,0,0,0]}"
1,coupled,False,25,2026-09-08T19:56:51,observation,    estado neutro: PGAgain=-13.9mV BPo=+0.9mV OPA_SUMo=+48.5mV SUMo=+48.4mV LPo=-257.0mV,"[0, 0, 0, 0]",,2,48450,896,972,"{""at"":""2026-09-08T19:56:51"",""kind"":""observation"",""message"":""    estado neutro: PGAgain=-13.9mV BPo=+0.9mV OPA_SUMo=+48.5mV SUMo=+48.4mV LPo=-257.0mV"",""label"":""estado neutro"",""observation"":{""errors_uv"":{""0"":-13882,""1"":900,""2"":48450,""3"":48412,""4"":-256993},""pp_uv"":{""0"":3738,""1"":4158,""2"":896,""3"":610,""4"":152},""spread_uv"":{""0"":382,""1"":1545,""2"":972,""3"":953,""4"":76},""samples"":[{""0"":{""mean_uv"":986118,""error_uv"":-13882,""pp_uv"":3738},""1"":{""mean_uv"":1002159,""error_uv"":2159,""pp_uv"":4043},""2"":{""mean_uv"":1048126,""error_uv"":48126,""pp_uv"":877},""3"":{""mean_uv"":1047821,""error_uv"":47821,""pp_uv"":610},""4"":{""mean_uv"":742950,""error_uv"":-257050,""pp_uv"":114}},{""0"":{""mean_uv"":986003,""error_uv"":-13997,""pp_uv"":3356},""1"":{""mean_uv"":1000900,""error_uv"":900,""pp_uv"":7286},""2"":{""mean_uv"":1048450,""error_uv"":48450,""pp_uv"":953},""3"":{""mean_uv"":1048412,""error_uv"":48412,""pp_uv"":762},""4"":{""mean_uv"":743007,""error_uv"":-256993,""pp_uv"":152}},{""0"":{""mean_uv"":986385,""error_uv"":-13615,""pp_uv"":4844},""1"":{""mean_uv"":1000614,""error_uv"":614,""pp_uv"":4158},""2"":{""mean_uv"":1049098,""error_uv"":49098,""pp_uv"":896},""3"":{""mean_uv"":1048774,""error_uv"":48774,""pp_uv"":553},""4"":{""mean_uv"":743026,""error_uv"":-256974,""pp_uv"":152}}]},""codes"":[0,0,0,0]}"
1,coupled,False,25,2026-09-08T19:56:51,observation,    estado neutro: PGAgain=-13.9mV BPo=+0.9mV OPA_SUMo=+48.5mV SUMo=+48.4mV LPo=-257.0mV,"[0, 0, 0, 0]",,3,48412,610,953,"{""at"":""2026-09-08T19:56:51"",""kind"":""observation"",""message"":""    estado neutro: PGAgain=-13.9mV BPo=+0.9mV OPA_SUMo=+48.5mV SUMo=+48.4mV LPo=-257.0mV"",""label"":""estado neutro"",""observation"":{""errors_uv"":{""0"":-13882,""1"":900,""2"":48450,""3"":48412,""4"":-256993},""pp_uv"":{""0"":3738,""1"":4158,""2"":896,""3"":610,""4"":152},""spread_uv"":{""0"":382,""1"":1545,""2"":972,""3"":953,""4"":76},""samples"":[{""0"":{""mean_uv"":986118,""error_uv"":-13882,""pp_uv"":3738},""1"":{""mean_uv"":1002159,""error_uv"":2159,""pp_uv"":4043},""2"":{""mean_uv"":1048126,""error_uv"":48126,""pp_uv"":877},""3"":{""mean_uv"":1047821,""error_uv"":47821,""pp_uv"":610},""4"":{""mean_uv"":742950,""error_uv"":-257050,""pp_uv"":114}},{""0"":{""mean_uv"":986003,""error_uv"":-13997,""pp_uv"":3356},""1"":{""mean_uv"":1000900,""error_uv"":900,""pp_uv"":7286},""2"":{""mean_uv"":1048450,""error_uv"":48450,""pp_uv"":953},""3"":{""mean_uv"":1048412,""error_uv"":48412,""pp_uv"":762},""4"":{""mean_uv"":743007,""error_uv"":-256993,""pp_uv"":152}},{""0"":{""mean_uv"":986385,""error_uv"":-13615,""pp_uv"":4844},""1"":{""mean_uv"":1000614,""error_uv"":614,""pp_uv"":4158},""2"":{""mean_uv"":1049098,""error_uv"":49098,""pp_uv"":896},""3"":{""mean_uv"":1048774,""error_uv"":48774,""pp_uv"":553},""4"":{""mean_uv"":743026,""error_uv"":-256974,""pp_uv"":152}}]},""codes"":[0,0,0,0]}"
1,coupled,False,25,2026-09-08T19:56:51,observation,    estado neutro: PGAgain=-13.9mV BPo=+0.9mV OPA_SUMo=+48.5mV SUMo=+48.4mV LPo=-257.0mV,"[0, 0, 0, 0]",,4,-256993,152,76,"{""at"":""2026-09-08T19:56:51"",""kind"":""observation"",""message"":""    estado neutro: PGAgain=-13.9mV BPo=+0.9mV OPA_SUMo=+48.5mV SUMo=+48.4mV LPo=-257.0mV"",""label"":""estado neutro"",""observation"":{""errors_uv"":{""0"":-13882,""1"":900,""2"":48450,""3"":48412,""4"":-256993},""pp_uv"":{""0"":3738,""1"":4158,""2"":896,""3"":610,""4"":152},""spread_uv"":{""0"":382,""1"":1545,""2"":972,""3"":953,""4"":76},""samples"":[{""0"":{""mean_uv"":986118,""error_uv"":-13882,""pp_uv"":3738},""1"":{""mean_uv"":1002159,""error_uv"":2159,""pp_uv"":4043},""2"":{""mean_uv"":1048126,""error_uv"":48126,""pp_uv"":877},""3"":{""mean_uv"":1047821,""error_uv"":47821,""pp_uv"":610},""4"":{""mean_uv"":742950,""error_uv"":-257050,""pp_uv"":114}},{""0"":{""mean_uv"":986003,""error_uv"":-13997,""pp_uv"":3356},""1"":{""mean_uv"":1000900,""error_uv"":900,""pp_uv"":7286},""2"":{""mean_uv"":1048450,""error_uv"":48450,""pp_uv"":953},""3"":{""mean_uv"":1048412,""error_uv"":48412,""pp_uv"":762},""4"":{""mean_uv"":743007,""error_uv"":-256993,""pp_uv"":152}},{""0"":{""mean_uv"":986385,""error_uv"":-13615,""pp_uv"":4844},""1"":{""mean_uv"":1000614,""error_uv"":614,""pp_uv"":4158},""2"":{""mean_uv"":1049098,""error_uv"":49098,""pp_uv"":896},""3"":{""mean_uv"":1048774,""error_uv"":48774,""pp_uv"":553},""4"":{""mean_uv"":743026,""error_uv"":-256974,""pp_uv"":152}}]},""codes"":[0,0,0,0]}"
