elapsed_s,phase,stage,code,channel,mean_bank_uv,error_bank_uv,error_real_mv,pp_bank_uv,valid
7.109299600007944,IDAC0 base,0,0,0,952129,-49371,-983.2580247000001,3166,True
8.810337900009472,IDAC0 probe,0,1,0,954494,-47006,-936.1573942000001,3604,True
10.510561200004304,IDAC0 restore,0,0,0,952911,-48589,-967.6839473,2784,True
12.214777599991066,IDAC0 probe,0,-1,0,948677,-52823,-1052.0070211,2651,True
13.917435999988811,IDAC0 restore,0,0,0,952167,-49333,-982.5012281,3280,True
14.62261550000403,IDAC0 inicio,0,0,0,952625,-48875,-973.3798375,2994,True
15.676972199988086,IDAC0 rampa Newton,0,4,0,962905,-38595,-768.6464415,2765,True
16.73375409998698,IDAC0 rampa Newton,0,8,0,972881,-28619,-569.9674183,1964,True
17.787335800006986,IDAC0 rampa Newton,0,12,0,982666,-18834,-375.09229380000005,2193,True
18.84434290000354,IDAC0 rampa Newton,0,16,0,992774,-8726,-173.7843982,1869,True
19.894169999985024,IDAC0 rampa Newton,0,17,0,995388,-6112,-121.72475840000001,1964,True
20.543083099997602,IDAC0 post Newton,0,17,0,995979,-5521,-109.9545797,2708,True
22.69164720000117,IDAC0 PI,0,17,0,995121,-6379,-127.0422503,2384,True
24.894939999998314,IDAC0 PI,0,18,0,997848,-3652,-72.7321364,2250,True
27.102990399987902,IDAC0 PI,0,19,0,1000328,-1172,-23.3412004,2593,True
29.257820900005754,IDAC0 PI,0,19,0,1000671,-829,-16.510115300000002,3032,True
29.907580200000666,IDAC0 verificación 1/3,0,19,0,999870,-1630,-32.462591,2498,True
31.55709640000714,IDAC0 verificación 2/3,0,19,0,1000900,-600,-11.94942,2803,True
33.20532589999493,IDAC0 verificación 3/3,0,19,0,1000823,-677,-13.482928900000001,2288,True
33.856440700008534,espera estabilidad,0,19,1,958690,-42810,-852.591117,4348,True
37.50737310000113,espera estabilidad,0,19,1,961608,-39892,-794.4771044,4444,True
41.15411229999154,espera estabilidad,0,19,1,964984,-36516,-727.2417012,3776,True
44.80040239999653,espera estabilidad,0,19,1,967807,-33693,-671.0196801,3566,True
48.448098199995,espera estabilidad,0,19,1,970001,-31499,-627.3246343000001,3147,True
52.096452099998714,espera estabilidad,0,19,1,972003,-29497,-587.4534029,3376,True
55.745234900008654,espera estabilidad,0,19,1,973472,-28028,-558.1972396000001,4043,True
59.39908100001048,espera estabilidad,0,19,1,974636,-26864,-535.0153647999999,3910,True
63.05027859998518,espera estabilidad,0,19,1,976066,-25434,-506.53591380000006,4272,True
66.70125990000088,espera estabilidad,0,19,1,977439,-24061,-479.19165770000006,3967,True
70.35112700000172,espera estabilidad,0,19,1,977954,-23546,-468.93507220000004,3890,True
74.00070679999772,espera estabilidad,0,19,1,979595,-21905,-436.25340850000003,3204,True
77.6510980000021,espera estabilidad,0,19,1,979804,-21696,-432.0910272,3166,True
81.3000549999997,espera estabilidad,0,19,1,980243,-21257,-423.3480349,3585,True
84.94957799999975,espera estabilidad,0,19,1,981330,-20170,-401.699669,4253,True
88.60108970000874,espera estabilidad,0,19,1,981731,-19769,-393.71347330000003,4100,True
92.25064640000346,espera estabilidad,0,19,1,982208,-19292,-384.21368440000003,3242,True
95.8983290999895,espera estabilidad,0,19,1,982875,-18625,-370.92991250000006,2956,True
99.54825339998933,espera estabilidad,0,19,1,983238,-18262,-363.7005134,2574,True
100.2016500000027,tau guarda ch0,0,19,0,1000976,-524,-10.435826800000001,1773,True
100.90463259999524,tau BP,0,20,1,980281,-21219,-422.59123830000004,2937,True
103.90275499998825,tau BP,0,20,1,980949,-20551,-409.2875507,3089,True
106.90666139998939,tau BP,0,20,1,981216,-20284,-403.9700588,3814,True
109.9022813999909,tau BP,0,20,1,981807,-19693,-392.19988010000003,3681,True
112.90592449999531,tau BP,0,20,1,982437,-19063,-379.6529891,3795,True
115.90383500000462,tau BP,0,20,1,982570,-18930,-377.004201,4577,True
118.9049173000094,tau BP,0,20,1,982856,-18644,-371.3083108,3871,True
121.90865490000579,tau BP,0,20,1,983238,-18262,-363.7005134,4558,True
124.90678260001005,tau BP,0,20,1,983047,-18453,-367.5044121,3776,True
127.90873850000207,tau BP,0,20,1,983829,-17671,-351.9303347,2861,True
130.90436660000705,tau BP,0,20,1,983886,-17614,-350.7951398,4100,True
133.90759700001217,tau BP,0,20,1,984344,-17156,-341.67374920000003,3395,True
136.90489179998985,tau BP,0,20,1,984134,-17366,-345.85604620000004,4425,True
139.90308719998575,tau BP,0,20,1,984268,-17232,-343.18734240000003,3814,True
142.90335320000304,tau BP,0,20,1,984420,-17080,-340.16015600000003,3547,True
145.90459499999997,tau BP,0,20,1,984516,-16984,-338.2482488,3337,True
148.90382460001274,tau BP,0,20,1,984611,-16889,-336.3562573,4081,True
151.90394290001132,tau BP,0,20,1,984840,-16660,-331.795562,3471,True
154.90599920001114,tau BP,0,20,1,984954,-16546,-329.52517220000004,4539,True
157.90169550001156,tau BP,0,20,1,984973,-16527,-329.1467739,3871,True
160.90177629998652,tau BP,0,20,1,984954,-16546,-329.52517220000004,3299,True
163.90503699998953,tau BP,0,20,1,984973,-16527,-329.1467739,3089,True
166.90428330001305,tau BP,0,20,1,985088,-16412,-326.85646840000004,3414,True
169.90407729998697,tau BP,0,20,1,985221,-16279,-324.2076803,4253,True
172.90235079999547,tau BP,0,20,1,985221,-16279,-324.2076803,3871,True
175.9019474000088,tau BP,0,20,1,985336,-16164,-321.9173748,4329,True
178.90215219999664,tau BP,0,20,1,985450,-16050,-319.64698500000003,3547,True
181.90443389999564,tau BP,0,20,1,986213,-15287,-304.4513059,3948,True
184.9052085999865,tau BP,0,20,1,985565,-15935,-317.35667950000004,4367,True
187.90459099999862,tau BP,0,20,1,985088,-16412,-326.85646840000004,4234,True
190.9931251000089,espera estabilidad,0,19,1,987930,-13570,-270.256049,3700,True
194.64594509999733,espera estabilidad,0,19,1,988502,-12998,-258.8642686,3948,True
198.29912350000814,espera estabilidad,0,19,1,987644,-13856,-275.9519392,3395,True
205.57599300000584,espera estabilidad,0,19,1,987606,-13894,-276.7087358,3814,True
209.2282877000107,espera estabilidad,0,19,1,987606,-13894,-276.7087358,2822,True
209.8825349000108,IDAC1 base,1,0,1,987091,-14409,-286.9653213,4138,True
268.5852562999935,IDAC1 probe,1,32,1,989131,-12369,-246.33729330000003,4138,True
327.2914165999973,IDAC1 restore,1,0,1,985107,-16393,-326.4780701,3948,True
385.9978856999951,IDAC1 probe,1,-32,1,981483,-20017,-398.6525669,4119,True
444.7023788999941,IDAC1 restore,1,0,1,985851,-15649,-311.6607893,3032,True
445.4064339000033,espera estabilidad,1,0,1,986061,-15439,-307.4784923,3166,True
449.06273760000477,espera estabilidad,1,0,1,986042,-15458,-307.85689060000004,3490,True
452.7110844000126,espera estabilidad,1,0,1,986061,-15439,-307.4784923,4081,True
456.35809779999545,espera estabilidad,1,0,1,986003,-15497,-308.63360289999997,3719,True
460.0076140000019,espera estabilidad,1,0,1,985546,-15954,-317.73507780000006,4005,True
460.6582349000091,IDAC1 inicio,1,0,1,985622,-15878,-316.22148460000005,3471,True
461.715449100011,IDAC1 rampa Newton,1,16,1,988788,-12712,-253.16837840000002,3395,True
462.7694991999888,IDAC1 rampa Newton,1,32,1,991477,-10023,-199.61506110000002,3547,True
463.8235604999936,IDAC1 rampa Newton,1,48,1,994300,-7200,-143.39304,3280,True
464.8789965999895,IDAC1 rampa Newton,1,64,1,997028,-4472,-89.0630104,3414,True
469.5147735000064,IDAC1 rampa Newton,1,80,1,1000404,-1096,-21.827607200000003,3356,True
471.0177335999906,IDAC1 rampa Newton,1,96,1,1002483,983,19.5771331,4005,True
472.07112989999587,IDAC1 rampa Newton,1,112,1,1004638,3138,62.4954666,4138,True
473.1259968999948,IDAC1 rampa Newton,1,128,1,1007671,6171,122.8997847,5779,True
474.1829316999938,IDAC1 rampa Newton,1,133,1,1008014,6514,129.7308698,3223,True
474.83584240000346,IDAC1 post Newton,1,133,1,1008071,6571,130.8660647,3242,True
481.2908824000042,IDAC1 asentando Newton,1,133,1,1005897,4397,87.5693329,5664,True
487.7408642999944,IDAC1 asentando Newton,1,133,1,1003551,2051,40.847100700000006,2593,True
494.19146100000944,IDAC1 asentando Newton,1,133,1,1002826,1326,26.408218200000004,3070,True
504.23190089999116,IDAC1 asentando Newton,1,133,1,1001396,-104,-2.0712328,3814,True
510.6849145999877,IDAC1 asentando Newton,1,133,1,999984,-1516,-30.192201200000003,5035,True
517.1349833999993,IDAC1 asentando Newton,1,133,1,1000022,-1478,-29.435404600000002,3585,True
523.5899526999856,IDAC1 asentando Newton,1,133,1,999374,-2126,-42.3407782,3719,True
530.0431437999941,IDAC1 asentando Newton,1,133,1,998611,-2889,-57.5364573,3376,True
533.482938000001,IDAC1 asentando Newton,1,133,1,999031,-2469,-49.171863300000005,4405,True
534.5397677999863,IDAC1 rampa Newton,1,149,1,1001758,258,5.1382506,5092,True
535.5965708000003,IDAC1 rampa Newton,1,154,1,1002407,907,18.0635399,5073,True
594.2470937999897,IDAC1 Newton refinado asentado,1,154,1,1000328,-1172,-23.3412004,2079,True
595.3008400000108,IDAC1 rampa Newton,1,164,1,1001663,163,3.2462591,2593,True
653.9468083000102,IDAC1 Newton refinado asentado,1,164,1,1000747,-753,-14.9965221,4997,True
660.396922999993,IDAC1 PI,1,164,1,1000995,-505,-10.0574285,3662,True
666.8450043000048,IDAC1 PI,1,164,1,999832,-1668,-33.219387600000005,3547,True
667.492141900002,IDAC1 verificación 1/3,1,164,1,1000099,-1401,-27.9018957,3738,True
669.1429868999985,IDAC1 verificación 2/3,1,164,1,1000423,-1077,-21.449208900000002,3280,True
670.7935324999853,IDAC1 verificación 3/3,1,164,1,999774,-1726,-34.374498200000005,3356,True
671.4462026999972,verificación upstream,0,19,0,1000766,-734,-14.618123800000001,2460,True
672.0961096000101,verificación upstream,1,164,1,1000728,-772,-15.3749204,3356,True
672.7521648000111,IDAC2 base rápida,2,0,2,756435,-245065,-4880.6410205,2536,False
673.6062773999874,IDAC2 bracket -1,2,-1,2,754699,-246801,-4915.2146757,2193,False
675.2550283999881,IDAC2 sonda -1,2,-1,2,752620,-248880,-4956.6194160000005,2441,False
676.1079964000091,IDAC2 bracket 0,2,0,2,752105,-249395,-4966.8760015,2193,False
677.7579213999852,IDAC2 restaurado,2,0,2,750331,-251169,-5002.2064533,2174,False
678.6080687000067,IDAC2 bracket 1,2,1,2,750331,-251169,-5002.2064533,2040,False
680.2584921999951,IDAC2 sonda 1,2,1,2,748443,-253057,-5039.8072949,1850,False
681.1074839000066,IDAC2 bracket 0,2,0,2,746784,-254716,-5072.8474412000005,1888,False
682.7591726999963,IDAC2 restaurado,2,0,2,745086,-256414,-5106.6642998,2479,False
683.610579500004,IDAC2 bracket -1,2,-1,2,743770,-257730,-5132.873361000001,1468,False
684.4628255999996,IDAC2 bracket -2,2,-2,2,742454,-259046,-5159.0824222,1697,False
686.1149297000084,IDAC2 sonda -2,2,-2,2,740451,-261049,-5198.9735693,2040,False
686.9682291999925,IDAC2 bracket -1,2,-1,2,740585,-260915,-5196.3048655,1964,False
687.8220025000046,IDAC2 bracket 0,2,0,2,740432,-261068,-5199.3519676000005,2098,False
689.4748555000115,IDAC2 restaurado,2,0,2,739593,-261907,-5216.0612399,2098,False
690.3280719000031,IDAC2 bracket 1,2,1,2,739459,-262041,-5218.729943700001,1735,False
691.1818097000069,IDAC2 bracket 2,2,2,2,739574,-261926,-5216.4396381999995,2517,False
692.8337682000129,IDAC2 sonda 2,2,2,2,738468,-263032,-5238.4664024,2593,False
693.6869859999861,IDAC2 bracket 1,2,1,2,737323,-264177,-5261.2698789,2880,False
694.5410103999893,IDAC2 bracket 0,2,0,2,736293,-265207,-5281.7830499,2403,False
696.1924703000113,IDAC2 restaurado,2,0,2,735530,-265970,-5296.978729,3547,False
697.0465996999992,IDAC2 bracket -1,2,-1,2,735530,-265970,-5296.978729,3147,False
697.9017431999964,IDAC2 bracket -2,2,-2,2,734462,-267038,-5318.248696600001,4291,False
700.7010590000136,IDAC2 bracket -3,2,-3,2,734004,-267496,-5327.3700872,3910,False
701.5586286000034,IDAC2 bracket -4,2,-4,2,733757,-267743,-5332.2892651,3337,False
703.2086577999871,IDAC2 sonda -4,2,-4,2,733699,-267801,-5333.444375700001,3166,False
704.0582155000011,IDAC2 bracket -3,2,-3,2,733280,-268220,-5341.789054000001,3128,False
704.912011700013,IDAC2 bracket -2,2,-2,2,733261,-268239,-5342.1674523,3528,False
705.7666407999932,IDAC2 bracket -1,2,-1,2,733642,-267858,-5334.5795706,2670,False
706.6218771999993,IDAC2 bracket 0,2,0,2,733127,-268373,-5344.8361561,2708,False
708.2728827999963,IDAC2 restaurado,2,0,2,732727,-268773,-5352.802436100001,2365,False
709.127733900008,IDAC2 bracket 1,2,1,2,732421,-269079,-5358.8966403,2212,False
709.9838407000061,IDAC2 bracket 2,2,2,2,733165,-268335,-5344.0793595000005,2613,False
710.8360386000131,IDAC2 bracket 3,2,3,2,732669,-268831,-5353.9575466999995,2269,False
711.6875874999969,IDAC2 bracket 4,2,4,2,732364,-269136,-5360.0318352,1564,False
713.3375197999994,IDAC2 sonda 4,2,4,2,732383,-269117,-5359.6534369,1678,False
714.194220800011,IDAC2 bracket 3,2,3,2,732784,-268716,-5351.6672412,2193,False
715.0478347000026,IDAC2 bracket 2,2,2,2,732231,-269269,-5362.6806233,1640,False
715.9004605000082,IDAC2 bracket 1,2,1,2,732002,-269498,-5367.241318599999,1392,False
716.7560842999956,IDAC2 bracket 0,2,0,2,732097,-269403,-5365.349327100001,1659,False
718.408545000013,IDAC2 restaurado,2,0,2,731964,-269536,-5367.9981152,1678,False
719.2611252999923,IDAC2 bracket -1,2,-1,2,732040,-269460,-5366.484522,1773,False
720.1187900000077,IDAC2 bracket -2,2,-2,2,732288,-269212,-5361.545428400001,2918,False
720.9726756000018,IDAC2 bracket -3,2,-3,2,732460,-269040,-5358.119928,2574,False
725.4052701999899,IDAC2 bracket -4,2,-4,2,732460,-269040,-5358.119928,2441,False
726.7050912000122,IDAC2 bracket -5,2,-5,2,732192,-269308,-5363.4573356,1926,False
727.560462399997,IDAC2 bracket -6,2,-6,2,731983,-269517,-5367.619716900001,1792,False
728.4152036999876,IDAC2 bracket -7,2,-7,2,731792,-269708,-5371.4236156,1220,False
729.269510299986,IDAC2 bracket -8,2,-8,2,732097,-269403,-5365.349327100001,2021,False
734.5982784999942,IDAC2 sonda -8,2,-8,2,731964,-269536,-5367.9981152,1392,False
735.8952189999982,IDAC2 bracket -7,2,-7,2,731906,-269594,-5369.1532258,1125,False
736.7510315999971,IDAC2 bracket -6,2,-6,2,732078,-269422,-5365.7277254,1544,False
737.6056676000007,IDAC2 bracket -5,2,-5,2,732116,-269384,-5364.9709287999995,1792,False
738.4595404000138,IDAC2 bracket -4,2,-4,2,731792,-269708,-5371.4236156,1201,False
739.3139342000068,IDAC2 bracket -3,2,-3,2,731945,-269555,-5368.3765135,1392,False
743.8092122999951,IDAC2 bracket -2,2,-2,2,731945,-269555,-5368.3765135,1773,False
745.0853886000114,IDAC2 bracket -1,2,-1,2,731754,-269746,-5372.1804122,1163,False
745.940194099996,IDAC2 bracket 0,2,0,2,731773,-269727,-5371.802013900001,1392,False
747.5901935999864,IDAC2 restaurado,2,0,2,731868,-269632,-5369.9100224,1640,False
748.4410508000001,IDAC2 bracket 1,2,1,2,731887,-269613,-5369.531624100001,1449,False
749.2961050999875,IDAC2 bracket 2,2,2,2,731697,-269803,-5373.3156071,1049,False
750.1496870999981,IDAC2 bracket 3,2,3,2,731868,-269632,-5369.9100224,1449,False
751.0051883000124,IDAC2 bracket 4,2,4,2,732269,-269231,-5361.9238267,2040,False
751.8589761999901,IDAC2 bracket 5,2,5,2,732040,-269460,-5366.484522,1621,False
752.7124391999969,IDAC2 bracket 6,2,6,2,731906,-269594,-5369.1532258,1354,False
753.5639296000008,IDAC2 bracket 7,2,7,2,732116,-269384,-5364.9709287999995,1983,False
754.4169933999947,IDAC2 bracket 8,2,8,2,732498,-269002,-5357.3631314,1792,False
756.070304199995,IDAC2 sonda 8,2,8,2,732307,-269193,-5361.1670301,2269,False
756.9233417999931,IDAC2 bracket 7,2,7,2,732250,-269250,-5362.302225,1411,False
757.7777274000109,IDAC2 bracket 6,2,6,2,732307,-269193,-5361.1670301,1850,False
758.63162130001,IDAC2 bracket 5,2,5,2,733184,-268316,-5343.700961200001,2059,False
759.4848531000025,IDAC2 bracket 4,2,4,2,732746,-268754,-5352.4240378,1773,False
760.3384546999878,IDAC2 bracket 3,2,3,2,732192,-269308,-5363.4573356,1564,False
761.1927781999984,IDAC2 bracket 2,2,2,2,732021,-269479,-5366.8629203,1392,False
762.0472658000072,IDAC2 bracket 1,2,1,2,732269,-269231,-5361.9238267,1544,False
762.9021252999955,IDAC2 bracket 0,2,0,2,732479,-269021,-5357.7415297,1564,False
764.5540762000019,IDAC2 restaurado,2,0,2,732078,-269422,-5365.7277254,1354,False
765.4088279999851,IDAC2 bracket -1,2,-1,2,732288,-269212,-5361.545428400001,1697,False
766.2639461999934,IDAC2 bracket -2,2,-2,2,731906,-269594,-5369.1532258,1144,False
767.1170232000004,IDAC2 bracket -3,2,-3,2,731678,-269822,-5373.6940054,1106,False
767.9729706000071,IDAC2 bracket -4,2,-4,2,731735,-269765,-5372.558810500001,1659,False
768.8271180999873,IDAC2 bracket -5,2,-5,2,731792,-269708,-5371.4236156,1449,False
769.6813741000078,IDAC2 bracket -6,2,-6,2,732059,-269441,-5366.1061237,1926,False
774.1578229999868,IDAC2 bracket -7,2,-7,2,731678,-269822,-5373.6940054,705,False
775.4586241999932,IDAC2 bracket -8,2,-8,2,731735,-269765,-5372.558810500001,1087,False
776.3155235000013,IDAC2 bracket -9,2,-9,2,731525,-269975,-5376.7411075,438,False
777.1734030999942,IDAC2 bracket -10,2,-10,2,731544,-269956,-5376.362709200001,610,False
778.0286791000108,IDAC2 bracket -11,2,-11,2,731506,-269994,-5377.1195058,534,False
778.8823570999957,IDAC2 bracket -12,2,-12,2,731525,-269975,-5376.7411075,457,False
779.736290300003,IDAC2 bracket -13,2,-13,2,731449,-270051,-5378.2547007,400,False
780.590262999991,IDAC2 bracket -14,2,-14,2,731544,-269956,-5376.362709200001,648,False
781.4432731000124,IDAC2 bracket -15,2,-15,2,731468,-270032,-5377.8763024,228,False
782.296883700008,IDAC2 bracket -16,2,-16,2,731410,-270090,-5379.031413000001,228,False
783.9516510000103,IDAC2 sonda -16,2,-16,2,731468,-270032,-5377.8763024,171,False
784.8078330999997,IDAC2 bracket -15,2,-15,2,731525,-269975,-5376.7411075,457,False
785.6618544000085,IDAC2 bracket -14,2,-14,2,731430,-270070,-5378.633099000001,209,False
790.1590093999985,IDAC2 bracket -13,2,-13,2,731506,-269994,-5377.1195058,534,False
791.4580578999885,IDAC2 bracket -12,2,-12,2,731735,-269765,-5372.558810500001,1106,False
792.314226699993,IDAC2 bracket -11,2,-11,2,731525,-269975,-5376.7411075,534,False
793.1721308999986,IDAC2 bracket -10,2,-10,2,731887,-269613,-5369.531624100001,1659,False
794.0244032999908,IDAC2 bracket -9,2,-9,2,731678,-269822,-5373.6940054,1029,False
794.8808489000075,IDAC2 bracket -8,2,-8,2,732040,-269460,-5366.484522,1831,False
797.6855622000003,IDAC2 bracket -7,2,-7,2,731716,-269784,-5372.9372088,991,False
798.519200300012,IDAC2 bracket -6,2,-6,2,731697,-269803,-5373.3156071,1049,False
799.3738973999862,IDAC2 bracket -5,2,-5,2,731697,-269803,-5373.3156071,877,False
800.2274273000075,IDAC2 bracket -4,2,-4,2,731697,-269803,-5373.3156071,991,False
801.0822636999947,IDAC2 bracket -3,2,-3,2,731735,-269765,-5372.558810500001,1258,False
801.9384153999854,IDAC2 bracket -2,2,-2,2,732040,-269460,-5366.484522,1258,False
802.7947667000117,IDAC2 bracket -1,2,-1,2,731544,-269956,-5376.362709200001,572,False
803.6508462000056,IDAC2 bracket 0,2,0,2,731906,-269594,-5369.1532258,1506,False
805.3012661999965,IDAC2 restaurado,2,0,2,731639,-269861,-5374.4707177,591,False
806.1534421000106,IDAC2 bracket 1,2,1,2,731868,-269632,-5369.9100224,1125,False
807.0076033000078,IDAC2 bracket 2,2,2,2,731620,-269880,-5374.849116,762,False
807.8627021000138,IDAC2 bracket 3,2,3,2,731658,-269842,-5374.092319400001,743,False
808.7181619000039,IDAC2 bracket 4,2,4,2,731658,-269842,-5374.092319400001,934,False
809.5721773999976,IDAC2 bracket 5,2,5,2,731849,-269651,-5370.288420700001,991,False
812.3730066000135,IDAC2 bracket 6,2,6,2,731964,-269536,-5367.9981152,1316,False
813.2289808999922,IDAC2 bracket 7,2,7,2,731697,-269803,-5373.3156071,1029,False
814.0839042000007,IDAC2 bracket 8,2,8,2,732040,-269460,-5366.484522,1506,False
814.9378085999924,IDAC2 bracket 9,2,9,2,732135,-269365,-5364.5925305,1907,False
815.7920409000071,IDAC2 bracket 10,2,10,2,732040,-269460,-5366.484522,1621,False
816.6504665999964,IDAC2 bracket 11,2,11,2,732574,-268926,-5355.8495382,2613,False
817.507168799988,IDAC2 bracket 12,2,12,2,732498,-269002,-5357.3631314,2593,False
818.3620928000018,IDAC2 bracket 13,2,13,2,732383,-269117,-5359.6534369,2841,False
819.21533430001,IDAC2 bracket 14,2,14,2,732746,-268754,-5352.4240378,3490,False
820.0685127000033,IDAC2 bracket 15,2,15,2,732479,-269021,-5357.7415297,2231,False
820.9243859999988,IDAC2 bracket 16,2,16,2,733451,-268049,-5338.3834693,3890,False
822.5779948999989,IDAC2 sonda 16,2,16,2,734138,-267362,-5324.701383400001,3967,False
823.433097000001,IDAC2 bracket 15,2,15,2,732631,-268869,-5354.7143433,3509,False
824.2880191000004,IDAC2 bracket 14,2,14,2,732593,-268907,-5355.4711399,3585,False
825.14183030001,IDAC2 bracket 13,2,13,2,732479,-269021,-5357.7415297,3070,False
825.9991584999952,IDAC2 bracket 12,2,12,2,732688,-268812,-5353.5791484,3623,False
826.8558404000069,IDAC2 bracket 11,2,11,2,733413,-268087,-5339.1402659,4062,False
827.7120559999894,IDAC2 bracket 10,2,10,2,732517,-268983,-5356.9847331,2555,False
828.5655349000008,IDAC2 bracket 9,2,9,2,732879,-268621,-5349.7752497,2918,False
829.4224785999977,IDAC2 bracket 8,2,8,2,732212,-269288,-5363.059021600001,2155,False
830.2771391000133,IDAC2 bracket 7,2,7,2,732192,-269308,-5363.4573356,1811,False
833.0827229999995,IDAC2 bracket 6,2,6,2,731925,-269575,-5368.7748275,1487,False
833.9390262000088,IDAC2 bracket 5,2,5,2,731906,-269594,-5369.1532258,1316,False
834.7946415999904,IDAC2 bracket 4,2,4,2,731639,-269861,-5374.4707177,1296,False
835.6504278999928,IDAC2 bracket 3,2,3,2,731658,-269842,-5374.092319400001,686,False
836.5058634000015,IDAC2 bracket 2,2,2,2,731506,-269994,-5377.1195058,495,False
837.3620025000127,IDAC2 bracket 1,2,1,2,731487,-270013,-5377.4979041,171,False
841.8545741999988,IDAC2 bracket 0,2,0,2,731525,-269975,-5376.7411075,839,False
843.5091897000093,IDAC2 restaurado,2,0,2,731678,-269822,-5373.6940054,1106,False
844.365954799985,IDAC2 bracket -1,2,-1,2,731792,-269708,-5371.4236156,1335,False
845.2232377000037,IDAC2 bracket -2,2,-2,2,731811,-269689,-5371.0452173,1277,False
846.0781562000047,IDAC2 bracket -3,2,-3,2,732097,-269403,-5365.349327100001,2002,False
846.9340892999899,IDAC2 bracket -4,2,-4,2,731945,-269555,-5368.3765135,1888,False
851.4704568999878,IDAC2 bracket -5,2,-5,2,731639,-269861,-5374.4707177,743,False
852.7693429999927,IDAC2 bracket -6,2,-6,2,731754,-269746,-5372.1804122,1106,False
853.6272129999998,IDAC2 bracket -7,2,-7,2,731945,-269555,-5368.3765135,1888,False
854.4834021000133,IDAC2 bracket -8,2,-8,2,731754,-269746,-5372.1804122,1144,False
855.3367797000101,IDAC2 bracket -9,2,-9,2,731983,-269517,-5367.619716900001,1621,False
856.1923408999864,IDAC2 bracket -10,2,-10,2,731716,-269784,-5372.9372088,896,False
860.6280471000064,IDAC2 bracket -11,2,-11,2,731601,-269899,-5375.2275143,591,False
861.9278507000126,IDAC2 bracket -12,2,-12,2,731639,-269861,-5374.4707177,610,False
862.7845991000067,IDAC2 bracket -13,2,-13,2,731544,-269956,-5376.362709200001,610,False
863.6427871999913,IDAC2 bracket -14,2,-14,2,731544,-269956,-5376.362709200001,572,False
864.4978512999951,IDAC2 bracket -15,2,-15,2,731601,-269899,-5375.2275143,1010,False
865.355873499997,IDAC2 bracket -16,2,-16,2,731601,-269899,-5375.2275143,896,False
866.2105830000073,IDAC2 bracket -17,2,-17,2,731487,-270013,-5377.4979041,514,False
867.0655561999884,IDAC2 bracket -18,2,-18,2,731525,-269975,-5376.7411075,286,False
867.9206940000004,IDAC2 bracket -19,2,-19,2,731468,-270032,-5377.8763024,343,False
868.7756608999916,IDAC2 bracket -20,2,-20,2,731468,-270032,-5377.8763024,343,False
869.6317487999913,IDAC2 bracket -21,2,-21,2,731506,-269994,-5377.1195058,495,False
870.485935500008,IDAC2 bracket -22,2,-22,2,731468,-270032,-5377.8763024,190,False
871.3417293000093,IDAC2 bracket -23,2,-23,2,731468,-270032,-5377.8763024,171,False
875.7772073000087,IDAC2 bracket -24,2,-24,2,731372,-270128,-5379.7882096,209,False
877.0791075000016,IDAC2 bracket -25,2,-25,2,731410,-270090,-5379.031413000001,228,False
877.9360487000085,IDAC2 bracket -26,2,-26,2,731410,-270090,-5379.031413000001,190,False
878.7924236000108,IDAC2 bracket -27,2,-27,2,731430,-270070,-5378.633099000001,171,False
879.6500767999969,IDAC2 bracket -28,2,-28,2,731449,-270051,-5378.2547007,114,False
880.5078100000101,IDAC2 bracket -29,2,-29,2,731449,-270051,-5378.2547007,190,False
881.3645138999855,IDAC2 bracket -30,2,-30,2,731449,-270051,-5378.2547007,152,False
882.2194266000006,IDAC2 bracket -31,2,-31,2,731430,-270070,-5378.633099000001,190,False
883.0740948999883,IDAC2 bracket -32,2,-32,2,731449,-270051,-5378.2547007,190,False
884.726219300006,IDAC2 sonda -32,2,-32,2,731430,-270070,-5378.633099000001,228,False
885.5783641999878,IDAC2 bracket -31,2,-31,2,731410,-270090,-5379.031413000001,209,False
886.4355513000046,IDAC2 bracket -30,2,-30,2,731468,-270032,-5377.8763024,305,False
887.2925760000071,IDAC2 bracket -29,2,-29,2,731525,-269975,-5376.7411075,324,False
891.7293749999953,IDAC2 bracket -28,2,-28,2,731449,-270051,-5378.2547007,190,False
893.0118656000122,IDAC2 bracket -27,2,-27,2,731468,-270032,-5377.8763024,171,False
893.8691460000118,IDAC2 bracket -26,2,-26,2,731487,-270013,-5377.4979041,305,False
894.725153300009,IDAC2 bracket -25,2,-25,2,731449,-270051,-5378.2547007,267,False
895.5830075000122,IDAC2 bracket -24,2,-24,2,731487,-270013,-5377.4979041,267,False
900.1172710999963,IDAC2 bracket -23,2,-23,2,731468,-270032,-5377.8763024,114,False
901.4193576000107,IDAC2 bracket -22,2,-22,2,731449,-270051,-5378.2547007,209,False
902.2760721000086,IDAC2 bracket -21,2,-21,2,731449,-270051,-5378.2547007,362,False
903.1328050000011,IDAC2 bracket -20,2,-20,2,731449,-270051,-5378.2547007,305,False
903.9890957000025,IDAC2 bracket -19,2,-19,2,731449,-270051,-5378.2547007,228,False
904.8439467999851,IDAC2 bracket -18,2,-18,2,731449,-270051,-5378.2547007,133,False
905.699085100001,IDAC2 bracket -17,2,-17,2,731430,-270070,-5378.633099000001,209,False
906.5553112000052,IDAC2 bracket -16,2,-16,2,731449,-270051,-5378.2547007,305,False
907.412522700004,IDAC2 bracket -15,2,-15,2,731449,-270051,-5378.2547007,362,False
908.2710344000079,IDAC2 bracket -14,2,-14,2,731410,-270090,-5379.031413000001,438,False
909.1283011999913,IDAC2 bracket -13,2,-13,2,731449,-270051,-5378.2547007,190,False
909.9869487000105,IDAC2 bracket -12,2,-12,2,731773,-269727,-5371.802013900001,1029,False
910.844943700009,IDAC2 bracket -11,2,-11,2,731525,-269975,-5376.7411075,572,False
915.3804817000055,IDAC2 bracket -10,2,-10,2,731525,-269975,-5376.7411075,400,False
916.6832530999964,IDAC2 bracket -9,2,-9,2,731849,-269651,-5370.288420700001,1373,False
917.5426836000115,IDAC2 bracket -8,2,-8,2,731716,-269784,-5372.9372088,1182,False
918.3979516999971,IDAC2 bracket -7,2,-7,2,731697,-269803,-5373.3156071,896,False
919.2533326999983,IDAC2 bracket -6,2,-6,2,732059,-269441,-5366.1061237,1773,False
920.1124911000079,IDAC2 bracket -5,2,-5,2,731716,-269784,-5372.9372088,1659,False
920.9681790999894,IDAC2 bracket -4,2,-4,2,731716,-269784,-5372.9372088,1430,False
921.8263541999913,IDAC2 bracket -3,2,-3,2,731697,-269803,-5373.3156071,1087,False
922.6824208000035,IDAC2 bracket -2,2,-2,2,731639,-269861,-5374.4707177,610,False
923.5407035000098,IDAC2 bracket -1,2,-1,2,731544,-269956,-5376.362709200001,457,False
924.4005822000036,IDAC2 bracket 0,2,0,2,731697,-269803,-5373.3156071,1411,False
926.0544103999855,IDAC2 restaurado,2,0,2,731601,-269899,-5375.2275143,1564,False
926.9086183999898,IDAC2 bracket 1,2,1,2,731697,-269803,-5373.3156071,991,False
927.7656362999987,IDAC2 bracket 2,2,2,2,731658,-269842,-5374.092319400001,762,False
928.6204437999986,IDAC2 bracket 3,2,3,2,731601,-269899,-5375.2275143,667,False
929.4800663999922,IDAC2 bracket 4,2,4,2,731563,-269937,-5375.9843109,514,False
930.3351871999912,IDAC2 bracket 5,2,5,2,731697,-269803,-5373.3156071,953,False
931.1934492999862,IDAC2 bracket 6,2,6,2,731773,-269727,-5371.802013900001,1125,False
932.0529806000122,IDAC2 bracket 7,2,7,2,731678,-269822,-5373.6940054,934,False
932.9100362999889,IDAC2 bracket 8,2,8,2,731678,-269822,-5373.6940054,915,False
933.7637959000131,IDAC2 bracket 9,2,9,2,732154,-269346,-5364.2141322,1811,False
934.622592300002,IDAC2 bracket 10,2,10,2,731945,-269555,-5368.3765135,1258,False
935.480161399988,IDAC2 bracket 11,2,11,2,732097,-269403,-5365.349327100001,1678,False
936.3343906000082,IDAC2 bracket 12,2,12,2,732097,-269403,-5365.349327100001,1983,False
937.1897449000098,IDAC2 bracket 13,2,13,2,732383,-269117,-5359.6534369,2136,False
938.0479814999853,IDAC2 bracket 14,2,14,2,732250,-269250,-5362.302225,1602,False
938.9039378000016,IDAC2 bracket 15,2,15,2,732498,-269002,-5357.3631314,2727,False
939.7621869999857,IDAC2 bracket 16,2,16,2,733356,-268144,-5340.2754608000005,3852,False
940.6200008000014,IDAC2 bracket 17,2,17,2,732784,-268716,-5351.6672412,2899,False
941.4792241000105,IDAC2 bracket 18,2,18,2,732975,-268525,-5347.8633425,2880,False
942.3340413999977,IDAC2 bracket 19,2,19,2,733375,-268125,-5339.8970625,3566,False
943.1922830000112,IDAC2 bracket 20,2,20,2,734138,-267362,-5324.701383400001,4882,False
944.0482290000073,IDAC2 bracket 21,2,21,2,733585,-267915,-5335.714765500001,4138,False
944.9056122000038,IDAC2 bracket 22,2,22,2,734310,-267190,-5321.275883,4043,False
945.7630981999973,IDAC2 bracket 23,2,23,2,734634,-266866,-5314.8231962,3795,False
950.2997970999859,IDAC2 bracket 24,2,24,2,734462,-267038,-5318.248696600001,4501,False
951.603532100009,IDAC2 bracket 25,2,25,2,734424,-267076,-5319.0054932,3185,False
952.460061699996,IDAC2 bracket 26,2,26,2,733737,-267763,-5332.6875791,2555,False
953.3171493000118,IDAC2 bracket 27,2,27,2,734462,-267038,-5318.248696600001,2174,False
954.174176200002,IDAC2 bracket 28,2,28,2,734615,-266885,-5315.2015945,2155,False
955.0302632999956,IDAC2 bracket 29,2,29,2,735549,-265951,-5296.600330700001,2632,False
955.8879307000025,IDAC2 bracket 30,2,30,2,735874,-265626,-5290.127728200001,2021,False
956.7462566999893,IDAC2 bracket 31,2,31,2,736370,-265130,-5280.249541,2079,False
957.6030751999933,IDAC2 bracket 32,2,32,2,736942,-264558,-5268.857760600001,1640,False
959.2579775000049,IDAC2 sonda 32,2,32,2,736808,-264692,-5271.5264644,1926,False
960.1137111999851,IDAC2 bracket 31,2,31,2,736713,-264787,-5273.4184559000005,1602,False
960.9719288999913,IDAC2 bracket 30,2,30,2,735874,-265626,-5290.127728200001,1907,False
961.8279752999952,IDAC2 bracket 29,2,29,2,735244,-266256,-5302.674619200001,1487,False
962.6854478000023,IDAC2 bracket 28,2,28,2,734519,-266981,-5317.1135017,1201,False
963.5435421000002,IDAC2 bracket 27,2,27,2,734100,-267400,-5325.4581800000005,1525,False
964.4019790999882,IDAC2 bracket 26,2,26,2,733985,-267515,-5327.7484855,2002,False
965.2596483000088,IDAC2 bracket 25,2,25,2,734176,-267324,-5323.9445868,3223,False
966.1180422999896,IDAC2 bracket 24,2,24,2,733222,-268278,-5342.9441646000005,2403,False
966.9758356999955,IDAC2 bracket 23,2,23,2,733222,-268278,-5342.9441646000005,2365,False
967.8349988000118,IDAC2 bracket 22,2,22,2,733184,-268316,-5343.700961200001,3547,False
968.6915984000079,IDAC2 bracket 21,2,21,2,733394,-268106,-5339.518664200001,4138,False
969.5519475000037,IDAC2 bracket 20,2,20,2,733451,-268049,-5338.3834693,4043,False
970.4093460000004,IDAC2 bracket 19,2,19,2,733222,-268278,-5342.9441646000005,3643,False
971.2680553999962,IDAC2 bracket 18,2,18,2,733280,-268220,-5341.789054000001,3509,False
972.1248975000053,IDAC2 bracket 17,2,17,2,733013,-268487,-5347.1065459,3662,False
972.9829331999936,IDAC2 bracket 16,2,16,2,733585,-267915,-5335.714765500001,4711,False
973.8400057000108,IDAC2 bracket 15,2,15,2,733146,-268354,-5344.457757800001,4005,False
974.6997049000056,IDAC2 bracket 14,2,14,2,732479,-269021,-5357.7415297,2193,False
979.1402922999987,IDAC2 bracket 13,2,13,2,733127,-268373,-5344.8361561,2803,False
980.4221460999979,IDAC2 bracket 12,2,12,2,733413,-268087,-5339.1402659,2861,False
981.2798876999877,IDAC2 bracket 11,2,11,2,733108,-268392,-5345.2145544,2746,False
982.1407609999878,IDAC2 bracket 10,2,10,2,732326,-269174,-5360.788631800001,2517,False
982.9991229999869,IDAC2 bracket 9,2,9,2,731925,-269575,-5368.7748275,2231,False
983.855813800008,IDAC2 bracket 8,2,8,2,732231,-269269,-5362.6806233,2059,False
984.7126317000075,IDAC2 bracket 7,2,7,2,732746,-268754,-5352.4240378,2059,False
985.5691155999957,IDAC2 bracket 6,2,6,2,732192,-269308,-5363.4573356,1621,False
986.4264244000078,IDAC2 bracket 5,2,5,2,732288,-269212,-5361.545428400001,2059,False
987.2826459000062,IDAC2 bracket 4,2,4,2,731945,-269555,-5368.3765135,1182,False
988.1402072999917,IDAC2 bracket 3,2,3,2,731716,-269784,-5372.9372088,1125,False
988.9998371000111,IDAC2 bracket 2,2,2,2,731754,-269746,-5372.1804122,934,False
989.8596333999885,IDAC2 bracket 1,2,1,2,731849,-269651,-5370.288420700001,1258,False
990.715790599992,IDAC2 bracket 0,2,0,2,731925,-269575,-5368.7748275,1831,False
992.3713376999949,IDAC2 restaurado,2,0,2,731620,-269880,-5374.849116,782,False
993.2287649000064,IDAC2 bracket -1,2,-1,2,731792,-269708,-5371.4236156,1277,False
994.0874622999982,IDAC2 bracket -2,2,-2,2,731582,-269918,-5375.6059126,724,False
994.9466279000044,IDAC2 bracket -3,2,-3,2,731620,-269880,-5374.849116,877,False
995.8073596000031,IDAC2 bracket -4,2,-4,2,731563,-269937,-5375.9843109,629,False
996.6659743000055,IDAC2 bracket -5,2,-5,2,731582,-269918,-5375.6059126,972,False
997.5260878000117,IDAC2 bracket -6,2,-6,2,731601,-269899,-5375.2275143,782,False
998.3832727000117,IDAC2 bracket -7,2,-7,2,731658,-269842,-5374.092319400001,858,False
999.2402147999965,IDAC2 bracket -8,2,-8,2,731525,-269975,-5376.7411075,305,False
1000.0982153000077,IDAC2 bracket -9,2,-9,2,731487,-270013,-5377.4979041,457,False
1000.9555258000037,IDAC2 bracket -10,2,-10,2,731830,-269670,-5370.666819,839,False
1001.8114138999954,IDAC2 bracket -11,2,-11,2,731601,-269899,-5375.2275143,686,False
1002.6676257000072,IDAC2 bracket -12,2,-12,2,731582,-269918,-5375.6059126,667,False
1003.5249568999861,IDAC2 bracket -13,2,-13,2,731506,-269994,-5377.1195058,419,False
1006.3333841999993,IDAC2 bracket -14,2,-14,2,731525,-269975,-5376.7411075,476,False
1007.1904847999976,IDAC2 bracket -15,2,-15,2,731773,-269727,-5371.802013900001,801,False
1008.0481189000129,IDAC2 bracket -16,2,-16,2,731506,-269994,-5377.1195058,419,False
1008.9053838000109,IDAC2 bracket -17,2,-17,2,731639,-269861,-5374.4707177,782,False
1009.7685691000079,IDAC2 bracket -18,2,-18,2,731620,-269880,-5374.849116,820,False
1010.6271632999997,IDAC2 bracket -19,2,-19,2,731620,-269880,-5374.849116,495,False
1015.0634795000078,IDAC2 bracket -20,2,-20,2,731487,-270013,-5377.4979041,305,False
1016.3651640999888,IDAC2 bracket -21,2,-21,2,731449,-270051,-5378.2547007,572,False
1017.2234730999917,IDAC2 bracket -22,2,-22,2,731468,-270032,-5377.8763024,190,False
1018.083569200011,IDAC2 bracket -23,2,-23,2,731430,-270070,-5378.633099000001,152,False
1018.9417249000107,IDAC2 bracket -24,2,-24,2,731449,-270051,-5378.2547007,228,False
1019.8001959999965,IDAC2 bracket -25,2,-25,2,731449,-270051,-5378.2547007,133,False
1024.2402867999917,IDAC2 bracket -26,2,-26,2,731391,-270109,-5379.4098113,152,False
1025.5459551000095,IDAC2 bracket -27,2,-27,2,731468,-270032,-5377.8763024,190,False
1026.405705399986,IDAC2 bracket -28,2,-28,2,731468,-270032,-5377.8763024,171,False
1027.2659477000125,IDAC2 bracket -29,2,-29,2,731430,-270070,-5378.633099000001,152,False
1028.1243444999855,IDAC2 bracket -30,2,-30,2,731449,-270051,-5378.2547007,171,False
1028.9831912000082,IDAC2 bracket -31,2,-31,2,731449,-270051,-5378.2547007,152,False
1031.7963848999934,IDAC2 bracket -32,2,-32,2,731487,-270013,-5377.4979041,209,False
1032.65602580001,IDAC2 bracket -33,2,-33,2,731506,-269994,-5377.1195058,286,False
1033.5153011000075,IDAC2 bracket -34,2,-34,2,731410,-270090,-5379.031413000001,152,False
1034.3744405999896,IDAC2 bracket -35,2,-35,2,731449,-270051,-5378.2547007,171,False
1035.2328900000139,IDAC2 bracket -36,2,-36,2,731391,-270109,-5379.4098113,209,False
1036.0912972000078,IDAC2 bracket -37,2,-37,2,731449,-270051,-5378.2547007,247,False
1036.9478173000098,IDAC2 bracket -38,2,-38,2,731430,-270070,-5378.633099000001,305,False
1037.8064763000002,IDAC2 bracket -39,2,-39,2,731487,-270013,-5377.4979041,133,False
1038.663050400006,IDAC2 bracket -40,2,-40,2,731468,-270032,-5377.8763024,190,False
1039.5221752999933,IDAC2 bracket -41,2,-41,2,731487,-270013,-5377.4979041,171,False
1040.3831156000088,IDAC2 bracket -42,2,-42,2,731430,-270070,-5378.633099000001,228,False
1041.239958399994,IDAC2 bracket -43,2,-43,2,731430,-270070,-5378.633099000001,171,False
1042.0972060000058,IDAC2 bracket -44,2,-44,2,731430,-270070,-5378.633099000001,152,False
1042.955932699988,IDAC2 bracket -45,2,-45,2,731449,-270051,-5378.2547007,190,False
1043.8145633999957,IDAC2 bracket -46,2,-46,2,731468,-270032,-5377.8763024,171,False
1044.6731131999986,IDAC2 bracket -47,2,-47,2,731430,-270070,-5378.633099000001,133,False
1045.5336113999947,IDAC2 bracket -48,2,-48,2,731430,-270070,-5378.633099000001,171,False
1046.3919793000096,IDAC2 bracket -49,2,-49,2,731410,-270090,-5379.031413000001,152,False
1047.2509178000037,IDAC2 bracket -50,2,-50,2,731468,-270032,-5377.8763024,171,False
1048.1088399,IDAC2 bracket -51,2,-51,2,731391,-270109,-5379.4098113,190,False
1048.9680559000117,IDAC2 bracket -52,2,-52,2,731410,-270090,-5379.031413000001,171,False
1049.8268764000095,IDAC2 bracket -53,2,-53,2,731449,-270051,-5378.2547007,152,False
1050.6866553,IDAC2 bracket -54,2,-54,2,731487,-270013,-5377.4979041,133,False
1051.545132500003,IDAC2 bracket -55,2,-55,2,731430,-270070,-5378.633099000001,171,False
1052.406244199985,IDAC2 bracket -56,2,-56,2,731410,-270090,-5379.031413000001,190,False
1053.2626007999934,IDAC2 bracket -57,2,-57,2,731449,-270051,-5378.2547007,190,False
1054.1204230999865,IDAC2 bracket -58,2,-58,2,731410,-270090,-5379.031413000001,171,False
1054.9780298999976,IDAC2 bracket -59,2,-59,2,731449,-270051,-5378.2547007,209,False
1059.5170830000134,IDAC2 bracket -60,2,-60,2,731468,-270032,-5377.8763024,152,False
1060.8219221000036,IDAC2 bracket -61,2,-61,2,731449,-270051,-5378.2547007,190,False
1061.680909799994,IDAC2 bracket -62,2,-62,2,731468,-270032,-5377.8763024,171,False
1062.5411337999976,IDAC2 bracket -63,2,-63,2,731468,-270032,-5377.8763024,152,False
1063.4037479000108,IDAC2 bracket -64,2,-64,2,731468,-270032,-5377.8763024,133,False
1065.0596532000054,IDAC2 sonda -64,2,-64,2,731430,-270070,-5378.633099000001,152,False
1065.9146585999988,IDAC2 bracket -63,2,-63,2,731410,-270090,-5379.031413000001,133,False
1066.7738471000048,IDAC2 bracket -62,2,-62,2,731449,-270051,-5378.2547007,209,False
1067.6347313000006,IDAC2 bracket -61,2,-61,2,731468,-270032,-5377.8763024,190,False
1068.4951507000078,IDAC2 bracket -60,2,-60,2,731468,-270032,-5377.8763024,152,False
1069.355463999993,IDAC2 bracket -59,2,-59,2,731430,-270070,-5378.633099000001,152,False
1070.2148199999938,IDAC2 bracket -58,2,-58,2,731410,-270090,-5379.031413000001,133,False
1071.0741383999994,IDAC2 bracket -57,2,-57,2,731430,-270070,-5378.633099000001,133,False
1075.6153569000016,IDAC2 bracket -56,2,-56,2,731410,-270090,-5379.031413000001,171,False
1076.9206033000082,IDAC2 bracket -55,2,-55,2,731430,-270070,-5378.633099000001,152,False
1077.7806398000102,IDAC2 bracket -54,2,-54,2,731449,-270051,-5378.2547007,152,False
1078.6400281999959,IDAC2 bracket -53,2,-53,2,731449,-270051,-5378.2547007,209,False
1079.499397800013,IDAC2 bracket -52,2,-52,2,731449,-270051,-5378.2547007,171,False
1080.3599259000039,IDAC2 bracket -51,2,-51,2,731430,-270070,-5378.633099000001,209,False
1081.2199120000005,IDAC2 bracket -50,2,-50,2,731468,-270032,-5377.8763024,171,False
1082.0803899999883,IDAC2 bracket -49,2,-49,2,731410,-270090,-5379.031413000001,152,False
1082.9384696999914,IDAC2 bracket -48,2,-48,2,731449,-270051,-5378.2547007,209,False
1083.7978030999948,IDAC2 bracket -47,2,-47,2,731430,-270070,-5378.633099000001,152,False
1084.6566327000037,IDAC2 bracket -46,2,-46,2,731449,-270051,-5378.2547007,190,False
1085.5167069000017,IDAC2 bracket -45,2,-45,2,731410,-270090,-5379.031413000001,171,False
1086.3768678999913,IDAC2 bracket -44,2,-44,2,731487,-270013,-5377.4979041,286,False
1090.9165754000132,IDAC2 bracket -43,2,-43,2,731449,-270051,-5378.2547007,152,False
1092.2225749999925,IDAC2 bracket -42,2,-42,2,731449,-270051,-5378.2547007,152,False
1093.0840286999883,IDAC2 bracket -41,2,-41,2,731430,-270070,-5378.633099000001,419,False
1093.9467489999952,IDAC2 bracket -40,2,-40,2,731410,-270090,-5379.031413000001,114,False
1094.8044351999997,IDAC2 bracket -39,2,-39,2,731449,-270051,-5378.2547007,228,False
1095.6641014000052,IDAC2 bracket -38,2,-38,2,731468,-270032,-5377.8763024,152,False
1096.5236524000065,IDAC2 bracket -37,2,-37,2,731430,-270070,-5378.633099000001,209,False
1097.3843928000133,IDAC2 bracket -36,2,-36,2,731449,-270051,-5378.2547007,133,False
1098.2453013999911,IDAC2 bracket -35,2,-35,2,731391,-270109,-5379.4098113,171,False
1099.1043718,IDAC2 bracket -34,2,-34,2,731430,-270070,-5378.633099000001,343,False
1099.9640469999867,IDAC2 bracket -33,2,-33,2,731410,-270090,-5379.031413000001,247,False
1100.8238884999882,IDAC2 bracket -32,2,-32,2,731468,-270032,-5377.8763024,381,False
1101.683023599995,IDAC2 bracket -31,2,-31,2,731410,-270090,-5379.031413000001,190,False
1106.2209412000084,IDAC2 bracket -30,2,-30,2,731487,-270013,-5377.4979041,381,False
1107.5279665999988,IDAC2 bracket -29,2,-29,2,731449,-270051,-5378.2547007,152,False
1108.3881062,IDAC2 bracket -28,2,-28,2,731468,-270032,-5377.8763024,152,False
1109.2502541999856,IDAC2 bracket -27,2,-27,2,731430,-270070,-5378.633099000001,209,False
1110.1076877999876,IDAC2 bracket -26,2,-26,2,731468,-270032,-5377.8763024,324,False
1110.9692606999888,IDAC2 bracket -25,2,-25,2,731449,-270051,-5378.2547007,152,False
1111.8270753000106,IDAC2 bracket -24,2,-24,2,731430,-270070,-5378.633099000001,305,False
1112.6888503000082,IDAC2 bracket -23,2,-23,2,731449,-270051,-5378.2547007,209,False
1113.5489940000116,IDAC2 bracket -22,2,-22,2,731487,-270013,-5377.4979041,286,False
1114.4077517999976,IDAC2 bracket -21,2,-21,2,731449,-270051,-5378.2547007,228,False
1115.267429600004,IDAC2 bracket -20,2,-20,2,731410,-270090,-5379.031413000001,247,False
1116.1292212000117,IDAC2 bracket -19,2,-19,2,731410,-270090,-5379.031413000001,286,False
1116.9875985000108,IDAC2 bracket -18,2,-18,2,731410,-270090,-5379.031413000001,267,False
1121.5137400999956,IDAC2 bracket -17,2,-17,2,731449,-270051,-5378.2547007,267,False
1122.8252857000043,IDAC2 bracket -16,2,-16,2,731639,-269861,-5374.4707177,686,False
1123.6857554999879,IDAC2 bracket -15,2,-15,2,731544,-269956,-5376.362709200001,534,False
1124.5453192999994,IDAC2 bracket -14,2,-14,2,731678,-269822,-5373.6940054,705,False
1125.4060962999938,IDAC2 bracket -13,2,-13,2,731487,-270013,-5377.4979041,343,False
1126.265738999995,IDAC2 bracket -12,2,-12,2,731658,-269842,-5374.092319400001,839,False
1130.7676218000124,IDAC2 bracket -11,2,-11,2,731563,-269937,-5375.9843109,724,False
1132.0521808000049,IDAC2 bracket -10,2,-10,2,731449,-270051,-5378.2547007,324,False
1132.9150130999915,IDAC2 bracket -9,2,-9,2,731506,-269994,-5377.1195058,572,False
1133.77630279999,IDAC2 bracket -8,2,-8,2,731620,-269880,-5374.849116,705,False
1134.6379501000047,IDAC2 bracket -7,2,-7,2,731487,-270013,-5377.4979041,514,False
1135.4974936000071,IDAC2 bracket -6,2,-6,2,731639,-269861,-5374.4707177,782,False
1136.3545235999918,IDAC2 bracket -5,2,-5,2,731678,-269822,-5373.6940054,953,False
1137.2136047999957,IDAC2 bracket -4,2,-4,2,731639,-269861,-5374.4707177,1487,False
1138.0744683000084,IDAC2 bracket -3,2,-3,2,731544,-269956,-5376.362709200001,438,False
1138.9343945999863,IDAC2 bracket -2,2,-2,2,731563,-269937,-5375.9843109,495,False
1139.793872899987,IDAC2 bracket -1,2,-1,2,731716,-269784,-5372.9372088,1144,False
1140.6552120000124,IDAC2 bracket 0,2,0,2,731601,-269899,-5375.2275143,1049,False
1142.3157214999956,IDAC2 restaurado,2,0,2,731506,-269994,-5377.1195058,686,False
1143.1793512000004,IDAC2 bracket 1,2,1,2,731697,-269803,-5373.3156071,896,False
1144.0387903999945,IDAC2 bracket 2,2,2,2,731697,-269803,-5373.3156071,915,False
1144.8961290000007,IDAC2 bracket 3,2,3,2,731658,-269842,-5374.092319400001,724,False
1145.757812900003,IDAC2 bracket 4,2,4,2,731658,-269842,-5374.092319400001,1220,False
1146.616388800001,IDAC2 bracket 5,2,5,2,731830,-269670,-5370.666819,1010,False
1147.4784064000123,IDAC2 bracket 6,2,6,2,731849,-269651,-5370.288420700001,1029,False
1148.3390848000126,IDAC2 bracket 7,2,7,2,731716,-269784,-5372.9372088,896,False
1149.198659799993,IDAC2 bracket 8,2,8,2,731868,-269632,-5369.9100224,1373,False
1152.0134099000134,IDAC2 bracket 9,2,9,2,732707,-268793,-5353.2007501,2288,False
1152.8745483999955,IDAC2 bracket 10,2,10,2,732421,-269079,-5358.8966403,2670,False
1153.7349932999932,IDAC2 bracket 11,2,11,2,731887,-269613,-5369.531624100001,1640,False
1154.5947188999853,IDAC2 bracket 12,2,12,2,732936,-268564,-5348.6400548,2746,False
1155.4533995999955,IDAC2 bracket 13,2,13,2,732765,-268735,-5352.0456395,2689,False
1156.3136546000023,IDAC2 bracket 14,2,14,2,732631,-268869,-5354.7143433,3051,False
1160.7505386999983,IDAC2 bracket 15,2,15,2,732727,-268773,-5352.802436100001,2841,False
1162.0555378999852,IDAC2 bracket 16,2,16,2,732898,-268602,-5349.3968514,2574,False
1162.916732200014,IDAC2 bracket 17,2,17,2,732784,-268716,-5351.6672412,2059,False
1163.7792484000092,IDAC2 bracket 18,2,18,2,733184,-268316,-5343.700961200001,3395,False
1164.6392525999981,IDAC2 bracket 19,2,19,2,732841,-268659,-5350.532046300001,2155,False
1165.499585499987,IDAC2 bracket 20,2,20,2,733623,-267877,-5334.957968900001,2269,False
1166.3594831000082,IDAC2 bracket 21,2,21,2,733165,-268335,-5344.0793595000005,2803,False
1167.219290899986,IDAC2 bracket 22,2,22,2,733718,-267782,-5333.0659774000005,2841,False
1168.079221299995,IDAC2 bracket 23,2,23,2,733203,-268297,-5343.3225629,2040,False
1168.9371566000045,IDAC2 bracket 24,2,24,2,732803,-268697,-5351.2888429,2193,False
1169.7953029999917,IDAC2 bracket 25,2,25,2,733566,-267934,-5336.0931638,2117,False
1170.6548429999966,IDAC2 bracket 26,2,26,2,733451,-268049,-5338.3834693,1487,False
1171.5164974000072,IDAC2 bracket 27,2,27,2,734119,-267381,-5325.0797817,2098,False
1175.9470066000067,IDAC2 bracket 28,2,28,2,734844,-266656,-5310.6408992,2536,False
1177.2527130999952,IDAC2 bracket 29,2,29,2,735263,-266237,-5302.2962209,2441,False
1178.113148000004,IDAC2 bracket 30,2,30,2,736160,-265340,-5284.431838,2632,False
1178.9749830999936,IDAC2 bracket 31,2,31,2,736789,-264711,-5271.9048627,3108,False
1179.8343485000078,IDAC2 bracket 32,2,32,2,737190,-264310,-5263.918667,2384,False
1180.695318299986,IDAC2 bracket 33,2,33,2,738086,-263414,-5246.0741998,2670,False
1181.554784100008,IDAC2 bracket 34,2,34,2,738220,-263280,-5243.405496,1831,False
1182.4157959999866,IDAC2 bracket 35,2,35,2,738983,-262517,-5228.2098169,2422,False
1183.276161899994,IDAC2 bracket 36,2,36,2,739593,-261907,-5216.0612399,2136,False
1184.1362941999978,IDAC2 bracket 37,2,37,2,740375,-261125,-5200.4871625000005,2136,False
1184.9945813000086,IDAC2 bracket 38,2,38,2,741157,-260343,-5184.913085100001,2193,False
1185.8571354000014,IDAC2 bracket 39,2,39,2,741825,-259675,-5171.6093975,1945,False
1186.7183428000135,IDAC2 bracket 40,2,40,2,742454,-259046,-5159.0824222,2975,False
1191.1568415999936,IDAC2 bracket 41,2,41,2,743274,-258226,-5142.7515482,2117,False
1192.4658572000044,IDAC2 bracket 42,2,42,2,743961,-257539,-5129.069462300001,1792,False
1193.3276172000042,IDAC2 bracket 43,2,43,2,744705,-256795,-5114.2521815,2269,False
1194.1891982000088,IDAC2 bracket 44,2,44,2,745468,-256032,-5099.056502400001,1296,False
1195.0494623999984,IDAC2 bracket 45,2,45,2,746307,-255193,-5082.3472301,1773,False
1195.9092007,IDAC2 bracket 46,2,46,2,746879,-254621,-5070.955449700001,1926,False
1196.7669426999928,IDAC2 bracket 47,2,47,2,747661,-253839,-5055.3813723,1964,False
1197.625836399995,IDAC2 bracket 48,2,48,2,748195,-253305,-5044.746388500001,1564,False
1198.4874263000092,IDAC2 bracket 49,2,49,2,748920,-252580,-5030.307506,1716,False
1199.34735679999,IDAC2 bracket 50,2,50,2,749778,-251722,-5013.2198354,1220,False
1200.2058374999906,IDAC2 bracket 51,2,51,2,750370,-251130,-5001.429741000001,1792,False
1201.0661884,IDAC2 bracket 52,2,52,2,751361,-250139,-4981.6932823,1487,False
1201.9283658000058,IDAC2 bracket 53,2,53,2,752067,-249433,-4967.6327981,1316,False
1206.364334199985,IDAC2 bracket 54,2,54,2,752677,-248823,-4955.4842211000005,1811,False
1207.6702470000018,IDAC2 bracket 55,2,55,2,753479,-248021,-4939.511829700001,2155,False
1208.5302910000028,IDAC2 bracket 56,2,56,2,754108,-247392,-4926.984854400001,1983,False
1209.394700600009,IDAC2 bracket 57,2,57,2,754871,-246629,-4911.7891753,2250,False
1210.2547811999975,IDAC2 bracket 58,2,58,2,755596,-245904,-4897.3502928,2155,False
1211.114646800008,IDAC2 bracket 59,2,59,2,756282,-245218,-4883.6881226000005,2098,False
1211.974151900009,IDAC2 bracket 60,2,60,2,757160,-244340,-4866.202138000001,2174,False
1212.8345427000022,IDAC2 bracket 61,2,61,2,757961,-243539,-4850.2496623,2269,False
1213.6947674000112,IDAC2 bracket 62,2,62,2,758609,-242891,-4837.3442887,2326,False
1214.5549014999997,IDAC2 bracket 63,2,63,2,759372,-242128,-4822.1486096,1869,False
1215.4164637000067,IDAC2 bracket 64,2,64,2,760135,-241365,-4806.952930500001,2040,False
1217.0737998000113,IDAC2 sonda 64,2,64,2,760231,-241269,-4805.0410233,2021,False
1217.9338155000005,IDAC2 bracket 63,2,63,2,759410,-242090,-4821.391813,2231,False
1222.3754052000004,IDAC2 bracket 62,2,62,2,758895,-242605,-4831.6483985,2307,False
1223.6651751000027,IDAC2 bracket 61,2,61,2,758132,-243368,-4846.844077600001,1945,False
1224.5304382999893,IDAC2 bracket 60,2,60,2,757541,-243959,-4858.6142563,1316,False
1225.3915862999856,IDAC2 bracket 59,2,59,2,756587,-244913,-4877.6138341000005,1697,False
1226.2514674999984,IDAC2 bracket 58,2,58,2,756092,-245408,-4887.472105600001,1392,False
1227.1116409999959,IDAC2 bracket 57,2,57,2,755500,-246000,-4899.2622,1640,False
1229.9280461999879,IDAC2 bracket 56,2,56,2,754909,-246591,-4911.032378700001,1754,False
1230.7896711000067,IDAC2 bracket 55,2,55,2,754299,-247201,-4923.1809557,1583,False
1231.6512899000081,IDAC2 bracket 54,2,54,2,753345,-248155,-4942.1805335,1678,False
1232.5109929000027,IDAC2 bracket 53,2,53,2,752830,-248670,-4952.437119,1659,False
1233.3724904000119,IDAC2 bracket 52,2,52,2,752105,-249395,-4966.8760015,1945,False
1234.2316891000082,IDAC2 bracket 51,2,51,2,751342,-250158,-4982.071680600001,1659,False
1238.672385199985,IDAC2 bracket 50,2,50,2,750942,-250558,-4990.0379606,2384,False
1239.9582661000022,IDAC2 bracket 49,2,49,2,750217,-251283,-5004.4768431,2574,False
1240.8204673999862,IDAC2 bracket 48,2,48,2,749473,-252027,-5019.2941239,2269,False
1241.6830828000093,IDAC2 bracket 47,2,47,2,748825,-252675,-5032.199497500001,2899,False
1242.5448675999942,IDAC2 bracket 46,2,46,2,747871,-253629,-5051.199075300001,1945,False
1243.4069784999883,IDAC2 bracket 45,2,45,2,747261,-254239,-5063.3476523,2880,False
1244.2681741999986,IDAC2 bracket 44,2,44,2,746593,-254907,-5076.6513399,2231,False
1245.1302660999936,IDAC2 bracket 43,2,43,2,745658,-255842,-5095.2725194,2651,False
1245.9929072000086,IDAC2 bracket 42,2,42,2,745201,-256299,-5104.3739943,2250,False
1246.8549129999883,IDAC2 bracket 41,2,41,2,744476,-257024,-5118.812876800001,1888,False
1247.7181501000014,IDAC2 bracket 40,2,40,2,743408,-258092,-5140.0828444,2498,False
1248.5778385000012,IDAC2 bracket 39,2,39,2,742969,-258531,-5148.8258367,2460,False
1249.4378318999952,IDAC2 bracket 38,2,38,2,742206,-259294,-5164.0215158,2498,False
1253.884308400011,IDAC2 bracket 37,2,37,2,741596,-259904,-5176.170092800001,1869,False
1255.1678605999914,IDAC2 bracket 36,2,36,2,740680,-260820,-5194.412874,1983,False
1256.0289776000136,IDAC2 bracket 35,2,35,2,739631,-261869,-5215.3044433000005,1697,False
1256.8908943000133,IDAC2 bracket 34,2,34,2,739402,-262098,-5219.8651386,1945,False
1257.7522610999877,IDAC2 bracket 33,2,33,2,738792,-262708,-5232.013715600001,2059,False
1262.2937474999926,IDAC2 bracket 32,2,32,2,737743,-263757,-5252.9052849,2250,False
1263.6018922000076,IDAC2 bracket 31,2,31,2,737228,-264272,-5263.1618704,1907,False
1264.4649441000074,IDAC2 bracket 30,2,30,2,736351,-265149,-5280.6279393,1544,False
1265.3251544999948,IDAC2 bracket 29,2,29,2,735721,-265779,-5293.1748303,2040,False
1266.1855035999906,IDAC2 bracket 28,2,28,2,735111,-266389,-5305.3234073,2155,False
1267.0483881999971,IDAC2 bracket 27,2,27,2,734748,-266752,-5312.5528064,2479,False
1267.9071781999955,IDAC2 bracket 26,2,26,2,734729,-266771,-5312.9312047,3089,False
1268.7678897999867,IDAC2 bracket 25,2,25,2,734539,-266961,-5316.715187700001,2155,False
1269.6326839000103,IDAC2 bracket 24,2,24,2,734329,-267171,-5320.8974847,2517,False
1270.4947537000116,IDAC2 bracket 23,2,23,2,734233,-267267,-5322.8093919,2632,False
1271.3579264,IDAC2 bracket 22,2,22,2,734405,-267095,-5319.3838915,3223,False
1272.2182742999867,IDAC2 bracket 21,2,21,2,734043,-267457,-5326.5933749000005,3032,False
1273.0794599000074,IDAC2 bracket 20,2,20,2,734195,-267305,-5323.5661885,2975,False
1273.9412440999877,IDAC2 bracket 19,2,19,2,733222,-268278,-5342.9441646000005,3204,False
1276.756666100002,IDAC2 bracket 18,2,18,2,733146,-268354,-5344.457757800001,2632,False
1277.619639200013,IDAC2 bracket 17,2,17,2,733642,-267858,-5334.5795706,2632,False
1278.4823931999854,IDAC2 bracket 16,2,16,2,733413,-268087,-5339.1402659,2994,False
1279.344088999991,IDAC2 bracket 15,2,15,2,732440,-269060,-5358.518242,2269,False
1280.2059904999915,IDAC2 bracket 14,2,14,2,732288,-269212,-5361.545428400001,2765,False
1281.0682886999857,IDAC2 bracket 13,2,13,2,732383,-269117,-5359.6534369,1850,False
1281.9300678999862,IDAC2 bracket 12,2,12,2,731945,-269555,-5368.3765135,1583,False
1282.7927483000094,IDAC2 bracket 11,2,11,2,732116,-269384,-5364.9709287999995,1773,False
1283.6542047999974,IDAC2 bracket 10,2,10,2,732021,-269479,-5366.8629203,1564,False
1284.5153934000118,IDAC2 bracket 9,2,9,2,731906,-269594,-5369.1532258,1239,False
1285.3779737000004,IDAC2 bracket 8,2,8,2,732059,-269441,-5366.1061237,1354,False
1286.2404174999974,IDAC2 bracket 7,2,7,2,731811,-269689,-5371.0452173,991,False
1287.102758699999,IDAC2 bracket 6,2,6,2,731830,-269670,-5370.666819,1049,False
1291.6064033999864,IDAC2 bracket 5,2,5,2,731506,-269994,-5377.1195058,782,False
1292.8932654999953,IDAC2 bracket 4,2,4,2,731964,-269536,-5367.9981152,1373,False
1293.7563661999884,IDAC2 bracket 3,2,3,2,731735,-269765,-5372.558810500001,1182,False
1294.6199477000046,IDAC2 bracket 2,2,2,2,732097,-269403,-5365.349327100001,1811,False
1295.480933599989,IDAC2 bracket 1,2,1,2,731678,-269822,-5373.6940054,934,False
1296.3435417999863,IDAC2 bracket 0,2,0,2,731983,-269517,-5367.619716900001,2040,False
1298.0029653999954,IDAC2 restaurado,2,0,2,731906,-269594,-5369.1532258,1277,False
1298.8649918999872,IDAC2 bracket -1,2,-1,2,732135,-269365,-5364.5925305,2136,False
1299.7289231999894,IDAC2 bracket -2,2,-2,2,732002,-269498,-5367.241318599999,1831,False
1300.5911274999962,IDAC2 bracket -3,2,-3,2,731792,-269708,-5371.4236156,1316,False
1301.4544519000046,IDAC2 bracket -4,2,-4,2,732059,-269441,-5366.1061237,1869,False
1302.3164854999923,IDAC2 bracket -5,2,-5,2,732078,-269422,-5365.7277254,1735,False
1303.1822806000127,IDAC2 bracket -6,2,-6,2,731964,-269536,-5367.9981152,1945,False
1304.0432929999952,IDAC2 bracket -7,2,-7,2,731925,-269575,-5368.7748275,1525,False
1304.9051883000066,IDAC2 bracket -8,2,-8,2,731887,-269613,-5369.531624100001,1869,False
1305.7658217999851,IDAC2 bracket -9,2,-9,2,731735,-269765,-5372.558810500001,1525,False
1306.6298558000126,IDAC2 bracket -10,2,-10,2,731773,-269727,-5371.802013900001,1163,False
1307.492875099997,IDAC2 bracket -11,2,-11,2,731658,-269842,-5374.092319400001,915,False
1308.3568105000013,IDAC2 bracket -12,2,-12,2,731506,-269994,-5377.1195058,400,False
1309.221228200011,IDAC2 bracket -13,2,-13,2,731544,-269956,-5376.362709200001,553,False
1310.0825568999862,IDAC2 bracket -14,2,-14,2,731525,-269975,-5376.7411075,400,False
1310.9446344999888,IDAC2 bracket -15,2,-15,2,731449,-270051,-5378.2547007,381,False
1311.8069267999963,IDAC2 bracket -16,2,-16,2,731430,-270070,-5378.633099000001,209,False
1312.6706938999996,IDAC2 bracket -17,2,-17,2,731410,-270090,-5379.031413000001,286,False
1313.533350200014,IDAC2 bracket -18,2,-18,2,731449,-270051,-5378.2547007,114,False
1314.395095099986,IDAC2 bracket -19,2,-19,2,731391,-270109,-5379.4098113,171,False
1315.2600483999995,IDAC2 bracket -20,2,-20,2,731468,-270032,-5377.8763024,171,False
1316.121610000002,IDAC2 bracket -21,2,-21,2,731449,-270051,-5378.2547007,152,False
1316.9834131000098,IDAC2 bracket -22,2,-22,2,731563,-269937,-5375.9843109,133,False
1317.844780000014,IDAC2 bracket -23,2,-23,2,731430,-270070,-5378.633099000001,171,False
1318.7062946000078,IDAC2 bracket -24,2,-24,2,731430,-270070,-5378.633099000001,152,False
1319.565471400012,IDAC2 bracket -25,2,-25,2,731468,-270032,-5377.8763024,171,False
1320.428087999986,IDAC2 bracket -26,2,-26,2,731468,-270032,-5377.8763024,152,False
1321.2912304000056,IDAC2 bracket -27,2,-27,2,731430,-270070,-5378.633099000001,247,False
1322.1539924000099,IDAC2 bracket -28,2,-28,2,731391,-270109,-5379.4098113,190,False
1323.0153106999933,IDAC2 bracket -29,2,-29,2,731430,-270070,-5378.633099000001,286,False
1323.878178199986,IDAC2 bracket -30,2,-30,2,731468,-270032,-5377.8763024,171,False
1324.7404406999995,IDAC2 bracket -31,2,-31,2,731487,-270013,-5377.4979041,381,False
1325.6059638999868,IDAC2 bracket -32,2,-32,2,731582,-269918,-5375.6059126,572,False
1326.4682982999948,IDAC2 bracket -33,2,-33,2,731487,-270013,-5377.4979041,267,False
1327.3323101999995,IDAC2 bracket -34,2,-34,2,731487,-270013,-5377.4979041,343,False
1328.1938898999942,IDAC2 bracket -35,2,-35,2,731430,-270070,-5378.633099000001,152,False
1329.055228000012,IDAC2 bracket -36,2,-36,2,731487,-270013,-5377.4979041,476,False
1331.8750377999968,IDAC2 bracket -37,2,-37,2,731430,-270070,-5378.633099000001,171,False
1332.7368206999963,IDAC2 bracket -38,2,-38,2,731449,-270051,-5378.2547007,133,False
1333.6016239000019,IDAC2 bracket -39,2,-39,2,731430,-270070,-5378.633099000001,114,False
1334.4640590999916,IDAC2 bracket -40,2,-40,2,731372,-270128,-5379.7882096,133,False
1335.3259242000058,IDAC2 bracket -41,2,-41,2,731449,-270051,-5378.2547007,171,False
1336.1895373000007,IDAC2 bracket -42,2,-42,2,731410,-270090,-5379.031413000001,190,False
1340.6291147999873,IDAC2 bracket -43,2,-43,2,731391,-270109,-5379.4098113,171,False
1341.9169989000075,IDAC2 bracket -44,2,-44,2,731430,-270070,-5378.633099000001,152,False
1342.7778596999997,IDAC2 bracket -45,2,-45,2,731410,-270090,-5379.031413000001,152,False
1343.6421499999997,IDAC2 bracket -46,2,-46,2,731372,-270128,-5379.7882096,152,False
1344.5047250000061,IDAC2 bracket -47,2,-47,2,731391,-270109,-5379.4098113,152,False
1349.0448811000097,IDAC2 bracket -48,2,-48,2,731391,-270109,-5379.4098113,133,False
1350.3318525000068,IDAC2 bracket -49,2,-49,2,731430,-270070,-5378.633099000001,171,False
1351.1954695000022,IDAC2 bracket -50,2,-50,2,731449,-270051,-5378.2547007,171,False
1352.0597659999912,IDAC2 bracket -51,2,-51,2,731430,-270070,-5378.633099000001,133,False
1352.9204718999972,IDAC2 bracket -52,2,-52,2,731372,-270128,-5379.7882096,152,False
1353.783277200011,IDAC2 bracket -53,2,-53,2,731410,-270090,-5379.031413000001,114,False
1358.2288708999986,IDAC2 bracket -54,2,-54,2,731410,-270090,-5379.031413000001,133,False
1359.5182036999904,IDAC2 bracket -55,2,-55,2,731410,-270090,-5379.031413000001,152,False
1360.3808648000122,IDAC2 bracket -56,2,-56,2,731353,-270147,-5380.166607900001,152,False
1361.2433596999908,IDAC2 bracket -57,2,-57,2,731372,-270128,-5379.7882096,133,False
1362.1036885000067,IDAC2 bracket -58,2,-58,2,731391,-270109,-5379.4098113,152,False
1362.9667379999883,IDAC2 bracket -59,2,-59,2,731430,-270070,-5378.633099000001,133,False
1365.784085899999,IDAC2 bracket -60,2,-60,2,731391,-270109,-5379.4098113,152,False
1366.647749900003,IDAC2 bracket -61,2,-61,2,731391,-270109,-5379.4098113,152,False
1367.511360900011,IDAC2 bracket -62,2,-62,2,731372,-270128,-5379.7882096,190,False
1368.3734758000064,IDAC2 bracket -63,2,-63,2,731410,-270090,-5379.031413000001,171,False
1369.2350373000081,IDAC2 bracket -64,2,-64,2,731430,-270070,-5378.633099000001,152,False
1370.0987818999856,IDAC2 bracket -65,2,-65,2,731410,-270090,-5379.031413000001,171,False
1374.603512600006,IDAC2 bracket -66,2,-66,2,731353,-270147,-5380.166607900001,133,False
1375.8953280000133,IDAC2 bracket -67,2,-67,2,731391,-270109,-5379.4098113,171,False
1376.7592125000083,IDAC2 bracket -68,2,-68,2,731391,-270109,-5379.4098113,152,False
1377.624197600002,IDAC2 bracket -69,2,-69,2,731353,-270147,-5380.166607900001,133,False
1378.484763799992,IDAC2 bracket -70,2,-70,2,731410,-270090,-5379.031413000001,114,False
1379.3485260999878,IDAC2 bracket -71,2,-71,2,731410,-270090,-5379.031413000001,152,False
1380.21042019999,IDAC2 bracket -72,2,-72,2,731410,-270090,-5379.031413000001,171,False
1381.0741732000024,IDAC2 bracket -73,2,-73,2,731410,-270090,-5379.031413000001,152,False
1381.9355508000008,IDAC2 bracket -74,2,-74,2,731372,-270128,-5379.7882096,114,False
1382.8010360999906,IDAC2 bracket -75,2,-75,2,731353,-270147,-5380.166607900001,114,False
1383.664263499988,IDAC2 bracket -76,2,-76,2,731372,-270128,-5379.7882096,190,False
1384.5295947999984,IDAC2 bracket -77,2,-77,2,731372,-270128,-5379.7882096,152,False
1385.3910887000093,IDAC2 bracket -78,2,-78,2,731449,-270051,-5378.2547007,133,False
1389.8929473999888,IDAC2 bracket -79,2,-79,2,731430,-270070,-5378.633099000001,152,False
1391.1813833999913,IDAC2 bracket -80,2,-80,2,731410,-270090,-5379.031413000001,171,False
1392.0450961999886,IDAC2 bracket -81,2,-81,2,731410,-270090,-5379.031413000001,133,False
1392.9062896000105,IDAC2 bracket -82,2,-82,2,731391,-270109,-5379.4098113,152,False
1393.767597500002,IDAC2 bracket -83,2,-83,2,731372,-270128,-5379.7882096,152,False
1394.6320002999855,IDAC2 bracket -84,2,-84,2,731430,-270070,-5378.633099000001,133,False
1397.4473765000002,IDAC2 bracket -85,2,-85,2,731430,-270070,-5378.633099000001,152,False
1398.3112414999923,IDAC2 bracket -86,2,-86,2,731468,-270032,-5377.8763024,152,False
1399.175536900002,IDAC2 bracket -87,2,-87,2,731410,-270090,-5379.031413000001,190,False
1400.0387525999977,IDAC2 bracket -88,2,-88,2,731410,-270090,-5379.031413000001,152,False
1400.9015585999878,IDAC2 bracket -89,2,-89,2,731449,-270051,-5378.2547007,114,False
1401.7640029999893,IDAC2 bracket -90,2,-90,2,731468,-270032,-5377.8763024,171,False
1402.6272139000066,IDAC2 bracket -91,2,-91,2,731410,-270090,-5379.031413000001,171,False
1403.491628799995,IDAC2 bracket -92,2,-92,2,731391,-270109,-5379.4098113,152,False
1404.355560099997,IDAC2 bracket -93,2,-93,2,731430,-270070,-5378.633099000001,133,False
1405.219860799989,IDAC2 bracket -94,2,-94,2,731410,-270090,-5379.031413000001,133,False
1406.0834444999928,IDAC2 bracket -95,2,-95,2,731410,-270090,-5379.031413000001,171,False
1406.9454482999863,IDAC2 bracket -96,2,-96,2,731391,-270109,-5379.4098113,133,False
1407.8091960999882,IDAC2 bracket -97,2,-97,2,731430,-270070,-5378.633099000001,152,False
1412.3079436999978,IDAC2 bracket -98,2,-98,2,731410,-270090,-5379.031413000001,133,False
1413.5947415000119,IDAC2 bracket -99,2,-99,2,731430,-270070,-5378.633099000001,133,False
1414.4593483000062,IDAC2 bracket -100,2,-100,2,731430,-270070,-5378.633099000001,133,False
1415.3239966999972,IDAC2 bracket -101,2,-101,2,731410,-270090,-5379.031413000001,152,False
1416.1870669999917,IDAC2 bracket -102,2,-102,2,731410,-270090,-5379.031413000001,152,False
1417.0539544000058,IDAC2 bracket -103,2,-103,2,731430,-270070,-5378.633099000001,133,False
1421.4946774000127,IDAC2 bracket -104,2,-104,2,731410,-270090,-5379.031413000001,152,False
1422.782690299995,IDAC2 bracket -105,2,-105,2,731391,-270109,-5379.4098113,133,False
1423.645854500006,IDAC2 bracket -106,2,-106,2,731372,-270128,-5379.7882096,152,False
1424.5103522999852,IDAC2 bracket -107,2,-107,2,731372,-270128,-5379.7882096,171,False
1425.373911200004,IDAC2 bracket -108,2,-108,2,731372,-270128,-5379.7882096,133,False
1426.2395489999908,IDAC2 bracket -109,2,-109,2,731391,-270109,-5379.4098113,133,False
1427.1033609999868,IDAC2 bracket -110,2,-110,2,731410,-270090,-5379.031413000001,133,False
1427.9678566000075,IDAC2 bracket -111,2,-111,2,731410,-270090,-5379.031413000001,152,False
1428.8297355000104,IDAC2 bracket -112,2,-112,2,731430,-270070,-5378.633099000001,133,False
1429.6940011999977,IDAC2 bracket -113,2,-113,2,731391,-270109,-5379.4098113,114,False
1430.5574149999884,IDAC2 bracket -114,2,-114,2,731391,-270109,-5379.4098113,152,False
1431.4218677000026,IDAC2 bracket -115,2,-115,2,731391,-270109,-5379.4098113,114,False
1432.2882191000099,IDAC2 bracket -116,2,-116,2,731391,-270109,-5379.4098113,114,False
1436.791032100009,IDAC2 bracket -117,2,-117,2,731410,-270090,-5379.031413000001,133,False
1438.0789416999905,IDAC2 bracket -118,2,-118,2,731391,-270109,-5379.4098113,133,False
1438.9440246000013,IDAC2 bracket -119,2,-119,2,731410,-270090,-5379.031413000001,152,False
1439.808553400013,IDAC2 bracket -120,2,-120,2,731353,-270147,-5380.166607900001,171,False
1440.671151699993,IDAC2 bracket -121,2,-121,2,731410,-270090,-5379.031413000001,95,False
1441.536031399999,IDAC2 bracket -122,2,-122,2,731410,-270090,-5379.031413000001,171,False
1442.4012629000063,IDAC2 bracket -123,2,-123,2,731391,-270109,-5379.4098113,133,False
1443.264495499985,IDAC2 bracket -124,2,-124,2,731410,-270090,-5379.031413000001,152,False
1444.1281804000027,IDAC2 bracket -125,2,-125,2,731430,-270070,-5378.633099000001,171,False
1444.992960500007,IDAC2 bracket -126,2,-126,2,731410,-270090,-5379.031413000001,171,False
1445.8580777999887,IDAC2 bracket -127,2,-127,2,731410,-270090,-5379.031413000001,152,False
1446.7228907000099,IDAC2 bracket -128,2,-128,2,731391,-270109,-5379.4098113,171,False
1448.3864486000093,IDAC2 sonda -128,2,-128,2,731353,-270147,-5380.166607900001,171,False
1452.925649599987,IDAC2 bracket -127,2,-127,2,731372,-270128,-5379.7882096,152,False
1454.2134863999963,IDAC2 bracket -126,2,-126,2,731449,-270051,-5378.2547007,114,False
1455.0791790999938,IDAC2 bracket -125,2,-125,2,731391,-270109,-5379.4098113,171,False
1455.943840299995,IDAC2 bracket -124,2,-124,2,731430,-270070,-5378.633099000001,152,False
1456.8111019000062,IDAC2 bracket -123,2,-123,2,731410,-270090,-5379.031413000001,114,False
1457.6764486999891,IDAC2 bracket -122,2,-122,2,731391,-270109,-5379.4098113,190,False
1458.5429730000033,IDAC2 bracket -121,2,-121,2,731410,-270090,-5379.031413000001,133,False
1459.408711199998,IDAC2 bracket -120,2,-120,2,731391,-270109,-5379.4098113,171,False
1460.2721866999927,IDAC2 bracket -119,2,-119,2,731391,-270109,-5379.4098113,209,False
1461.1364105000102,IDAC2 bracket -118,2,-118,2,731430,-270070,-5378.633099000001,171,False
1462.0012803999998,IDAC2 bracket -117,2,-117,2,731430,-270070,-5378.633099000001,171,False
1462.8656028000114,IDAC2 bracket -116,2,-116,2,731391,-270109,-5379.4098113,114,False
1463.7297988999926,IDAC2 bracket -115,2,-115,2,731391,-270109,-5379.4098113,171,False
1464.5948305999918,IDAC2 bracket -114,2,-114,2,731410,-270090,-5379.031413000001,190,False
1467.4173053000122,IDAC2 bracket -113,2,-113,2,731391,-270109,-5379.4098113,171,False
1468.280580199993,IDAC2 bracket -112,2,-112,2,731391,-270109,-5379.4098113,171,False
1469.1453607000003,IDAC2 bracket -111,2,-111,2,731353,-270147,-5380.166607900001,152,False
1470.0095165999955,IDAC2 bracket -110,2,-110,2,731430,-270070,-5378.633099000001,171,False
1470.8766518000048,IDAC2 bracket -109,2,-109,2,731410,-270090,-5379.031413000001,114,False
1471.7413322000066,IDAC2 bracket -108,2,-108,2,731410,-270090,-5379.031413000001,190,False
1476.1898071999894,IDAC2 bracket -107,2,-107,2,731430,-270070,-5378.633099000001,171,False
1477.4806342000084,IDAC2 bracket -106,2,-106,2,731430,-270070,-5378.633099000001,171,False
1478.3477918000135,IDAC2 bracket -105,2,-105,2,731487,-270013,-5377.4979041,228,False
1479.2137454999902,IDAC2 bracket -104,2,-104,2,731391,-270109,-5379.4098113,209,False
1480.077579600009,IDAC2 bracket -103,2,-103,2,731430,-270070,-5378.633099000001,228,False
1480.9439767999866,IDAC2 bracket -102,2,-102,2,731391,-270109,-5379.4098113,267,False
1483.7681844999897,IDAC2 bracket -101,2,-101,2,731372,-270128,-5379.7882096,228,False
1484.634319600009,IDAC2 bracket -100,2,-100,2,731391,-270109,-5379.4098113,209,False
1485.4999931000057,IDAC2 bracket -99,2,-99,2,731391,-270109,-5379.4098113,171,False
1486.3662186999863,IDAC2 bracket -98,2,-98,2,731353,-270147,-5380.166607900001,247,False
1487.2306607000064,IDAC2 bracket -97,2,-97,2,731372,-270128,-5379.7882096,190,False
1488.0929598000075,IDAC2 bracket -96,2,-96,2,731410,-270090,-5379.031413000001,190,False
1492.5350935999886,IDAC2 bracket -95,2,-95,2,731410,-270090,-5379.031413000001,171,False
1493.8264631000056,IDAC2 bracket -94,2,-94,2,731430,-270070,-5378.633099000001,228,False
1494.691940299992,IDAC2 bracket -93,2,-93,2,731430,-270070,-5378.633099000001,209,False
1495.5572305000096,IDAC2 bracket -92,2,-92,2,731410,-270090,-5379.031413000001,190,False
1496.422935599985,IDAC2 bracket -91,2,-91,2,731410,-270090,-5379.031413000001,209,False
1497.2878240999999,IDAC2 bracket -90,2,-90,2,731372,-270128,-5379.7882096,171,False
1500.1212231999962,IDAC2 bracket -89,2,-89,2,731391,-270109,-5379.4098113,133,False
1500.9863893000002,IDAC2 bracket -88,2,-88,2,731391,-270109,-5379.4098113,152,False
1501.8520071000094,IDAC2 bracket -87,2,-87,2,731391,-270109,-5379.4098113,152,False
1502.7157989999978,IDAC2 bracket -86,2,-86,2,731372,-270128,-5379.7882096,171,False
1503.5824177000031,IDAC2 bracket -85,2,-85,2,731334,-270166,-5380.545006200001,152,False
1504.4476985000074,IDAC2 bracket -84,2,-84,2,731372,-270128,-5379.7882096,133,False
1508.8877528999874,IDAC2 bracket -83,2,-83,2,731410,-270090,-5379.031413000001,133,False
1510.1771646999987,IDAC2 bracket -82,2,-82,2,731372,-270128,-5379.7882096,171,False
1511.0443249999953,IDAC2 bracket -81,2,-81,2,731430,-270070,-5378.633099000001,133,False
1511.9107891999884,IDAC2 bracket -80,2,-80,2,731410,-270090,-5379.031413000001,152,False
1512.7751246000116,IDAC2 bracket -79,2,-79,2,731391,-270109,-5379.4098113,152,False
1513.6396560999856,IDAC2 bracket -78,2,-78,2,731410,-270090,-5379.031413000001,133,False
1516.4648062000051,IDAC2 bracket -77,2,-77,2,731410,-270090,-5379.031413000001,114,False
1517.3309230000013,IDAC2 bracket -76,2,-76,2,731410,-270090,-5379.031413000001,133,False
1518.197528299992,IDAC2 bracket -75,2,-75,2,731449,-270051,-5378.2547007,152,False
1519.0623423999932,IDAC2 bracket -74,2,-74,2,731449,-270051,-5378.2547007,114,False
1519.9321178999962,IDAC2 bracket -73,2,-73,2,731410,-270090,-5379.031413000001,152,False
1520.7989769999986,IDAC2 bracket -72,2,-72,2,731372,-270128,-5379.7882096,171,False
1525.255225300003,IDAC2 bracket -71,2,-71,2,731410,-270090,-5379.031413000001,171,False
1526.549543800007,IDAC2 bracket -70,2,-70,2,731372,-270128,-5379.7882096,133,False
1527.4170882999897,IDAC2 bracket -69,2,-69,2,731353,-270147,-5380.166607900001,133,False
1528.2865305999876,IDAC2 bracket -68,2,-68,2,731372,-270128,-5379.7882096,171,False
1529.1558640000003,IDAC2 bracket -67,2,-67,2,731391,-270109,-5379.4098113,133,False
1530.0240616000083,IDAC2 bracket -66,2,-66,2,731391,-270109,-5379.4098113,114,False
1530.8961769999878,IDAC2 bracket -65,2,-65,2,731410,-270090,-5379.031413000001,171,False
1531.7654465000087,IDAC2 bracket -64,2,-64,2,731430,-270070,-5378.633099000001,133,False
1532.6379417999997,IDAC2 bracket -63,2,-63,2,731391,-270109,-5379.4098113,171,False
1533.49447830001,IDAC2 bracket -62,2,-62,2,731410,-270090,-5379.031413000001,152,False
1534.3685745999974,IDAC2 bracket -61,2,-61,2,731391,-270109,-5379.4098113,133,False
1535.2374411000055,IDAC2 bracket -60,2,-60,2,731449,-270051,-5378.2547007,133,False
1536.1157510000048,IDAC2 bracket -59,2,-59,2,731430,-270070,-5378.633099000001,171,False
1538.9629363999993,IDAC2 bracket -58,2,-58,2,731449,-270051,-5378.2547007,133,False
1539.830634199985,IDAC2 bracket -57,2,-57,2,731430,-270070,-5378.633099000001,190,False
1540.7006247999961,IDAC2 bracket -56,2,-56,2,731410,-270090,-5379.031413000001,133,False
1541.5685138000117,IDAC2 bracket -55,2,-55,2,731410,-270090,-5379.031413000001,190,False
1542.4372033000109,IDAC2 bracket -54,2,-54,2,731449,-270051,-5378.2547007,190,False
1543.3070122000063,IDAC2 bracket -53,2,-53,2,731391,-270109,-5379.4098113,228,False
1544.1778886000102,IDAC2 bracket -52,2,-52,2,731487,-270013,-5377.4979041,286,False
1545.049750200007,IDAC2 bracket -51,2,-51,2,731468,-270032,-5377.8763024,190,False
1545.9261692999862,IDAC2 bracket -50,2,-50,2,731410,-270090,-5379.031413000001,209,False
1546.8001760999905,IDAC2 bracket -49,2,-49,2,731449,-270051,-5378.2547007,190,False
1547.6691998000024,IDAC2 bracket -48,2,-48,2,731430,-270070,-5378.633099000001,209,False
1548.534903199994,IDAC2 bracket -47,2,-47,2,731410,-270090,-5379.031413000001,171,False
1549.399778299994,IDAC2 bracket -46,2,-46,2,731449,-270051,-5378.2547007,152,False
1550.267157299997,IDAC2 bracket -45,2,-45,2,731468,-270032,-5377.8763024,133,False
1551.1364174000046,IDAC2 bracket -44,2,-44,2,731430,-270070,-5378.633099000001,190,False
1552.0092135999876,IDAC2 bracket -43,2,-43,2,731449,-270051,-5378.2547007,190,False
1552.8804509000038,IDAC2 bracket -42,2,-42,2,731391,-270109,-5379.4098113,133,False
1553.7547771999962,IDAC2 bracket -41,2,-41,2,731391,-270109,-5379.4098113,190,False
1554.6241649999865,IDAC2 bracket -40,2,-40,2,731430,-270070,-5378.633099000001,171,False
1555.5030846000009,IDAC2 bracket -39,2,-39,2,731391,-270109,-5379.4098113,152,False
1556.372053500003,IDAC2 bracket -38,2,-38,2,731430,-270070,-5378.633099000001,152,False
1557.2419850000006,IDAC2 bracket -37,2,-37,2,731430,-270070,-5378.633099000001,171,False
1558.1172802000074,IDAC2 bracket -36,2,-36,2,731410,-270090,-5379.031413000001,133,False
1558.994761799986,IDAC2 bracket -35,2,-35,2,731430,-270070,-5378.633099000001,152,False
1559.8644479000068,IDAC2 bracket -34,2,-34,2,731430,-270070,-5378.633099000001,114,False
1560.7384205000126,IDAC2 bracket -33,2,-33,2,731430,-270070,-5378.633099000001,190,False
1561.6093772999884,IDAC2 bracket -32,2,-32,2,731391,-270109,-5379.4098113,209,False
1562.4846042999998,IDAC2 bracket -31,2,-31,2,731410,-270090,-5379.031413000001,171,False
1566.9428076999902,IDAC2 bracket -30,2,-30,2,731430,-270070,-5378.633099000001,209,False
1568.2391628999903,IDAC2 bracket -29,2,-29,2,731430,-270070,-5378.633099000001,305,False
1569.1113664000004,IDAC2 bracket -28,2,-28,2,731678,-269822,-5373.6940054,762,False
1569.983679099998,IDAC2 bracket -27,2,-27,2,731468,-270032,-5377.8763024,324,False
1570.8527522000077,IDAC2 bracket -26,2,-26,2,731449,-270051,-5378.2547007,305,False
1571.7315753999865,IDAC2 bracket -25,2,-25,2,731449,-270051,-5378.2547007,343,False
1572.6021036999882,IDAC2 bracket -24,2,-24,2,731487,-270013,-5377.4979041,476,False
1573.4701657000114,IDAC2 bracket -23,2,-23,2,731468,-270032,-5377.8763024,190,False
1574.3455915999948,IDAC2 bracket -22,2,-22,2,731449,-270051,-5378.2547007,400,False
1575.2105554000009,IDAC2 bracket -21,2,-21,2,731487,-270013,-5377.4979041,305,False
1576.076806500001,IDAC2 bracket -20,2,-20,2,731468,-270032,-5377.8763024,190,False
1576.942106100003,IDAC2 bracket -19,2,-19,2,731525,-269975,-5376.7411075,381,False
1577.8083981999953,IDAC2 bracket -18,2,-18,2,731449,-270051,-5378.2547007,381,False
1578.6759915000002,IDAC2 bracket -17,2,-17,2,731487,-270013,-5377.4979041,495,False
1579.5441173999861,IDAC2 bracket -16,2,-16,2,731506,-269994,-5377.1195058,495,False
1580.4144344000088,IDAC2 bracket -15,2,-15,2,731506,-269994,-5377.1195058,591,False
1581.2906715999998,IDAC2 bracket -14,2,-14,2,731525,-269975,-5376.7411075,495,False
1582.1636178999906,IDAC2 bracket -13,2,-13,2,731639,-269861,-5374.4707177,782,False
1583.0332771000103,IDAC2 bracket -12,2,-12,2,731506,-269994,-5377.1195058,553,False
1583.9078553,IDAC2 bracket -11,2,-11,2,731487,-270013,-5377.4979041,572,False
1584.779979999992,IDAC2 bracket -10,2,-10,2,731620,-269880,-5374.849116,801,False
1587.6095773999987,IDAC2 bracket -9,2,-9,2,731563,-269937,-5375.9843109,782,False
1588.4868967999937,IDAC2 bracket -8,2,-8,2,731620,-269880,-5374.849116,820,False
1589.3542151000001,IDAC2 bracket -7,2,-7,2,731582,-269918,-5375.6059126,572,False
1590.223350299988,IDAC2 bracket -6,2,-6,2,731525,-269975,-5376.7411075,629,False
1591.089899499988,IDAC2 bracket -5,2,-5,2,731506,-269994,-5377.1195058,419,False
1591.958686500002,IDAC2 bracket -4,2,-4,2,731601,-269899,-5375.2275143,1068,False
1594.794024200004,IDAC2 bracket -3,2,-3,2,731468,-270032,-5377.8763024,648,False
1595.6604935000069,IDAC2 bracket -2,2,-2,2,731620,-269880,-5374.849116,1010,False
1596.5280644999875,IDAC2 bracket -1,2,-1,2,731754,-269746,-5372.1804122,1144,False
1597.3965303000004,IDAC2 bracket 0,2,0,2,731678,-269822,-5373.6940054,858,False
1599.0696362000017,IDAC2 restaurado,2,0,2,731964,-269536,-5367.9981152,1373,False
1599.938335999992,IDAC2 bracket 1,2,1,2,731658,-269842,-5374.092319400001,858,False
1600.8107868999941,IDAC2 bracket 2,2,2,2,732021,-269479,-5366.8629203,1201,False
1601.677726599999,IDAC2 bracket 3,2,3,2,731849,-269651,-5370.288420700001,1220,False
1602.5468370000017,IDAC2 bracket 4,2,4,2,732440,-269060,-5358.518242,1850,False
1603.4187471999903,IDAC2 bracket 5,2,5,2,731983,-269517,-5367.619716900001,1354,False
1604.2895982000045,IDAC2 bracket 6,2,6,2,732250,-269250,-5362.302225,1850,False
1605.1613359999901,IDAC2 bracket 7,2,7,2,732307,-269193,-5361.1670301,1487,False
1606.030068299995,IDAC2 bracket 8,2,8,2,733013,-268487,-5347.1065459,1983,False
1606.903077199997,IDAC2 bracket 9,2,9,2,732364,-269136,-5360.0318352,1926,False
1607.7728230000066,IDAC2 bracket 10,2,10,2,732250,-269250,-5362.302225,2422,False
1608.6439590000082,IDAC2 bracket 11,2,11,2,732822,-268678,-5350.9104446,2155,False
1609.5152210000088,IDAC2 bracket 12,2,12,2,732555,-268945,-5356.2279364999995,1945,False
1610.3916852000111,IDAC2 bracket 13,2,13,2,732727,-268773,-5352.802436100001,2613,False
1611.2606839000073,IDAC2 bracket 14,2,14,2,732517,-268983,-5356.9847331,2365,False
1612.1332548999926,IDAC2 bracket 15,2,15,2,732917,-268583,-5349.0184531,1773,False
1613.0049946999934,IDAC2 bracket 16,2,16,2,732517,-268983,-5356.9847331,1945,False
1615.842895400012,IDAC2 bracket 17,2,17,2,733261,-268239,-5342.1674523,2479,False
1616.7139032999985,IDAC2 bracket 18,2,18,2,732784,-268716,-5351.6672412,3280,False
1617.5875843999966,IDAC2 bracket 19,2,19,2,733070,-268430,-5345.971351000001,3471,False
1618.4590274000075,IDAC2 bracket 20,2,20,2,732536,-268964,-5356.606334800001,2098,False
1619.3297975999885,IDAC2 bracket 21,2,21,2,732975,-268525,-5347.8633425,2689,False
1620.2032069000124,IDAC2 bracket 22,2,22,2,733261,-268239,-5342.1674523,3585,False
1621.0768982000009,IDAC2 bracket 23,2,23,2,733051,-268449,-5346.3497493,3261,False
1621.9494766000134,IDAC2 bracket 24,2,24,2,733375,-268125,-5339.8970625,3223,False
1622.8210566999915,IDAC2 bracket 25,2,25,2,733375,-268125,-5339.8970625,2536,False
1623.6951226000092,IDAC2 bracket 26,2,26,2,734043,-267457,-5326.5933749000005,2403,False
1624.5659607000125,IDAC2 bracket 27,2,27,2,734024,-267476,-5326.971773200001,3013,False
1625.4373756000132,IDAC2 bracket 28,2,28,2,734348,-267152,-5320.519086400001,2346,False
1626.307320299995,IDAC2 bracket 29,2,29,2,735034,-266466,-5306.856916199999,2632,False
1627.1809854999883,IDAC2 bracket 30,2,30,2,735054,-266446,-5306.4586022,1869,False
1628.0506340000138,IDAC2 bracket 31,2,31,2,735912,-265588,-5289.3709316,2841,False
1628.9205875000043,IDAC2 bracket 32,2,32,2,736312,-265188,-5281.404651600001,2326,False
1629.7925257000024,IDAC2 bracket 33,2,33,2,737056,-264444,-5266.587370800001,1716,False
1630.664955299988,IDAC2 bracket 34,2,34,2,737361,-264139,-5260.5130823,2307,False
1631.535676200001,IDAC2 bracket 35,2,35,2,738620,-262880,-5235.439216,2613,False
1632.4070028999995,IDAC2 bracket 36,2,36,2,739212,-262288,-5223.6491216,1983,False
1633.2800115999999,IDAC2 bracket 37,2,37,2,739688,-261812,-5214.1692484,2117,False
1636.1247601000068,IDAC2 bracket 38,2,38,2,740623,-260877,-5195.5480689000005,2841,False
1636.9993631000107,IDAC2 bracket 39,2,39,2,741214,-260286,-5183.7778902,2326,False
1637.8709324999945,IDAC2 bracket 40,2,40,2,741577,-259923,-5176.5484911,3166,False
1638.7416974999942,IDAC2 bracket 41,2,41,2,742607,-258893,-5156.0353201,2956,False
1639.6138569999894,IDAC2 bracket 42,2,42,2,743446,-258054,-5139.3260478,2040,False
1640.4848737000138,IDAC2 bracket 43,2,43,2,744132,-257368,-5125.6638776,3108,False
1641.3537746999937,IDAC2 bracket 44,2,44,2,744876,-256624,-5110.8465968,2422,False
1642.2263848999864,IDAC2 bracket 45,2,45,2,745677,-255823,-5094.8941211,1811,False
1643.1007632999972,IDAC2 bracket 46,2,46,2,746383,-255117,-5080.8336369,2555,False
1643.97164589999,IDAC2 bracket 47,2,47,2,746860,-254640,-5071.333848,2460,False
1644.8439724000054,IDAC2 bracket 48,2,48,2,747718,-253782,-5054.2461774,2307,False
1645.7148256000073,IDAC2 bracket 49,2,49,2,748100,-253400,-5046.63838,2651,False
1646.5861030000087,IDAC2 bracket 50,2,50,2,749435,-252065,-5020.0509205,2059,False
1651.0795557000092,IDAC2 bracket 51,2,51,2,749740,-251760,-5013.976632,1869,False
1652.3779606999888,IDAC2 bracket 52,2,52,2,751018,-250482,-4988.5243674,1583,False
1653.25332779999,IDAC2 bracket 53,2,53,2,751571,-249929,-4977.510985299999,2117,False
1654.1252227000077,IDAC2 bracket 54,2,54,2,752296,-249204,-4963.072102800001,1869,False
1654.9996782999951,IDAC2 bracket 55,2,55,2,752868,-248632,-4951.6803224,2117,False
1655.8694259999902,IDAC2 bracket 56,2,56,2,753822,-247678,-4932.6807446,2212,False
1656.7391622999858,IDAC2 bracket 57,2,57,2,754413,-247087,-4920.9105659,2059,False
1657.6080393999873,IDAC2 bracket 58,2,58,2,755348,-246152,-4902.2893864,1831,False
1658.4809112999937,IDAC2 bracket 59,2,59,2,756092,-245408,-4887.472105600001,1792,False
1659.3550190000096,IDAC2 bracket 60,2,60,2,756721,-244779,-4874.9451303000005,2117,False
1660.2254622000037,IDAC2 bracket 61,2,61,2,757408,-244092,-4861.2630444,2269,False
1661.0958901999984,IDAC2 bracket 62,2,62,2,758476,-243024,-4839.9930767999995,2059,False
1661.9659935999953,IDAC2 bracket 63,2,63,2,758819,-242681,-4833.1619917,1888,False
1666.4698585000006,IDAC2 bracket 64,2,64,2,760040,-241460,-4808.844922,2899,False
1667.7639000999916,IDAC2 bracket 65,2,65,2,760746,-240754,-4794.7844378,2346,False
1668.6394808999903,IDAC2 bracket 66,2,66,2,761489,-240011,-4779.987072700001,2326,False
1669.518608000013,IDAC2 bracket 67,2,67,2,762329,-239171,-4763.2578847,2079,False
1670.3937703999982,IDAC2 bracket 68,2,68,2,763053,-238447,-4748.8389179000005,2574,False
1671.2665583000053,IDAC2 bracket 69,2,69,2,763854,-237646,-4732.886442200001,2250,False
1674.1089256000123,IDAC2 bracket 70,2,70,2,764713,-236787,-4715.7788559,2098,False
1674.9846233999997,IDAC2 bracket 71,2,71,2,765438,-236062,-4701.3399734,2059,False
1675.8586572000058,IDAC2 bracket 72,2,72,2,765991,-235509,-4690.3265913000005,2002,False
1676.7332913999853,IDAC2 bracket 73,2,73,2,766830,-234670,-4673.617319,2841,False
1677.608253000013,IDAC2 bracket 74,2,74,2,767784,-233716,-4654.6177412,1697,False
1678.4823826999927,IDAC2 bracket 75,2,75,2,768604,-232896,-4638.2868672,1621,False
1682.940004700009,IDAC2 bracket 76,2,76,2,769462,-232038,-4621.1991966000005,1869,False
1684.2422300000035,IDAC2 bracket 77,2,77,2,770149,-231351,-4607.5171107,1583,False
1685.1197769999853,IDAC2 bracket 78,2,78,2,770950,-230550,-4591.564635000001,1468,False
1685.9981532999955,IDAC2 bracket 79,2,79,2,771694,-229806,-4576.7473542,1716,False
1686.875020700012,IDAC2 bracket 80,2,80,2,772514,-228986,-4560.4164802000005,1468,False
1691.4350761999958,IDAC2 bracket 81,2,81,2,773506,-227994,-4540.6601058,2250,False
1692.7344243999978,IDAC2 bracket 82,2,82,2,774116,-227384,-4528.511528800001,2021,False
1693.6078508000064,IDAC2 bracket 83,2,83,2,774841,-226659,-4514.0726463,2479,False
1694.484747599985,IDAC2 bracket 84,2,84,2,775737,-225763,-4496.2281791000005,2117,False
1695.3597461000027,IDAC2 bracket 85,2,85,2,776367,-225133,-4483.6812881000005,2288,False
1696.232783399988,IDAC2 bracket 86,2,86,2,777053,-224447,-4470.0191179,2670,False
1700.6930504000047,IDAC2 bracket 87,2,87,2,777969,-223531,-4451.7763367,2574,False
1701.988948000013,IDAC2 bracket 88,2,88,2,778617,-222883,-4438.8709631,1373,False
1702.8599939999986,IDAC2 bracket 89,2,89,2,779380,-222120,-4423.675284,2574,False
1703.7340368999867,IDAC2 bracket 90,2,90,2,780010,-221490,-4411.128393,1926,False
1704.6075066000049,IDAC2 bracket 91,2,91,2,780830,-220670,-4394.797519000001,2155,False
1705.480729300005,IDAC2 bracket 92,2,92,2,781650,-219850,-4378.466645,1659,False
1708.3281041999871,IDAC2 bracket 93,2,93,2,782432,-219068,-4362.892567600001,2307,False
1709.1993999000115,IDAC2 bracket 94,2,94,2,783004,-218496,-4351.500787200001,2269,False
1710.0739751000074,IDAC2 bracket 95,2,95,2,783863,-217637,-4334.393200900001,2021,False
1710.9463917000103,IDAC2 bracket 96,2,96,2,784549,-216951,-4320.7310307,2231,False
1711.8140803000133,IDAC2 bracket 97,2,97,2,785350,-216150,-4304.778555000001,1487,False
1712.6882087000122,IDAC2 bracket 98,2,98,2,786056,-215444,-4290.7180708,1640,False
1717.147736199986,IDAC2 bracket 99,2,99,2,787162,-214338,-4268.6913066,1296,False
1718.445176600013,IDAC2 bracket 100,2,100,2,787830,-213670,-4255.387619,1907,False
1719.314302099985,IDAC2 bracket 101,2,101,2,788669,-212831,-4238.6783467000005,1678,False
1720.1876301000011,IDAC2 bracket 102,2,102,2,789299,-212201,-4226.1314557,2212,False
1721.0653609999863,IDAC2 bracket 103,2,103,2,789775,-211725,-4216.651582500001,1888,False
1721.9405725999968,IDAC2 bracket 104,2,104,2,790500,-211000,-4202.2127,1831,False
1724.7787355000037,IDAC2 bracket 105,2,105,2,791492,-210008,-4182.4563256,2632,False
1725.6500752999855,IDAC2 bracket 106,2,106,2,791969,-209531,-4172.9565367000005,1773,False
1726.523091799987,IDAC2 bracket 107,2,107,2,792980,-208520,-4152.821764,2365,False
1727.3960369999986,IDAC2 bracket 108,2,108,2,793914,-207586,-4134.2205002,2460,False
1728.2671143999905,IDAC2 bracket 109,2,109,2,794544,-206956,-4121.6736092,2555,False
1729.1387146000052,IDAC2 bracket 110,2,110,2,795154,-206346,-4109.5250322,1983,False
1733.5941052999988,IDAC2 bracket 111,2,111,2,796203,-205297,-4088.6334629000003,2269,False
1734.8926118999952,IDAC2 bracket 112,2,112,2,796432,-205068,-4084.0727676000006,2136,False
1735.7639950999874,IDAC2 bracket 113,2,113,2,797386,-204114,-4065.0731898000004,2632,False
1736.6390943999868,IDAC2 bracket 114,2,114,2,798244,-203256,-4047.9855192000005,2079,False
1737.5094909000036,IDAC2 bracket 115,2,115,2,799064,-202436,-4031.6546452000002,2326,False
1738.380636899994,IDAC2 bracket 116,2,116,2,799827,-201673,-4016.4589661000005,1888,False
1739.252842899994,IDAC2 bracket 117,2,117,2,800457,-201043,-4003.9120751,2288,False
1740.1220179999946,IDAC2 bracket 118,2,118,2,801067,-200433,-3991.7634981000006,2098,False
1740.9917761000106,IDAC2 bracket 119,2,119,2,802001,-199499,-3973.1622343,2059,False
1741.8707458999997,IDAC2 bracket 120,2,120,2,802631,-198869,-3960.6153433000004,1640,False
1742.7651924999955,IDAC2 bracket 121,2,121,2,803489,-198011,-3943.5276727,1850,False
1743.645374499989,IDAC2 bracket 122,2,122,2,804157,-197343,-3930.2239851000004,2002,False
1744.5241880000103,IDAC2 bracket 123,2,123,2,804862,-196638,-3916.1834166000003,1583,False
1747.382652100001,IDAC2 bracket 124,2,124,2,805912,-195588,-3895.2719316000002,1945,False
1748.2564109000086,IDAC2 bracket 125,2,125,2,806503,-194997,-3883.5017529,1964,False
1749.131445600011,IDAC2 bracket 126,2,126,2,807514,-193986,-3863.3669802,1850,False
1750.0061928000068,IDAC2 bracket 127,2,127,2,808162,-193338,-3850.4616066,1850,False
1750.877144900005,IDAC2 bracket 128,2,128,2,808849,-192651,-3836.7795207000004,1888,False
1752.5492906,IDAC2 sonda 128,2,128,2,809001,-192499,-3833.7523343000003,1602,False
1753.4278047000116,IDAC2 bracket 127,2,127,2,808391,-193109,-3845.9009113,2174,False
1754.3060807999864,IDAC2 bracket 126,2,126,2,807456,-194044,-3864.5220908000006,2021,False
1755.1798291000014,IDAC2 bracket 125,2,125,2,807094,-194406,-3871.7315742,1735,False
1756.0535720000044,IDAC2 bracket 124,2,124,2,806579,-194921,-3881.9881597000003,2841,False
1756.9297061999969,IDAC2 bracket 123,2,123,2,805797,-195703,-3897.5622371,2746,False
1757.8012172000017,IDAC2 bracket 122,2,122,2,805225,-196275,-3908.9540175,2670,False
1758.6731295000063,IDAC2 bracket 121,2,121,2,804538,-196962,-3922.6361034000006,2899,False
1763.2252700999961,IDAC2 bracket 120,2,120,2,803966,-197534,-3934.0278838000004,3032,False
1764.526878100005,IDAC2 bracket 119,2,119,2,803527,-197973,-3942.7708761,2574,False
1765.4082771000103,IDAC2 bracket 118,2,118,2,802612,-198888,-3960.9937416000002,2288,False
1766.2810178000072,IDAC2 bracket 117,2,117,2,802078,-199422,-3971.6287254000003,2193,False
1767.154047899996,IDAC2 bracket 116,2,116,2,801429,-200071,-3984.5540147,2536,False
1768.0249942000082,IDAC2 bracket 115,2,115,2,800628,-200872,-4000.5064904,2021,False
1772.4930556000036,IDAC2 bracket 114,2,114,2,799789,-201711,-4017.2157627,2098,False
1773.7946689999953,IDAC2 bracket 113,2,113,2,799465,-202035,-4023.6684495,1525,False
1774.6697442999866,IDAC2 bracket 112,2,112,2,798664,-202836,-4039.6209252000003,1659,False
1775.5468509999919,IDAC2 bracket 111,2,111,2,798149,-203351,-4049.8775107000006,1907,False
1776.418144299998,IDAC2 bracket 110,2,110,2,797481,-204019,-4063.1811983000002,2079,False
1777.289350600011,IDAC2 bracket 109,2,109,2,796852,-204648,-4075.7081736000005,2593,False
1780.1223036999872,IDAC2 bracket 108,2,108,2,796127,-205373,-4090.1470561,2002,False
1781.0016699999978,IDAC2 bracket 107,2,107,2,795230,-206270,-4108.011439,1831,False
1781.8741994999873,IDAC2 bracket 106,2,106,2,794563,-206937,-4121.295210900001,2479,False
1782.7429856999952,IDAC2 bracket 105,2,105,2,793991,-207509,-4132.6869913,1544,False
1783.6137858000002,IDAC2 bracket 104,2,104,2,793228,-208272,-4147.8826704,2460,False
1784.4911235999898,IDAC2 bracket 103,2,103,2,792598,-208902,-4160.4295614,1926,False
1788.9460480000125,IDAC2 bracket 102,2,102,2,791702,-209798,-4178.274028600001,2479,False
1790.2365110999963,IDAC2 bracket 101,2,101,2,791149,-210351,-4189.287410700001,2098,False
1791.1099711999996,IDAC2 bracket 100,2,100,2,790519,-210981,-4201.834301700001,2861,False
1791.9832729999907,IDAC2 bracket 99,2,99,2,789642,-211858,-4219.3003706,1869,False
1792.8601847999962,IDAC2 bracket 98,2,98,2,788879,-212621,-4234.4960497,2632,False
1793.7327268999943,IDAC2 bracket 97,2,97,2,788078,-213422,-4250.448525400001,2002,False
1794.6079678999959,IDAC2 bracket 96,2,96,2,787467,-214033,-4262.6170181,2441,False
1795.4857766999921,IDAC2 bracket 95,2,95,2,786876,-214624,-4274.3871968,2155,False
1796.359692500002,IDAC2 bracket 94,2,94,2,785884,-215616,-4294.1435712,2174,False
1797.2415660000115,IDAC2 bracket 93,2,93,2,785484,-216016,-4302.109851200001,2079,False
1798.1193065000116,IDAC2 bracket 92,2,92,2,784778,-216722,-4316.1703354,2269,False
1798.9943806999945,IDAC2 bracket 91,2,91,2,783843,-217657,-4334.7915149,1621,False
1799.8725446999888,IDAC2 bracket 90,2,90,2,783195,-218305,-4347.696888500001,1926,False
1802.7095071999938,IDAC2 bracket 89,2,89,2,782451,-219049,-4362.5141693000005,1869,False
1803.5920473999868,IDAC2 bracket 88,2,88,2,781822,-219678,-4375.0411446,1335,False
1804.4682435999857,IDAC2 bracket 87,2,87,2,780982,-220518,-4391.7703326,1525,False
1805.3420724000025,IDAC2 bracket 86,2,86,2,780467,-221033,-4402.0269181,1678,False
1806.2145089000114,IDAC2 bracket 85,2,85,2,779819,-221681,-4414.9322917,1449,False
1807.08788549999,IDAC2 bracket 84,2,84,2,779075,-222425,-4429.7495725,1506,False
1811.5521123000071,IDAC2 bracket 83,2,83,2,777683,-223817,-4457.4722269,1564,False
1812.8500519999943,IDAC2 bracket 82,2,82,2,777339,-224161,-4464.323227700001,1983,False
1813.7245786999993,IDAC2 bracket 81,2,81,2,776691,-224809,-4477.2286013,1678,False
1814.6110781999887,IDAC2 bracket 80,2,80,2,776023,-225477,-4490.5322889,2212,False
1815.4781930999889,IDAC2 bracket 79,2,79,2,775184,-226316,-4507.2415612,1525,False
1816.3498633000127,IDAC2 bracket 78,2,78,2,774555,-226945,-4519.768536500001,2269,False
1817.2211709000112,IDAC2 bracket 77,2,77,2,773487,-228013,-4541.038504100001,1735,False
1818.090224399988,IDAC2 bracket 76,2,76,2,773086,-228414,-4549.0246998,2059,False
1818.9617365000013,IDAC2 bracket 75,2,75,2,772342,-229158,-4563.8419806,2002,False
1819.835922600003,IDAC2 bracket 74,2,74,2,771160,-230340,-4587.382338,2384,False
1820.7090930000122,IDAC2 bracket 73,2,73,2,770778,-230722,-4594.9901354,1602,False
1821.5793881000136,IDAC2 bracket 72,2,72,2,770034,-231466,-4609.8074162,2250,False
1822.4539748000097,IDAC2 bracket 71,2,71,2,769176,-232324,-4626.895086800001,2193,False
1826.9625951999915,IDAC2 bracket 70,2,70,2,768470,-233030,-4640.955571,2231,False
1828.2589252000034,IDAC2 bracket 69,2,69,2,767669,-233831,-4656.908046699999,2174,False
1829.1308381000126,IDAC2 bracket 68,2,68,2,766983,-234517,-4670.570216900001,2059,False
1830.0065929999982,IDAC2 bracket 67,2,67,2,766239,-235261,-4685.3874977000005,1487,False
1830.8780794999911,IDAC2 bracket 66,2,66,2,765361,-236139,-4702.8734823,2155,False
1831.7498484000098,IDAC2 bracket 65,2,65,2,764560,-236940,-4718.825958,2403,False
1834.5886601000093,IDAC2 bracket 64,2,64,2,763664,-237836,-4736.6704252,1983,False
1835.4597053999896,IDAC2 bracket 63,2,63,2,762977,-238523,-4750.352511100001,2288,False
1836.3323261000041,IDAC2 bracket 62,2,62,2,762233,-239267,-4765.169791900001,1621,False
1837.205492100009,IDAC2 bracket 61,2,61,2,761432,-240068,-4781.1222676,1564,False
1838.0752871999866,IDAC2 bracket 60,2,60,2,760726,-240774,-4795.182751800001,1697,False
1838.952178300009,IDAC2 bracket 59,2,59,2,759754,-241746,-4814.540812200001,1258,False
1839.8219622999895,IDAC2 bracket 58,2,58,2,758895,-242605,-4831.6483985,2365,False
1840.6929904000135,IDAC2 bracket 57,2,57,2,758152,-243348,-4846.4457636,1678,False
1841.5641044999938,IDAC2 bracket 56,2,56,2,757503,-243997,-4859.371052900001,2365,False
1842.4407459000067,IDAC2 bracket 55,2,55,2,756721,-244779,-4874.9451303000005,1754,False
1843.312822900014,IDAC2 bracket 54,2,54,2,756053,-245447,-4888.2488179,1716,False
1844.1867847999965,IDAC2 bracket 53,2,53,2,755386,-246114,-4901.5325898,1869,False
1845.059335500002,IDAC2 bracket 52,2,52,2,754737,-246763,-4914.4578791,1926,False
1849.5718511999876,IDAC2 bracket 51,2,51,2,753612,-247888,-4936.8630416000005,2269,False
1850.8695178999915,IDAC2 bracket 50,2,50,2,752830,-248670,-4952.437119,2708,False
1851.7450900000113,IDAC2 bracket 49,2,49,2,751972,-249528,-4969.524789600001,2498,False
1852.6201426000043,IDAC2 bracket 48,2,48,2,751285,-250215,-4983.2068755,2632,False
1853.489260000002,IDAC2 bracket 47,2,47,2,750598,-250902,-4996.8889614,3223,False
1854.3632003999955,IDAC2 bracket 46,2,46,2,749835,-251665,-5012.084640500001,2613,False
1857.204087399994,IDAC2 bracket 45,2,45,2,748939,-252561,-5029.929107700001,2098,False
1858.0774006999854,IDAC2 bracket 44,2,44,2,748214,-253286,-5044.367990199999,2555,False
1858.950749200012,IDAC2 bracket 43,2,43,2,747375,-254125,-5061.0772625,2326,False
1859.8246239,IDAC2 bracket 42,2,42,2,746440,-255060,-5079.698442000001,2555,False
1860.697612399992,IDAC2 bracket 41,2,41,2,745658,-255842,-5095.2725194,2365,False
1861.5762279999908,IDAC2 bracket 40,2,40,2,744876,-256624,-5110.8465968,2384,False
1866.033750600007,IDAC2 bracket 39,2,39,2,743770,-257730,-5132.873361000001,1964,False
1867.3292669999937,IDAC2 bracket 38,2,38,2,742626,-258874,-5155.6569218,1831,False
1868.201266499993,IDAC2 bracket 37,2,37,2,742092,-259408,-5166.2919056,1983,False
1869.0767776000139,IDAC2 bracket 36,2,36,2,741176,-260324,-5184.534686800001,2098,False
1869.9493847000122,IDAC2 bracket 35,2,35,2,740585,-260915,-5196.3048655,1773,False
1870.8220092999982,IDAC2 bracket 34,2,34,2,739669,-261831,-5214.547646700001,1621,False
1873.665382600011,IDAC2 bracket 33,2,33,2,738792,-262708,-5232.013715600001,1983,False
1874.5404509000073,IDAC2 bracket 32,2,32,2,738010,-263490,-5247.587793000001,1811,False
1875.422354600014,IDAC2 bracket 31,2,31,2,737209,-264291,-5263.5402687,2212,False
1876.2983353000018,IDAC2 bracket 30,2,30,2,736503,-264997,-5277.600752900001,2517,False
1877.1734959000023,IDAC2 bracket 29,2,29,2,735969,-265531,-5288.2357367,2765,False
1878.0502056000114,IDAC2 bracket 28,2,28,2,735130,-266370,-5304.945009000001,2155,False
1880.889513400005,IDAC2 bracket 27,2,27,2,735111,-266389,-5305.3234073,4043,False
1881.7666679999966,IDAC2 bracket 26,2,26,2,735416,-266084,-5299.2491188,2784,False
1882.6428575000027,IDAC2 bracket 25,2,25,2,734481,-267019,-5317.8702983,3051,False
1883.5182426999963,IDAC2 bracket 24,2,24,2,734119,-267381,-5325.0797817,2727,False
1884.391442299995,IDAC2 bracket 23,2,23,2,734443,-267057,-5318.6270949,3643,False
1885.2737259000132,IDAC2 bracket 22,2,22,2,734920,-266580,-5309.127306,3490,False
1886.1505339999858,IDAC2 bracket 21,2,21,2,733718,-267782,-5333.0659774000005,2937,False
1887.031063100003,IDAC2 bracket 20,2,20,2,733604,-267896,-5335.3363672000005,3299,False
1887.9082550999883,IDAC2 bracket 19,2,19,2,734024,-267476,-5326.971773200001,3395,False
1888.7813883000053,IDAC2 bracket 18,2,18,2,734348,-267152,-5320.519086400001,3490,False
1889.655856700003,IDAC2 bracket 17,2,17,2,732975,-268525,-5347.8633425,2498,False
1890.5295637999952,IDAC2 bracket 16,2,16,2,732631,-268869,-5354.7143433,2498,False
1891.4056550000096,IDAC2 bracket 15,2,15,2,733108,-268392,-5345.2145544,2994,False
1895.9209480000136,IDAC2 bracket 14,2,14,2,733184,-268316,-5343.700961200001,2765,False
1897.2254734000016,IDAC2 bracket 13,2,13,2,732326,-269174,-5360.788631800001,2174,False
1898.1042222999968,IDAC2 bracket 12,2,12,2,732116,-269384,-5364.9709287999995,1487,False
1898.9854176999943,IDAC2 bracket 11,2,11,2,731983,-269517,-5367.619716900001,1907,False
1899.8690523999976,IDAC2 bracket 10,2,10,2,732040,-269460,-5366.484522,1850,False
1900.7472964999906,IDAC2 bracket 9,2,9,2,731868,-269632,-5369.9100224,1583,False
1901.6233485999983,IDAC2 bracket 8,2,8,2,731716,-269784,-5372.9372088,858,False
1902.498107499996,IDAC2 bracket 7,2,7,2,731639,-269861,-5374.4707177,1258,False
1903.377263900009,IDAC2 bracket 6,2,6,2,731620,-269880,-5374.849116,877,False
1904.2510632000049,IDAC2 bracket 5,2,5,2,731849,-269651,-5370.288420700001,1068,False
1905.1318331999937,IDAC2 bracket 4,2,4,2,731620,-269880,-5374.849116,934,False
1906.009423599986,IDAC2 bracket 3,2,3,2,731620,-269880,-5374.849116,1068,False
1906.892445400008,IDAC2 bracket 2,2,2,2,731506,-269994,-5377.1195058,343,False
1911.392460300005,IDAC2 bracket 1,2,1,2,731754,-269746,-5372.1804122,1335,False
1912.704665199999,IDAC2 bracket 0,2,0,2,732212,-269288,-5363.059021600001,2326,False
1914.37643080001,IDAC2 restaurado,2,0,2,731811,-269689,-5371.0452173,1506,False
1915.253374299995,IDAC2 bracket -1,2,-1,2,731945,-269555,-5368.3765135,1869,False
1916.1317779000092,IDAC2 bracket -2,2,-2,2,731811,-269689,-5371.0452173,1773,False
1917.0115476000065,IDAC2 bracket -3,2,-3,2,731868,-269632,-5369.9100224,1335,False
1921.4608693000046,IDAC2 bracket -4,2,-4,2,731697,-269803,-5373.3156071,1411,False
1922.765459599992,IDAC2 bracket -5,2,-5,2,731945,-269555,-5368.3765135,1430,False
1923.6490118000074,IDAC2 bracket -6,2,-6,2,731582,-269918,-5375.6059126,934,False
1924.6552093999926,IDAC2 bracket -7,2,-7,2,731582,-269918,-5375.6059126,991,False
1925.5382293000002,IDAC2 bracket -8,2,-8,2,731525,-269975,-5376.7411075,610,False
1926.4250855999999,IDAC2 bracket -9,2,-9,2,731506,-269994,-5377.1195058,228,False
1929.2791251000017,IDAC2 bracket -10,2,-10,2,731410,-270090,-5379.031413000001,209,False
1930.1610459999938,IDAC2 bracket -11,2,-11,2,731430,-270070,-5378.633099000001,152,False
1931.042773299996,IDAC2 bracket -12,2,-12,2,731430,-270070,-5378.633099000001,228,False
1931.922112100001,IDAC2 bracket -13,2,-13,2,731410,-270090,-5379.031413000001,457,False
1932.8002883000008,IDAC2 bracket -14,2,-14,2,731353,-270147,-5380.166607900001,171,False
1933.6808245999855,IDAC2 bracket -15,2,-15,2,731430,-270070,-5378.633099000001,247,False
1934.5596491000033,IDAC2 bracket -16,2,-16,2,731430,-270070,-5378.633099000001,152,False
1935.4349885999982,IDAC2 bracket -17,2,-17,2,731525,-269975,-5376.7411075,629,False
1936.3101858999871,IDAC2 bracket -18,2,-18,2,731430,-270070,-5378.633099000001,190,False
1937.1914079000126,IDAC2 bracket -19,2,-19,2,731563,-269937,-5375.9843109,1029,False
1938.068883,IDAC2 bracket -20,2,-20,2,731449,-270051,-5378.2547007,324,False
1938.9444973999925,IDAC2 bracket -21,2,-21,2,731487,-270013,-5377.4979041,286,False
1939.821031600004,IDAC2 bracket -22,2,-22,2,731563,-269937,-5375.9843109,686,False
1940.6979677999916,IDAC2 bracket -23,2,-23,2,731544,-269956,-5376.362709200001,591,False
1941.578650499985,IDAC2 bracket -24,2,-24,2,731430,-270070,-5378.633099000001,324,False
1942.4600755000138,IDAC2 bracket -25,2,-25,2,731563,-269937,-5375.9843109,648,False
1943.3405657999974,IDAC2 bracket -26,2,-26,2,731468,-270032,-5377.8763024,419,False
1944.2271189999883,IDAC2 bracket -27,2,-27,2,731487,-270013,-5377.4979041,343,False
1945.102825799986,IDAC2 bracket -28,2,-28,2,731430,-270070,-5378.633099000001,286,False
1945.9805426000094,IDAC2 bracket -29,2,-29,2,731430,-270070,-5378.633099000001,495,False
1946.8561279000132,IDAC2 bracket -30,2,-30,2,731410,-270090,-5379.031413000001,190,False
1951.3178591000033,IDAC2 bracket -31,2,-31,2,731449,-270051,-5378.2547007,190,False
1952.6217623999983,IDAC2 bracket -32,2,-32,2,731468,-270032,-5377.8763024,171,False
1953.498386399995,IDAC2 bracket -33,2,-33,2,731430,-270070,-5378.633099000001,209,False
1954.377551100013,IDAC2 bracket -34,2,-34,2,731430,-270070,-5378.633099000001,228,False
1955.2589152999863,IDAC2 bracket -35,2,-35,2,731372,-270128,-5379.7882096,171,False
1956.136196300009,IDAC2 bracket -36,2,-36,2,731410,-270090,-5379.031413000001,190,False
1957.013689000014,IDAC2 bracket -37,2,-37,2,731430,-270070,-5378.633099000001,209,False
1957.892319800012,IDAC2 bracket -38,2,-38,2,731430,-270070,-5378.633099000001,171,False
1958.769154300011,IDAC2 bracket -39,2,-39,2,731410,-270090,-5379.031413000001,228,False
1959.6441611000046,IDAC2 bracket -40,2,-40,2,731449,-270051,-5378.2547007,171,False
1960.5220124000043,IDAC2 bracket -41,2,-41,2,731449,-270051,-5378.2547007,171,False
1961.3987946000125,IDAC2 bracket -42,2,-42,2,731449,-270051,-5378.2547007,209,False
1962.2716171999928,IDAC2 bracket -43,2,-43,2,731449,-270051,-5378.2547007,171,False
1963.1527499000076,IDAC2 bracket -44,2,-44,2,731449,-270051,-5378.2547007,152,False
1964.0295190000033,IDAC2 bracket -45,2,-45,2,731430,-270070,-5378.633099000001,190,False
1964.9111040999996,IDAC2 bracket -46,2,-46,2,731430,-270070,-5378.633099000001,133,False
1965.7921133000054,IDAC2 bracket -47,2,-47,2,731430,-270070,-5378.633099000001,171,False
1966.6685239000071,IDAC2 bracket -48,2,-48,2,731430,-270070,-5378.633099000001,171,False
1967.5430630999908,IDAC2 bracket -49,2,-49,2,731468,-270032,-5377.8763024,133,False
1968.4122494999901,IDAC2 bracket -50,2,-50,2,731410,-270090,-5379.031413000001,190,False
1972.9097573999898,IDAC2 bracket -51,2,-51,2,731430,-270070,-5378.633099000001,190,False
1974.2116351999866,IDAC2 bracket -52,2,-52,2,731449,-270051,-5378.2547007,133,False
1975.0856843999936,IDAC2 bracket -53,2,-53,2,731449,-270051,-5378.2547007,209,False
1975.9794988000067,IDAC2 bracket -54,2,-54,2,731430,-270070,-5378.633099000001,190,False
1976.8637995999889,IDAC2 bracket -55,2,-55,2,731449,-270051,-5378.2547007,171,False
1977.7415160000091,IDAC2 bracket -56,2,-56,2,731468,-270032,-5377.8763024,190,False
1980.6052731999953,IDAC2 bracket -57,2,-57,2,731468,-270032,-5377.8763024,190,False
1981.4801491000107,IDAC2 bracket -58,2,-58,2,731506,-269994,-5377.1195058,209,False
1982.3525971999916,IDAC2 bracket -59,2,-59,2,731544,-269956,-5376.362709200001,209,False
1983.2271451000124,IDAC2 bracket -60,2,-60,2,731525,-269975,-5376.7411075,190,False
1984.1014461999875,IDAC2 bracket -61,2,-61,2,731468,-270032,-5377.8763024,152,False
1984.9776020999998,IDAC2 bracket -62,2,-62,2,731487,-270013,-5377.4979041,190,False
1985.8536133999878,IDAC2 bracket -63,2,-63,2,731487,-270013,-5377.4979041,190,False
1986.730727999995,IDAC2 bracket -64,2,-64,2,731468,-270032,-5377.8763024,133,False
1987.6083233999962,IDAC2 bracket -65,2,-65,2,731430,-270070,-5378.633099000001,152,False
1988.4917112000112,IDAC2 bracket -66,2,-66,2,731430,-270070,-5378.633099000001,152,False
1989.3676872999931,IDAC2 bracket -67,2,-67,2,731410,-270090,-5379.031413000001,152,False
1990.2440966999857,IDAC2 bracket -68,2,-68,2,731430,-270070,-5378.633099000001,209,False
1991.1198627999984,IDAC2 bracket -69,2,-69,2,731430,-270070,-5378.633099000001,190,False
1995.6746748999867,IDAC2 bracket -70,2,-70,2,731430,-270070,-5378.633099000001,171,False
1996.9733228000114,IDAC2 bracket -71,2,-71,2,731430,-270070,-5378.633099000001,228,False
1997.848468000011,IDAC2 bracket -72,2,-72,2,731468,-270032,-5377.8763024,171,False
1998.722759199998,IDAC2 bracket -73,2,-73,2,731430,-270070,-5378.633099000001,171,False
1999.6035361000104,IDAC2 bracket -74,2,-74,2,731487,-270013,-5377.4979041,190,False
2000.4798912999977,IDAC2 bracket -75,2,-75,2,731506,-269994,-5377.1195058,152,False
2004.9482735999918,IDAC2 bracket -76,2,-76,2,731430,-270070,-5378.633099000001,190,False
2006.2467875999864,IDAC2 bracket -77,2,-77,2,731334,-270166,-5380.545006200001,190,False
2007.1245617000095,IDAC2 bracket -78,2,-78,2,731410,-270090,-5379.031413000001,190,False
2008.0025027999945,IDAC2 bracket -79,2,-79,2,731430,-270070,-5378.633099000001,190,False
2008.8815649999888,IDAC2 bracket -80,2,-80,2,731449,-270051,-5378.2547007,171,False
2009.7581011999864,IDAC2 bracket -81,2,-81,2,731487,-270013,-5377.4979041,190,False
2010.6404631999903,IDAC2 bracket -82,2,-82,2,731449,-270051,-5378.2547007,171,False
2011.5176570999902,IDAC2 bracket -83,2,-83,2,731506,-269994,-5377.1195058,190,False
2012.391547999985,IDAC2 bracket -84,2,-84,2,731468,-270032,-5377.8763024,190,False
2013.2699899,IDAC2 bracket -85,2,-85,2,731487,-270013,-5377.4979041,171,False
2014.1438296000124,IDAC2 bracket -86,2,-86,2,731506,-269994,-5377.1195058,190,False
2015.0179604000004,IDAC2 bracket -87,2,-87,2,731468,-270032,-5377.8763024,152,False
2015.8915668000118,IDAC2 bracket -88,2,-88,2,731468,-270032,-5377.8763024,152,False
2020.3403983000026,IDAC2 bracket -89,2,-89,2,731468,-270032,-5377.8763024,133,False
2021.6379831999948,IDAC2 bracket -90,2,-90,2,731468,-270032,-5377.8763024,152,False
2022.5178325999877,IDAC2 bracket -91,2,-91,2,731487,-270013,-5377.4979041,171,False
2023.3965284999867,IDAC2 bracket -92,2,-92,2,731449,-270051,-5378.2547007,152,False
2024.2692912000057,IDAC2 bracket -93,2,-93,2,731449,-270051,-5378.2547007,190,False
2025.141984499991,IDAC2 bracket -94,2,-94,2,731449,-270051,-5378.2547007,171,False
2026.0169501999917,IDAC2 bracket -95,2,-95,2,731449,-270051,-5378.2547007,190,False
2026.893302499986,IDAC2 bracket -96,2,-96,2,731430,-270070,-5378.633099000001,171,False
2027.7631591999962,IDAC2 bracket -97,2,-97,2,731468,-270032,-5377.8763024,228,False
2028.6367275000084,IDAC2 bracket -98,2,-98,2,731410,-270090,-5379.031413000001,209,False
2029.507809600007,IDAC2 bracket -99,2,-99,2,731449,-270051,-5378.2547007,190,False
2030.3796954000136,IDAC2 bracket -100,2,-100,2,731430,-270070,-5378.633099000001,152,False
2031.2515445000026,IDAC2 bracket -101,2,-101,2,731468,-270032,-5377.8763024,209,False
2032.1251638999966,IDAC2 bracket -102,2,-102,2,731487,-270013,-5377.4979041,209,False
2032.9983698999858,IDAC2 bracket -103,2,-103,2,731410,-270090,-5379.031413000001,228,False
2033.8715795000026,IDAC2 bracket -104,2,-104,2,731468,-270032,-5377.8763024,209,False
2034.7436458999873,IDAC2 bracket -105,2,-105,2,731449,-270051,-5378.2547007,152,False
2035.614093799988,IDAC2 bracket -106,2,-106,2,731525,-269975,-5376.7411075,152,False
2036.484804800013,IDAC2 bracket -107,2,-107,2,731449,-270051,-5378.2547007,267,False
2037.3565762999933,IDAC2 bracket -108,2,-108,2,731487,-270013,-5377.4979041,209,False
2038.2309090000053,IDAC2 bracket -109,2,-109,2,731430,-270070,-5378.633099000001,190,False
2039.1028488999873,IDAC2 bracket -110,2,-110,2,731410,-270090,-5379.031413000001,152,False
2039.9763317999896,IDAC2 bracket -111,2,-111,2,731449,-270051,-5378.2547007,133,False
2040.8522139000124,IDAC2 bracket -112,2,-112,2,731410,-270090,-5379.031413000001,114,False
2041.7302334000124,IDAC2 bracket -113,2,-113,2,731449,-270051,-5378.2547007,171,False
2042.6051780999987,IDAC2 bracket -114,2,-114,2,731430,-270070,-5378.633099000001,228,False
2043.4775829999999,IDAC2 bracket -115,2,-115,2,731468,-270032,-5377.8763024,152,False
2044.3567386000068,IDAC2 bracket -116,2,-116,2,731487,-270013,-5377.4979041,190,False
2048.8023799000075,IDAC2 bracket -117,2,-117,2,731410,-270090,-5379.031413000001,171,False
2050.1001916000096,IDAC2 bracket -118,2,-118,2,731410,-270090,-5379.031413000001,209,False
2050.9754635999852,IDAC2 bracket -119,2,-119,2,731449,-270051,-5378.2547007,152,False
2051.8484723999863,IDAC2 bracket -120,2,-120,2,731430,-270070,-5378.633099000001,171,False
2052.7222513000015,IDAC2 bracket -121,2,-121,2,731430,-270070,-5378.633099000001,152,False
2053.5944490999973,IDAC2 bracket -122,2,-122,2,731449,-270051,-5378.2547007,209,False
2054.467424500006,IDAC2 bracket -123,2,-123,2,731430,-270070,-5378.633099000001,171,False
2055.3442802999925,IDAC2 bracket -124,2,-124,2,731449,-270051,-5378.2547007,190,False
2056.2189483999973,IDAC2 bracket -125,2,-125,2,731468,-270032,-5377.8763024,190,False
2057.092589900014,IDAC2 bracket -126,2,-126,2,731449,-270051,-5378.2547007,190,False
2057.968401399994,IDAC2 bracket -127,2,-127,2,731430,-270070,-5378.633099000001,171,False
2058.84623689999,IDAC2 bracket -128,2,-128,2,731430,-270070,-5378.633099000001,190,False
2059.720532700012,IDAC2 bracket -129,2,-129,2,731449,-270051,-5378.2547007,133,False
2060.593570600002,IDAC2 bracket -130,2,-130,2,731487,-270013,-5377.4979041,171,False
2061.468166100007,IDAC2 bracket -131,2,-131,2,731506,-269994,-5377.1195058,171,False
2062.340635600005,IDAC2 bracket -132,2,-132,2,731449,-270051,-5378.2547007,133,False
2063.2134342000063,IDAC2 bracket -133,2,-133,2,731449,-270051,-5378.2547007,114,False
2064.0861162999936,IDAC2 bracket -134,2,-134,2,731449,-270051,-5378.2547007,152,False
2064.9590779999853,IDAC2 bracket -135,2,-135,2,731430,-270070,-5378.633099000001,190,False
2065.831628099986,IDAC2 bracket -136,2,-136,2,731430,-270070,-5378.633099000001,133,False
2066.7059248999867,IDAC2 bracket -137,2,-137,2,731468,-270032,-5377.8763024,171,False
2067.5784219999914,IDAC2 bracket -138,2,-138,2,731430,-270070,-5378.633099000001,171,False
2068.4556497999874,IDAC2 bracket -139,2,-139,2,731410,-270090,-5379.031413000001,190,False
2069.3307401000056,IDAC2 bracket -140,2,-140,2,731391,-270109,-5379.4098113,171,False
2070.2120633999875,IDAC2 bracket -141,2,-141,2,731430,-270070,-5378.633099000001,171,False
2071.097921400011,IDAC2 bracket -142,2,-142,2,731430,-270070,-5378.633099000001,209,False
2071.977630600013,IDAC2 bracket -143,2,-143,2,731449,-270051,-5378.2547007,133,False
2072.852683600009,IDAC2 bracket -144,2,-144,2,731430,-270070,-5378.633099000001,171,False
2073.7280652000045,IDAC2 bracket -145,2,-145,2,731410,-270090,-5379.031413000001,152,False
2074.6008365000016,IDAC2 bracket -146,2,-146,2,731449,-270051,-5378.2547007,133,False
2075.4773792999913,IDAC2 bracket -147,2,-147,2,731449,-270051,-5378.2547007,171,False
2076.350598899997,IDAC2 bracket -148,2,-148,2,731410,-270090,-5379.031413000001,190,False
2077.2305960000085,IDAC2 bracket -149,2,-149,2,731391,-270109,-5379.4098113,171,False
2078.1101038999914,IDAC2 bracket -150,2,-150,2,731410,-270090,-5379.031413000001,133,False
2078.983989900007,IDAC2 bracket -151,2,-151,2,731449,-270051,-5378.2547007,152,False
2083.440456799988,IDAC2 bracket -152,2,-152,2,731430,-270070,-5378.633099000001,152,False
2084.739646800008,IDAC2 bracket -153,2,-153,2,731449,-270051,-5378.2547007,171,False
2085.620710099989,IDAC2 bracket -154,2,-154,2,731487,-270013,-5377.4979041,152,False
2086.502193499997,IDAC2 bracket -155,2,-155,2,731468,-270032,-5377.8763024,209,False
2087.3804683999915,IDAC2 bracket -156,2,-156,2,731430,-270070,-5378.633099000001,190,False
2088.2615869999863,IDAC2 bracket -157,2,-157,2,731410,-270090,-5379.031413000001,133,False
2089.1431265999854,IDAC2 bracket -158,2,-158,2,731430,-270070,-5378.633099000001,152,False
2090.017511699989,IDAC2 bracket -159,2,-159,2,731410,-270090,-5379.031413000001,133,False
2090.8970181999903,IDAC2 bracket -160,2,-160,2,731410,-270090,-5379.031413000001,133,False
2091.7756600999855,IDAC2 bracket -161,2,-161,2,731468,-270032,-5377.8763024,152,False
2092.6559066000045,IDAC2 bracket -162,2,-162,2,731334,-270166,-5380.545006200001,133,False
2093.5325462000037,IDAC2 bracket -163,2,-163,2,731353,-270147,-5380.166607900001,152,False
2094.4121576999896,IDAC2 bracket -164,2,-164,2,731353,-270147,-5380.166607900001,209,False
2098.888771500002,IDAC2 bracket -165,2,-165,2,731410,-270090,-5379.031413000001,171,False
2100.1700046999904,IDAC2 bracket -166,2,-166,2,731468,-270032,-5377.8763024,171,False
2101.050105900009,IDAC2 bracket -167,2,-167,2,731391,-270109,-5379.4098113,190,False
2101.928789400001,IDAC2 bracket -168,2,-168,2,731449,-270051,-5378.2547007,190,False
2102.8104538999905,IDAC2 bracket -169,2,-169,2,731487,-270013,-5377.4979041,190,False
2103.6907725000056,IDAC2 bracket -170,2,-170,2,731449,-270051,-5378.2547007,171,False
2104.578551499988,IDAC2 bracket -171,2,-171,2,731487,-270013,-5377.4979041,190,False
2105.4664891999855,IDAC2 bracket -172,2,-172,2,731449,-270051,-5378.2547007,190,False
2106.3541175999853,IDAC2 bracket -173,2,-173,2,731449,-270051,-5378.2547007,152,False
2107.2449771999964,IDAC2 bracket -174,2,-174,2,731449,-270051,-5378.2547007,152,False
2108.1405198999855,IDAC2 bracket -175,2,-175,2,731449,-270051,-5378.2547007,152,False
2109.021738200012,IDAC2 bracket -176,2,-176,2,731410,-270090,-5379.031413000001,133,False
2109.907566799986,IDAC2 bracket -177,2,-177,2,731430,-270070,-5378.633099000001,209,False
2110.8049351999944,IDAC2 bracket -178,2,-178,2,731449,-270051,-5378.2547007,171,False
2111.6924280000094,IDAC2 bracket -179,2,-179,2,731487,-270013,-5377.4979041,133,False
2112.5795264999906,IDAC2 bracket -180,2,-180,2,731487,-270013,-5377.4979041,133,False
2113.466194700013,IDAC2 bracket -181,2,-181,2,731506,-269994,-5377.1195058,152,False
2114.34952660001,IDAC2 bracket -182,2,-182,2,731449,-270051,-5378.2547007,133,False
2115.2401809000003,IDAC2 bracket -183,2,-183,2,731449,-270051,-5378.2547007,152,False
2116.118210399989,IDAC2 bracket -184,2,-184,2,731468,-270032,-5377.8763024,133,False
2120.677914700005,IDAC2 bracket -185,2,-185,2,731449,-270051,-5378.2547007,152,False
2121.97654470001,IDAC2 bracket -186,2,-186,2,731372,-270128,-5379.7882096,171,False
2122.850374100002,IDAC2 bracket -187,2,-187,2,731391,-270109,-5379.4098113,171,False
2123.7277414000127,IDAC2 bracket -188,2,-188,2,731372,-270128,-5379.7882096,171,False
2124.6008175000024,IDAC2 bracket -189,2,-189,2,731391,-270109,-5379.4098113,171,False
2125.4767657000048,IDAC2 bracket -190,2,-190,2,731410,-270090,-5379.031413000001,152,False
2126.35560119999,IDAC2 bracket -191,2,-191,2,731468,-270032,-5377.8763024,152,False
2127.232459299994,IDAC2 bracket -192,2,-192,2,731449,-270051,-5378.2547007,114,False
2128.1050893999927,IDAC2 bracket -193,2,-193,2,731410,-270090,-5379.031413000001,152,False
2128.9789356999972,IDAC2 bracket -194,2,-194,2,731449,-270051,-5378.2547007,114,False
2129.8511462000024,IDAC2 bracket -195,2,-195,2,731410,-270090,-5379.031413000001,152,False
2130.725802700006,IDAC2 bracket -196,2,-196,2,731410,-270090,-5379.031413000001,152,False
2131.6010465,IDAC2 bracket -197,2,-197,2,731430,-270070,-5378.633099000001,133,False
2132.4721517,IDAC2 bracket -198,2,-198,2,731410,-270090,-5379.031413000001,133,False
2133.3493763000006,IDAC2 bracket -199,2,-199,2,731430,-270070,-5378.633099000001,171,False
2134.2278222999885,IDAC2 bracket -200,2,-200,2,731449,-270051,-5378.2547007,152,False
2135.10918639999,IDAC2 bracket -201,2,-201,2,731468,-270032,-5377.8763024,171,False
2135.9892487000034,IDAC2 bracket -202,2,-202,2,731430,-270070,-5378.633099000001,171,False
2136.8743428000016,IDAC2 bracket -203,2,-203,2,731430,-270070,-5378.633099000001,171,False
2137.7525068999967,IDAC2 bracket -204,2,-204,2,731391,-270109,-5379.4098113,171,False
2138.643955300009,IDAC2 bracket -205,2,-205,2,731391,-270109,-5379.4098113,171,False
2139.518430099997,IDAC2 bracket -206,2,-206,2,731410,-270090,-5379.031413000001,133,False
2140.400992699986,IDAC2 bracket -207,2,-207,2,731410,-270090,-5379.031413000001,152,False
2141.2764004000055,IDAC2 bracket -208,2,-208,2,731410,-270090,-5379.031413000001,209,False
2142.1498742999975,IDAC2 bracket -209,2,-209,2,731391,-270109,-5379.4098113,152,False
2143.023333099991,IDAC2 bracket -210,2,-210,2,731410,-270090,-5379.031413000001,171,False
2143.8978354999854,IDAC2 bracket -211,2,-211,2,731391,-270109,-5379.4098113,152,False
2144.7715000000026,IDAC2 bracket -212,2,-212,2,731430,-270070,-5378.633099000001,171,False
2149.2771815999877,IDAC2 bracket -213,2,-213,2,731430,-270070,-5378.633099000001,152,False
2150.5577225000015,IDAC2 bracket -214,2,-214,2,731430,-270070,-5378.633099000001,152,False
2151.433818099991,IDAC2 bracket -215,2,-215,2,731449,-270051,-5378.2547007,152,False
2152.309481700009,IDAC2 bracket -216,2,-216,2,731449,-270051,-5378.2547007,171,False
2153.184038700012,IDAC2 bracket -217,2,-217,2,731468,-270032,-5377.8763024,133,False
2154.0600556000136,IDAC2 bracket -218,2,-218,2,731506,-269994,-5377.1195058,152,False
2158.5243412000127,IDAC2 bracket -219,2,-219,2,731410,-270090,-5379.031413000001,152,False
2159.825590399996,IDAC2 bracket -220,2,-220,2,731430,-270070,-5378.633099000001,209,False
2160.7052771000017,IDAC2 bracket -221,2,-221,2,731468,-270032,-5377.8763024,190,False
2161.5799140000017,IDAC2 bracket -222,2,-222,2,731410,-270090,-5379.031413000001,209,False
2162.4601036999957,IDAC2 bracket -223,2,-223,2,731391,-270109,-5379.4098113,228,False
2163.3355534999864,IDAC2 bracket -224,2,-224,2,731430,-270070,-5378.633099000001,152,False
2164.211633400002,IDAC2 bracket -225,2,-225,2,731430,-270070,-5378.633099000001,171,False
2165.088606000005,IDAC2 bracket -226,2,-226,2,731430,-270070,-5378.633099000001,152,False
2165.969353799999,IDAC2 bracket -227,2,-227,2,731334,-270166,-5380.545006200001,152,False
2166.845543500007,IDAC2 bracket -228,2,-228,2,731430,-270070,-5378.633099000001,190,False
2167.721050299995,IDAC2 bracket -229,2,-229,2,731410,-270090,-5379.031413000001,171,False
2168.5992463000002,IDAC2 bracket -230,2,-230,2,731430,-270070,-5378.633099000001,152,False
2169.4742598999874,IDAC2 bracket -231,2,-231,2,731449,-270051,-5378.2547007,152,False
2170.3520459000138,IDAC2 bracket -232,2,-232,2,731449,-270051,-5378.2547007,190,False
2171.227260399988,IDAC2 bracket -233,2,-233,2,731449,-270051,-5378.2547007,133,False
2172.102563799999,IDAC2 bracket -234,2,-234,2,731430,-270070,-5378.633099000001,133,False
2172.9808648999897,IDAC2 bracket -235,2,-235,2,731430,-270070,-5378.633099000001,152,False
2173.85652999999,IDAC2 bracket -236,2,-236,2,731410,-270090,-5379.031413000001,190,False
2174.73163580001,IDAC2 bracket -237,2,-237,2,731391,-270109,-5379.4098113,190,False
2175.606520000001,IDAC2 bracket -238,2,-238,2,731372,-270128,-5379.7882096,171,False
2180.170885300002,IDAC2 bracket -239,2,-239,2,731468,-270032,-5377.8763024,171,False
2181.470507399994,IDAC2 bracket -240,2,-240,2,731410,-270090,-5379.031413000001,171,False
2182.3460859000043,IDAC2 bracket -241,2,-241,2,731449,-270051,-5378.2547007,133,False
2183.221704800002,IDAC2 bracket -242,2,-242,2,731449,-270051,-5378.2547007,171,False
2184.098557899997,IDAC2 bracket -243,2,-243,2,731430,-270070,-5378.633099000001,133,False
2184.972981900006,IDAC2 bracket -244,2,-244,2,731391,-270109,-5379.4098113,171,False
2189.4970963000087,IDAC2 bracket -245,2,-245,2,731353,-270147,-5380.166607900001,133,False
2190.7930101999955,IDAC2 bracket -246,2,-246,2,731353,-270147,-5380.166607900001,133,False
2191.6675961999863,IDAC2 bracket -247,2,-247,2,731372,-270128,-5379.7882096,228,False
2192.544347999996,IDAC2 bracket -248,2,-248,2,731296,-270204,-5381.301802800001,114,False
2193.418382700009,IDAC2 bracket -249,2,-249,2,731277,-270223,-5381.6802011,152,False
2194.2941972000117,IDAC2 bracket -250,2,-250,2,731353,-270147,-5380.166607900001,133,False
2198.743527099985,IDAC2 bracket -251,2,-251,2,731334,-270166,-5380.545006200001,171,False
2200.0445414000133,IDAC2 bracket -252,2,-252,2,731391,-270109,-5379.4098113,171,False
2200.920903799997,IDAC2 bracket -253,2,-253,2,731353,-270147,-5380.166607900001,190,False
2201.794524900004,IDAC2 bracket -254,2,-254,2,731353,-270147,-5380.166607900001,190,False
2202.667541600007,IDAC2 bracket -255,2,-255,2,731391,-270109,-5379.4098113,114,False
2204.338909699989,IDAC2 sonda -255,2,-255,2,731391,-270109,-5379.4098113,95,False
2207.1857368999918,IDAC2 bracket -254,2,-254,2,731410,-270090,-5379.031413000001,171,False
2208.061567099998,IDAC2 bracket -253,2,-253,2,731410,-270090,-5379.031413000001,171,False
2208.939624199993,IDAC2 bracket -252,2,-252,2,731410,-270090,-5379.031413000001,152,False
2209.825999599998,IDAC2 bracket -251,2,-251,2,731391,-270109,-5379.4098113,133,False
2210.7017389000102,IDAC2 bracket -250,2,-250,2,731430,-270070,-5378.633099000001,171,False
2211.5765605999914,IDAC2 bracket -249,2,-249,2,731430,-270070,-5378.633099000001,152,False
2212.452583300008,IDAC2 bracket -248,2,-248,2,731372,-270128,-5379.7882096,171,False
2213.3326140000136,IDAC2 bracket -247,2,-247,2,731391,-270109,-5379.4098113,133,False
2214.2097439999925,IDAC2 bracket -246,2,-246,2,731449,-270051,-5378.2547007,133,False
2215.0877298999985,IDAC2 bracket -245,2,-245,2,731449,-270051,-5378.2547007,114,False
2215.9633893999853,IDAC2 bracket -244,2,-244,2,731410,-270090,-5379.031413000001,133,False
2216.841504000011,IDAC2 bracket -243,2,-243,2,731449,-270051,-5378.2547007,114,False
2217.718016800005,IDAC2 bracket -242,2,-242,2,731430,-270070,-5378.633099000001,133,False
2218.593405499996,IDAC2 bracket -241,2,-241,2,731391,-270109,-5379.4098113,171,False
2221.435524600005,IDAC2 bracket -240,2,-240,2,731410,-270090,-5379.031413000001,152,False
2222.312150499987,IDAC2 bracket -239,2,-239,2,731430,-270070,-5378.633099000001,152,False
2223.18930920001,IDAC2 bracket -238,2,-238,2,731449,-270051,-5378.2547007,152,False
2224.0643528999935,IDAC2 bracket -237,2,-237,2,731391,-270109,-5379.4098113,152,False
2224.942493699986,IDAC2 bracket -236,2,-236,2,731353,-270147,-5380.166607900001,152,False
2225.8218668999907,IDAC2 bracket -235,2,-235,2,731372,-270128,-5379.7882096,190,False
2228.666182599991,IDAC2 bracket -234,2,-234,2,731372,-270128,-5379.7882096,190,False
2229.5416213000135,IDAC2 bracket -233,2,-233,2,731391,-270109,-5379.4098113,209,False
2230.4182609000127,IDAC2 bracket -232,2,-232,2,731372,-270128,-5379.7882096,171,False
2231.295138299989,IDAC2 bracket -231,2,-231,2,731410,-270090,-5379.031413000001,190,False
2232.173059599998,IDAC2 bracket -230,2,-230,2,731391,-270109,-5379.4098113,133,False
2233.047850600007,IDAC2 bracket -229,2,-229,2,731391,-270109,-5379.4098113,171,False
2233.924032799987,IDAC2 bracket -228,2,-228,2,731353,-270147,-5380.166607900001,209,False
2234.799543000001,IDAC2 bracket -227,2,-227,2,731391,-270109,-5379.4098113,190,False
2235.673624499992,IDAC2 bracket -226,2,-226,2,731391,-270109,-5379.4098113,171,False
2236.550324400014,IDAC2 bracket -225,2,-225,2,731372,-270128,-5379.7882096,190,False
2237.4240669999854,IDAC2 bracket -224,2,-224,2,731430,-270070,-5378.633099000001,152,False
2238.300645899988,IDAC2 bracket -223,2,-223,2,731410,-270090,-5379.031413000001,133,False
2239.1756217000075,IDAC2 bracket -222,2,-222,2,731372,-270128,-5379.7882096,171,False
2240.0599304999923,IDAC2 bracket -221,2,-221,2,731353,-270147,-5380.166607900001,133,False
2242.9005033999856,IDAC2 bracket -220,2,-220,2,731410,-270090,-5379.031413000001,190,False
2243.7743173000054,IDAC2 bracket -219,2,-219,2,731353,-270147,-5380.166607900001,171,False
2244.6517695999937,IDAC2 bracket -218,2,-218,2,731372,-270128,-5379.7882096,171,False
2245.53430520001,IDAC2 bracket -217,2,-217,2,731372,-270128,-5379.7882096,190,False
2246.4120791000023,IDAC2 bracket -216,2,-216,2,731372,-270128,-5379.7882096,152,False
2247.2870440999977,IDAC2 bracket -215,2,-215,2,731372,-270128,-5379.7882096,114,False
2251.7581976999936,IDAC2 bracket -214,2,-214,2,731353,-270147,-5380.166607900001,171,False
2253.027038100001,IDAC2 bracket -213,2,-213,2,731334,-270166,-5380.545006200001,171,False
2253.9059157999873,IDAC2 bracket -212,2,-212,2,731353,-270147,-5380.166607900001,171,False
2254.784610600007,IDAC2 bracket -211,2,-211,2,731353,-270147,-5380.166607900001,171,False
2255.6625851000135,IDAC2 bracket -210,2,-210,2,731391,-270109,-5379.4098113,190,False
2256.5491564999975,IDAC2 bracket -209,2,-209,2,731372,-270128,-5379.7882096,209,False
2257.428794700012,IDAC2 bracket -208,2,-208,2,731353,-270147,-5380.166607900001,133,False
2258.3022355999856,IDAC2 bracket -207,2,-207,2,731372,-270128,-5379.7882096,152,False
2259.1789434000093,IDAC2 bracket -206,2,-206,2,731391,-270109,-5379.4098113,133,False
2260.052684299997,IDAC2 bracket -205,2,-205,2,731391,-270109,-5379.4098113,190,False
2260.930555800005,IDAC2 bracket -204,2,-204,2,731391,-270109,-5379.4098113,171,False
2261.8080246000027,IDAC2 bracket -203,2,-203,2,731430,-270070,-5378.633099000001,152,False
2262.6792011999933,IDAC2 bracket -202,2,-202,2,731410,-270090,-5379.031413000001,152,False
2263.555680999998,IDAC2 bracket -201,2,-201,2,731372,-270128,-5379.7882096,133,False
2264.4364077000064,IDAC2 bracket -200,2,-200,2,731391,-270109,-5379.4098113,190,False
2265.310198399995,IDAC2 bracket -199,2,-199,2,731391,-270109,-5379.4098113,152,False
2266.187689899991,IDAC2 bracket -198,2,-198,2,731410,-270090,-5379.031413000001,171,False
2267.0637037999986,IDAC2 bracket -197,2,-197,2,731430,-270070,-5378.633099000001,133,False
2267.942668600008,IDAC2 bracket -196,2,-196,2,731430,-270070,-5378.633099000001,152,False
2268.8178180000104,IDAC2 bracket -195,2,-195,2,731391,-270109,-5379.4098113,190,False
2269.6960869999893,IDAC2 bracket -194,2,-194,2,731372,-270128,-5379.7882096,152,False
2270.572545800009,IDAC2 bracket -193,2,-193,2,731410,-270090,-5379.031413000001,152,False
2271.4558752999874,IDAC2 bracket -192,2,-192,2,731391,-270109,-5379.4098113,133,False
2272.3307816000015,IDAC2 bracket -191,2,-191,2,731391,-270109,-5379.4098113,133,False
2273.209664599999,IDAC2 bracket -190,2,-190,2,731372,-270128,-5379.7882096,209,False
2274.0826086000015,IDAC2 bracket -189,2,-189,2,731372,-270128,-5379.7882096,190,False
2274.9639617000066,IDAC2 bracket -188,2,-188,2,731372,-270128,-5379.7882096,152,False
2275.839651999995,IDAC2 bracket -187,2,-187,2,731372,-270128,-5379.7882096,152,False
2280.2979691000073,IDAC2 bracket -186,2,-186,2,731410,-270090,-5379.031413000001,152,False
2281.6000407999963,IDAC2 bracket -185,2,-185,2,731391,-270109,-5379.4098113,152,False
2282.4767083000042,IDAC2 bracket -184,2,-184,2,731410,-270090,-5379.031413000001,133,False
2283.352220700006,IDAC2 bracket -183,2,-183,2,731430,-270070,-5378.633099000001,171,False
2284.230554300011,IDAC2 bracket -182,2,-182,2,731430,-270070,-5378.633099000001,209,False
2285.108822899987,IDAC2 bracket -181,2,-181,2,731449,-270051,-5378.2547007,152,False
2289.560404299991,IDAC2 bracket -180,2,-180,2,731391,-270109,-5379.4098113,171,False
2290.8643100000045,IDAC2 bracket -179,2,-179,2,731353,-270147,-5380.166607900001,171,False
2291.739768700005,IDAC2 bracket -178,2,-178,2,731391,-270109,-5379.4098113,209,False
2292.6245894999884,IDAC2 bracket -177,2,-177,2,731430,-270070,-5378.633099000001,152,False
2293.50207409999,IDAC2 bracket -176,2,-176,2,731430,-270070,-5378.633099000001,133,False
2294.3813354999875,IDAC2 bracket -175,2,-175,2,731430,-270070,-5378.633099000001,152,False
2295.2619632999995,IDAC2 bracket -174,2,-174,2,731410,-270090,-5379.031413000001,133,False
2296.1389200999984,IDAC2 bracket -173,2,-173,2,731372,-270128,-5379.7882096,171,False
2297.0153533999983,IDAC2 bracket -172,2,-172,2,731430,-270070,-5378.633099000001,133,False
2297.8920161999995,IDAC2 bracket -171,2,-171,2,731410,-270090,-5379.031413000001,152,False
2298.7656880999857,IDAC2 bracket -170,2,-170,2,731372,-270128,-5379.7882096,190,False
2299.640607999987,IDAC2 bracket -169,2,-169,2,731391,-270109,-5379.4098113,133,False
2300.5196945999924,IDAC2 bracket -168,2,-168,2,731410,-270090,-5379.031413000001,152,False
2305.0287699000037,IDAC2 bracket -167,2,-167,2,731372,-270128,-5379.7882096,209,False
2306.332301199989,IDAC2 bracket -166,2,-166,2,731430,-270070,-5378.633099000001,133,False
2307.212025099987,IDAC2 bracket -165,2,-165,2,731430,-270070,-5378.633099000001,133,False
2308.0942658999993,IDAC2 bracket -164,2,-164,2,731391,-270109,-5379.4098113,114,False
2308.9838103000075,IDAC2 bracket -163,2,-163,2,731449,-270051,-5378.2547007,171,False
2309.865085700003,IDAC2 bracket -162,2,-162,2,731430,-270070,-5378.633099000001,152,False
2314.345608100004,IDAC2 bracket -161,2,-161,2,731449,-270051,-5378.2547007,171,False
2315.643275599985,IDAC2 bracket -160,2,-160,2,731391,-270109,-5379.4098113,171,False
2316.526602900005,IDAC2 bracket -159,2,-159,2,731430,-270070,-5378.633099000001,133,False
2317.4116136000084,IDAC2 bracket -158,2,-158,2,731430,-270070,-5378.633099000001,152,False
2318.3005814999924,IDAC2 bracket -157,2,-157,2,731430,-270070,-5378.633099000001,152,False
2319.188148299989,IDAC2 bracket -156,2,-156,2,731391,-270109,-5379.4098113,171,False
2320.0710086000036,IDAC2 bracket -155,2,-155,2,731410,-270090,-5379.031413000001,228,False
2320.9614346000017,IDAC2 bracket -154,2,-154,2,731410,-270090,-5379.031413000001,152,False
2321.846495100006,IDAC2 bracket -153,2,-153,2,731410,-270090,-5379.031413000001,190,False
2322.730570999993,IDAC2 bracket -152,2,-152,2,731430,-270070,-5378.633099000001,171,False
2323.6257799000014,IDAC2 bracket -151,2,-151,2,731410,-270090,-5379.031413000001,133,False
2324.5017222999886,IDAC2 bracket -150,2,-150,2,731430,-270070,-5378.633099000001,152,False
2325.382640900003,IDAC2 bracket -149,2,-149,2,731430,-270070,-5378.633099000001,190,False
2326.2607907000056,IDAC2 bracket -148,2,-148,2,731487,-270013,-5377.4979041,133,False
2327.1377678000135,IDAC2 bracket -147,2,-147,2,731449,-270051,-5378.2547007,114,False
2328.023769499996,IDAC2 bracket -146,2,-146,2,731410,-270090,-5379.031413000001,114,False
2328.9137507000123,IDAC2 bracket -145,2,-145,2,731391,-270109,-5379.4098113,133,False
2329.7951774999965,IDAC2 bracket -144,2,-144,2,731430,-270070,-5378.633099000001,171,False
2330.675430800009,IDAC2 bracket -143,2,-143,2,731449,-270051,-5378.2547007,95,False
2331.552493199997,IDAC2 bracket -142,2,-142,2,731430,-270070,-5378.633099000001,152,False
2336.1183117000037,IDAC2 bracket -141,2,-141,2,731430,-270070,-5378.633099000001,133,False
2337.4123502,IDAC2 bracket -140,2,-140,2,731449,-270051,-5378.2547007,171,False
2338.305121799989,IDAC2 bracket -139,2,-139,2,731410,-270090,-5379.031413000001,209,False
2339.189779700013,IDAC2 bracket -138,2,-138,2,731468,-270032,-5377.8763024,171,False
2340.0950171999866,IDAC2 bracket -137,2,-137,2,731430,-270070,-5378.633099000001,133,False
2340.9893421999877,IDAC2 bracket -136,2,-136,2,731487,-270013,-5377.4979041,209,False
2343.8969118999958,IDAC2 bracket -135,2,-135,2,731410,-270090,-5379.031413000001,190,False
2344.7823465999973,IDAC2 bracket -134,2,-134,2,731391,-270109,-5379.4098113,152,False
2345.6699119000114,IDAC2 bracket -133,2,-133,2,731372,-270128,-5379.7882096,133,False
2346.57852000001,IDAC2 bracket -132,2,-132,2,731391,-270109,-5379.4098113,133,False
2347.462737499998,IDAC2 bracket -131,2,-131,2,731410,-270090,-5379.031413000001,171,False
2348.3515426999948,IDAC2 bracket -130,2,-130,2,731410,-270090,-5379.031413000001,133,False
2349.2364475000068,IDAC2 bracket -129,2,-129,2,731449,-270051,-5378.2547007,114,False
2350.122055199987,IDAC2 bracket -128,2,-128,2,731410,-270090,-5379.031413000001,133,False
2351.00744690001,IDAC2 bracket -127,2,-127,2,731430,-270070,-5378.633099000001,152,False
2351.9012188999914,IDAC2 bracket -126,2,-126,2,731430,-270070,-5378.633099000001,171,False
2352.7945474000007,IDAC2 bracket -125,2,-125,2,731430,-270070,-5378.633099000001,171,False
2353.688213299989,IDAC2 bracket -124,2,-124,2,731430,-270070,-5378.633099000001,114,False
2354.5807509000006,IDAC2 bracket -123,2,-123,2,731449,-270051,-5378.2547007,171,False
2355.4938500999997,IDAC2 bracket -122,2,-122,2,731410,-270090,-5379.031413000001,152,False
2358.3997080000117,IDAC2 bracket -121,2,-121,2,731430,-270070,-5378.633099000001,190,False
2359.3050946999865,IDAC2 bracket -120,2,-120,2,731430,-270070,-5378.633099000001,171,False
2360.203883500013,IDAC2 bracket -119,2,-119,2,731449,-270051,-5378.2547007,133,False
2361.0966031000135,IDAC2 bracket -118,2,-118,2,731391,-270109,-5379.4098113,171,False
2361.9846541000006,IDAC2 bracket -117,2,-117,2,731410,-270090,-5379.031413000001,190,False
2362.887021500006,IDAC2 bracket -116,2,-116,2,731391,-270109,-5379.4098113,114,False
2367.365476600011,IDAC2 bracket -115,2,-115,2,731410,-270090,-5379.031413000001,152,False
2368.677968300006,IDAC2 bracket -114,2,-114,2,731353,-270147,-5380.166607900001,171,False
2369.5701217000023,IDAC2 bracket -113,2,-113,2,731372,-270128,-5379.7882096,152,False
2370.5787636000023,IDAC2 bracket -112,2,-112,2,731391,-270109,-5379.4098113,152,False
2371.4815289000107,IDAC2 bracket -111,2,-111,2,731391,-270109,-5379.4098113,171,False
2372.384316599986,IDAC2 bracket -110,2,-110,2,731449,-270051,-5378.2547007,133,False
2375.2565315999964,IDAC2 bracket -109,2,-109,2,731430,-270070,-5378.633099000001,152,False
2376.1417115000077,IDAC2 bracket -108,2,-108,2,731430,-270070,-5378.633099000001,171,False
2377.0282692000037,IDAC2 bracket -107,2,-107,2,731449,-270051,-5378.2547007,190,False
2377.928111999994,IDAC2 bracket -106,2,-106,2,731391,-270109,-5379.4098113,152,False
2378.833867899986,IDAC2 bracket -105,2,-105,2,731410,-270090,-5379.031413000001,171,False
2379.7284445000114,IDAC2 bracket -104,2,-104,2,731430,-270070,-5378.633099000001,133,False
2384.208182500006,IDAC2 bracket -103,2,-103,2,731391,-270109,-5379.4098113,133,False
2385.5215827999928,IDAC2 bracket -102,2,-102,2,731430,-270070,-5378.633099000001,133,False
2386.4198409999954,IDAC2 bracket -101,2,-101,2,731410,-270090,-5379.031413000001,114,False
2387.3122370000056,IDAC2 bracket -100,2,-100,2,731430,-270070,-5378.633099000001,171,False
2388.1990868999856,IDAC2 bracket -99,2,-99,2,731430,-270070,-5378.633099000001,190,False
2389.0895689000026,IDAC2 bracket -98,2,-98,2,731430,-270070,-5378.633099000001,133,False
2389.971963499993,IDAC2 bracket -97,2,-97,2,731391,-270109,-5379.4098113,152,False
2390.8598206999886,IDAC2 bracket -96,2,-96,2,731410,-270090,-5379.031413000001,133,False
2391.75577660001,IDAC2 bracket -95,2,-95,2,731449,-270051,-5378.2547007,152,False
2392.637644500006,IDAC2 bracket -94,2,-94,2,731410,-270090,-5379.031413000001,152,False
2393.522960500006,IDAC2 bracket -93,2,-93,2,731391,-270109,-5379.4098113,152,False
2394.4054083999945,IDAC2 bracket -92,2,-92,2,731430,-270070,-5378.633099000001,152,False
2395.288413000002,IDAC2 bracket -91,2,-91,2,731449,-270051,-5378.2547007,171,False
2399.740328199987,IDAC2 bracket -90,2,-90,2,731449,-270051,-5378.2547007,133,False
2401.0244280000043,IDAC2 bracket -89,2,-89,2,731430,-270070,-5378.633099000001,133,False
2401.9316449000034,IDAC2 bracket -88,2,-88,2,731430,-270070,-5378.633099000001,152,False
2402.8232421999855,IDAC2 bracket -87,2,-87,2,731410,-270090,-5379.031413000001,114,False
2403.7125034999917,IDAC2 bracket -86,2,-86,2,731410,-270090,-5379.031413000001,152,False
2404.5947818999994,IDAC2 bracket -85,2,-85,2,731410,-270090,-5379.031413000001,171,False
2409.059059799998,IDAC2 bracket -84,2,-84,2,731449,-270051,-5378.2547007,190,False
2410.365992600011,IDAC2 bracket -83,2,-83,2,731430,-270070,-5378.633099000001,152,False
2411.275897499989,IDAC2 bracket -82,2,-82,2,731468,-270032,-5377.8763024,152,False
2412.1671769999957,IDAC2 bracket -81,2,-81,2,731430,-270070,-5378.633099000001,152,False
2413.060654000001,IDAC2 bracket -80,2,-80,2,731468,-270032,-5377.8763024,152,False
2413.9498338999983,IDAC2 bracket -79,2,-79,2,731468,-270032,-5377.8763024,133,False
2414.868683800014,IDAC2 bracket -78,2,-78,2,731487,-270013,-5377.4979041,209,False
2415.750717399991,IDAC2 bracket -77,2,-77,2,731525,-269975,-5376.7411075,305,False
2416.6359453999903,IDAC2 bracket -76,2,-76,2,731544,-269956,-5376.362709200001,171,False
2417.5331166000105,IDAC2 bracket -75,2,-75,2,731544,-269956,-5376.362709200001,171,False
2418.431249999994,IDAC2 bracket -74,2,-74,2,731544,-269956,-5376.362709200001,171,False
2419.3202107000106,IDAC2 bracket -73,2,-73,2,731525,-269975,-5376.7411075,133,False
2420.207680499996,IDAC2 bracket -72,2,-72,2,731601,-269899,-5375.2275143,152,False
2421.098904899991,IDAC2 bracket -71,2,-71,2,731563,-269937,-5375.9843109,190,False
2421.9915995000047,IDAC2 bracket -70,2,-70,2,731620,-269880,-5374.849116,171,False
2422.879169599997,IDAC2 bracket -69,2,-69,2,731563,-269937,-5375.9843109,171,False
2423.774576900003,IDAC2 bracket -68,2,-68,2,731563,-269937,-5375.9843109,209,False
2424.664187999995,IDAC2 bracket -67,2,-67,2,731582,-269918,-5375.6059126,133,False
2425.5520005,IDAC2 bracket -66,2,-66,2,731601,-269899,-5375.2275143,152,False
2426.437628399988,IDAC2 bracket -65,2,-65,2,731563,-269937,-5375.9843109,190,False
2431.00147019999,IDAC2 bracket -64,2,-64,2,731582,-269918,-5375.6059126,152,False
2432.312547600013,IDAC2 bracket -63,2,-63,2,731620,-269880,-5374.849116,247,False
2433.207377499988,IDAC2 bracket -62,2,-62,2,731658,-269842,-5374.092319400001,190,False
2434.1027528000122,IDAC2 bracket -61,2,-61,2,731601,-269899,-5375.2275143,209,False
2434.9890004000044,IDAC2 bracket -60,2,-60,2,731582,-269918,-5375.6059126,228,False
2435.874211599992,IDAC2 bracket -59,2,-59,2,731582,-269918,-5375.6059126,190,False
2440.343490500003,IDAC2 bracket -58,2,-58,2,731601,-269899,-5375.2275143,171,False
2441.6309323000023,IDAC2 bracket -57,2,-57,2,731544,-269956,-5376.362709200001,247,False
2442.5165516000125,IDAC2 bracket -56,2,-56,2,731563,-269937,-5375.9843109,190,False
2443.3980268999876,IDAC2 bracket -55,2,-55,2,731525,-269975,-5376.7411075,190,False
2444.2790614000114,IDAC2 bracket -54,2,-54,2,731525,-269975,-5376.7411075,209,False
2445.1567821000062,IDAC2 bracket -53,2,-53,2,731582,-269918,-5375.6059126,190,False
2446.046916499996,IDAC2 bracket -52,2,-52,2,731563,-269937,-5375.9843109,190,False
2446.9261435999942,IDAC2 bracket -51,2,-51,2,731582,-269918,-5375.6059126,171,False
2447.807906000002,IDAC2 bracket -50,2,-50,2,731544,-269956,-5376.362709200001,228,False
2448.6877654000127,IDAC2 bracket -49,2,-49,2,731544,-269956,-5376.362709200001,209,False
2449.568402100005,IDAC2 bracket -48,2,-48,2,731544,-269956,-5376.362709200001,228,False
2450.450004399987,IDAC2 bracket -47,2,-47,2,731563,-269937,-5375.9843109,152,False
2451.3351585000055,IDAC2 bracket -46,2,-46,2,731563,-269937,-5375.9843109,209,False
2455.8608108999906,IDAC2 bracket -45,2,-45,2,731582,-269918,-5375.6059126,171,False
2457.1472685000044,IDAC2 bracket -44,2,-44,2,731601,-269899,-5375.2275143,247,False
2458.0321595999994,IDAC2 bracket -43,2,-43,2,731563,-269937,-5375.9843109,247,False
2458.9195794000116,IDAC2 bracket -42,2,-42,2,731601,-269899,-5375.2275143,171,False
2459.8008476000105,IDAC2 bracket -41,2,-41,2,731601,-269899,-5375.2275143,171,False
2460.681173399993,IDAC2 bracket -40,2,-40,2,731601,-269899,-5375.2275143,171,False
2463.5370102000015,IDAC2 bracket -39,2,-39,2,731544,-269956,-5376.362709200001,190,False
2464.415681899991,IDAC2 bracket -38,2,-38,2,731544,-269956,-5376.362709200001,247,False
2465.299297199992,IDAC2 bracket -37,2,-37,2,731582,-269918,-5375.6059126,228,False
2466.1826619000058,IDAC2 bracket -36,2,-36,2,731544,-269956,-5376.362709200001,171,False
2467.0637502000027,IDAC2 bracket -35,2,-35,2,731544,-269956,-5376.362709200001,190,False
2467.953719399986,IDAC2 bracket -34,2,-34,2,731639,-269861,-5374.4707177,171,False
2472.4428816,IDAC2 bracket -33,2,-33,2,731525,-269975,-5376.7411075,305,False
2473.732543499995,IDAC2 bracket -32,2,-32,2,731563,-269937,-5375.9843109,247,False
2474.6174601000093,IDAC2 bracket -31,2,-31,2,731582,-269918,-5375.6059126,228,False
2475.500210900005,IDAC2 bracket -30,2,-30,2,731582,-269918,-5375.6059126,305,False
2476.399171600002,IDAC2 bracket -29,2,-29,2,731582,-269918,-5375.6059126,419,False
2480.9772168000054,IDAC2 bracket -28,2,-28,2,731639,-269861,-5374.4707177,362,False
2482.253138900007,IDAC2 bracket -27,2,-27,2,731525,-269975,-5376.7411075,209,False
2483.1366635999875,IDAC2 bracket -26,2,-26,2,731525,-269975,-5376.7411075,171,False
2484.0213983999856,IDAC2 bracket -25,2,-25,2,731563,-269937,-5375.9843109,305,False
2484.9067039999936,IDAC2 bracket -24,2,-24,2,731525,-269975,-5376.7411075,209,False
2485.78804710001,IDAC2 bracket -23,2,-23,2,731563,-269937,-5375.9843109,457,False
2490.3138507000112,IDAC2 bracket -22,2,-22,2,731525,-269975,-5376.7411075,247,False
2491.601855599991,IDAC2 bracket -21,2,-21,2,731563,-269937,-5375.9843109,400,False
2492.487688299996,IDAC2 bracket -20,2,-20,2,731563,-269937,-5375.9843109,343,False
2493.3752554999955,IDAC2 bracket -19,2,-19,2,731582,-269918,-5375.6059126,228,False
2494.2579098000133,IDAC2 bracket -18,2,-18,2,731601,-269899,-5375.2275143,514,False
2495.1424183000054,IDAC2 bracket -17,2,-17,2,731582,-269918,-5375.6059126,267,False
2499.6169402000087,IDAC2 bracket -16,2,-16,2,731735,-269765,-5372.558810500001,896,False
2500.903075600014,IDAC2 bracket -15,2,-15,2,731792,-269708,-5371.4236156,915,False
2501.7847294000094,IDAC2 bracket -14,2,-14,2,731945,-269555,-5368.3765135,1258,False
2502.667706200009,IDAC2 bracket -13,2,-13,2,731697,-269803,-5373.3156071,877,False
2503.568410000007,IDAC2 bracket -12,2,-12,2,732135,-269365,-5364.5925305,1850,False
2504.4526398000016,IDAC2 bracket -11,2,-11,2,731678,-269822,-5373.6940054,724,False
2505.3325104000105,IDAC2 bracket -10,2,-10,2,731697,-269803,-5373.3156071,1087,False
2506.2177822999947,IDAC2 bracket -9,2,-9,2,731678,-269822,-5373.6940054,686,False
2507.1080015999905,IDAC2 bracket -8,2,-8,2,731925,-269575,-5368.7748275,1411,False
2507.9882547000016,IDAC2 bracket -7,2,-7,2,731830,-269670,-5370.666819,1068,False
2508.872472899995,IDAC2 bracket -6,2,-6,2,731678,-269822,-5373.6940054,762,False
2509.760720399994,IDAC2 bracket -5,2,-5,2,731697,-269803,-5373.3156071,782,False
2510.6447669999907,IDAC2 bracket -4,2,-4,2,731697,-269803,-5373.3156071,743,False
2511.5308151000063,IDAC2 bracket -3,2,-3,2,731735,-269765,-5372.558810500001,915,False
2512.4207577999914,IDAC2 bracket -2,2,-2,2,731678,-269822,-5373.6940054,667,False
2513.3071154000063,IDAC2 bracket -1,2,-1,2,731697,-269803,-5373.3156071,858,False
2514.1922346999927,IDAC2 bracket 0,2,0,2,731678,-269822,-5373.6940054,686,False
2515.8689902999904,IDAC2 restaurado,2,0,2,731754,-269746,-5372.1804122,629,False
2516.751265800005,IDAC2 bracket 1,2,1,2,731754,-269746,-5372.1804122,896,False
2517.6345184000093,IDAC2 bracket 2,2,2,2,731849,-269651,-5370.288420700001,1087,False
2518.522302600002,IDAC2 bracket 3,2,3,2,731925,-269575,-5368.7748275,1487,False
2519.4007106999925,IDAC2 bracket 4,2,4,2,731811,-269689,-5371.0452173,1239,False
2520.2851901999966,IDAC2 bracket 5,2,5,2,732021,-269479,-5366.8629203,1640,False
2521.166934100009,IDAC2 bracket 6,2,6,2,732021,-269479,-5366.8629203,1640,False
2522.0479801000038,IDAC2 bracket 7,2,7,2,732612,-268888,-5355.0927416,2365,False
2522.933544200001,IDAC2 bracket 8,2,8,2,732326,-269174,-5360.788631800001,2479,False
2523.815736599994,IDAC2 bracket 9,2,9,2,732154,-269346,-5364.2141322,2040,False
2528.379641000007,IDAC2 bracket 10,2,10,2,732498,-269002,-5357.3631314,2269,False
2529.6890307999856,IDAC2 bracket 11,2,11,2,733089,-268411,-5345.5929527,3814,False
2530.5844870999863,IDAC2 bracket 12,2,12,2,733051,-268449,-5346.3497493,3261,False
2531.4743643999973,IDAC2 bracket 13,2,13,2,733566,-267934,-5336.0931638,4100,False
2532.364862199989,IDAC2 bracket 14,2,14,2,733261,-268239,-5342.1674523,3509,False
2533.249245299987,IDAC2 bracket 15,2,15,2,734157,-267343,-5324.322985100001,3757,False
2534.1370557000046,IDAC2 bracket 16,2,16,2,733013,-268487,-5347.1065459,3280,False
2535.0231769999955,IDAC2 bracket 17,2,17,2,733089,-268411,-5345.5929527,3280,False
2535.910046600009,IDAC2 bracket 18,2,18,2,733432,-268068,-5338.7618676,2994,False
2536.7908520000055,IDAC2 bracket 19,2,19,2,733795,-267705,-5331.5324685000005,3166,False
2537.6744539999927,IDAC2 bracket 20,2,20,2,733470,-268030,-5338.0050710000005,2593,False
2538.5581063000136,IDAC2 bracket 21,2,21,2,732898,-268602,-5349.3968514,2174,False
2539.4412578000047,IDAC2 bracket 22,2,22,2,733070,-268430,-5345.971351000001,2365,False
2540.3273794999986,IDAC2 bracket 23,2,23,2,733127,-268373,-5344.8361561,2079,False
2541.212547300005,IDAC2 bracket 24,2,24,2,733718,-267782,-5333.0659774000005,3604,False
2542.104125599988,IDAC2 bracket 25,2,25,2,733718,-267782,-5333.0659774000005,2040,False
2542.986168000003,IDAC2 bracket 26,2,26,2,734519,-266981,-5317.1135017,2288,False
2543.8821498999896,IDAC2 bracket 27,2,27,2,734195,-267305,-5323.5661885,1468,False
2544.768521799997,IDAC2 bracket 28,2,28,2,735321,-266179,-5301.1411103,2536,False
2545.6511907000095,IDAC2 bracket 29,2,29,2,735893,-265607,-5289.7493299,1335,False
2546.535376199987,IDAC2 bracket 30,2,30,2,736522,-264978,-5277.2223546000005,1697,False
2547.4216613000026,IDAC2 bracket 31,2,31,2,737171,-264329,-5264.2970653,1602,False
2548.3082055000123,IDAC2 bracket 32,2,32,2,737895,-263605,-5249.8780985,1754,False
2549.1922355999995,IDAC2 bracket 33,2,33,2,738735,-262765,-5233.1489105,2174,False
2550.0940877000103,IDAC2 bracket 34,2,34,2,739288,-262212,-5222.1355284,1831,False
2550.9790472000022,IDAC2 bracket 35,2,35,2,740013,-261487,-5207.6966459,2002,False
2551.8626430000004,IDAC2 bracket 36,2,36,2,740623,-260877,-5195.5480689000005,2441,False
2552.7474146999884,IDAC2 bracket 37,2,37,2,741424,-260076,-5179.5955932,1354,False
2557.263385099999,IDAC2 bracket 38,2,38,2,742416,-259084,-5159.8392188,2632,False
2558.5689626999956,IDAC2 bracket 39,2,39,2,743198,-258302,-5144.2651414,2059,False
2559.454106899997,IDAC2 bracket 40,2,40,2,743999,-257501,-5128.312665700001,2422,False
2560.338947499986,IDAC2 bracket 41,2,41,2,744686,-256814,-5114.6305798,2574,False
2561.2244785999937,IDAC2 bracket 42,2,42,2,745353,-256147,-5101.3468079,2841,False
2562.1048313000065,IDAC2 bracket 43,2,43,2,746173,-255327,-5085.0159339,2155,False
2562.986417500011,IDAC2 bracket 44,2,44,2,746917,-254583,-5070.198653100001,3185,False
2563.867189200013,IDAC2 bracket 45,2,45,2,747680,-253820,-5055.002974,2307,False
2564.751330900006,IDAC2 bracket 46,2,46,2,748596,-252904,-5036.7601928,2841,False
2565.6302126999944,IDAC2 bracket 47,2,47,2,749340,-252160,-5021.942912,2384,False
2566.5178495,IDAC2 bracket 48,2,48,2,749893,-251607,-5010.9295299000005,2422,False
2567.4005847999942,IDAC2 bracket 49,2,49,2,750694,-250806,-4994.977054200001,2117,False
2568.2826700999867,IDAC2 bracket 50,2,50,2,751342,-250158,-4982.071680600001,1888,False
2569.1629060000123,IDAC2 bracket 51,2,51,2,752239,-249261,-4964.2072977,1926,False
2570.0437019999954,IDAC2 bracket 52,2,52,2,752811,-248689,-4952.8155173000005,1983,False
2570.9236044999852,IDAC2 bracket 53,2,53,2,753421,-248079,-4940.6669403,1869,False
2571.8183787000016,IDAC2 bracket 54,2,54,2,754337,-247163,-4922.4241591,1983,False
2572.708400500007,IDAC2 bracket 55,2,55,2,755100,-246400,-4907.228480000001,2346,False
2573.590743400011,IDAC2 bracket 56,2,56,2,755825,-245675,-4892.7895975,1525,False
2574.4753565000137,IDAC2 bracket 57,2,57,2,753002,-248498,-4949.0116186000005,4577,False
2575.3609460000007,IDAC2 bracket 58,2,58,2,756988,-244512,-4869.6276384,1449,False
2576.2464727000042,IDAC2 bracket 59,2,59,2,757846,-243654,-4852.5399678,1926,False
2577.131404999993,IDAC2 bracket 60,2,60,2,758781,-242719,-4833.9187883,1831,False
2578.0156406000024,IDAC2 bracket 61,2,61,2,759372,-242128,-4822.1486096,1640,False
2578.9012299999886,IDAC2 bracket 62,2,62,2,759811,-241689,-4813.4056173,1335,False
2579.784461300005,IDAC2 bracket 63,2,63,2,760974,-240526,-4790.2436582,2193,False
2580.667739700002,IDAC2 bracket 64,2,64,2,761547,-239953,-4778.8319621,2460,False
2581.549497500004,IDAC2 bracket 65,2,65,2,762500,-239000,-4759.8523,1869,False
2586.075453700003,IDAC2 bracket 66,2,66,2,763359,-238141,-4742.7447137,2517,False
2587.3634609,IDAC2 bracket 67,2,67,2,764255,-237245,-4724.9002465,2651,False
2588.249715599988,IDAC2 bracket 68,2,68,2,765056,-236444,-4708.9477708,2708,False
2589.1480784000014,IDAC2 bracket 69,2,69,2,765819,-235681,-4693.752091700001,2593,False
2590.0417536000023,IDAC2 bracket 70,2,70,2,766468,-235032,-4680.826802400001,3089,False
2590.932983400009,IDAC2 bracket 71,2,71,2,767192,-234308,-4666.4078356,3128,False
2591.818692800007,IDAC2 bracket 72,2,72,2,767974,-233526,-4650.8337582,2803,False
2592.7102335999953,IDAC2 bracket 73,2,73,2,768699,-232801,-4636.394875700001,2708,False
2593.604271999997,IDAC2 bracket 74,2,74,2,769538,-231962,-4619.6856034,2765,False
2594.4881822000025,IDAC2 bracket 75,2,75,2,770072,-231428,-4609.0506196,2746,False
2595.3752233000123,IDAC2 bracket 76,2,76,2,771141,-230359,-4587.7607363,2079,False
2596.2585682999925,IDAC2 bracket 77,2,77,2,771789,-229711,-4574.8553627,2155,False
2597.153417900001,IDAC2 bracket 78,2,78,2,772552,-228948,-4559.6596836,2117,False
2601.684248800011,IDAC2 bracket 79,2,79,2,773391,-228109,-4542.950411299999,2136,False
2602.9730450999923,IDAC2 bracket 80,2,80,2,773811,-227689,-4534.585817300001,1945,False
2603.8605999999854,IDAC2 bracket 81,2,81,2,774974,-226526,-4511.423858200001,1811,False
2604.748036200006,IDAC2 bracket 82,2,82,2,775699,-225801,-4496.9849757,1983,False
2605.6391236000054,IDAC2 bracket 83,2,83,2,776481,-225019,-4481.410898300001,1735,False
2606.5434796999907,IDAC2 bracket 84,2,84,2,777225,-224275,-4466.593617500001,1926,False
2609.416240199993,IDAC2 bracket 85,2,85,2,778141,-223359,-4448.350836300001,2307,False
2610.2994131000014,IDAC2 bracket 86,2,86,2,778903,-222597,-4433.1750729,1811,False
2611.181833599985,IDAC2 bracket 87,2,87,2,779590,-221910,-4419.4929870000005,2689,False
2612.0646354999917,IDAC2 bracket 88,2,88,2,779991,-221509,-4411.5067913,1983,False
2612.9456086999853,IDAC2 bracket 89,2,89,2,780601,-220899,-4399.3582143,2250,False
2613.827938100003,IDAC2 bracket 90,2,90,2,781764,-219736,-4376.1962552,2460,False
2618.302276100003,IDAC2 bracket 91,2,91,2,782928,-218572,-4353.0143804,2098,False
2619.599777800002,IDAC2 bracket 92,2,92,2,783538,-217962,-4340.865803400001,2307,False
2620.481786199991,IDAC2 bracket 93,2,93,2,784225,-217275,-4327.1837175,2536,False
2621.367430699989,IDAC2 bracket 94,2,94,2,784873,-216627,-4314.2783439,2765,False
2622.2478742999956,IDAC2 bracket 95,2,95,2,785846,-215654,-4294.9003678,2498,False
2623.1301042000123,IDAC2 bracket 96,2,96,2,786590,-214910,-4280.083087,2479,False
2624.011666400009,IDAC2 bracket 97,2,97,2,787296,-214204,-4266.022602800001,2155,False
2624.894192100008,IDAC2 bracket 98,2,98,2,787944,-213556,-4253.1172292,1850,False
2625.780516400002,IDAC2 bracket 99,2,99,2,788745,-212755,-4237.1647535,2441,False
2626.6599204000086,IDAC2 bracket 100,2,100,2,789470,-212030,-4222.725871000001,2250,False
2627.542762099998,IDAC2 bracket 101,2,101,2,790367,-211133,-4204.8614881,2193,False
2628.4245139000122,IDAC2 bracket 102,2,102,2,790882,-210618,-4194.604902600001,2269,False
2629.3073580999917,IDAC2 bracket 103,2,103,2,791797,-209703,-4176.3820371,1754,False
2633.761531199998,IDAC2 bracket 104,2,104,2,792140,-209360,-4169.550952,1678,False
2635.069732600008,IDAC2 bracket 105,2,105,2,793209,-208291,-4148.261068700001,1735,False
2635.952542299987,IDAC2 bracket 106,2,106,2,794181,-207319,-4128.903008300001,2021,False
2636.8373225000105,IDAC2 bracket 107,2,107,2,794811,-206689,-4116.3561173,1945,False
2637.722596000007,IDAC2 bracket 108,2,108,2,795631,-205869,-4100.0252433000005,1850,False
2638.6029359000095,IDAC2 bracket 109,2,109,2,796337,-205163,-4085.9647591000003,1773,False
2641.461183999985,IDAC2 bracket 110,2,110,2,797424,-204076,-4064.3163932,2422,False
2642.347746799991,IDAC2 bracket 111,2,111,2,798149,-203351,-4049.8775107000006,2117,False
2643.230925300013,IDAC2 bracket 112,2,112,2,798377,-203123,-4045.3367311000006,2517,False
2644.1125914999866,IDAC2 bracket 113,2,113,2,799484,-202016,-4023.2900512,1888,False
2644.993584599986,IDAC2 bracket 114,2,114,2,799942,-201558,-4014.1686606,2098,False
2645.8786729999993,IDAC2 bracket 115,2,115,2,800819,-200681,-3996.7025917,2384,False
2646.760876399989,IDAC2 bracket 116,2,116,2,801563,-199937,-3981.8853109000006,2803,False
2647.641908999998,IDAC2 bracket 117,2,117,2,802268,-199232,-3967.8447424000005,2269,False
2648.523667200003,IDAC2 bracket 118,2,118,2,803031,-198469,-3952.6490633,2079,False
2649.4102092999965,IDAC2 bracket 119,2,119,2,803623,-197877,-3940.8589689,2670,False
2650.2902074999874,IDAC2 bracket 120,2,120,2,804386,-197114,-3925.6632898000003,2155,False
2651.172743400006,IDAC2 bracket 121,2,121,2,805225,-196275,-3908.9540175,2498,False
2652.0588153999997,IDAC2 bracket 122,2,122,2,806102,-195398,-3891.4879486000004,1754,False
2656.619254499994,IDAC2 bracket 123,2,123,2,806808,-194692,-3877.4274644,2193,False
2657.9069572000008,IDAC2 bracket 124,2,124,2,808010,-193490,-3853.488793,2021,False
2658.793118200003,IDAC2 bracket 125,2,125,2,808525,-192975,-3843.2322075,1487,False
2659.681726699986,IDAC2 bracket 126,2,126,2,809459,-192041,-3824.6309437,1564,False
2660.566018100013,IDAC2 bracket 127,2,127,2,810298,-191202,-3807.9216714000004,1373,False
2661.4489635000064,IDAC2 bracket 128,2,128,2,810909,-190591,-3795.7531787000003,1468,False
2665.9701929999865,IDAC2 bracket 129,2,129,2,811996,-189504,-3774.1048128,1525,False
2667.256050099997,IDAC2 bracket 130,2,130,2,812759,-188741,-3758.9091337,1373,False
2668.143092000013,IDAC2 bracket 131,2,131,2,813465,-188035,-3744.8486495,2193,False
2669.0284395999915,IDAC2 bracket 132,2,132,2,814170,-187330,-3730.808081,1602,False
2669.911116400006,IDAC2 bracket 133,2,133,2,814857,-186643,-3717.1259951,2212,False
2670.792638599989,IDAC2 bracket 134,2,134,2,815734,-185766,-3699.6599262,1735,False
2671.673900499998,IDAC2 bracket 135,2,135,2,816383,-185117,-3686.7346369,1983,False
2672.5570630999864,IDAC2 bracket 136,2,136,2,817279,-184221,-3668.8901697,2059,False
2673.444157799997,IDAC2 bracket 137,2,137,2,817966,-183534,-3655.2080838,2326,False
2674.3267156000074,IDAC2 bracket 138,2,138,2,818805,-182695,-3638.4988115,2174,False
2675.2111731999903,IDAC2 bracket 139,2,139,2,819435,-182065,-3625.9519205,2422,False
2676.091797800007,IDAC2 bracket 140,2,140,2,820293,-181207,-3608.8642499000002,2117,False
2676.9741678000137,IDAC2 bracket 141,2,141,2,820846,-180654,-3597.8508678000003,2155,False
2681.4876928000012,IDAC2 bracket 142,2,142,2,821895,-179605,-3576.9592985,1964,False
2682.774962399999,IDAC2 bracket 143,2,143,2,822601,-178899,-3562.8988143,2117,False
2683.6616610999918,IDAC2 bracket 144,2,144,2,823421,-178079,-3546.5679403000004,2002,False
2684.5458217000123,IDAC2 bracket 145,2,145,2,824165,-177335,-3531.7506595,1926,False
2685.42811410001,IDAC2 bracket 146,2,146,2,824871,-176629,-3517.6901753,2250,False
2686.317325799988,IDAC2 bracket 147,2,147,2,825634,-175866,-3502.4944962000004,2002,False
2687.2043396999943,IDAC2 bracket 148,2,148,2,826568,-174932,-3483.8932324,2307,False
2688.088348099991,IDAC2 bracket 149,2,149,2,827026,-174474,-3474.7718418,1659,False
2688.971588299988,IDAC2 bracket 150,2,150,2,827789,-173711,-3459.5761627,1602,False
2689.854342000006,IDAC2 bracket 151,2,151,2,828495,-173005,-3445.5156785000004,1678,False
2690.7443749000086,IDAC2 bracket 152,2,152,2,828857,-172643,-3438.3061951,1220,False
2691.6285370000114,IDAC2 bracket 153,2,153,2,829944,-171556,-3416.6578292,1811,False
2692.5103751000133,IDAC2 bracket 154,2,154,2,830593,-170907,-3403.7325399,1659,False
2697.027509000007,IDAC2 bracket 155,2,155,2,831661,-169839,-3382.4625723,1602,False
2698.3169776999857,IDAC2 bracket 156,2,156,2,832252,-169248,-3370.6923936000003,1449,False
2699.200990799989,IDAC2 bracket 157,2,157,2,833206,-168294,-3351.6928158,1754,False
2700.2144176999864,IDAC2 bracket 158,2,158,2,834045,-167455,-3334.9835435,1945,False
2701.1027427999943,IDAC2 bracket 159,2,159,2,834484,-167016,-3326.2405512,1506,False
2701.9859130000114,IDAC2 bracket 160,2,160,2,835113,-166387,-3313.7135759000003,2174,False
2706.459215400013,IDAC2 bracket 161,2,161,2,836219,-165281,-3291.6868117,2613,False
2707.7468933000055,IDAC2 bracket 162,2,162,2,836868,-164632,-3278.7615224,2555,False
2708.632144800009,IDAC2 bracket 163,2,163,2,837593,-163907,-3264.3226399000005,2155,False
2709.518231199996,IDAC2 bracket 164,2,164,2,838222,-163278,-3251.7956646000002,2212,False
2710.4027519999945,IDAC2 bracket 165,2,165,2,839138,-162362,-3233.5528834,2555,False
2714.9777938000043,IDAC2 bracket 166,2,166,2,839653,-161847,-3223.2962979,2193,False
2716.263979100011,IDAC2 bracket 167,2,167,2,840530,-160970,-3205.830229,2155,False
2717.15171179999,IDAC2 bracket 168,2,168,2,841312,-160188,-3190.2561516,2079,False
2718.038230300008,IDAC2 bracket 169,2,169,2,842113,-159387,-3174.3036759,2098,False
2718.9236180000007,IDAC2 bracket 170,2,170,2,842723,-158777,-3162.1550989,2231,False
2719.806500900013,IDAC2 bracket 171,2,171,2,843372,-158128,-3149.2298096000004,2059,False
2724.327318099997,IDAC2 bracket 172,2,172,2,844478,-157022,-3127.2030454,1964,False
2725.617094199988,IDAC2 bracket 173,2,173,2,845165,-156335,-3113.5209595000006,1888,False
2726.5035393,IDAC2 bracket 174,2,174,2,845756,-155744,-3101.7507808000005,1678,False
2727.387062900001,IDAC2 bracket 175,2,175,2,846347,-155153,-3089.9806021000004,2002,False
2728.2723141000024,IDAC2 bracket 176,2,176,2,847473,-154027,-3067.5555239000005,2040,False
2729.1570396999887,IDAC2 bracket 177,2,177,2,848178,-153322,-3053.5149554000004,2040,False
2732.0218244999996,IDAC2 bracket 178,2,178,2,848960,-152540,-3037.940878,2231,False
2732.9043833999895,IDAC2 bracket 179,2,179,2,849571,-151929,-3025.7723853,2403,False
2733.7884086999984,IDAC2 bracket 180,2,180,2,850276,-151224,-3011.7318168,2193,False
2734.674494900013,IDAC2 bracket 181,2,181,2,851116,-150384,-2995.0026288,2136,False
2735.5572600000014,IDAC2 bracket 182,2,182,2,851688,-149812,-2983.6108484,1964,False
2736.440211600013,IDAC2 bracket 183,2,183,2,852546,-148954,-2966.5231778,2384,False
2737.3269803999865,IDAC2 bracket 184,2,184,2,853366,-148134,-2950.1923038000004,1926,False
2738.21092469999,IDAC2 bracket 185,2,185,2,854072,-147428,-2936.1318196,2956,False
2739.094066199992,IDAC2 bracket 186,2,186,2,854530,-146970,-2927.010429,2212,False
2739.9776356999937,IDAC2 bracket 187,2,187,2,855464,-146036,-2908.4091652,2689,False
2740.8631050999975,IDAC2 bracket 188,2,188,2,855960,-145540,-2898.5309780000002,2498,False
2741.748007099988,IDAC2 bracket 189,2,189,2,856761,-144739,-2882.5785023000003,2098,False
2742.6325230000075,IDAC2 bracket 190,2,190,2,857543,-143957,-2867.0044249,2346,False
2747.193633899995,IDAC2 bracket 191,2,191,2,858459,-143041,-2848.7616437,2384,False
2748.507839099999,IDAC2 bracket 192,2,192,2,859317,-142183,-2831.6739731000002,2021,False
2749.3926256000123,IDAC2 bracket 193,2,193,2,860080,-141420,-2816.478294,1564,False
2750.27682140001,IDAC2 bracket 194,2,194,2,860843,-140657,-2801.2826148999998,1602,False
2751.164632500004,IDAC2 bracket 195,2,195,2,861511,-139989,-2787.9789273,1392,False
2752.0496701000084,IDAC2 bracket 196,2,196,2,862293,-139207,-2772.4048499,2307,False
2756.5054190999945,IDAC2 bracket 197,2,197,2,862674,-138826,-2764.8169682,1564,False
2757.8137866999896,IDAC2 bracket 198,2,198,2,863742,-137758,-2743.5470006000005,1564,False
2758.699464000005,IDAC2 bracket 199,2,199,2,864295,-137205,-2732.5336185000006,1640,False
2759.5815263999975,IDAC2 bracket 200,2,200,2,865039,-136461,-2717.7163377,1831,False
2760.4645151000004,IDAC2 bracket 201,2,201,2,865631,-135869,-2705.9262433000004,1773,False
2761.348433999985,IDAC2 bracket 202,2,202,2,866508,-134992,-2688.4601744,2231,False
2765.80220179999,IDAC2 bracket 203,2,203,2,866870,-134630,-2681.250691,2059,False
2767.1090262999933,IDAC2 bracket 204,2,204,2,867938,-133562,-2659.9807234,1735,False
2767.9924040999904,IDAC2 bracket 205,2,205,2,868511,-132989,-2648.5690273,2040,False
2768.8762926000054,IDAC2 bracket 206,2,206,2,869255,-132245,-2633.7517465000005,2250,False
2769.7720555000124,IDAC2 bracket 207,2,207,2,869979,-131521,-2619.3327797,2593,False
2770.66069650001,IDAC2 bracket 208,2,208,2,870552,-130948,-2607.9210836,2136,False
2773.5213629000064,IDAC2 bracket 209,2,209,2,871486,-130014,-2589.3198198,2555,False
2774.4052655000123,IDAC2 bracket 210,2,210,2,871715,-129785,-2584.7591245,2384,False
2775.298746799992,IDAC2 bracket 211,2,211,2,872859,-128641,-2561.9755637000003,2307,False
2776.1851335999963,IDAC2 bracket 212,2,212,2,873508,-127992,-2549.0502744,1735,False
2777.0691600000137,IDAC2 bracket 213,2,213,2,874195,-127305,-2535.3681885,1888,False
2777.9537748000002,IDAC2 bracket 214,2,214,2,874691,-126809,-2525.4900013,2079,False
2778.8416844999883,IDAC2 bracket 215,2,215,2,875530,-125970,-2508.780729,1354,False
2779.7256157000083,IDAC2 bracket 216,2,216,2,876178,-125322,-2495.8753554000004,1525,False
2780.609607999999,IDAC2 bracket 217,2,217,2,876941,-124559,-2480.6796762999998,1678,False
2781.494347,IDAC2 bracket 218,2,218,2,877590,-123910,-2467.754387,1716,False
2782.377093099989,IDAC2 bracket 219,2,219,2,878372,-123128,-2452.1803096000003,1296,False
2783.26653719999,IDAC2 bracket 220,2,220,2,879020,-122480,-2439.2749360000003,1220,False
2784.1515758000023,IDAC2 bracket 221,2,221,2,879516,-121984,-2429.3967488000003,1296,False
2788.671189399989,IDAC2 bracket 222,2,222,2,880718,-120782,-2405.4580774,1354,True
2789.9770976,IDAC2 bracket 223,2,223,2,881557,-119943,-2388.7488051,1430,True
2790.863089099992,IDAC2 bracket 224,2,224,2,882110,-119390,-2377.735423,1430,True
2791.7476492999995,IDAC2 bracket 225,2,225,2,882759,-118741,-2364.8101337000003,1907,True
2792.632387699996,IDAC2 bracket 226,2,226,2,883445,-118055,-2351.1479635,1373,True
2793.514594600012,IDAC2 bracket 227,2,227,2,884189,-117311,-2336.3306827,1945,True
2796.379320500011,IDAC2 bracket 228,2,228,2,885066,-116434,-2318.8646138,1430,True
2797.265596799989,IDAC2 bracket 229,2,229,2,885715,-115785,-2305.9393245,1773,True
2798.1504392999923,IDAC2 bracket 230,2,230,2,886096,-115404,-2298.3514428000003,2098,True
2799.0324190999963,IDAC2 bracket 231,2,231,2,887145,-114355,-2277.4598735000004,2098,True
2799.9171165000007,IDAC2 bracket 232,2,232,2,887660,-113840,-2267.203288,2326,True
2800.801659299992,IDAC2 bracket 233,2,233,2,888385,-113115,-2252.7644055000005,1659,True
2805.2757482999878,IDAC2 bracket 234,2,234,2,889301,-112199,-2234.5216243000004,1926,True
2806.564073799993,IDAC2 bracket 235,2,235,2,889873,-111627,-2223.1298439,1926,True
2807.451540000009,IDAC2 bracket 236,2,236,2,890522,-110978,-2210.2045546,1888,True
2808.3395885000064,IDAC2 bracket 237,2,237,2,891323,-110177,-2194.2520789,1678,True
2809.2279340999958,IDAC2 bracket 238,2,238,2,891914,-109586,-2182.4819002,1850,True
2810.1107787000074,IDAC2 bracket 239,2,239,2,892677,-108823,-2167.2862211,1659,True
2810.9948142000067,IDAC2 bracket 240,2,240,2,893344,-108156,-2154.0024492000002,1926,True
2811.8786476000096,IDAC2 bracket 241,2,241,2,893878,-107622,-2143.3674654,1754,True
2812.766179900005,IDAC2 bracket 242,2,242,2,894565,-106935,-2129.6853795,1640,True
2813.648735499999,IDAC2 bracket 243,2,243,2,895271,-106229,-2115.6248953,1678,True
2814.533756699995,IDAC2 bracket 244,2,244,2,895977,-105523,-2101.5644111,1525,True
2815.4207599000074,IDAC2 bracket 245,2,245,2,896625,-104875,-2088.6590375,1564,True
2816.30668780001,IDAC2 bracket 246,2,246,2,897293,-104207,-2075.3553499,1125,True
2820.7795700000133,IDAC2 bracket 247,2,247,2,897922,-103578,-2062.8283746,1335,True
2822.065991899988,IDAC2 bracket 248,2,248,2,898838,-102662,-2044.5855934,1373,True
2822.952542599989,IDAC2 bracket 249,2,249,2,899486,-102014,-2031.6802198,1277,True
2823.8389367999916,IDAC2 bracket 250,2,250,2,900058,-101442,-2020.2884394,1449,True
2824.72794099999,IDAC2 bracket 251,2,251,2,900688,-100812,-2007.7415484000003,2098,True
2825.6115588000102,IDAC2 bracket 252,2,252,2,901393,-100107,-1993.7009799000002,1468,True
2826.500740599993,IDAC2 bracket 253,2,253,2,902004,-99496,-1981.5324872,1811,True
2827.385654499987,IDAC2 bracket 254,2,254,2,902824,-98676,-1965.2016132,2231,True
2828.271603100002,IDAC2 bracket 255,2,255,2,903434,-98066,-1953.0530362000002,2136,True
2829.9534376999945,IDAC2 sonda 255,2,255,2,903625,-97875,-1949.2491375000002,2479,True
2830.837098399992,IDAC2 bracket 254,2,254,2,902996,-98504,-1961.7761128,2117,True
2831.7201466000115,IDAC2 bracket 253,2,253,2,902385,-99115,-1973.9446055,2441,True
2832.6095058000064,IDAC2 bracket 252,2,252,2,901794,-99706,-1985.7147842000002,2021,True
2833.4947538000124,IDAC2 bracket 251,2,251,2,901069,-100431,-2000.1536667000003,1869,True
2834.381356099999,IDAC2 bracket 250,2,250,2,900630,-100870,-2008.8966590000002,2212,True
2835.266024899989,IDAC2 bracket 249,2,249,2,900096,-101404,-2019.5316428,1716,True
2836.1521054999903,IDAC2 bracket 248,2,248,2,899295,-102205,-2035.4841185,1907,True
2837.041834100004,IDAC2 bracket 247,2,247,2,898952,-102548,-2042.3152036000001,1926,True
2837.9301250000135,IDAC2 bracket 246,2,246,2,898323,-103177,-2054.8421789000004,2861,True
2838.813407300011,IDAC2 bracket 245,2,245,2,897750,-103750,-2066.253875,2441,True
2839.6979250999866,IDAC2 bracket 244,2,244,2,897140,-104360,-2078.4024520000003,2632,True
2840.5800341999857,IDAC2 bracket 243,2,243,2,896530,-104970,-2090.551029,1735,True
2841.4682677999954,IDAC2 bracket 242,2,242,2,896015,-105485,-2100.8076145,2059,True
2842.352807599993,IDAC2 bracket 241,2,241,2,895309,-106191,-2114.8680987,1926,True
2843.236397600005,IDAC2 bracket 240,2,240,2,894832,-106668,-2124.3678876,2441,True
2844.1195079000026,IDAC2 bracket 239,2,239,2,894260,-107240,-2135.759668,2098,True
2845.0053138000076,IDAC2 bracket 238,2,238,2,893669,-107831,-2147.5298467000002,1983,True
2845.887227600004,IDAC2 bracket 237,2,237,2,892581,-108919,-2169.1981283,1754,True
2850.382093299995,IDAC2 bracket 236,2,236,2,892429,-109071,-2172.2253147,1831,True
2851.6737345999863,IDAC2 bracket 235,2,235,2,891857,-109643,-2183.6170951,1697,True
2852.5615592999966,IDAC2 bracket 234,2,234,2,891208,-110292,-2196.5423844,1316,True
2853.44904159999,IDAC2 bracket 233,2,233,2,890579,-110921,-2209.0693597,1735,True
2854.3364314000064,IDAC2 bracket 232,2,232,2,889968,-111532,-2221.2378524,1811,True
2855.2216080999933,IDAC2 bracket 231,2,231,2,889434,-112066,-2231.8728362,1869,True
2856.1145685999945,IDAC2 bracket 230,2,230,2,888843,-112657,-2243.6430149000003,2117,True
2857.000673100003,IDAC2 bracket 229,2,229,2,888271,-113229,-2255.0347953000005,2021,True
2857.8850613000104,IDAC2 bracket 228,2,228,2,887489,-114011,-2270.6088727,1831,True
2858.7692452000047,IDAC2 bracket 227,2,227,2,886783,-114717,-2284.6693569,2117,True
2859.659353199997,IDAC2 bracket 226,2,226,2,886039,-115461,-2299.4866377000003,2517,True
2860.5473660000134,IDAC2 bracket 225,2,225,2,885505,-115995,-2310.1216215,2212,True
2861.436686000001,IDAC2 bracket 224,2,224,2,884723,-116777,-2325.6956989,2517,True
2862.3222345999966,IDAC2 bracket 223,2,223,2,884342,-117158,-2333.2835806,2441,True
2863.210039400001,IDAC2 bracket 222,2,222,2,883731,-117769,-2345.4520733000004,2326,True
2864.095251199993,IDAC2 bracket 221,2,221,2,883102,-118398,-2357.9790486,2326,True
2864.983179300005,IDAC2 bracket 220,2,220,2,882511,-118989,-2369.7492273,2155,True
2865.867969099985,IDAC2 bracket 219,2,219,2,881767,-119733,-2384.5665081,2765,True
2866.755833000003,IDAC2 bracket 218,2,218,2,881118,-120382,-2397.4917974,2136,True
2867.6467342000105,IDAC2 bracket 217,2,217,2,880355,-121145,-2412.6874765000002,2059,False
2872.2074950000097,IDAC2 bracket 216,2,216,2,879726,-121774,-2425.2144518,2689,False
2873.498923600011,IDAC2 bracket 215,2,215,2,879116,-122384,-2437.3630288,1907,False
2874.385921100009,IDAC2 bracket 214,2,214,2,878295,-123205,-2453.7138185,1544,False
2875.273587200005,IDAC2 bracket 213,2,213,2,877761,-123739,-2464.3488023,1754,False
2876.1599578000023,IDAC2 bracket 212,2,212,2,877189,-124311,-2475.7405827000002,1926,False
2877.047002600011,IDAC2 bracket 211,2,211,2,876445,-125055,-2490.5578635,1430,False
2881.5272397999943,IDAC2 bracket 210,2,210,2,875148,-126352,-2516.3885264000005,1811,False
2882.817259500007,IDAC2 bracket 209,2,209,2,874958,-126542,-2520.1725094000003,1449,False
2883.702375599998,IDAC2 bracket 208,2,208,2,873985,-127515,-2539.5504855,1640,False
2884.5887693999975,IDAC2 bracket 207,2,207,2,873565,-127935,-2547.9150795,1697,False
2885.4733366,IDAC2 bracket 206,2,206,2,872879,-128621,-2561.5772497000003,1678,False
2886.3603528999956,IDAC2 bracket 205,2,205,2,872306,-129194,-2572.9889458000002,1621,False
2887.2586748999893,IDAC2 bracket 204,2,204,2,871639,-129861,-2586.2727176999997,1754,False
2888.1434205000114,IDAC2 bracket 203,2,203,2,870876,-130624,-2601.4683968000004,1831,False
2889.0297258000064,IDAC2 bracket 202,2,202,2,870246,-131254,-2614.0152878,1888,False
2889.9161089000117,IDAC2 bracket 201,2,201,2,869445,-132055,-2629.9677635000003,2269,False
2890.8029442999978,IDAC2 bracket 200,2,200,2,868873,-132627,-2641.3595439,2288,False
2891.6859989000077,IDAC2 bracket 199,2,199,2,868206,-133294,-2654.6433158,2117,False
2892.5720700999955,IDAC2 bracket 198,2,198,2,867595,-133905,-2666.8118085,2193,False
2893.458071300003,IDAC2 bracket 197,2,197,2,867042,-134458,-2677.8251906000005,2346,False
2894.3487644999987,IDAC2 bracket 196,2,196,2,866241,-135259,-2693.7776663,2326,False
2895.2357188999886,IDAC2 bracket 195,2,195,2,865631,-135869,-2705.9262433000004,2593,False
2896.1226775000105,IDAC2 bracket 194,2,194,2,864830,-136670,-2721.878719,2727,False
2897.0074774000095,IDAC2 bracket 193,2,193,2,864238,-137262,-2733.6688134000005,2365,False
2897.893722500012,IDAC2 bracket 192,2,192,2,863513,-137987,-2748.1076959,2574,False
2898.7792158999946,IDAC2 bracket 191,2,191,2,862464,-139036,-2768.9992652,2174,False
2903.3509086999984,IDAC2 bracket 190,2,190,2,862007,-139493,-2778.1007401,2307,False
2904.6420422999945,IDAC2 bracket 189,2,189,2,860843,-140657,-2801.2826148999998,1735,False
2905.530449299986,IDAC2 bracket 188,2,188,2,860233,-141267,-2813.4311919,1792,False
2906.418017399992,IDAC2 bracket 187,2,187,2,859661,-141839,-2824.8229723,1182,False
2907.307343499997,IDAC2 bracket 186,2,186,2,858821,-142679,-2841.5521603,1430,False
2908.1956936999923,IDAC2 bracket 185,2,185,2,858325,-143175,-2851.4303475,1392,False
2912.6784513999883,IDAC2 bracket 184,2,184,2,857353,-144147,-2870.7884079,1354,False
2913.9668400000082,IDAC2 bracket 183,2,183,2,856704,-144796,-2883.7136972000003,1392,False
2914.8572344999993,IDAC2 bracket 182,2,182,2,855998,-145502,-2897.7741814,1621,False
2915.746851300006,IDAC2 bracket 181,2,181,2,855274,-146226,-2912.1931482,1220,False
2916.6349214999937,IDAC2 bracket 180,2,180,2,854492,-147008,-2927.7672256,1411,False
2917.520802299987,IDAC2 bracket 179,2,179,2,853672,-147828,-2944.0980996000003,1449,False
2918.411678100005,IDAC2 bracket 178,2,178,2,853080,-148420,-2955.888194,1220,False
2919.3016986000002,IDAC2 bracket 177,2,177,2,852355,-149145,-2970.3270764999997,1716,False
2920.191180199996,IDAC2 bracket 176,2,176,2,851688,-149812,-2983.6108484,1544,False
2921.075280799996,IDAC2 bracket 175,2,175,2,850982,-150518,-2997.6713326000004,1430,False
2921.9665516999958,IDAC2 bracket 174,2,174,2,849857,-151643,-3020.0764951,2021,False
2922.854430800013,IDAC2 bracket 173,2,173,2,849437,-152063,-3028.4410890999998,2059,False
2923.7425108999887,IDAC2 bracket 172,2,172,2,848560,-152940,-3045.9071580000004,2212,False
2928.21347670001,IDAC2 bracket 171,2,171,2,847873,-153627,-3059.5892439,2059,False
2929.5019756999973,IDAC2 bracket 170,2,170,2,847072,-154428,-3075.5417196,2174,False
2930.392057899997,IDAC2 bracket 169,2,169,2,846366,-155134,-3089.6022038,2441,False
2931.2842557000113,IDAC2 bracket 168,2,168,2,845489,-156011,-3107.0682727000003,2250,False
2932.1735075000033,IDAC2 bracket 167,2,167,2,845031,-156469,-3116.1896633,2098,False
2933.060679099988,IDAC2 bracket 166,2,166,2,844192,-157308,-3132.8989356,1926,False
2935.9220807999955,IDAC2 bracket 165,2,165,2,843582,-157918,-3145.0475126,1621,False
2936.8301079999947,IDAC2 bracket 164,2,164,2,842876,-158624,-3159.1079968000004,1888,False
2937.7196268000116,IDAC2 bracket 163,2,163,2,842056,-159444,-3175.4388708,1850,False
2938.6095327000075,IDAC2 bracket 162,2,162,2,841350,-160150,-3189.499355,1850,False
2939.4941095999966,IDAC2 bracket 161,2,161,2,840511,-160989,-3206.2086273000004,1697,False
2940.3793973999855,IDAC2 bracket 160,2,160,2,839920,-161580,-3217.9788060000005,2002,False
2941.2646453999914,IDAC2 bracket 159,2,159,2,839309,-162191,-3230.1472987,1468,False
2942.153562899999,IDAC2 bracket 158,2,158,2,838565,-162935,-3244.9645795,1831,False
2943.045607899985,IDAC2 bracket 157,2,157,2,837841,-163659,-3259.3835463,1564,False
2943.942419400002,IDAC2 bracket 156,2,156,2,837097,-164403,-3274.2008271000004,1506,False
2944.838102400012,IDAC2 bracket 155,2,155,2,836429,-165071,-3287.5045147,1621,False
2945.765101900004,IDAC2 bracket 154,2,154,2,835628,-165872,-3303.4569904,2193,False
2946.66666290001,IDAC2 bracket 153,2,153,2,834941,-166559,-3317.1390763000004,1544,False
2951.2535291000095,IDAC2 bracket 152,2,152,2,833835,-167665,-3339.1658405000003,1716,False
2952.55611569999,IDAC2 bracket 151,2,151,2,833053,-168447,-3354.7399179000004,1888,False
2953.44452379999,IDAC2 bracket 150,2,150,2,832405,-169095,-3367.6452915000004,2593,False
2954.335742199997,IDAC2 bracket 149,2,149,2,831604,-169896,-3383.5977672,2651,False
2955.232130999997,IDAC2 bracket 148,2,148,2,830860,-170640,-3398.415048,2288,False
2956.127157300012,IDAC2 bracket 147,2,147,2,829906,-171594,-3417.4146258,2708,False
2957.022939199989,IDAC2 bracket 146,2,146,2,829582,-171918,-3423.8673126000003,2632,False
2957.9163490000064,IDAC2 bracket 145,2,145,2,828838,-172662,-3438.6845934000003,2117,False
2958.808906099992,IDAC2 bracket 144,2,144,2,828113,-173387,-3453.1234759,2117,False
2959.7241495999915,IDAC2 bracket 143,2,143,2,827274,-174226,-3469.8327482000004,2574,False
2960.625303400011,IDAC2 bracket 142,2,142,2,826530,-174970,-3484.650029,2689,False
2961.5162760000094,IDAC2 bracket 141,2,141,2,825786,-175714,-3499.4673098000003,2155,False
2962.4076055999903,IDAC2 bracket 140,2,140,2,825061,-176439,-3513.9061923000004,2536,False
2966.9876325000077,IDAC2 bracket 139,2,139,2,824356,-177144,-3527.9467608000004,2479,False
2968.260633400001,IDAC2 bracket 138,2,138,2,823307,-178193,-3548.8383301000003,2555,False
2969.1605885000026,IDAC2 bracket 137,2,137,2,822486,-179014,-3565.1891198,1754,False
2970.0599934000056,IDAC2 bracket 136,2,136,2,821857,-179643,-3577.7160951,2403,False
2970.954068299994,IDAC2 bracket 135,2,135,2,821037,-180463,-3594.0469691000003,1735,False
2971.8465566000086,IDAC2 bracket 134,2,134,2,820293,-181207,-3608.8642499000002,1583,False
2976.3698961999908,IDAC2 bracket 133,2,133,2,819301,-182199,-3628.6206243,2021,False
2977.669654600002,IDAC2 bracket 132,2,132,2,818500,-183000,-3644.5731,1964,False
2978.565287400008,IDAC2 bracket 131,2,131,2,817584,-183916,-3662.8158812,1792,False
2979.4767206000106,IDAC2 bracket 130,2,130,2,816898,-184602,-3676.4780514000004,2346,False
2980.3696691000077,IDAC2 bracket 129,2,129,2,816135,-185365,-3691.6737305,2212,False
2981.261682499986,IDAC2 bracket 128,2,128,2,815353,-186147,-3707.2478079,2670,False
2985.7579432000057,IDAC2 bracket 127,2,127,2,814533,-186967,-3723.5786819,2231,False
2987.0451026000082,IDAC2 bracket 126,2,126,2,813465,-188035,-3744.8486495,2326,False
2987.940582799987,IDAC2 bracket 125,2,125,2,812931,-188569,-3755.4836333000003,2498,False
2988.839094099996,IDAC2 bracket 124,2,124,2,812244,-189256,-3769.1657192000002,2079,False
2989.7326111999864,IDAC2 bracket 123,2,123,2,811481,-190019,-3784.3613983,2365,False
2994.3025240999996,IDAC2 bracket 122,2,122,2,810203,-191297,-3809.8136629000005,2670,False
2995.620229799999,IDAC2 bracket 121,2,121,2,809612,-191888,-3821.5838416000006,3166,False
2996.5130999000103,IDAC2 bracket 120,2,120,2,808753,-192747,-3838.6914279000002,3185,False
2997.4084941000037,IDAC2 bracket 119,2,119,2,808010,-193490,-3853.488793,2174,False
2998.301982200006,IDAC2 bracket 118,2,118,2,807228,-194272,-3869.0628704000005,2784,False
2999.1943453999993,IDAC2 bracket 117,2,117,2,806503,-194997,-3883.5017529,6542,False
3000.091969500005,IDAC2 bracket 116,2,116,2,805816,-195684,-3897.1838388,2269,False
3000.9847443999897,IDAC2 bracket 115,2,115,2,805206,-196294,-3909.3324158,1792,False
3001.8823748999857,IDAC2 bracket 114,2,114,2,804347,-197153,-3926.4400021,2422,False
3002.779543899989,IDAC2 bracket 113,2,113,2,803642,-197858,-3940.4805706,2174,False
3003.6751595000096,IDAC2 bracket 112,2,112,2,802841,-198659,-3956.4330463,1869,False
3004.5697229999932,IDAC2 bracket 111,2,111,2,802097,-199403,-3971.2503271000005,1697,False
3005.470770999993,IDAC2 bracket 110,2,110,2,801410,-200090,-3984.932413,1983,False
3009.9985398999997,IDAC2 bracket 109,2,109,2,800266,-201234,-4007.7159738000005,1907,False
3011.2990512000106,IDAC2 bracket 108,2,108,2,799350,-202150,-4025.9587550000006,1926,False
3012.1894570000004,IDAC2 bracket 107,2,107,2,798759,-202741,-4037.7289337,2326,False
3013.08274350001,IDAC2 bracket 106,2,106,2,798168,-203332,-4049.4991124000003,1621,False
3013.9759878999903,IDAC2 bracket 105,2,105,2,797080,-204420,-4071.1673940000005,2632,False
3014.8665967000125,IDAC2 bracket 104,2,104,2,796604,-204896,-4080.6472672,1678,False
3015.760900299996,IDAC2 bracket 103,2,103,2,795783,-205717,-4096.9980569,2212,False
3016.6532232000027,IDAC2 bracket 102,2,102,2,795001,-206499,-4112.5721343000005,2098,False
3017.545581000013,IDAC2 bracket 101,2,101,2,794239,-207261,-4127.7478977,2365,False
3018.435190599994,IDAC2 bracket 100,2,100,2,793571,-207929,-4141.051585300001,2326,False
3019.3275888999924,IDAC2 bracket 99,2,99,2,792846,-208654,-4155.4904678,2307,False
3020.218925399997,IDAC2 bracket 98,2,98,2,792064,-209436,-4171.0645452,2346,False
3021.1114360000065,IDAC2 bracket 97,2,97,2,791397,-210103,-4184.3483171,2326,False
3022.0019557999913,IDAC2 bracket 96,2,96,2,790500,-211000,-4202.2127,2517,False
3022.893609299994,IDAC2 bracket 95,2,95,2,789909,-211591,-4213.982878700001,2422,False
3023.78361839999,IDAC2 bracket 94,2,94,2,789203,-212297,-4228.0433629,2517,False
3024.6760634999955,IDAC2 bracket 93,2,93,2,788116,-213384,-4249.6917288,3051,False
3025.569006000005,IDAC2 bracket 92,2,92,2,787487,-214013,-4262.218704100001,2689,False
3026.4637432000018,IDAC2 bracket 91,2,91,2,786628,-214872,-4279.3262904,2632,False
3027.3631730999914,IDAC2 bracket 90,2,90,2,785942,-215558,-4292.9884606,2155,False
3028.2687237999926,IDAC2 bracket 89,2,89,2,785274,-216226,-4306.292148200001,1869,False
3031.1665823000076,IDAC2 bracket 88,2,88,2,784416,-217084,-4323.3798188,2117,False
3032.0680309000018,IDAC2 bracket 87,2,87,2,783634,-217866,-4338.953896200001,1888,False
3032.9711150999938,IDAC2 bracket 86,2,86,2,782814,-218686,-4355.2847702,2746,False
3033.8717163999972,IDAC2 bracket 85,2,85,2,782146,-219354,-4368.5884578,2079,False
3034.7622161000036,IDAC2 bracket 84,2,84,2,781250,-220250,-4386.432925,2002,False
3035.652588099998,IDAC2 bracket 83,2,83,2,780563,-220937,-4400.1150109,1888,False
3038.5400459000084,IDAC2 bracket 82,2,82,2,779552,-221948,-4420.2497836,1754,False
3039.433132200007,IDAC2 bracket 81,2,81,2,778903,-222597,-4433.1750729,1392,False
3040.326592600002,IDAC2 bracket 80,2,80,2,778160,-223340,-4447.972438,1811,False
3041.2244161000126,IDAC2 bracket 79,2,79,2,777206,-224294,-4466.9720158,1754,False
3042.116243299999,IDAC2 bracket 78,2,78,2,776596,-224904,-4479.120592800001,1449,False
3043.0080554999877,IDAC2 bracket 77,2,77,2,775852,-225648,-4493.937873600001,1735,False
3043.9029534999863,IDAC2 bracket 76,2,76,2,775070,-226430,-4509.511951,2307,False
3044.7923271000036,IDAC2 bracket 75,2,75,2,774421,-227079,-4522.437240300001,1850,False
3045.687460599991,IDAC2 bracket 74,2,74,2,773506,-227994,-4540.6601058,2136,False
3046.588540800003,IDAC2 bracket 73,2,73,2,772686,-228814,-4556.9909798,1850,False
3047.4760536999966,IDAC2 bracket 72,2,72,2,771923,-229577,-4572.1866589,2746,False
3048.3657590000075,IDAC2 bracket 71,2,71,2,771083,-230417,-4588.9158469,1964,False
3049.25704940001,IDAC2 bracket 70,2,70,2,770378,-231122,-4602.9564154,2555,False
3053.771692899987,IDAC2 bracket 69,2,69,2,769519,-231981,-4620.0640017,2193,False
3055.0654888999998,IDAC2 bracket 68,2,68,2,768718,-232782,-4636.0164774,1983,False
3055.9572835,IDAC2 bracket 67,2,67,2,767841,-233659,-4653.482546300001,2117,False
3056.8488948000013,IDAC2 bracket 66,2,66,2,766868,-234632,-4672.8605224,2021,False
3057.7412396,IDAC2 bracket 65,2,65,2,766277,-235223,-4684.6307011,2079,False
3058.6323720999935,IDAC2 bracket 64,2,64,2,765476,-236024,-4700.583176800001,2765,False
3063.104114899994,IDAC2 bracket 63,2,63,2,764312,-237188,-4723.7650516,2231,False
3064.3982698000036,IDAC2 bracket 62,2,62,2,763454,-238046,-4740.8527222,3204,False
3065.2932236999914,IDAC2 bracket 61,2,61,2,762805,-238695,-4753.7780115,4062,False
3066.1875739000097,IDAC2 bracket 60,2,60,2,761947,-239553,-4770.8656820999995,2384,False
3067.0811471999914,IDAC2 bracket 59,2,59,2,761280,-240220,-4784.149454,2365,False
3071.6518207000045,IDAC2 bracket 58,2,58,2,760593,-240907,-4797.8315399,2803,False
3072.948721499997,IDAC2 bracket 57,2,57,2,759487,-242013,-4819.8583041,2803,False
3073.842325800011,IDAC2 bracket 56,2,56,2,758705,-242795,-4835.4323815,2117,False
3074.7298528999963,IDAC2 bracket 55,2,55,2,757999,-243501,-4849.4928657,1754,False
3075.630646800011,IDAC2 bracket 54,2,54,2,757083,-244417,-4867.7356469,1697,False
3076.5214773000043,IDAC2 bracket 53,2,53,2,756511,-244989,-4879.127427300001,1621,False
3077.4142840999993,IDAC2 bracket 52,2,52,2,755729,-245771,-4894.7015047,2822,False
3078.307605799986,IDAC2 bracket 51,2,51,2,754966,-246534,-4909.897183800001,2346,False
3079.1963299000054,IDAC2 bracket 50,2,50,2,754356,-247144,-4922.045760800001,2212,False
3080.0866179000004,IDAC2 bracket 49,2,49,2,753440,-248060,-4940.288542,1964,False
3080.980356699991,IDAC2 bracket 48,2,48,2,752906,-248594,-4950.9235258,2746,False
3081.872316599998,IDAC2 bracket 47,2,47,2,751934,-249566,-4970.281586200001,2498,False
3082.7681807999907,IDAC2 bracket 46,2,46,2,751590,-249910,-4977.132587,2155,False
3083.6740030999936,IDAC2 bracket 45,2,45,2,750732,-250768,-4994.2202576,2841,False
3084.561797500006,IDAC2 bracket 44,2,44,2,749778,-251722,-5013.2198354,2460,False
3085.4546004000003,IDAC2 bracket 43,2,43,2,748958,-252542,-5029.5507094,2708,False
3086.347364599991,IDAC2 bracket 42,2,42,2,747833,-253667,-5051.955871900001,2460,False
3087.2426269999996,IDAC2 bracket 41,2,41,2,747432,-254068,-5059.942067600001,3089,False
3088.137734899996,IDAC2 bracket 40,2,40,2,746517,-254983,-5078.1649331,3051,False
3089.0279302000126,IDAC2 bracket 39,2,39,2,745964,-255536,-5089.1783152,2841,False
3089.9236537000106,IDAC2 bracket 38,2,38,2,745182,-256318,-5104.7523926,2517,False
3092.795013099996,IDAC2 bracket 37,2,37,2,744266,-257234,-5122.9951738,1926,False
3093.6840818999917,IDAC2 bracket 36,2,36,2,743598,-257902,-5136.2988614,2250,False
3094.5816672999936,IDAC2 bracket 35,2,35,2,742778,-258722,-5152.629735400001,2574,False
3095.4740923999925,IDAC2 bracket 34,2,34,2,741806,-259694,-5171.987795800001,2155,False
3096.364880100009,IDAC2 bracket 33,2,33,2,741100,-260400,-5186.04828,2269,False
3097.2558578999888,IDAC2 bracket 32,2,32,2,740337,-261163,-5201.2439591,2021,False
3098.1457203000027,IDAC2 bracket 31,2,31,2,739669,-261831,-5214.547646700001,1735,False
3099.038894700003,IDAC2 bracket 30,2,30,2,739097,-262403,-5225.9394271,2593,False
3099.9275986999855,IDAC2 bracket 29,2,29,2,738315,-263185,-5241.513504500001,2002,False
3100.82167070001,IDAC2 bracket 28,2,28,2,737590,-263910,-5255.952387,1716,False
3101.7096519999905,IDAC2 bracket 27,2,27,2,736751,-264749,-5272.661659300001,2307,False
3102.6052474000026,IDAC2 bracket 26,2,26,2,736179,-265321,-5284.0534397,1792,False
3103.4931530999893,IDAC2 bracket 25,2,25,2,735492,-266008,-5297.7355256,2136,False
3108.0668245000124,IDAC2 bracket 24,2,24,2,734996,-266504,-5307.6137128,2555,False
3109.3625982000085,IDAC2 bracket 23,2,23,2,734176,-267324,-5323.9445868,2212,False
3110.254231800005,IDAC2 bracket 22,2,22,2,733757,-267743,-5332.2892651,2460,False
3111.148159000004,IDAC2 bracket 21,2,21,2,734767,-266733,-5312.174408100001,2689,False
3112.0367654,IDAC2 bracket 20,2,20,2,734024,-267476,-5326.971773200001,2059,False
3112.9310725000105,IDAC2 bracket 19,2,19,2,733356,-268144,-5340.2754608000005,2155,False
3113.8207412000047,IDAC2 bracket 18,2,18,2,733509,-267991,-5337.228358700001,2613,False
3114.711491299997,IDAC2 bracket 17,2,17,2,734043,-267457,-5326.5933749000005,2365,False
3115.6039836000127,IDAC2 bracket 16,2,16,2,733451,-268049,-5338.3834693,2574,False
3116.4931268999935,IDAC2 bracket 15,2,15,2,733699,-267801,-5333.444375700001,2994,False
3117.387171899987,IDAC2 bracket 14,2,14,2,732555,-268945,-5356.2279364999995,2288,False
3118.2799744000076,IDAC2 bracket 13,2,13,2,733184,-268316,-5343.700961200001,3299,False
3119.1701695999946,IDAC2 bracket 12,2,12,2,733947,-267553,-5328.505282100001,3757,False
3123.7161016000027,IDAC2 bracket 11,2,11,2,733299,-268201,-5341.4106557,2880,False
3125.009466999996,IDAC2 bracket 10,2,10,2,732822,-268678,-5350.9104446,2746,False
3125.9037996999978,IDAC2 bracket 9,2,9,2,732955,-268545,-5348.261656500001,2899,False
3126.7956823999994,IDAC2 bracket 8,2,8,2,732688,-268812,-5353.5791484,2765,False
3127.6918809000053,IDAC2 bracket 7,2,7,2,732688,-268812,-5353.5791484,2231,False
3128.5836950000084,IDAC2 bracket 6,2,6,2,732593,-268907,-5355.4711399,3013,False
3131.4607808,IDAC2 bracket 5,2,5,2,732021,-269479,-5366.8629203,1144,False
3132.352292299998,IDAC2 bracket 4,2,4,2,731868,-269632,-5369.9100224,1544,False
3133.244061800011,IDAC2 bracket 3,2,3,2,731792,-269708,-5371.4236156,743,False
3134.136834200006,IDAC2 bracket 2,2,2,2,732116,-269384,-5364.9709287999995,1831,False
3135.0442954000027,IDAC2 bracket 1,2,1,2,731716,-269784,-5372.9372088,686,False
3135.9339373999974,IDAC2 bracket 0,2,0,2,731792,-269708,-5371.4236156,514,False
3137.622632899991,IDAC2 restaurado,2,0,2,731792,-269708,-5371.4236156,782,False
3138.509196500003,IDAC2 bracket 1,2,1,2,731735,-269765,-5372.558810500001,648,False
3139.4005938000046,IDAC2 bracket 2,2,2,2,731716,-269784,-5372.9372088,553,False
3140.294383100001,IDAC2 bracket 3,2,3,2,731849,-269651,-5370.288420700001,1163,False
3141.1845010000106,IDAC2 bracket 4,2,4,2,732097,-269403,-5365.349327100001,1411,False
3142.0751788000052,IDAC2 bracket 5,2,5,2,731868,-269632,-5369.9100224,953,False
3142.9647844999854,IDAC2 bracket 6,2,6,2,732078,-269422,-5365.7277254,1201,False
3143.866813700006,IDAC2 bracket 7,2,7,2,732231,-269269,-5362.6806233,1335,False
3144.7541992999904,IDAC2 bracket 8,2,8,2,732288,-269212,-5361.545428400001,2193,False
3145.6438647999894,IDAC2 bracket 9,2,9,2,732765,-268735,-5352.0456395,2956,False
3146.5341584999987,IDAC2 bracket 10,2,10,2,732402,-269098,-5359.275038600001,2040,False
3147.4234046000056,IDAC2 bracket 11,2,11,2,732746,-268754,-5352.4240378,2708,False
3148.313364700007,IDAC2 bracket 12,2,12,2,732612,-268888,-5355.0927416,2803,False
3149.207117199985,IDAC2 bracket 13,2,13,2,733222,-268278,-5342.9441646000005,4329,False
3150.0976698999875,IDAC2 bracket 14,2,14,2,733699,-267801,-5333.444375700001,3452,False
3152.98169700001,IDAC2 bracket 15,2,15,2,733451,-268049,-5338.3834693,3738,False
3153.876195399993,IDAC2 bracket 16,2,16,2,733642,-267858,-5334.5795706,3833,False
3154.768988099997,IDAC2 bracket 17,2,17,2,733547,-267953,-5336.4715621000005,3395,False
3155.6630921000033,IDAC2 bracket 18,2,18,2,734100,-267400,-5325.4581800000005,4920,False
3156.5516242999875,IDAC2 bracket 19,2,19,2,733566,-267934,-5336.0931638,3852,False
3157.446853900008,IDAC2 bracket 20,2,20,2,734329,-267171,-5320.8974847,3910,False
3158.333218099986,IDAC2 bracket 21,2,21,2,734081,-267419,-5325.8365783,2994,False
3159.2264771999908,IDAC2 bracket 22,2,22,2,734043,-267457,-5326.5933749000005,3337,False
3160.115957300004,IDAC2 bracket 23,2,23,2,733547,-267953,-5336.4715621000005,2555,False
3161.0117646,IDAC2 bracket 24,2,24,2,734062,-267438,-5326.2149766,2593,False
3161.9147599000135,IDAC2 bracket 25,2,25,2,734901,-266599,-5309.505704300001,2479,False
3162.8051498999994,IDAC2 bracket 26,2,26,2,734577,-266923,-5315.958391100001,2098,False
3163.6929775000026,IDAC2 bracket 27,2,27,2,734729,-266771,-5312.9312047,2040,False
3164.588857499999,IDAC2 bracket 28,2,28,2,735569,-265931,-5296.2020167,1945,False
3165.4875470999978,IDAC2 bracket 29,2,29,2,735931,-265569,-5288.9925333,1602,False
3166.3830623000104,IDAC2 bracket 30,2,30,2,736579,-264921,-5276.0871597000005,1792,False
3167.2746874000004,IDAC2 bracket 31,2,31,2,737285,-264215,-5262.0266755,1564,False
3168.1662775999866,IDAC2 bracket 32,2,32,2,737972,-263528,-5248.3445896,1621,False
3169.0568504999974,IDAC2 bracket 33,2,33,2,738697,-262803,-5233.905707100001,1659,False
3169.947548099997,IDAC2 bracket 34,2,34,2,739517,-261983,-5217.5748331,1716,False
3170.8546857000038,IDAC2 bracket 35,2,35,2,740242,-261258,-5203.1359506,1850,False
3171.7452602999983,IDAC2 bracket 36,2,36,2,740890,-260610,-5190.230577,2136,False
3172.6371742000047,IDAC2 bracket 37,2,37,2,741596,-259904,-5176.170092800001,1964,False
3173.545895999996,IDAC2 bracket 38,2,38,2,742130,-259370,-5165.535109,1983,False
3174.438414000004,IDAC2 bracket 39,2,39,2,742912,-258588,-5149.961031600001,1640,False
3175.3325796000136,IDAC2 bracket 40,2,40,2,743618,-257882,-5135.9005474000005,1831,False
3176.2222114999895,IDAC2 bracket 41,2,41,2,744285,-257215,-5122.616775500001,2021,False
3177.1156088999996,IDAC2 bracket 42,2,42,2,744991,-256509,-5108.5562913,2155,False
3181.5878413000028,IDAC2 bracket 43,2,43,2,745830,-255670,-5091.847019000001,2593,False
3182.8899332,IDAC2 bracket 44,2,44,2,746650,-254850,-5075.5161450000005,2365,False
3183.788198800001,IDAC2 bracket 45,2,45,2,747280,-254220,-5062.969254000001,1907,False
3184.681602299999,IDAC2 bracket 46,2,46,2,748023,-253477,-5048.1718889,2365,False
3185.576127600012,IDAC2 bracket 47,2,47,2,748767,-252733,-5033.3546080999995,3032,False
3186.468191699998,IDAC2 bracket 48,2,48,2,749511,-251989,-5018.5373273,2727,False
3187.3636716000037,IDAC2 bracket 49,2,49,2,750026,-251474,-5008.2807418,2040,False
3188.255592500005,IDAC2 bracket 50,2,50,2,750827,-250673,-4992.3282661,2269,False
3189.1517482000054,IDAC2 bracket 51,2,51,2,751590,-249910,-4977.132587,2689,False
3190.050259699987,IDAC2 bracket 52,2,52,2,752372,-249128,-4961.5585096,2727,False
3190.945643199986,IDAC2 bracket 53,2,53,2,753116,-248384,-4946.7412288000005,2288,False
3191.839703800011,IDAC2 bracket 54,2,54,2,753688,-247812,-4935.3494484,3128,False
3192.739230200008,IDAC2 bracket 55,2,55,2,754489,-247011,-4919.396972699999,1831,False
3193.6402334999875,IDAC2 bracket 56,2,56,2,754947,-246553,-4910.2755821,2155,False
3194.536962699989,IDAC2 bracket 57,2,57,2,755615,-245885,-4896.9718945,1792,False
3195.4545713000116,IDAC2 bracket 58,2,58,2,756473,-245027,-4879.8842239000005,2021,False
3196.349634000013,IDAC2 bracket 59,2,59,2,757255,-244245,-4864.3101465,1964,False
3197.241445099993,IDAC2 bracket 60,2,60,2,757789,-243711,-4853.6751627,1678,False
3198.139609900012,IDAC2 bracket 61,2,61,2,758762,-242738,-4834.297186600001,1792,False
3199.031627599994,IDAC2 bracket 62,2,62,2,759391,-242109,-4821.7702113000005,1792,False
3203.6156160999963,IDAC2 bracket 63,2,63,2,760345,-241155,-4802.7706335,1640,False
3204.8943559000036,IDAC2 bracket 64,2,64,2,761280,-240220,-4784.149454,1869,False
3205.7947813000064,IDAC2 bracket 65,2,65,2,761985,-239515,-4770.1088855,2441,False
3206.6954134000116,IDAC2 bracket 66,2,66,2,762729,-238771,-4755.2916047,2040,False
3207.5881249000086,IDAC2 bracket 67,2,67,2,763416,-238084,-4741.609518800001,1983,False
3208.4832711000054,IDAC2 bracket 68,2,68,2,764141,-237359,-4727.1706363,1716,False
3209.3877047999995,IDAC2 bracket 69,2,69,2,764808,-236692,-4713.8868644,1525,False
3210.2832714999968,IDAC2 bracket 70,2,70,2,765247,-236253,-4705.1438721,2059,False
3211.179627400008,IDAC2 bracket 71,2,71,2,766258,-235242,-4685.0090994,2326,False
3212.071853500005,IDAC2 bracket 72,2,72,2,767002,-234498,-4670.1918186,2822,False
3212.9661269999924,IDAC2 bracket 73,2,73,2,767650,-233850,-4657.286445000001,2861,False
3213.8617453000043,IDAC2 bracket 74,2,74,2,768604,-232896,-4638.2868672,2708,False
3214.75831569999,IDAC2 bracket 75,2,75,2,769405,-232095,-4622.3343915,2574,False
3215.654506199993,IDAC2 bracket 76,2,76,2,770092,-231408,-4608.652305600001,2517,False
3216.552605500008,IDAC2 bracket 77,2,77,2,770931,-230569,-4591.9430333,3204,False
3217.4667876999883,IDAC2 bracket 78,2,78,2,771598,-229902,-4578.6592614,2403,False
3218.3615217999904,IDAC2 bracket 79,2,79,2,772132,-229368,-4568.0242776000005,2517,False
3219.2526100999967,IDAC2 bracket 80,2,80,2,772991,-228509,-4550.9166913,2689,False
3220.1507923000026,IDAC2 bracket 81,2,81,2,773735,-227765,-4536.0994105,2460,False
3221.0427813999995,IDAC2 bracket 82,2,82,2,774364,-227136,-4523.5724352,2994,False
3221.9390603000065,IDAC2 bracket 83,2,83,2,775184,-226316,-4507.2415612,2880,False
3226.410113299993,IDAC2 bracket 84,2,84,2,775833,-225667,-4494.3162719,1525,False
3227.708751099999,IDAC2 bracket 85,2,85,2,777206,-224294,-4466.9720158,2040,False
3228.607779599988,IDAC2 bracket 86,2,86,2,777988,-223512,-4451.3979384,2002,False
3229.506361000007,IDAC2 bracket 87,2,87,2,778484,-223016,-4441.5197511999995,1964,False
3230.406229299988,IDAC2 bracket 88,2,88,2,779323,-222177,-4424.810478900001,2098,False
3231.2993197999895,IDAC2 bracket 89,2,89,2,780181,-221319,-4407.722808300001,2059,False
3234.1724647000083,IDAC2 bracket 90,2,90,2,781192,-220308,-4387.5880356,2288,False
3235.066042999999,IDAC2 bracket 91,2,91,2,782032,-219468,-4370.8588475999995,2098,False
3235.957901099988,IDAC2 bracket 92,2,92,2,782756,-218744,-4356.4398808000005,2059,False
3236.849946500006,IDAC2 bracket 93,2,93,2,783290,-218210,-4345.804897,2040,False
3237.7406256000104,IDAC2 bracket 94,2,94,2,784149,-217351,-4328.6973107,2365,False
3238.63406750001,IDAC2 bracket 95,2,95,2,784969,-216531,-4312.3664367,2059,False
3239.5247040000104,IDAC2 bracket 96,2,96,2,785751,-215749,-4296.7923593000005,2632,False
3240.4202277000004,IDAC2 bracket 97,2,97,2,786476,-215024,-4282.3534768,2193,False
3241.311809000006,IDAC2 bracket 98,2,98,2,787105,-214395,-4269.826501500001,2365,False
3242.207635300001,IDAC2 bracket 99,2,99,2,787944,-213556,-4253.1172292,2517,False
3243.103603900003,IDAC2 bracket 100,2,100,2,788574,-212926,-4240.5703382,2441,False
3244.0025844000047,IDAC2 bracket 101,2,101,2,789413,-212087,-4223.8610659,2155,False
3244.9007105999917,IDAC2 bracket 102,2,102,2,790233,-211267,-4207.5301919,1983,False
3249.4811125000124,IDAC2 bracket 103,2,103,2,790615,-210885,-4199.9223945,2174,False
3250.7925654000137,IDAC2 bracket 104,2,104,2,791969,-209531,-4172.9565367000005,3032,False
3251.7046375999926,IDAC2 bracket 105,2,105,2,792713,-208787,-4158.1392559000005,2002,False
3252.6179092999955,IDAC2 bracket 106,2,106,2,793247,-208253,-4147.5042721,2593,False
3253.521272299986,IDAC2 bracket 107,2,107,2,793876,-207624,-4134.9772968,2403,False
3254.4312677000125,IDAC2 bracket 108,2,108,2,794677,-206823,-4119.024821100001,2250,False
3255.3308842999977,IDAC2 bracket 109,2,109,2,795440,-206060,-4103.829142,2365,False
3256.2258452000096,IDAC2 bracket 110,2,110,2,796222,-205278,-4088.2550646,2136,False
3257.1240026000014,IDAC2 bracket 111,2,111,2,796871,-204629,-4075.3297753,2193,False
3258.0186297000037,IDAC2 bracket 112,2,112,2,797653,-203847,-4059.7556979,1754,False
3258.924005799985,IDAC2 bracket 113,2,113,2,798320,-203180,-4046.4719260000006,1945,False
3259.816686700011,IDAC2 bracket 114,2,114,2,799045,-202455,-4032.0330435,2288,False
3260.711101599998,IDAC2 bracket 115,2,115,2,799903,-201597,-4014.9453729,1926,False
3265.2932822000002,IDAC2 bracket 116,2,116,2,800857,-200643,-3995.9457951000004,1754,False
3266.574034599995,IDAC2 bracket 117,2,117,2,801696,-199804,-3979.2365228000003,1735,False
3267.476211400004,IDAC2 bracket 118,2,118,2,802268,-199232,-3967.8447424000005,1869,False
3268.370924799994,IDAC2 bracket 119,2,119,2,803050,-198450,-3952.270665,1926,False
3269.2665159000026,IDAC2 bracket 120,2,120,2,803947,-197553,-3934.4062821,2269,False
3270.1622887999984,IDAC2 bracket 121,2,121,2,804615,-196885,-3921.1025945,2174,False
3271.0596828999987,IDAC2 bracket 122,2,122,2,805320,-196180,-3907.062026,1621,False
3271.954123500007,IDAC2 bracket 123,2,123,2,806217,-195283,-3889.1976431,2670,False
3272.8485669000074,IDAC2 bracket 124,2,124,2,807018,-194482,-3873.2451674000004,2059,False
3273.7432690999995,IDAC2 bracket 125,2,125,2,807914,-193586,-3855.4007002000003,1983,False
3274.638848100003,IDAC2 bracket 126,2,126,2,808563,-192937,-3842.4754109,2174,False
3275.5345991000067,IDAC2 bracket 127,2,127,2,809421,-192079,-3825.3877403,1735,False
3276.432473199995,IDAC2 bracket 128,2,128,2,809974,-191526,-3814.3743582,2040,False
3277.328283699986,IDAC2 bracket 129,2,129,2,810699,-190801,-3799.9354757,2250,False
3280.21495590001,IDAC2 bracket 130,2,130,2,811424,-190076,-3785.4965932,1945,False
3281.11333990001,IDAC2 bracket 131,2,131,2,812301,-189199,-3768.0305243000003,2231,False
3282.0107785,IDAC2 bracket 132,2,132,2,812873,-188627,-3756.6387439,2689,False
3282.908962799993,IDAC2 bracket 133,2,133,2,813827,-187673,-3737.6391661000002,2136,False
3283.8029583999887,IDAC2 bracket 134,2,134,2,814647,-186853,-3721.3082921,2021,False
3284.703007300006,IDAC2 bracket 135,2,135,2,815391,-186109,-3706.4910113000005,1754,False
3289.180378399993,IDAC2 bracket 136,2,136,2,816249,-185251,-3689.4033407,1430,False
3290.479289300012,IDAC2 bracket 137,2,137,2,817089,-184411,-3672.6741527,2136,False
3291.373237699998,IDAC2 bracket 138,2,138,2,817775,-183725,-3659.0119825000006,2136,False
3292.2731973000045,IDAC2 bracket 139,2,139,2,818519,-182981,-3644.1947017,1888,False
3293.1754934999917,IDAC2 bracket 140,2,140,2,819225,-182275,-3630.1342175000004,1659,False
3294.075322699995,IDAC2 bracket 141,2,141,2,820102,-181398,-3612.6681486,1373,False
3294.968939899991,IDAC2 bracket 142,2,142,2,820789,-180711,-3598.9860627000003,1506,False
3295.8725575999997,IDAC2 bracket 143,2,143,2,821647,-179853,-3581.8983921000004,1392,False
3296.7688321000023,IDAC2 bracket 144,2,144,2,822391,-179109,-3567.0811113,1754,False
3297.6624552999856,IDAC2 bracket 145,2,145,2,822811,-178689,-3558.7165173000003,1716,False
3298.556481000007,IDAC2 bracket 146,2,146,2,823631,-177869,-3542.3856433,1983,False
3299.4515329000133,IDAC2 bracket 147,2,147,2,824356,-177144,-3527.9467608000004,1811,False
3300.3499491999974,IDAC2 bracket 148,2,148,2,824947,-176553,-3516.1765821000004,2059,False
3301.246006000001,IDAC2 bracket 149,2,149,2,825824,-175676,-3498.7105132000006,2632,False
3302.1404708999908,IDAC2 bracket 150,2,150,2,826358,-175142,-3488.0755294000005,2193,False
3303.0356170999876,IDAC2 bracket 151,2,151,2,827331,-174169,-3468.6975533000004,1983,False
3303.9340385000105,IDAC2 bracket 152,2,152,2,828189,-173311,-3451.6098827,2098,False
3304.831616999989,IDAC2 bracket 153,2,153,2,828971,-172529,-3436.0358053,2155,False
3305.730596300011,IDAC2 bracket 154,2,154,2,829753,-171747,-3420.4617279000004,2918,False
3306.6536120999954,IDAC2 bracket 155,2,155,2,830497,-171003,-3405.6444471,2231,False
3311.2290823000076,IDAC2 bracket 156,2,156,2,831184,-170316,-3391.9623612,2498,False
3312.535643799987,IDAC2 bracket 157,2,157,2,832233,-169267,-3371.0707919,2365,False
3313.433934200002,IDAC2 bracket 158,2,158,2,832824,-168676,-3359.3006132,2422,False
3314.3307472000015,IDAC2 bracket 159,2,159,2,833473,-168027,-3346.3753239000002,1487,False
3315.2275545999873,IDAC2 bracket 160,2,160,2,834236,-167264,-3331.1796448000005,1811,False
3316.1221360999916,IDAC2 bracket 161,2,161,2,835056,-166444,-3314.8487708000002,2174,False
3317.0209960000066,IDAC2 bracket 162,2,162,2,835647,-165853,-3303.0785921,1907,False
3317.918280999991,IDAC2 bracket 163,2,163,2,836486,-165014,-3286.3693198,1926,False
3318.8211453999975,IDAC2 bracket 164,2,164,2,837173,-164327,-3272.6872339,1621,False
3319.721086500009,IDAC2 bracket 165,2,165,2,837955,-163545,-3257.1131565,1792,False
3320.631925900001,IDAC2 bracket 166,2,166,2,838565,-162935,-3244.9645795,1487,False
3321.5262279000017,IDAC2 bracket 167,2,167,2,839176,-162324,-3232.7960868,1316,False
3322.424690199987,IDAC2 bracket 168,2,168,2,840167,-161333,-3213.0596281000003,1335,False
3326.9549381000106,IDAC2 bracket 169,2,169,2,840530,-160970,-3205.830229,1583,False
3328.2592794999946,IDAC2 bracket 170,2,170,2,841903,-159597,-3178.4859729000004,1945,False
3329.173244500009,IDAC2 bracket 171,2,171,2,842590,-158910,-3164.803887,1449,False
3330.0795166000025,IDAC2 bracket 172,2,172,2,843429,-158071,-3148.0946147000004,1754,False
3330.9758336000086,IDAC2 bracket 173,2,173,2,844097,-157403,-3134.7909271,2403,False
3331.8725544000044,IDAC2 bracket 174,2,174,2,844974,-156526,-3117.3248582,2250,False
3336.3951475000067,IDAC2 bracket 175,2,175,2,845794,-155706,-3100.9939842000003,1831,False
3337.703582599992,IDAC2 bracket 176,2,176,2,846481,-155019,-3087.3118983,2346,False
3338.604336999997,IDAC2 bracket 177,2,177,2,847053,-154447,-3075.9201179,1907,False
3339.5017315000005,IDAC2 bracket 178,2,178,2,848083,-153417,-3055.4069469000005,2059,False
3340.4014892000123,IDAC2 bracket 179,2,179,2,848770,-152730,-3041.724861,2346,False
3341.3107118000044,IDAC2 bracket 180,2,180,2,849342,-152158,-3030.3330806,2040,False
3342.207424299995,IDAC2 bracket 181,2,181,2,849742,-151758,-3022.3668006000003,2346,False
3343.106054600008,IDAC2 bracket 182,2,182,2,850658,-150842,-3004.1240194,2479,False
3344.004130699992,IDAC2 bracket 183,2,183,2,851497,-150003,-2987.4147471,2517,False
3344.909426099999,IDAC2 bracket 184,2,184,2,852069,-149431,-2976.0229667000003,2288,False
3345.8080517000053,IDAC2 bracket 185,2,185,2,853004,-148496,-2957.4017872,1926,False
3346.705706799985,IDAC2 bracket 186,2,186,2,853443,-148057,-2948.6587949,1716,False
3347.6038068000053,IDAC2 bracket 187,2,187,2,854511,-146989,-2927.3888273000002,1735,False
3352.1681759000057,IDAC2 bracket 188,2,188,2,855178,-146322,-2914.1050554,1888,False
3353.470113599993,IDAC2 bracket 189,2,189,2,856132,-145368,-2895.1054776000005,2117,False
3354.368909599987,IDAC2 bracket 190,2,190,2,856380,-145120,-2890.166384,2002,False
3355.268465800007,IDAC2 bracket 191,2,191,2,857334,-144166,-2871.1668062,1926,False
3356.1655433000124,IDAC2 bracket 192,2,192,2,858058,-143442,-2856.7478394,2117,False
3357.0632497000042,IDAC2 bracket 193,2,193,2,858440,-143060,-2849.1400420000004,1811,False
3361.5360287000076,IDAC2 bracket 194,2,194,2,859489,-142011,-2828.2484727,1926,False
3362.8366920000117,IDAC2 bracket 195,2,195,2,860500,-141000,-2808.1137000000003,2651,False
3363.7319183000072,IDAC2 bracket 196,2,196,2,861282,-140218,-2792.5396226000003,2193,False
3364.632001799997,IDAC2 bracket 197,2,197,2,861701,-139799,-2784.1949443000003,2231,False
3365.531871199986,IDAC2 bracket 198,2,198,2,862636,-138864,-2765.5737648,2231,False
3366.429490999988,IDAC2 bracket 199,2,199,2,863208,-138292,-2754.1819844,2365,False
3369.3226549999963,IDAC2 bracket 200,2,200,2,864009,-137491,-2738.2295087,2098,False
3370.2170267000038,IDAC2 bracket 201,2,201,2,864639,-136861,-2725.6826177000003,2174,False
3371.1191346000123,IDAC2 bracket 202,2,202,2,865345,-136155,-2711.6221335,2250,False
3372.0175827000057,IDAC2 bracket 203,2,203,2,865974,-135526,-2699.0951582,2536,False
3372.9155735000095,IDAC2 bracket 204,2,204,2,866451,-135049,-2689.5953693000006,2441,False
3373.819088599994,IDAC2 bracket 205,2,205,2,867366,-134134,-2671.3725038000002,2365,False
3378.2966638999933,IDAC2 bracket 206,2,206,2,868492,-133008,-2648.9474256000003,2460,False
3379.601129699993,IDAC2 bracket 207,2,207,2,869140,-132360,-2636.0420520000002,1659,False
3380.5067378999956,IDAC2 bracket 208,2,208,2,869960,-131540,-2619.7111780000005,1754,False
3381.411510900012,IDAC2 bracket 209,2,209,2,870437,-131063,-2610.2113891000004,1888,False
3382.318772700004,IDAC2 bracket 210,2,210,2,871276,-130224,-2593.5021168,1392,False
3386.9054008999956,IDAC2 bracket 211,2,211,2,871849,-129651,-2582.0904207000003,1773,False
3388.198526299995,IDAC2 bracket 212,2,212,2,872840,-128660,-2562.353962,1888,False
3389.1020690999867,IDAC2 bracket 213,2,213,2,873546,-127954,-2548.2934778,1678,False
3390.0072486000136,IDAC2 bracket 214,2,214,2,874176,-127324,-2535.7465868000004,2155,False
3390.910691500001,IDAC2 bracket 215,2,215,2,874996,-126504,-2519.4157128,2021,False
3391.828929499985,IDAC2 bracket 216,2,216,2,875606,-125894,-2507.2671358000002,1926,False
3392.7350880999875,IDAC2 bracket 217,2,217,2,876312,-125188,-2493.2066516,1983,False
3393.6332181000034,IDAC2 bracket 218,2,218,2,877056,-124444,-2478.3893708,1735,False
3394.5338795999996,IDAC2 bracket 219,2,219,2,877723,-123777,-2465.1055989,2174,False
3395.438068299991,IDAC2 bracket 220,2,220,2,878467,-123033,-2450.2883181,1869,False
3396.343652599986,IDAC2 bracket 221,2,221,2,879077,-122423,-2438.1397411000003,2403,False
3397.2407754999876,IDAC2 bracket 222,2,222,2,879878,-121622,-2422.1872654,2155,False
3398.144101699989,IDAC2 bracket 223,2,223,2,880508,-120992,-2409.6403744,2975,True
3399.039145399991,IDAC2 bracket 224,2,224,2,881118,-120382,-2397.4917974,1811,True
3401.9427506999928,IDAC2 bracket 225,2,225,2,881958,-119542,-2380.7626093999997,2079,True
3402.840874799993,IDAC2 bracket 226,2,226,2,882377,-119123,-2372.4179311000003,2098,True
3403.74555230001,IDAC2 bracket 227,2,227,2,883369,-118131,-2352.6615567,1640,True
3404.6433429000026,IDAC2 bracket 228,2,228,2,884037,-117463,-2339.3578691000002,1964,True
3405.543538800004,IDAC2 bracket 229,2,229,2,884742,-116758,-2325.3173006,1659,True
3406.446037799993,IDAC2 bracket 230,2,230,2,885524,-115976,-2309.7432232,1621,True
3410.9250295000093,IDAC2 bracket 231,2,231,2,886344,-115156,-2293.4123492,1487,True
3412.228903100011,IDAC2 bracket 232,2,232,2,886993,-114507,-2280.4870599,1258,True
3413.1272428999946,IDAC2 bracket 233,2,233,2,887718,-113782,-2266.0481774,1430,True
3414.035309400002,IDAC2 bracket 234,2,234,2,888328,-113172,-2253.8996004000005,1716,True
3414.9343103000137,IDAC2 bracket 235,2,235,2,889072,-112428,-2239.0823196,1239,True
3415.8332679999876,IDAC2 bracket 236,2,236,2,889778,-111722,-2225.0218354000003,1373,True
3418.727582099993,IDAC2 bracket 237,2,237,2,890674,-110826,-2207.1773682,1163,True
3419.6264432999888,IDAC2 bracket 238,2,238,2,891342,-110158,-2193.8736806,2269,True
3420.5267811999947,IDAC2 bracket 239,2,239,2,891990,-109510,-2180.968307,1811,True
3421.4432922000124,IDAC2 bracket 240,2,240,2,892677,-108823,-2167.2862211,2155,True
3422.342469299998,IDAC2 bracket 241,2,241,2,893192,-108308,-2157.0296356000003,1907,True
3423.2427703999856,IDAC2 bracket 242,2,242,2,893764,-107736,-2145.6378552,1773,True
3424.1426955999923,IDAC2 bracket 243,2,243,2,894622,-106878,-2128.5501846,1697,True
3425.0441644999955,IDAC2 bracket 244,2,244,2,895404,-106096,-2112.9761072,2098,True
3425.9571209000133,IDAC2 bracket 245,2,245,2,895977,-105523,-2101.5644111,2346,True
3426.8627414999937,IDAC2 bracket 246,2,246,2,896625,-104875,-2088.6590375,1697,True
3427.760149000009,IDAC2 bracket 247,2,247,2,897312,-104188,-2074.9769516,1945,True
3428.659105800005,IDAC2 bracket 248,2,248,2,898075,-103425,-2059.7812725000003,1869,True
3429.5581870999886,IDAC2 bracket 249,2,249,2,898685,-102815,-2047.6326955000002,2193,True
3434.1332074000093,IDAC2 bracket 250,2,250,2,899524,-101976,-2030.9234232000001,1964,True
3435.4425950000004,IDAC2 bracket 251,2,251,2,900249,-101251,-2016.4845407,1430,True
3436.3428014999954,IDAC2 bracket 252,2,252,2,900840,-100660,-2004.7143620000002,1602,True
3437.2422313000134,IDAC2 bracket 253,2,253,2,901584,-99916,-1989.8970812000002,1468,True
3438.143920600007,IDAC2 bracket 254,2,254,2,901889,-99611,-1983.8227927,1354,True
3439.047554299992,IDAC2 bracket 255,2,255,2,902709,-98791,-1967.4919187,1411,True
3440.755243499996,IDAC2 post Newton,2,255,2,902862,-98638,-1964.4448166,1277,True
3441.5100418000075,IDAC3 base rápida,3,0,4,731182,-270318,-5383.572192600001,152,False
3442.4087528999953,IDAC3 bracket -1,3,-1,4,731220,-270280,-5382.815396000001,190,False
3444.1085021999897,IDAC3 sonda -1,3,-1,4,731163,-270337,-5383.9505909,171,False
3445.0227035999997,IDAC3 bracket 0,3,0,4,731143,-270357,-5384.3489049,171,False
3446.7267235000036,IDAC3 restaurado,3,0,4,731182,-270318,-5383.572192600001,171,False
3447.6259675000038,IDAC3 bracket 1,3,1,4,731163,-270337,-5383.9505909,133,False
3449.3261278000136,IDAC3 sonda 1,3,1,4,731143,-270357,-5384.3489049,190,False
3450.2227454000094,IDAC3 bracket 0,3,0,4,731124,-270376,-5384.7273032,133,False
3451.922872199997,IDAC3 restaurado,3,0,4,731143,-270357,-5384.3489049,190,False
3452.818332499999,IDAC3 bracket -1,3,-1,4,731143,-270357,-5384.3489049,171,False
3453.718052399985,IDAC3 bracket -2,3,-2,4,731105,-270395,-5385.105701500001,190,False
3455.4149394000124,IDAC3 sonda -2,3,-2,4,731086,-270414,-5385.4840998,171,False
3456.323535000003,IDAC3 bracket -1,3,-1,4,731124,-270376,-5384.7273032,171,False
3457.2198347999947,IDAC3 bracket 0,3,0,4,731124,-270376,-5384.7273032,152,False
3458.9175907000026,IDAC3 restaurado,3,0,4,731143,-270357,-5384.3489049,133,False
3459.820092899987,IDAC3 bracket 1,3,1,4,731124,-270376,-5384.7273032,152,False
3460.7179767999914,IDAC3 bracket 2,3,2,4,731105,-270395,-5385.105701500001,209,False
3462.4259299999976,IDAC3 sonda 2,3,2,4,731086,-270414,-5385.4840998,152,False
3463.3242535000027,IDAC3 bracket 1,3,1,4,731124,-270376,-5384.7273032,171,False
3464.222667199996,IDAC3 bracket 0,3,0,4,731124,-270376,-5384.7273032,152,False
3465.9311846999917,IDAC3 restaurado,3,0,4,731143,-270357,-5384.3489049,190,False
3466.831723100011,IDAC3 bracket -1,3,-1,4,731124,-270376,-5384.7273032,133,False
3471.3187986999983,IDAC3 bracket -2,3,-2,4,731143,-270357,-5384.3489049,133,False
3472.631629899988,IDAC3 bracket -3,3,-3,4,731124,-270376,-5384.7273032,209,False
3473.5345443999977,IDAC3 bracket -4,3,-4,4,731124,-270376,-5384.7273032,152,False
3475.2507723000017,IDAC3 sonda -4,3,-4,4,731124,-270376,-5384.7273032,190,False
3476.1515373,IDAC3 bracket -3,3,-3,4,731124,-270376,-5384.7273032,171,False
3480.737425200001,IDAC3 bracket -2,3,-2,4,731143,-270357,-5384.3489049,133,False
3482.028760999994,IDAC3 bracket -1,3,-1,4,731105,-270395,-5385.105701500001,190,False
3482.9407177999965,IDAC3 bracket 0,3,0,4,731105,-270395,-5385.105701500001,171,False
3484.6409664000093,IDAC3 restaurado,3,0,4,731086,-270414,-5385.4840998,171,False
3485.5407956000126,IDAC3 bracket 1,3,1,4,731105,-270395,-5385.105701500001,133,False
3486.441792400001,IDAC3 bracket 2,3,2,4,731086,-270414,-5385.4840998,171,False
3487.3406767999986,IDAC3 bracket 3,3,3,4,731086,-270414,-5385.4840998,133,False
3488.242185500014,IDAC3 bracket 4,3,4,4,731105,-270395,-5385.105701500001,152,False
3489.946774400014,IDAC3 sonda 4,3,4,4,731086,-270414,-5385.4840998,190,False
3490.8503254000098,IDAC3 bracket 3,3,3,4,731086,-270414,-5385.4840998,133,False
3491.7466162999917,IDAC3 bracket 2,3,2,4,731124,-270376,-5384.7273032,152,False
3492.6463176000107,IDAC3 bracket 1,3,1,4,731124,-270376,-5384.7273032,171,False
3493.5431616000133,IDAC3 bracket 0,3,0,4,731105,-270395,-5385.105701500001,209,False
3495.240248999995,IDAC3 restaurado,3,0,4,731124,-270376,-5384.7273032,133,False
3496.1594798000006,IDAC3 bracket -1,3,-1,4,731143,-270357,-5384.3489049,152,False
3497.0578770999855,IDAC3 bracket -2,3,-2,4,731143,-270357,-5384.3489049,171,False
3497.9548866999976,IDAC3 bracket -3,3,-3,4,731163,-270337,-5383.9505909,171,False
3498.857013800007,IDAC3 bracket -4,3,-4,4,731143,-270357,-5384.3489049,171,False
3499.7544890000136,IDAC3 bracket -5,3,-5,4,731143,-270357,-5384.3489049,171,False
3500.6495356000087,IDAC3 bracket -6,3,-6,4,731163,-270337,-5383.9505909,209,False
3501.5484577000025,IDAC3 bracket -7,3,-7,4,731143,-270357,-5384.3489049,152,False
3502.4467170000135,IDAC3 bracket -8,3,-8,4,731105,-270395,-5385.105701500001,209,False
3504.1453951000003,IDAC3 sonda -8,3,-8,4,731105,-270395,-5385.105701500001,171,False
3505.0600203000067,IDAC3 bracket -7,3,-7,4,731124,-270376,-5384.7273032,190,False
3505.95657509999,IDAC3 bracket -6,3,-6,4,731143,-270357,-5384.3489049,152,False
3506.8598681000003,IDAC3 bracket -5,3,-5,4,731124,-270376,-5384.7273032,209,False
3507.7607781999977,IDAC3 bracket -4,3,-4,4,731124,-270376,-5384.7273032,171,False
3508.6636630999856,IDAC3 bracket -3,3,-3,4,731143,-270357,-5384.3489049,133,False
3513.2478603000054,IDAC3 bracket -2,3,-2,4,731124,-270376,-5384.7273032,171,False
3514.560558199999,IDAC3 bracket -1,3,-1,4,731143,-270357,-5384.3489049,133,False
3515.464693999995,IDAC3 bracket 0,3,0,4,731086,-270414,-5385.4840998,152,False
3517.161282599991,IDAC3 restaurado,3,0,4,731143,-270357,-5384.3489049,171,False
3518.054726500006,IDAC3 bracket 1,3,1,4,731182,-270318,-5383.572192600001,190,False
3518.963291299995,IDAC3 bracket 2,3,2,4,731124,-270376,-5384.7273032,152,False
3519.86189130001,IDAC3 bracket 3,3,3,4,731124,-270376,-5384.7273032,171,False
3520.768563999998,IDAC3 bracket 4,3,4,4,731124,-270376,-5384.7273032,171,False
3521.672090500011,IDAC3 bracket 5,3,5,4,731143,-270357,-5384.3489049,171,False
3522.571014199988,IDAC3 bracket 6,3,6,4,731124,-270376,-5384.7273032,114,False
3523.472780799988,IDAC3 bracket 7,3,7,4,731124,-270376,-5384.7273032,152,False
3524.3690714999975,IDAC3 bracket 8,3,8,4,731086,-270414,-5385.4840998,133,False
3526.0739298000117,IDAC3 sonda 8,3,8,4,731105,-270395,-5385.105701500001,95,False
3526.9712205000105,IDAC3 bracket 7,3,7,4,731105,-270395,-5385.105701500001,133,False
3529.862105200009,IDAC3 bracket 6,3,6,4,731143,-270357,-5384.3489049,114,False
3530.773242299998,IDAC3 bracket 5,3,5,4,731124,-270376,-5384.7273032,152,False
3531.671457199991,IDAC3 bracket 4,3,4,4,738105,-263395,-5245.6958015,2536,False
3532.5756915000093,IDAC3 bracket 3,3,3,4,767002,-234498,-4670.1918186,2956,False
3533.472920400003,IDAC3 bracket 2,3,2,4,785064,-216436,-4310.4744451999995,2918,False
3534.3770573000074,IDAC3 bracket 1,3,1,4,794925,-206575,-4114.0857275,2288,False
3535.279515400005,IDAC3 bracket 0,3,0,4,795650,-205850,-4099.646845,2937,False
3536.978113099991,IDAC3 restaurado,3,0,4,792293,-209207,-4166.5038499,3242,False
3537.8918121999886,IDAC3 bracket -1,3,-1,4,784988,-216512,-4311.9880384,3547,False
3538.7915181000135,IDAC3 bracket -2,3,-2,4,767879,-233621,-4652.725749700001,3299,False
3539.69521179999,IDAC3 bracket -3,3,-3,4,743598,-257902,-5136.2988614,4253,False
3540.6174272999924,IDAC3 bracket -4,3,-4,4,731105,-270395,-5385.105701500001,133,False
3541.5200030000124,IDAC3 bracket -5,3,-5,4,731124,-270376,-5384.7273032,95,False
3542.421160400001,IDAC3 bracket -6,3,-6,4,731124,-270376,-5384.7273032,133,False
3543.328537900001,IDAC3 bracket -7,3,-7,4,731086,-270414,-5385.4840998,152,False
3544.2373919000092,IDAC3 bracket -8,3,-8,4,731105,-270395,-5385.105701500001,133,False
3545.147253300005,IDAC3 bracket -9,3,-9,4,731124,-270376,-5384.7273032,133,False
3546.0468788,IDAC3 bracket -10,3,-10,4,731105,-270395,-5385.105701500001,152,False
3546.956097999995,IDAC3 bracket -11,3,-11,4,731124,-270376,-5384.7273032,114,False
3547.8592370999977,IDAC3 bracket -12,3,-12,4,731143,-270357,-5384.3489049,133,False
3548.7582047999895,IDAC3 bracket -13,3,-13,4,731105,-270395,-5385.105701500001,114,False
3549.663811400009,IDAC3 bracket -14,3,-14,4,731124,-270376,-5384.7273032,133,False
3550.577362799988,IDAC3 bracket -15,3,-15,4,731105,-270395,-5385.105701500001,171,False
3551.4803253000136,IDAC3 bracket -16,3,-16,4,731086,-270414,-5385.4840998,152,False
3553.181501599989,IDAC3 sonda -16,3,-16,4,731105,-270395,-5385.105701500001,171,False
3554.085311600007,IDAC3 bracket -15,3,-15,4,731124,-270376,-5384.7273032,152,False
3554.9855120999855,IDAC3 bracket -14,3,-14,4,731105,-270395,-5385.105701500001,171,False
3555.8861020999902,IDAC3 bracket -13,3,-13,4,731163,-270337,-5383.9505909,152,False
3560.412199000013,IDAC3 bracket -12,3,-12,4,731124,-270376,-5384.7273032,152,False
3561.7221876000112,IDAC3 bracket -11,3,-11,4,731105,-270395,-5385.105701500001,190,False
3562.633580900001,IDAC3 bracket -10,3,-10,4,731105,-270395,-5385.105701500001,152,False
3563.5380683999974,IDAC3 bracket -9,3,-9,4,731124,-270376,-5384.7273032,171,False
3564.4475545999885,IDAC3 bracket -8,3,-8,4,731086,-270414,-5385.4840998,171,False
3565.3477114000125,IDAC3 bracket -7,3,-7,4,731105,-270395,-5385.105701500001,133,False
3568.2467831000104,IDAC3 bracket -6,3,-6,4,731124,-270376,-5384.7273032,171,False
3569.1491614000115,IDAC3 bracket -5,3,-5,4,731124,-270376,-5384.7273032,114,False
3570.053161399992,IDAC3 bracket -4,3,-4,4,731105,-270395,-5385.105701500001,171,False
3570.9534655000025,IDAC3 bracket -3,3,-3,4,731105,-270395,-5385.105701500001,190,False
3571.852053300012,IDAC3 bracket -2,3,-2,4,731105,-270395,-5385.105701500001,152,False
3572.7535919999937,IDAC3 bracket -1,3,-1,4,731105,-270395,-5385.105701500001,171,False
3573.6502506000106,IDAC3 bracket 0,3,0,4,731124,-270376,-5384.7273032,152,False
3575.349014700012,IDAC3 restaurado,3,0,4,731124,-270376,-5384.7273032,171,False
3576.248637200013,IDAC3 bracket 1,3,1,4,731143,-270357,-5384.3489049,209,False
3577.1503070000035,IDAC3 bracket 2,3,2,4,731143,-270357,-5384.3489049,171,False
3578.052214800002,IDAC3 bracket 3,3,3,4,731163,-270337,-5383.9505909,152,False
3578.9533088000026,IDAC3 bracket 4,3,4,4,731143,-270357,-5384.3489049,209,False
3579.85923609999,IDAC3 bracket 5,3,5,4,731201,-270299,-5383.1937943,190,False
3580.7582335000043,IDAC3 bracket 6,3,6,4,731258,-270242,-5382.0585994,171,False
3583.6544236000045,IDAC3 bracket 7,3,7,4,731182,-270318,-5383.572192600001,228,False
3584.5560393999913,IDAC3 bracket 8,3,8,4,731143,-270357,-5384.3489049,228,False
3585.457364700007,IDAC3 bracket 9,3,9,4,731182,-270318,-5383.572192600001,190,False
3586.359538799996,IDAC3 bracket 10,3,10,4,731182,-270318,-5383.572192600001,171,False
3587.2709557999915,IDAC3 bracket 11,3,11,4,731105,-270395,-5385.105701500001,190,False
3588.1812204000016,IDAC3 bracket 12,3,12,4,743980,-257520,-5128.691064000001,6237,False
3592.6660533999966,IDAC3 bracket 13,3,13,4,1062622,61122,1217.2874154,1907,True
3593.9726163999876,IDAC3 bracket 14,3,14,4,1106281,104781,2086.7869617,114,True
3594.8865603999875,IDAC3 bracket 15,3,15,4,1106319,104819,2087.5437583000003,133,True
3595.7872908000136,IDAC3 bracket 16,3,16,4,1106319,104819,2087.5437583000003,114,True
3597.4911041999876,IDAC3 sonda 16,3,16,4,1106319,104819,2087.5437583000003,133,True
3598.3964262999943,IDAC3 bracket 15,3,15,4,1106319,104819,2087.5437583000003,133,True
3599.296544200013,IDAC3 bracket 14,3,14,4,1106338,104838,2087.9221566,114,True
3600.210314199998,IDAC3 bracket 13,3,13,4,1106300,104800,2087.16536,114,True
3601.110848899989,IDAC3 bracket 12,3,12,4,1106338,104838,2087.9221566,133,True
3602.0212923999934,IDAC3 bracket 11,3,11,4,1106319,104819,2087.5437583000003,114,True
3602.930892400007,IDAC3 bracket 10,3,10,4,1106319,104819,2087.5437583000003,114,True
3603.835791099991,IDAC3 bracket 9,3,9,4,1106319,104819,2087.5437583000003,95,True
3604.733548499993,IDAC3 bracket 8,3,8,4,1106300,104800,2087.16536,133,True
3605.635116199992,IDAC3 bracket 7,3,7,4,1106300,104800,2087.16536,95,True
3606.5366740000027,IDAC3 bracket 6,3,6,4,1106300,104800,2087.16536,152,True
3607.4413110000023,IDAC3 bracket 5,3,5,4,1106319,104819,2087.5437583000003,114,True
3608.346479400003,IDAC3 bracket 4,3,4,4,1106300,104800,2087.16536,114,True
3609.2486460999935,IDAC3 bracket 3,3,3,4,1106300,104800,2087.16536,133,True
3610.1486891999957,IDAC3 bracket 2,3,2,4,1106319,104819,2087.5437583000003,114,True
3611.056074399996,IDAC3 bracket 1,3,1,4,1106319,104819,2087.5437583000003,114,True
3611.956588900008,IDAC3 bracket 0,3,0,4,1106300,104800,2087.16536,152,True
3613.6632652000117,IDAC3 restaurado,3,0,4,1106319,104819,2087.5437583000003,133,True
3614.565930599987,IDAC3 bracket -1,3,-1,4,1106338,104838,2087.9221566,133,True
3615.4825300000084,IDAC3 bracket -2,3,-2,4,1106357,104857,2088.3005549,114,True
3616.380792699987,IDAC3 bracket -3,3,-3,4,1106319,104819,2087.5437583000003,114,True
3617.27836679999,IDAC3 bracket -4,3,-4,4,1106357,104857,2088.3005549,114,True
3618.179686299991,IDAC3 bracket -5,3,-5,4,1106319,104819,2087.5437583000003,133,True
3619.0797792999947,IDAC3 bracket -6,3,-6,4,1106357,104857,2088.3005549,114,True
3619.981871099997,IDAC3 bracket -7,3,-7,4,1106319,104819,2087.5437583000003,114,True
3620.88389669999,IDAC3 bracket -8,3,-8,4,1106319,104819,2087.5437583000003,114,True
3621.7892483999894,IDAC3 bracket -9,3,-9,4,1106319,104819,2087.5437583000003,133,True
3622.6938507999876,IDAC3 bracket -10,3,-10,4,1106281,104781,2086.7869617,114,True
3623.5983665999956,IDAC3 bracket -11,3,-11,4,1106338,104838,2087.9221566,95,True
3624.508399299986,IDAC3 bracket -12,3,-12,4,1106338,104838,2087.9221566,95,True
3625.4148865999887,IDAC3 bracket -13,3,-13,4,1106319,104819,2087.5437583000003,114,True
3630.012437700003,IDAC3 bracket -14,3,-14,4,1106300,104800,2087.16536,133,True
3631.320719899988,IDAC3 bracket -15,3,-15,4,1011962,10462,208.35805340000002,2441,True
3632.228964400012,IDAC3 bracket -16,3,-16,4,964260,-37240,-741.6606680000001,3108,True
3633.134484899987,IDAC3 bracket -17,3,-17,4,866851,-134649,-2681.6290893,7781,False
3634.039881900011,IDAC3 bracket -18,3,-18,4,731353,-270147,-5380.166607900001,2498,False
3634.9502169000043,IDAC3 bracket -19,3,-19,4,731124,-270376,-5384.7273032,190,False
3639.502329699986,IDAC3 bracket -20,3,-20,4,731163,-270337,-5383.9505909,209,False
3640.8107377999986,IDAC3 bracket -21,3,-21,4,731105,-270395,-5385.105701500001,171,False
3641.7109875000024,IDAC3 bracket -22,3,-22,4,731143,-270357,-5384.3489049,190,False
3642.7582822999975,IDAC3 bracket -23,3,-23,4,731143,-270357,-5384.3489049,171,False
3643.6656483999977,IDAC3 bracket -24,3,-24,4,731105,-270395,-5385.105701500001,114,False
3644.5738742999965,IDAC3 bracket -25,3,-25,4,731143,-270357,-5384.3489049,133,False
3649.076550800004,IDAC3 bracket -26,3,-26,4,731067,-270433,-5385.8624981,171,False
3650.3675834999885,IDAC3 bracket -27,3,-27,4,731048,-270452,-5386.2408964,171,False
3651.271413300012,IDAC3 bracket -28,3,-28,4,731105,-270395,-5385.105701500001,152,False
3652.1759917000018,IDAC3 bracket -29,3,-29,4,731086,-270414,-5385.4840998,114,False
3653.079916699993,IDAC3 bracket -30,3,-30,4,731067,-270433,-5385.8624981,133,False
3653.978908099991,IDAC3 bracket -31,3,-31,4,731105,-270395,-5385.105701500001,152,False
3654.880750899989,IDAC3 bracket -32,3,-32,4,731086,-270414,-5385.4840998,190,False
3656.574475200003,IDAC3 sonda -32,3,-32,4,731124,-270376,-5384.7273032,114,False
3657.474125000008,IDAC3 bracket -31,3,-31,4,731163,-270337,-5383.9505909,133,False
3658.381440099998,IDAC3 bracket -30,3,-30,4,731182,-270318,-5383.572192600001,133,False
3659.285863099998,IDAC3 bracket -29,3,-29,4,731105,-270395,-5385.105701500001,152,False
3660.1977752000093,IDAC3 bracket -28,3,-28,4,731124,-270376,-5384.7273032,152,False
3661.1011051000096,IDAC3 bracket -27,3,-27,4,731086,-270414,-5385.4840998,152,False
3665.628491200012,IDAC3 bracket -26,3,-26,4,731105,-270395,-5385.105701500001,133,False
3666.9155532000004,IDAC3 bracket -25,3,-25,4,731086,-270414,-5385.4840998,133,False
3667.818362799997,IDAC3 bracket -24,3,-24,4,731143,-270357,-5384.3489049,171,False
3668.7201375000004,IDAC3 bracket -23,3,-23,4,731105,-270395,-5385.105701500001,152,False
3669.61798000001,IDAC3 bracket -22,3,-22,4,731105,-270395,-5385.105701500001,171,False
3670.517403200007,IDAC3 bracket -21,3,-21,4,731124,-270376,-5384.7273032,133,False
3673.422119099996,IDAC3 bracket -20,3,-20,4,731105,-270395,-5385.105701500001,133,False
3674.323718600004,IDAC3 bracket -19,3,-19,4,731086,-270414,-5385.4840998,152,False
3675.2265622999985,IDAC3 bracket -18,3,-18,4,731105,-270395,-5385.105701500001,171,False
3676.128607099992,IDAC3 bracket -17,3,-17,4,731124,-270376,-5384.7273032,133,False
3677.0290666999936,IDAC3 bracket -16,3,-16,4,731086,-270414,-5385.4840998,171,False
3677.932039700012,IDAC3 bracket -15,3,-15,4,731086,-270414,-5385.4840998,133,False
3682.4177134000056,IDAC3 bracket -14,3,-14,4,731067,-270433,-5385.8624981,133,False
3683.726670700009,IDAC3 bracket -13,3,-13,4,731048,-270452,-5386.2408964,133,False
3684.6286110999936,IDAC3 bracket -12,3,-12,4,731086,-270414,-5385.4840998,114,False
3685.6737472999957,IDAC3 bracket -11,3,-11,4,731067,-270433,-5385.8624981,152,False
3686.5765589000075,IDAC3 bracket -10,3,-10,4,731086,-270414,-5385.4840998,133,False
3687.4792479999887,IDAC3 bracket -9,3,-9,4,731124,-270376,-5384.7273032,190,False
3690.375016500009,IDAC3 bracket -8,3,-8,4,731105,-270395,-5385.105701500001,152,False
3691.275410400005,IDAC3 bracket -7,3,-7,4,731105,-270395,-5385.105701500001,152,False
3692.1780578999897,IDAC3 bracket -6,3,-6,4,731105,-270395,-5385.105701500001,190,False
3693.086044900003,IDAC3 bracket -5,3,-5,4,731143,-270357,-5384.3489049,133,False
3693.98725060001,IDAC3 bracket -4,3,-4,4,731086,-270414,-5385.4840998,133,False
3694.8887173999974,IDAC3 bracket -3,3,-3,4,731067,-270433,-5385.8624981,133,False
3699.3717867000087,IDAC3 bracket -2,3,-2,4,731067,-270433,-5385.8624981,152,False
3700.677524300001,IDAC3 bracket -1,3,-1,4,731105,-270395,-5385.105701500001,133,False
3701.5803454999987,IDAC3 bracket 0,3,0,4,731067,-270433,-5385.8624981,171,False
3703.4213955999876,IDAC3 restaurado,3,0,4,731048,-270452,-5386.2408964,133,False
3704.3215804999927,IDAC3 bracket 1,3,1,4,731029,-270471,-5386.619294700001,133,False
3705.2254320000065,IDAC3 bracket 2,3,2,4,731067,-270433,-5385.8624981,209,False
3709.7157353000075,IDAC3 bracket 3,3,3,4,731086,-270414,-5385.4840998,152,False
3711.0057541000133,IDAC3 bracket 4,3,4,4,731067,-270433,-5385.8624981,171,False
3711.912080500013,IDAC3 bracket 5,3,5,4,731067,-270433,-5385.8624981,228,False
3712.8194831,IDAC3 bracket 6,3,6,4,731105,-270395,-5385.105701500001,152,False
3713.7220875000057,IDAC3 bracket 7,3,7,4,731105,-270395,-5385.105701500001,152,False
3714.6232569999993,IDAC3 bracket 8,3,8,4,731124,-270376,-5384.7273032,133,False
3717.5296562000003,IDAC3 bracket 9,3,9,4,731048,-270452,-5386.2408964,133,False
3718.433826499997,IDAC3 bracket 10,3,10,4,731048,-270452,-5386.2408964,152,False
3719.3412756999896,IDAC3 bracket 11,3,11,4,793838,-207662,-4135.7340934,4978,False
3720.251618600014,IDAC3 bracket 12,3,12,4,888385,-113115,-2252.7644055000005,4100,True
3721.157237999985,IDAC3 bracket 13,3,13,4,961818,-39682,-790.2948074000001,1888,True
3722.0605909999867,IDAC3 bracket 14,3,14,4,1002693,1193,23.759430100000003,1888,True
3722.962238200009,IDAC3 bracket 15,3,15,4,1045169,43669,869.6987033,2193,True
3723.884062099998,IDAC3 bracket 16,3,16,4,1090946,89446,1781.3797022,1850,True
3724.786756299989,IDAC3 bracket 17,3,17,4,1106300,104800,2087.16536,95,True
3725.689883999992,IDAC3 bracket 18,3,18,4,1106338,104838,2087.9221566,114,True
3726.594070399995,IDAC3 bracket 19,3,19,4,1106300,104800,2087.16536,95,True
3727.4958728000056,IDAC3 bracket 20,3,20,4,1106281,104781,2086.7869617,114,True
3728.401075200003,IDAC3 bracket 21,3,21,4,1106300,104800,2087.16536,114,True
3729.305586100003,IDAC3 bracket 22,3,22,4,1106338,104838,2087.9221566,114,True
3730.2158777999866,IDAC3 bracket 23,3,23,4,1106338,104838,2087.9221566,114,True
3731.1208055999887,IDAC3 bracket 24,3,24,4,1106319,104819,2087.5437583000003,133,True
3732.0240871999995,IDAC3 bracket 25,3,25,4,1106319,104819,2087.5437583000003,114,True
3732.9292384999862,IDAC3 bracket 26,3,26,4,1106338,104838,2087.9221566,114,True
3733.834149500006,IDAC3 bracket 27,3,27,4,1106338,104838,2087.9221566,114,True
3734.7390883000044,IDAC3 bracket 28,3,28,4,1106300,104800,2087.16536,114,True
3735.6525489999913,IDAC3 bracket 29,3,29,4,1106319,104819,2087.5437583000003,114,True
3736.563639500004,IDAC3 bracket 30,3,30,4,1106300,104800,2087.16536,114,True
3737.4665198999865,IDAC3 bracket 31,3,31,4,1106338,104838,2087.9221566,95,True
3738.3706716999877,IDAC3 bracket 32,3,32,4,1106319,104819,2087.5437583000003,95,True
3740.072108799999,IDAC3 sonda 32,3,32,4,1106319,104819,2087.5437583000003,114,True
3740.9688045000075,IDAC3 bracket 31,3,31,4,1106319,104819,2087.5437583000003,114,True
3741.868133699987,IDAC3 bracket 30,3,30,4,1106338,104838,2087.9221566,114,True
3742.775399700011,IDAC3 bracket 29,3,29,4,1106300,104800,2087.16536,133,True
3747.303688199987,IDAC3 bracket 28,3,28,4,1106319,104819,2087.5437583000003,95,True
3748.592869699991,IDAC3 bracket 27,3,27,4,1106319,104819,2087.5437583000003,95,True
3749.4941704999947,IDAC3 bracket 26,3,26,4,1106300,104800,2087.16536,114,True
3750.3990908999986,IDAC3 bracket 25,3,25,4,1106319,104819,2087.5437583000003,114,True
3751.30168080001,IDAC3 bracket 24,3,24,4,1106319,104819,2087.5437583000003,114,True
3752.204970999999,IDAC3 bracket 23,3,23,4,1106319,104819,2087.5437583000003,95,True
3756.7412327000056,IDAC3 bracket 22,3,22,4,1106300,104800,2087.16536,133,True
3758.04751460001,IDAC3 bracket 21,3,21,4,1106300,104800,2087.16536,133,True
3758.952732500009,IDAC3 bracket 20,3,20,4,1106319,104819,2087.5437583000003,95,True
3760.019281599991,IDAC3 bracket 19,3,19,4,1106319,104819,2087.5437583000003,114,True
3760.9303073000046,IDAC3 bracket 18,3,18,4,1106338,104838,2087.9221566,114,True
3761.834044899995,IDAC3 bracket 17,3,17,4,1106319,104819,2087.5437583000003,114,True
3764.7370622000017,IDAC3 bracket 16,3,16,4,1106319,104819,2087.5437583000003,114,True
3765.6507817000092,IDAC3 bracket 15,3,15,4,1106338,104838,2087.9221566,114,True
3766.575228300004,IDAC3 bracket 14,3,14,4,1106319,104819,2087.5437583000003,114,True
3767.49126770001,IDAC3 bracket 13,3,13,4,1106319,104819,2087.5437583000003,95,True
3768.392962999991,IDAC3 bracket 12,3,12,4,1106357,104857,2088.3005549,95,True
3769.3008682999935,IDAC3 bracket 11,3,11,4,1106300,104800,2087.16536,95,True
3773.8001047,IDAC3 bracket 10,3,10,4,1106338,104838,2087.9221566,95,True
3775.1038471999927,IDAC3 bracket 9,3,9,4,1106281,104781,2086.7869617,95,True
3776.0068324999884,IDAC3 bracket 8,3,8,4,1106338,104838,2087.9221566,95,True
3776.9085230999917,IDAC3 bracket 7,3,7,4,1106300,104800,2087.16536,114,True
3777.808782200009,IDAC3 bracket 6,3,6,4,1106319,104819,2087.5437583000003,95,True
3778.7095337999926,IDAC3 bracket 5,3,5,4,1106281,104781,2086.7869617,95,True
3779.6102791999874,IDAC3 bracket 4,3,4,4,1106319,104819,2087.5437583000003,114,True
3780.5233568999975,IDAC3 bracket 3,3,3,4,1106300,104800,2087.16536,95,True
3781.421605999989,IDAC3 bracket 2,3,2,4,1106300,104800,2087.16536,95,True
3782.3210830999888,IDAC3 bracket 1,3,1,4,1106319,104819,2087.5437583000003,95,True
3783.220574100007,IDAC3 bracket 0,3,0,4,1106319,104819,2087.5437583000003,95,True
3784.917687500012,IDAC3 restaurado,3,0,4,1106319,104819,2087.5437583000003,95,True
3785.816450699989,IDAC3 bracket -1,3,-1,4,1106319,104819,2087.5437583000003,114,True
3790.4129734000016,IDAC3 bracket -2,3,-2,4,1106300,104800,2087.16536,95,True
3791.7175898000132,IDAC3 bracket -3,3,-3,4,1106338,104838,2087.9221566,114,True
3792.6189795999962,IDAC3 bracket -4,3,-4,4,1106300,104800,2087.16536,114,True
3793.663357100013,IDAC3 bracket -5,3,-5,4,1106300,104800,2087.16536,95,True
3794.570133000001,IDAC3 bracket -6,3,-6,4,1106319,104819,2087.5437583000003,114,True
3795.5067338999943,IDAC3 bracket -7,3,-7,4,1106262,104762,2086.4085634000003,95,True
3800.0015366000007,IDAC3 bracket -8,3,-8,4,1106300,104800,2087.16536,114,True
3801.2821140000015,IDAC3 bracket -9,3,-9,4,1106319,104819,2087.5437583000003,95,True
3802.192390399985,IDAC3 bracket -10,3,-10,4,1106300,104800,2087.16536,95,True
3803.1029839999974,IDAC3 bracket -11,3,-11,4,1106300,104800,2087.16536,95,True
3804.0164947999874,IDAC3 bracket -12,3,-12,4,1106319,104819,2087.5437583000003,95,True
3804.921219300013,IDAC3 bracket -13,3,-13,4,1106319,104819,2087.5437583000003,95,True
3805.822500200011,IDAC3 bracket -14,3,-14,4,1106319,104819,2087.5437583000003,95,True
3806.726635400002,IDAC3 bracket -15,3,-15,4,1106319,104819,2087.5437583000003,133,True
3807.6277408000024,IDAC3 bracket -16,3,-16,4,1106300,104800,2087.16536,114,True
3808.529776100011,IDAC3 bracket -17,3,-17,4,1106300,104800,2087.16536,95,True
3809.4366187000123,IDAC3 bracket -18,3,-18,4,1106300,104800,2087.16536,95,True
3810.342371400009,IDAC3 bracket -19,3,-19,4,1106300,104800,2087.16536,114,True
3811.260648399999,IDAC3 bracket -20,3,-20,4,1056652,55152,1098.3906864,3490,True
3815.761265899986,IDAC3 bracket -21,3,-21,4,731182,-270318,-5383.572192600001,133,False
3817.0645300000033,IDAC3 bracket -22,3,-22,4,731105,-270395,-5385.105701500001,247,False
3817.9733429999906,IDAC3 bracket -23,3,-23,4,731124,-270376,-5384.7273032,152,False
3818.885845300014,IDAC3 bracket -24,3,-24,4,731086,-270414,-5385.4840998,171,False
3819.788881799992,IDAC3 bracket -25,3,-25,4,731124,-270376,-5384.7273032,171,False
3820.692391699995,IDAC3 bracket -26,3,-26,4,731124,-270376,-5384.7273032,190,False
3823.594717400003,IDAC3 bracket -27,3,-27,4,731086,-270414,-5385.4840998,190,False
3824.50580069999,IDAC3 bracket -28,3,-28,4,731105,-270395,-5385.105701500001,133,False
3825.420076999988,IDAC3 bracket -29,3,-29,4,731067,-270433,-5385.8624981,171,False
3826.3239224000135,IDAC3 bracket -30,3,-30,4,731105,-270395,-5385.105701500001,209,False
3827.2259708000056,IDAC3 bracket -31,3,-31,4,731067,-270433,-5385.8624981,133,False
3828.131087099988,IDAC3 bracket -32,3,-32,4,731067,-270433,-5385.8624981,190,False
3831.030620900012,IDAC3 bracket -33,3,-33,4,731067,-270433,-5385.8624981,190,False
3831.936750599998,IDAC3 bracket -34,3,-34,4,731067,-270433,-5385.8624981,171,False
3832.8390631999937,IDAC3 bracket -35,3,-35,4,731124,-270376,-5384.7273032,152,False
3833.7416423000104,IDAC3 bracket -36,3,-36,4,731105,-270395,-5385.105701500001,209,False
3834.6441067999986,IDAC3 bracket -37,3,-37,4,731105,-270395,-5385.105701500001,133,False
3835.5498096999945,IDAC3 bracket -38,3,-38,4,731105,-270395,-5385.105701500001,171,False
3836.463409899996,IDAC3 bracket -39,3,-39,4,731086,-270414,-5385.4840998,133,False
3837.365674200002,IDAC3 bracket -40,3,-40,4,731067,-270433,-5385.8624981,171,False
3838.26968930001,IDAC3 bracket -41,3,-41,4,731105,-270395,-5385.105701500001,190,False
3839.1764316000044,IDAC3 bracket -42,3,-42,4,731067,-270433,-5385.8624981,171,False
3840.081275000004,IDAC3 bracket -43,3,-43,4,731105,-270395,-5385.105701500001,152,False
3840.9876109999896,IDAC3 bracket -44,3,-44,4,731124,-270376,-5384.7273032,171,False
3841.8901333000103,IDAC3 bracket -45,3,-45,4,731105,-270395,-5385.105701500001,152,False
3846.436059200001,IDAC3 bracket -46,3,-46,4,731086,-270414,-5385.4840998,228,False
3847.723896499985,IDAC3 bracket -47,3,-47,4,731105,-270395,-5385.105701500001,133,False
3848.6314798000094,IDAC3 bracket -48,3,-48,4,731086,-270414,-5385.4840998,171,False
3849.540082899999,IDAC3 bracket -49,3,-49,4,731105,-270395,-5385.105701500001,209,False
3850.445515600004,IDAC3 bracket -50,3,-50,4,731124,-270376,-5384.7273032,152,False
3851.3530017999874,IDAC3 bracket -51,3,-51,4,731086,-270414,-5385.4840998,209,False
3852.2743238999974,IDAC3 bracket -52,3,-52,4,731105,-270395,-5385.105701500001,171,False
3853.1804464999877,IDAC3 bracket -53,3,-53,4,731086,-270414,-5385.4840998,209,False
3854.0824328000017,IDAC3 bracket -54,3,-54,4,731086,-270414,-5385.4840998,133,False
3854.987445000006,IDAC3 bracket -55,3,-55,4,731086,-270414,-5385.4840998,133,False
3855.8927557000134,IDAC3 bracket -56,3,-56,4,731086,-270414,-5385.4840998,209,False
3856.7975773999933,IDAC3 bracket -57,3,-57,4,731067,-270433,-5385.8624981,114,False
3857.702357400005,IDAC3 bracket -58,3,-58,4,731086,-270414,-5385.4840998,209,False
3858.6079211999895,IDAC3 bracket -59,3,-59,4,731067,-270433,-5385.8624981,247,False
3861.52577149999,IDAC3 bracket -60,3,-60,4,731086,-270414,-5385.4840998,190,False
3862.4374543000013,IDAC3 bracket -61,3,-61,4,731105,-270395,-5385.105701500001,171,False
3863.3449616,IDAC3 bracket -62,3,-62,4,731124,-270376,-5384.7273032,133,False
3864.2498366000073,IDAC3 bracket -63,3,-63,4,731067,-270433,-5385.8624981,152,False
3865.150076399994,IDAC3 bracket -64,3,-64,4,731124,-270376,-5384.7273032,171,False
3866.8549291999952,IDAC3 sonda -64,3,-64,4,731086,-270414,-5385.4840998,171,False
3871.332792100002,IDAC3 bracket -63,3,-63,4,731105,-270395,-5385.105701500001,171,False
3872.627128699998,IDAC3 bracket -62,3,-62,4,731067,-270433,-5385.8624981,152,False
3873.5429305,IDAC3 bracket -61,3,-61,4,731029,-270471,-5386.619294700001,152,False
3874.453943600005,IDAC3 bracket -60,3,-60,4,731086,-270414,-5385.4840998,171,False
3875.3637177000055,IDAC3 bracket -59,3,-59,4,731124,-270376,-5384.7273032,133,False
3876.2810824000044,IDAC3 bracket -58,3,-58,4,731086,-270414,-5385.4840998,152,False
3877.2027428,IDAC3 bracket -57,3,-57,4,731048,-270452,-5386.2408964,209,False
3878.128369299986,IDAC3 bracket -56,3,-56,4,731048,-270452,-5386.2408964,171,False
3879.034648700006,IDAC3 bracket -55,3,-55,4,731067,-270433,-5385.8624981,152,False
3879.9476681000087,IDAC3 bracket -54,3,-54,4,731029,-270471,-5386.619294700001,152,False
3880.856311899988,IDAC3 bracket -53,3,-53,4,731067,-270433,-5385.8624981,133,False
3881.7667875000043,IDAC3 bracket -52,3,-52,4,731067,-270433,-5385.8624981,133,False
3882.6761400999967,IDAC3 bracket -51,3,-51,4,731105,-270395,-5385.105701500001,171,False
3887.2729211999977,IDAC3 bracket -50,3,-50,4,731105,-270395,-5385.105701500001,190,False
3888.561909000011,IDAC3 bracket -49,3,-49,4,731067,-270433,-5385.8624981,228,False
3889.477811799996,IDAC3 bracket -48,3,-48,4,731086,-270414,-5385.4840998,190,False
3890.388777199987,IDAC3 bracket -47,3,-47,4,731086,-270414,-5385.4840998,133,False
3891.2893658000103,IDAC3 bracket -46,3,-46,4,731048,-270452,-5386.2408964,133,False
3892.1959477000055,IDAC3 bracket -45,3,-45,4,731086,-270414,-5385.4840998,133,False
3896.7439107999962,IDAC3 bracket -44,3,-44,4,731067,-270433,-5385.8624981,190,False
3898.056282800011,IDAC3 bracket -43,3,-43,4,731143,-270357,-5384.3489049,209,False
3898.9636421999894,IDAC3 bracket -42,3,-42,4,731067,-270433,-5385.8624981,133,False
3899.877030200005,IDAC3 bracket -41,3,-41,4,731124,-270376,-5384.7273032,190,False
3900.776618200005,IDAC3 bracket -40,3,-40,4,731067,-270433,-5385.8624981,152,False
3901.6976515999995,IDAC3 bracket -39,3,-39,4,731105,-270395,-5385.105701500001,171,False
3902.600715400011,IDAC3 bracket -38,3,-38,4,731086,-270414,-5385.4840998,133,False
3903.506672999996,IDAC3 bracket -37,3,-37,4,731086,-270414,-5385.4840998,152,False
3904.412865899998,IDAC3 bracket -36,3,-36,4,731048,-270452,-5386.2408964,133,False
3905.318713899993,IDAC3 bracket -35,3,-35,4,731067,-270433,-5385.8624981,190,False
3906.2253168000025,IDAC3 bracket -34,3,-34,4,731086,-270414,-5385.4840998,152,False
3907.132826599991,IDAC3 bracket -33,3,-33,4,731086,-270414,-5385.4840998,209,False
3908.0377888999938,IDAC3 bracket -32,3,-32,4,731048,-270452,-5386.2408964,152,False
3908.9434549,IDAC3 bracket -31,3,-31,4,731086,-270414,-5385.4840998,171,False
3909.846294399991,IDAC3 bracket -30,3,-30,4,731067,-270433,-5385.8624981,190,False
3910.7554385999974,IDAC3 bracket -29,3,-29,4,731029,-270471,-5386.619294700001,133,False
3911.659031499992,IDAC3 bracket -28,3,-28,4,731067,-270433,-5385.8624981,171,False
3912.5607559999917,IDAC3 bracket -27,3,-27,4,731086,-270414,-5385.4840998,209,False
3913.47128540001,IDAC3 bracket -26,3,-26,4,731105,-270395,-5385.105701500001,171,False
3914.3781406999915,IDAC3 bracket -25,3,-25,4,731048,-270452,-5386.2408964,114,False
3915.2916146999924,IDAC3 bracket -24,3,-24,4,731048,-270452,-5386.2408964,152,False
3916.2019197999907,IDAC3 bracket -23,3,-23,4,731067,-270433,-5385.8624981,171,False
3917.102126599988,IDAC3 bracket -22,3,-22,4,731067,-270433,-5385.8624981,152,False
3918.0063045000134,IDAC3 bracket -21,3,-21,4,731105,-270395,-5385.105701500001,171,False
3918.908683799993,IDAC3 bracket -20,3,-20,4,731067,-270433,-5385.8624981,152,False
3919.810765500006,IDAC3 bracket -19,3,-19,4,731124,-270376,-5384.7273032,209,False
3920.7156300999923,IDAC3 bracket -18,3,-18,4,731124,-270376,-5384.7273032,152,False
3921.6182397000084,IDAC3 bracket -17,3,-17,4,731086,-270414,-5385.4840998,114,False
3926.120628600009,IDAC3 bracket -16,3,-16,4,731086,-270414,-5385.4840998,171,False
3927.4265687000006,IDAC3 bracket -15,3,-15,4,731105,-270395,-5385.105701500001,152,False
3928.3352011000097,IDAC3 bracket -14,3,-14,4,731105,-270395,-5385.105701500001,152,False
3929.2433718999964,IDAC3 bracket -13,3,-13,4,731048,-270452,-5386.2408964,171,False
3930.148014300008,IDAC3 bracket -12,3,-12,4,731067,-270433,-5385.8624981,190,False
3931.0542118999874,IDAC3 bracket -11,3,-11,4,731105,-270395,-5385.105701500001,171,False
3931.9602210999874,IDAC3 bracket -10,3,-10,4,731086,-270414,-5385.4840998,171,False
3932.865020700003,IDAC3 bracket -9,3,-9,4,731086,-270414,-5385.4840998,209,False
3933.767601600004,IDAC3 bracket -8,3,-8,4,731067,-270433,-5385.8624981,152,False
3934.672377699986,IDAC3 bracket -7,3,-7,4,731124,-270376,-5384.7273032,171,False
3935.577580000012,IDAC3 bracket -6,3,-6,4,731067,-270433,-5385.8624981,209,False
3936.488976599998,IDAC3 bracket -5,3,-5,4,731086,-270414,-5385.4840998,171,False
3937.3923364999937,IDAC3 bracket -4,3,-4,4,731124,-270376,-5384.7273032,209,False
3941.977908700006,IDAC3 bracket -3,3,-3,4,731105,-270395,-5385.105701500001,171,False
3943.2924912000017,IDAC3 bracket -2,3,-2,4,731124,-270376,-5384.7273032,209,False
3944.2019968999957,IDAC3 bracket -1,3,-1,4,731105,-270395,-5385.105701500001,190,False
3945.1190856999892,IDAC3 bracket 0,3,0,4,731067,-270433,-5385.8624981,171,False
3946.8260894000123,IDAC3 restaurado,3,0,4,731067,-270433,-5385.8624981,152,False
3947.733797699999,IDAC3 bracket 1,3,1,4,731067,-270433,-5385.8624981,190,False
3952.2359908999933,IDAC3 bracket 2,3,2,4,731067,-270433,-5385.8624981,190,False
3953.5241770999855,IDAC3 bracket 3,3,3,4,731124,-270376,-5384.7273032,171,False
3954.4359485000023,IDAC3 bracket 4,3,4,4,731124,-270376,-5384.7273032,152,False
3955.3412296999886,IDAC3 bracket 5,3,5,4,731124,-270376,-5384.7273032,171,False
3956.247805399995,IDAC3 bracket 6,3,6,4,731143,-270357,-5384.3489049,133,False
3957.153915700008,IDAC3 bracket 7,3,7,4,731143,-270357,-5384.3489049,171,False
3958.066686200007,IDAC3 bracket 8,3,8,4,731124,-270376,-5384.7273032,133,False
3958.977990799991,IDAC3 bracket 9,3,9,4,731105,-270395,-5385.105701500001,171,False
3959.895305599988,IDAC3 bracket 10,3,10,4,731105,-270395,-5385.105701500001,190,False
3960.801933300012,IDAC3 bracket 11,3,11,4,731048,-270452,-5386.2408964,209,False
3961.707188200002,IDAC3 bracket 12,3,12,4,731124,-270376,-5384.7273032,209,False
3962.61068849999,IDAC3 bracket 13,3,13,4,821456,-180044,-3585.7022908,5054,False
3963.521282300004,IDAC3 bracket 14,3,14,4,926971,-74529,-1484.2972053,4653,True
3968.115000699996,IDAC3 bracket 15,3,15,4,983791,-17709,-352.68713130000003,1888,True
3969.409397200012,IDAC3 bracket 16,3,16,4,1106281,104781,2086.7869617,133,True
3970.3171411000076,IDAC3 bracket 17,3,17,4,1106281,104781,2086.7869617,133,True
3971.230026400008,IDAC3 bracket 18,3,18,4,1106300,104800,2087.16536,133,True
3972.139850300009,IDAC3 bracket 19,3,19,4,1106281,104781,2086.7869617,114,True
3973.052802399994,IDAC3 bracket 20,3,20,4,1106281,104781,2086.7869617,114,True
3973.9701989000023,IDAC3 bracket 21,3,21,4,1106281,104781,2086.7869617,114,True
3974.877267200005,IDAC3 bracket 22,3,22,4,1106262,104762,2086.4085634000003,114,True
3975.7861409999896,IDAC3 bracket 23,3,23,4,1106319,104819,2087.5437583000003,95,True
3976.7050974000013,IDAC3 bracket 24,3,24,4,1106300,104800,2087.16536,114,True
3977.610228800011,IDAC3 bracket 25,3,25,4,1106300,104800,2087.16536,114,True
3978.5173054999905,IDAC3 bracket 26,3,26,4,1106300,104800,2087.16536,114,True
3979.4317114999867,IDAC3 bracket 27,3,27,4,1106281,104781,2086.7869617,114,True
3980.3384734000138,IDAC3 bracket 28,3,28,4,1106319,104819,2087.5437583000003,114,True
3981.245653699996,IDAC3 bracket 29,3,29,4,1106319,104819,2087.5437583000003,152,True
3982.1558802000072,IDAC3 bracket 30,3,30,4,1106262,104762,2086.4085634000003,95,True
3983.06304790001,IDAC3 bracket 31,3,31,4,1106262,104762,2086.4085634000003,95,True
3983.9751140000008,IDAC3 bracket 32,3,32,4,1106281,104781,2086.7869617,114,True
3984.881951599993,IDAC3 bracket 33,3,33,4,1106281,104781,2086.7869617,114,True
3985.7876087999903,IDAC3 bracket 34,3,34,4,1106300,104800,2087.16536,114,True
3986.693558400002,IDAC3 bracket 35,3,35,4,1106338,104838,2087.9221566,133,True
3991.1784961000085,IDAC3 bracket 36,3,36,4,1106300,104800,2087.16536,95,True
3992.4713091999874,IDAC3 bracket 37,3,37,4,1106281,104781,2086.7869617,114,True
3993.381900999986,IDAC3 bracket 38,3,38,4,1106319,104819,2087.5437583000003,114,True
3994.2855533999973,IDAC3 bracket 39,3,39,4,1106300,104800,2087.16536,114,True
3995.193094599992,IDAC3 bracket 40,3,40,4,1106319,104819,2087.5437583000003,114,True
3996.096993299987,IDAC3 bracket 41,3,41,4,1106319,104819,2087.5437583000003,95,True
3997.0070496000117,IDAC3 bracket 42,3,42,4,1106300,104800,2087.16536,114,True
3997.9165047999995,IDAC3 bracket 43,3,43,4,1106300,104800,2087.16536,114,True
3998.8205935999868,IDAC3 bracket 44,3,44,4,1106300,104800,2087.16536,95,True
3999.7249022999895,IDAC3 bracket 45,3,45,4,1106319,104819,2087.5437583000003,114,True
4000.6275176999916,IDAC3 bracket 46,3,46,4,1106300,104800,2087.16536,95,True
4001.534839300002,IDAC3 bracket 47,3,47,4,1106338,104838,2087.9221566,114,True
4002.441730899998,IDAC3 bracket 48,3,48,4,1106338,104838,2087.9221566,95,True
4003.3475117000053,IDAC3 bracket 49,3,49,4,1106300,104800,2087.16536,76,True
4004.2534486000077,IDAC3 bracket 50,3,50,4,1106319,104819,2087.5437583000003,114,True
4005.1582011000137,IDAC3 bracket 51,3,51,4,1106319,104819,2087.5437583000003,95,True
4006.062807899987,IDAC3 bracket 52,3,52,4,1106300,104800,2087.16536,95,True
4006.969630300009,IDAC3 bracket 53,3,53,4,1106300,104800,2087.16536,114,True
4007.873701100005,IDAC3 bracket 54,3,54,4,1106300,104800,2087.16536,114,True
4008.7800867999904,IDAC3 bracket 55,3,55,4,1106300,104800,2087.16536,114,True
4009.6902502999874,IDAC3 bracket 56,3,56,4,1106319,104819,2087.5437583000003,95,True
4012.5941249000025,IDAC3 bracket 57,3,57,4,1106319,104819,2087.5437583000003,95,True
4013.499401899986,IDAC3 bracket 58,3,58,4,1106300,104800,2087.16536,114,True
4014.4138724000077,IDAC3 bracket 59,3,59,4,1106300,104800,2087.16536,114,True
4015.318881000014,IDAC3 bracket 60,3,60,4,1106319,104819,2087.5437583000003,95,True
4016.239959700004,IDAC3 bracket 61,3,61,4,1106300,104800,2087.16536,95,True
4017.1463242000027,IDAC3 bracket 62,3,62,4,1106300,104800,2087.16536,114,True
4018.056490899995,IDAC3 bracket 63,3,63,4,1106300,104800,2087.16536,95,True
4018.9681267999986,IDAC3 bracket 64,3,64,4,1106300,104800,2087.16536,95,True
4020.67460150001,IDAC3 sonda 64,3,64,4,1106281,104781,2086.7869617,95,True
4021.576620100008,IDAC3 bracket 63,3,63,4,1106319,104819,2087.5437583000003,95,True
4022.4835044000065,IDAC3 bracket 62,3,62,4,1106300,104800,2087.16536,95,True
4023.3871335999866,IDAC3 bracket 61,3,61,4,1106281,104781,2086.7869617,95,True
4024.2893017999886,IDAC3 bracket 60,3,60,4,1106338,104838,2087.9221566,76,True
4025.2018291999993,IDAC3 bracket 59,3,59,4,1106300,104800,2087.16536,95,True
4026.1078233000007,IDAC3 bracket 58,3,58,4,1106300,104800,2087.16536,95,True
4027.0144328000024,IDAC3 bracket 57,3,57,4,1106300,104800,2087.16536,95,True
4027.9232107000134,IDAC3 bracket 56,3,56,4,1106281,104781,2086.7869617,95,True
4028.828960199986,IDAC3 bracket 55,3,55,4,1106319,104819,2087.5437583000003,114,True
4029.733517099987,IDAC3 bracket 54,3,54,4,1106300,104800,2087.16536,114,True
4030.640532899997,IDAC3 bracket 53,3,53,4,1106281,104781,2086.7869617,114,True
4031.547388100007,IDAC3 bracket 52,3,52,4,1106300,104800,2087.16536,133,True
4036.042304200004,IDAC3 bracket 51,3,51,4,1106281,104781,2086.7869617,95,True
4037.330928599986,IDAC3 bracket 50,3,50,4,1106281,104781,2086.7869617,95,True
4038.242975000001,IDAC3 bracket 49,3,49,4,1106281,104781,2086.7869617,114,True
4039.1535975000006,IDAC3 bracket 48,3,48,4,1106300,104800,2087.16536,95,True
4040.068418699986,IDAC3 bracket 47,3,47,4,1106281,104781,2086.7869617,95,True
4040.982040700008,IDAC3 bracket 46,3,46,4,1106319,104819,2087.5437583000003,95,True
4041.8881574000116,IDAC3 bracket 45,3,45,4,1106281,104781,2086.7869617,95,True
4042.7963173000026,IDAC3 bracket 44,3,44,4,1106300,104800,2087.16536,95,True
4043.7028210000135,IDAC3 bracket 43,3,43,4,1106319,104819,2087.5437583000003,95,True
4044.6345946000074,IDAC3 bracket 42,3,42,4,1106338,104838,2087.9221566,114,True
4045.5420603000093,IDAC3 bracket 41,3,41,4,1106300,104800,2087.16536,95,True
4046.449989799992,IDAC3 bracket 40,3,40,4,1106319,104819,2087.5437583000003,133,True
4047.356202199997,IDAC3 bracket 39,3,39,4,1106319,104819,2087.5437583000003,114,True
4051.8806222999992,IDAC3 bracket 38,3,38,4,1106300,104800,2087.16536,114,True
4053.162045300007,IDAC3 bracket 37,3,37,4,1106319,104819,2087.5437583000003,114,True
4054.070080000005,IDAC3 bracket 36,3,36,4,1106300,104800,2087.16536,95,True
4054.9834491999936,IDAC3 bracket 35,3,35,4,1106262,104762,2086.4085634000003,114,True
4055.8935924000107,IDAC3 bracket 34,3,34,4,1106300,104800,2087.16536,114,True
4056.804816399992,IDAC3 bracket 33,3,33,4,1106319,104819,2087.5437583000003,114,True
4059.724576800014,IDAC3 bracket 32,3,32,4,1106338,104838,2087.9221566,133,True
4060.6357509999943,IDAC3 bracket 31,3,31,4,1106338,104838,2087.9221566,114,True
4061.545410699997,IDAC3 bracket 30,3,30,4,1106300,104800,2087.16536,95,True
4062.47111459999,IDAC3 bracket 29,3,29,4,1106300,104800,2087.16536,95,True
4063.3784562000073,IDAC3 bracket 28,3,28,4,1106319,104819,2087.5437583000003,114,True
4064.2911106999964,IDAC3 bracket 27,3,27,4,1106300,104800,2087.16536,114,True
4068.8004796000023,IDAC3 bracket 26,3,26,4,1106300,104800,2087.16536,152,True
4070.0904012999963,IDAC3 bracket 25,3,25,4,1106300,104800,2087.16536,133,True
4071.0062576000055,IDAC3 bracket 24,3,24,4,1106300,104800,2087.16536,133,True
4071.9252870999917,IDAC3 bracket 23,3,23,4,1106300,104800,2087.16536,133,True
4072.8374115999904,IDAC3 bracket 22,3,22,4,1106338,104838,2087.9221566,114,True
4073.7465206999914,IDAC3 bracket 21,3,21,4,1106319,104819,2087.5437583000003,95,True
4076.6677868000115,IDAC3 bracket 20,3,20,4,1106357,104857,2088.3005549,114,True
4077.579760499997,IDAC3 bracket 19,3,19,4,1106319,104819,2087.5437583000003,95,True
4078.4905582999927,IDAC3 bracket 18,3,18,4,1106281,104781,2086.7869617,95,True
4079.4176745000004,IDAC3 bracket 17,3,17,4,1106300,104800,2087.16536,114,True
4080.338586099999,IDAC3 bracket 16,3,16,4,1106300,104800,2087.16536,114,True
4081.251673999999,IDAC3 bracket 15,3,15,4,1106300,104800,2087.16536,133,True
4082.169580799993,IDAC3 bracket 14,3,14,4,1106300,104800,2087.16536,95,True
4083.0917001999915,IDAC3 bracket 13,3,13,4,1106319,104819,2087.5437583000003,114,True
4084.0207256999856,IDAC3 bracket 12,3,12,4,1106300,104800,2087.16536,114,True
4084.9475388999854,IDAC3 bracket 11,3,11,4,1106300,104800,2087.16536,114,True
4085.862046800001,IDAC3 bracket 10,3,10,4,1106319,104819,2087.5437583000003,133,True
4086.7809392999916,IDAC3 bracket 9,3,9,4,1106300,104800,2087.16536,114,True
4087.6863881000027,IDAC3 bracket 8,3,8,4,1106300,104800,2087.16536,133,True
4092.2130764999893,IDAC3 bracket 7,3,7,4,1106300,104800,2087.16536,114,True
4093.5049312000046,IDAC3 bracket 6,3,6,4,1106338,104838,2087.9221566,114,True
4094.4257881999947,IDAC3 bracket 5,3,5,4,1106300,104800,2087.16536,133,True
4095.3438509000116,IDAC3 bracket 4,3,4,4,1106300,104800,2087.16536,133,True
4096.254246199998,IDAC3 bracket 3,3,3,4,1106300,104800,2087.16536,133,True
4097.1686832999985,IDAC3 bracket 2,3,2,4,1106319,104819,2087.5437583000003,133,True
4098.077078000002,IDAC3 bracket 1,3,1,4,1106281,104781,2086.7869617,95,True
4098.994531000004,IDAC3 bracket 0,3,0,4,1106300,104800,2087.16536,114,True
4100.705451499991,IDAC3 restaurado,3,0,4,1106319,104819,2087.5437583000003,114,True
4101.634198099986,IDAC3 bracket -1,3,-1,4,1106319,104819,2087.5437583000003,114,True
4102.5492452000035,IDAC3 bracket -2,3,-2,4,1106300,104800,2087.16536,114,True
4103.458733999985,IDAC3 bracket -3,3,-3,4,1106319,104819,2087.5437583000003,114,True
4104.366918999993,IDAC3 bracket -4,3,-4,4,1106281,104781,2086.7869617,114,True
4108.975472799997,IDAC3 bracket -5,3,-5,4,1106300,104800,2087.16536,114,True
4110.273157999996,IDAC3 bracket -6,3,-6,4,1106300,104800,2087.16536,114,True
4111.1845370999945,IDAC3 bracket -7,3,-7,4,1106300,104800,2087.16536,114,True
4112.097814700013,IDAC3 bracket -8,3,-8,4,1106319,104819,2087.5437583000003,114,True
4113.008459200006,IDAC3 bracket -9,3,-9,4,1106281,104781,2086.7869617,133,True
4113.922062600002,IDAC3 bracket -10,3,-10,4,1106319,104819,2087.5437583000003,114,True
4118.462993900001,IDAC3 bracket -11,3,-11,4,1106338,104838,2087.9221566,95,True
4119.750944700005,IDAC3 bracket -12,3,-12,4,1106300,104800,2087.16536,95,True
4120.660042300005,IDAC3 bracket -13,3,-13,4,1106319,104819,2087.5437583000003,133,True
4121.565817199997,IDAC3 bracket -14,3,-14,4,1106300,104800,2087.16536,114,True
4122.468216899986,IDAC3 bracket -15,3,-15,4,1106300,104800,2087.16536,152,True
4123.377678799996,IDAC3 bracket -16,3,-16,4,1106281,104781,2086.7869617,114,True
4127.876491400006,IDAC3 bracket -17,3,-17,4,946674,-54826,-1091.8981681999999,4196,True
4129.169089700008,IDAC3 bracket -18,3,-18,4,777492,-224008,-4461.2761256,8583,False
4130.0812113999855,IDAC3 bracket -19,3,-19,4,731067,-270433,-5385.8624981,152,False
4130.993396800011,IDAC3 bracket -20,3,-20,4,731067,-270433,-5385.8624981,190,False
4131.905990900006,IDAC3 bracket -21,3,-21,4,731048,-270452,-5386.2408964,152,False
4136.502728199994,IDAC3 bracket -22,3,-22,4,731086,-270414,-5385.4840998,171,False
4137.794987900008,IDAC3 bracket -23,3,-23,4,731067,-270433,-5385.8624981,171,False
4138.714536099986,IDAC3 bracket -24,3,-24,4,731067,-270433,-5385.8624981,152,False
4139.623453700013,IDAC3 bracket -25,3,-25,4,731067,-270433,-5385.8624981,190,False
4140.531640000001,IDAC3 bracket -26,3,-26,4,731067,-270433,-5385.8624981,171,False
4141.439771600009,IDAC3 bracket -27,3,-27,4,731086,-270414,-5385.4840998,133,False
4145.9809427,IDAC3 bracket -28,3,-28,4,731067,-270433,-5385.8624981,133,False
4147.270543699997,IDAC3 bracket -29,3,-29,4,731105,-270395,-5385.105701500001,171,False
4148.175461000006,IDAC3 bracket -30,3,-30,4,731124,-270376,-5384.7273032,152,False
4149.094150099991,IDAC3 bracket -31,3,-31,4,731067,-270433,-5385.8624981,190,False
4150.008665600006,IDAC3 bracket -32,3,-32,4,731086,-270414,-5385.4840998,171,False
4150.912118800014,IDAC3 bracket -33,3,-33,4,731105,-270395,-5385.105701500001,171,False
4151.815491599991,IDAC3 bracket -34,3,-34,4,731029,-270471,-5386.619294700001,152,False
4152.722153699986,IDAC3 bracket -35,3,-35,4,731048,-270452,-5386.2408964,171,False
4153.641202700004,IDAC3 bracket -36,3,-36,4,731067,-270433,-5385.8624981,114,False
4154.546629199991,IDAC3 bracket -37,3,-37,4,731086,-270414,-5385.4840998,133,False
4155.451025999995,IDAC3 bracket -38,3,-38,4,731029,-270471,-5386.619294700001,114,False
4156.371750499995,IDAC3 bracket -39,3,-39,4,731086,-270414,-5385.4840998,133,False
4157.283509700006,IDAC3 bracket -40,3,-40,4,731067,-270433,-5385.8624981,171,False
4161.8156915,IDAC3 bracket -41,3,-41,4,731086,-270414,-5385.4840998,152,False
4163.110774300003,IDAC3 bracket -42,3,-42,4,731105,-270395,-5385.105701500001,114,False
4164.019365099986,IDAC3 bracket -43,3,-43,4,731067,-270433,-5385.8624981,152,False
4164.929919999995,IDAC3 bracket -44,3,-44,4,731010,-270490,-5386.997693,171,False
4165.847277199995,IDAC3 bracket -45,3,-45,4,731067,-270433,-5385.8624981,171,False
4166.758062999987,IDAC3 bracket -46,3,-46,4,731067,-270433,-5385.8624981,152,False
4167.6679993,IDAC3 bracket -47,3,-47,4,731048,-270452,-5386.2408964,152,False
4168.5862242,IDAC3 bracket -48,3,-48,4,731029,-270471,-5386.619294700001,171,False
4169.506952800002,IDAC3 bracket -49,3,-49,4,731048,-270452,-5386.2408964,133,False
4170.461565000005,IDAC3 bracket -50,3,-50,4,731048,-270452,-5386.2408964,190,False
4171.371749399987,IDAC3 bracket -51,3,-51,4,731086,-270414,-5385.4840998,152,False
4172.283307900012,IDAC3 bracket -52,3,-52,4,731105,-270395,-5385.105701500001,190,False
4173.189149000013,IDAC3 bracket -53,3,-53,4,731067,-270433,-5385.8624981,133,False
4177.731066999986,IDAC3 bracket -54,3,-54,4,731048,-270452,-5386.2408964,171,False
4179.033625000011,IDAC3 bracket -55,3,-55,4,731067,-270433,-5385.8624981,133,False
4179.954356500006,IDAC3 bracket -56,3,-56,4,731010,-270490,-5386.997693,171,False
4180.874142399989,IDAC3 bracket -57,3,-57,4,731067,-270433,-5385.8624981,133,False
4181.781037000008,IDAC3 bracket -58,3,-58,4,731105,-270395,-5385.105701500001,133,False
4182.688481099991,IDAC3 bracket -59,3,-59,4,731048,-270452,-5386.2408964,171,False
4183.606414699985,IDAC3 bracket -60,3,-60,4,731048,-270452,-5386.2408964,133,False
4184.525476200011,IDAC3 bracket -61,3,-61,4,731029,-270471,-5386.619294700001,171,False
4185.434559199988,IDAC3 bracket -62,3,-62,4,731067,-270433,-5385.8624981,152,False
4186.339628899994,IDAC3 bracket -63,3,-63,4,731067,-270433,-5385.8624981,114,False
4187.242207300005,IDAC3 bracket -64,3,-64,4,731067,-270433,-5385.8624981,152,False
4188.150950599986,IDAC3 bracket -65,3,-65,4,731086,-270414,-5385.4840998,133,False
4189.058097900008,IDAC3 bracket -66,3,-66,4,731067,-270433,-5385.8624981,152,False
4193.651430900005,IDAC3 bracket -67,3,-67,4,731086,-270414,-5385.4840998,133,False
4194.969179100008,IDAC3 bracket -68,3,-68,4,731105,-270395,-5385.105701500001,152,False
4195.879708399996,IDAC3 bracket -69,3,-69,4,731067,-270433,-5385.8624981,190,False
4196.787771400006,IDAC3 bracket -70,3,-70,4,731086,-270414,-5385.4840998,133,False
4197.698336100002,IDAC3 bracket -71,3,-71,4,731105,-270395,-5385.105701500001,152,False
4198.608274600003,IDAC3 bracket -72,3,-72,4,731067,-270433,-5385.8624981,171,False
4203.161307400005,IDAC3 bracket -73,3,-73,4,731086,-270414,-5385.4840998,228,False
4204.463796199998,IDAC3 bracket -74,3,-74,4,731086,-270414,-5385.4840998,152,False
4205.379390999995,IDAC3 bracket -75,3,-75,4,731067,-270433,-5385.8624981,114,False
4206.298275300011,IDAC3 bracket -76,3,-76,4,731067,-270433,-5385.8624981,209,False
4207.22561329999,IDAC3 bracket -77,3,-77,4,731086,-270414,-5385.4840998,171,False
4208.135800799995,IDAC3 bracket -78,3,-78,4,731067,-270433,-5385.8624981,190,False
4209.046864700009,IDAC3 bracket -79,3,-79,4,731086,-270414,-5385.4840998,152,False
4209.9531418000115,IDAC3 bracket -80,3,-80,4,731124,-270376,-5384.7273032,133,False
4210.862027299998,IDAC3 bracket -81,3,-81,4,731086,-270414,-5385.4840998,152,False
4211.774016899988,IDAC3 bracket -82,3,-82,4,731086,-270414,-5385.4840998,171,False
4212.685783099994,IDAC3 bracket -83,3,-83,4,731048,-270452,-5386.2408964,190,False
4213.591014500009,IDAC3 bracket -84,3,-84,4,731067,-270433,-5385.8624981,190,False
4214.501063200005,IDAC3 bracket -85,3,-85,4,731067,-270433,-5385.8624981,133,False
4219.03106020001,IDAC3 bracket -86,3,-86,4,731105,-270395,-5385.105701500001,133,False
4220.325699600013,IDAC3 bracket -87,3,-87,4,731048,-270452,-5386.2408964,171,False
4221.243101200002,IDAC3 bracket -88,3,-88,4,731067,-270433,-5385.8624981,190,False
4222.1628146999865,IDAC3 bracket -89,3,-89,4,731086,-270414,-5385.4840998,190,False
4223.073375000007,IDAC3 bracket -90,3,-90,4,731124,-270376,-5384.7273032,152,False
4223.980359000008,IDAC3 bracket -91,3,-91,4,731048,-270452,-5386.2408964,190,False
4224.92185079999,IDAC3 bracket -92,3,-92,4,731086,-270414,-5385.4840998,133,False
4225.842771800002,IDAC3 bracket -93,3,-93,4,731067,-270433,-5385.8624981,247,False
4226.749283000012,IDAC3 bracket -94,3,-94,4,731086,-270414,-5385.4840998,209,False
4227.660574999987,IDAC3 bracket -95,3,-95,4,731143,-270357,-5384.3489049,152,False
4228.565862499992,IDAC3 bracket -96,3,-96,4,731105,-270395,-5385.105701500001,171,False
4229.4739236999885,IDAC3 bracket -97,3,-97,4,731105,-270395,-5385.105701500001,171,False
4230.385550600011,IDAC3 bracket -98,3,-98,4,731048,-270452,-5386.2408964,133,False
4234.987290899997,IDAC3 bracket -99,3,-99,4,731124,-270376,-5384.7273032,133,False
4236.279827099992,IDAC3 bracket -100,3,-100,4,731086,-270414,-5385.4840998,133,False
4237.187346799998,IDAC3 bracket -101,3,-101,4,731105,-270395,-5385.105701500001,152,False
4238.102141300013,IDAC3 bracket -102,3,-102,4,731067,-270433,-5385.8624981,152,False
4239.011426000012,IDAC3 bracket -103,3,-103,4,731067,-270433,-5385.8624981,152,False
4239.94625909999,IDAC3 bracket -104,3,-104,4,731067,-270433,-5385.8624981,152,False
4244.493417299993,IDAC3 bracket -105,3,-105,4,731010,-270490,-5386.997693,171,False
4245.7626015999995,IDAC3 bracket -106,3,-106,4,731048,-270452,-5386.2408964,171,False
4246.672905199986,IDAC3 bracket -107,3,-107,4,731086,-270414,-5385.4840998,171,False
4247.582702499989,IDAC3 bracket -108,3,-108,4,731048,-270452,-5386.2408964,171,False
4248.487528199999,IDAC3 bracket -109,3,-109,4,731067,-270433,-5385.8624981,171,False
4249.397859599994,IDAC3 bracket -110,3,-110,4,731067,-270433,-5385.8624981,152,False
4253.938347099989,IDAC3 bracket -111,3,-111,4,731086,-270414,-5385.4840998,152,False
4255.210657699994,IDAC3 bracket -112,3,-112,4,731067,-270433,-5385.8624981,152,False
4256.120487899985,IDAC3 bracket -113,3,-113,4,731086,-270414,-5385.4840998,190,False
4257.035781299986,IDAC3 bracket -114,3,-114,4,731010,-270490,-5386.997693,171,False
4257.941989000014,IDAC3 bracket -115,3,-115,4,731105,-270395,-5385.105701500001,171,False
4258.851227100007,IDAC3 bracket -116,3,-116,4,731067,-270433,-5385.8624981,152,False
4263.361160200002,IDAC3 bracket -117,3,-117,4,731010,-270490,-5386.997693,152,False
4264.654529199994,IDAC3 bracket -118,3,-118,4,731048,-270452,-5386.2408964,171,False
4265.564486499992,IDAC3 bracket -119,3,-119,4,731048,-270452,-5386.2408964,152,False
4266.639255599992,IDAC3 bracket -120,3,-120,4,731010,-270490,-5386.997693,152,False
4267.558609600004,IDAC3 bracket -121,3,-121,4,731086,-270414,-5385.4840998,209,False
4268.473128499987,IDAC3 bracket -122,3,-122,4,731048,-270452,-5386.2408964,152,False
4269.383483200014,IDAC3 bracket -123,3,-123,4,731086,-270414,-5385.4840998,133,False
4270.2995037999935,IDAC3 bracket -124,3,-124,4,731029,-270471,-5386.619294700001,152,False
4271.215704700007,IDAC3 bracket -125,3,-125,4,731086,-270414,-5385.4840998,152,False
4272.124479399994,IDAC3 bracket -126,3,-126,4,731048,-270452,-5386.2408964,114,False
4273.047163899988,IDAC3 bracket -127,3,-127,4,731067,-270433,-5385.8624981,152,False
4273.968720300007,IDAC3 bracket -128,3,-128,4,731105,-270395,-5385.105701500001,133,False
4275.67366890001,IDAC3 sonda -128,3,-128,4,731048,-270452,-5386.2408964,133,False
4276.576810300001,IDAC3 bracket -127,3,-127,4,731048,-270452,-5386.2408964,171,False
4277.487141099991,IDAC3 bracket -126,3,-126,4,731029,-270471,-5386.619294700001,152,False
4278.404080500011,IDAC3 bracket -125,3,-125,4,731048,-270452,-5386.2408964,133,False
4279.318415099988,IDAC3 bracket -124,3,-124,4,731048,-270452,-5386.2408964,114,False
4280.228930200014,IDAC3 bracket -123,3,-123,4,731048,-270452,-5386.2408964,152,False
4281.142731700005,IDAC3 bracket -122,3,-122,4,731048,-270452,-5386.2408964,152,False
4282.051590799994,IDAC3 bracket -121,3,-121,4,731067,-270433,-5385.8624981,171,False
4286.655614299991,IDAC3 bracket -120,3,-120,4,731048,-270452,-5386.2408964,133,False
4287.936673499993,IDAC3 bracket -119,3,-119,4,731010,-270490,-5386.997693,114,False
4288.854922600003,IDAC3 bracket -118,3,-118,4,731067,-270433,-5385.8624981,171,False
4289.770387500001,IDAC3 bracket -117,3,-117,4,731048,-270452,-5386.2408964,228,False
4290.6835439999995,IDAC3 bracket -116,3,-116,4,731086,-270414,-5385.4840998,133,False
4291.594618100004,IDAC3 bracket -115,3,-115,4,731048,-270452,-5386.2408964,171,False
4292.509055500006,IDAC3 bracket -114,3,-114,4,731010,-270490,-5386.997693,114,False
4293.418655599991,IDAC3 bracket -113,3,-113,4,731067,-270433,-5385.8624981,171,False
4294.323649800004,IDAC3 bracket -112,3,-112,4,730991,-270509,-5387.376091300001,209,False
4295.231202099996,IDAC3 bracket -111,3,-111,4,731010,-270490,-5386.997693,114,False
4296.1394481000025,IDAC3 bracket -110,3,-110,4,731067,-270433,-5385.8624981,152,False
4297.047884500003,IDAC3 bracket -109,3,-109,4,731067,-270433,-5385.8624981,190,False
4297.9544734999945,IDAC3 bracket -108,3,-108,4,731086,-270414,-5385.4840998,133,False
4298.862443299993,IDAC3 bracket -107,3,-107,4,731086,-270414,-5385.4840998,228,False
4299.767546399991,IDAC3 bracket -106,3,-106,4,731086,-270414,-5385.4840998,152,False
4300.673801900004,IDAC3 bracket -105,3,-105,4,731067,-270433,-5385.8624981,114,False
4301.5855137000035,IDAC3 bracket -104,3,-104,4,731048,-270452,-5386.2408964,133,False
4302.492672199995,IDAC3 bracket -103,3,-103,4,731010,-270490,-5386.997693,171,False
4303.398527999991,IDAC3 bracket -102,3,-102,4,731029,-270471,-5386.619294700001,171,False
4304.310417800007,IDAC3 bracket -101,3,-101,4,731086,-270414,-5385.4840998,152,False
4305.218163200014,IDAC3 bracket -100,3,-100,4,731067,-270433,-5385.8624981,114,False
4309.6973590000125,IDAC3 bracket -99,3,-99,4,731086,-270414,-5385.4840998,171,False
4311.0093566,IDAC3 bracket -98,3,-98,4,731086,-270414,-5385.4840998,114,False
4311.921927299991,IDAC3 bracket -97,3,-97,4,731048,-270452,-5386.2408964,190,False
4312.982305999991,IDAC3 bracket -96,3,-96,4,731067,-270433,-5385.8624981,171,False
4313.894312599994,IDAC3 bracket -95,3,-95,4,731067,-270433,-5385.8624981,133,False
4314.806001199991,IDAC3 bracket -94,3,-94,4,731067,-270433,-5385.8624981,133,False
4315.7273754999915,IDAC3 bracket -93,3,-93,4,731086,-270414,-5385.4840998,133,False
4316.64512500001,IDAC3 bracket -92,3,-92,4,731086,-270414,-5385.4840998,171,False
4317.5543042999925,IDAC3 bracket -91,3,-91,4,731067,-270433,-5385.8624981,190,False
4318.464120799996,IDAC3 bracket -90,3,-90,4,731086,-270414,-5385.4840998,152,False
4319.376882899989,IDAC3 bracket -89,3,-89,4,731048,-270452,-5386.2408964,152,False
4320.287220500002,IDAC3 bracket -88,3,-88,4,731067,-270433,-5385.8624981,228,False
4321.19782999999,IDAC3 bracket -87,3,-87,4,731048,-270452,-5386.2408964,190,False
4325.6916652999935,IDAC3 bracket -86,3,-86,4,731067,-270433,-5385.8624981,190,False
4326.971531099989,IDAC3 bracket -85,3,-85,4,731086,-270414,-5385.4840998,209,False
4327.887032300001,IDAC3 bracket -84,3,-84,4,731067,-270433,-5385.8624981,190,False
4328.809955600009,IDAC3 bracket -83,3,-83,4,731086,-270414,-5385.4840998,209,False
4329.720198700001,IDAC3 bracket -82,3,-82,4,731105,-270395,-5385.105701500001,171,False
4330.638669200009,IDAC3 bracket -81,3,-81,4,731067,-270433,-5385.8624981,190,False
4333.554371200007,IDAC3 bracket -80,3,-80,4,731029,-270471,-5386.619294700001,133,False
4334.462038700003,IDAC3 bracket -79,3,-79,4,731048,-270452,-5386.2408964,133,False
4335.3784640000085,IDAC3 bracket -78,3,-78,4,731029,-270471,-5386.619294700001,190,False
4336.292167300009,IDAC3 bracket -77,3,-77,4,731029,-270471,-5386.619294700001,190,False
4337.200718800013,IDAC3 bracket -76,3,-76,4,731105,-270395,-5385.105701500001,152,False
4338.1128799,IDAC3 bracket -75,3,-75,4,731067,-270433,-5385.8624981,152,False
4339.023421899998,IDAC3 bracket -74,3,-74,4,731086,-270414,-5385.4840998,171,False
4339.932997399999,IDAC3 bracket -73,3,-73,4,731105,-270395,-5385.105701500001,133,False
4340.84855960001,IDAC3 bracket -72,3,-72,4,731086,-270414,-5385.4840998,152,False
4341.754829000012,IDAC3 bracket -71,3,-71,4,731086,-270414,-5385.4840998,152,False
4342.682378600002,IDAC3 bracket -70,3,-70,4,731067,-270433,-5385.8624981,152,False
4343.600228199997,IDAC3 bracket -69,3,-69,4,731067,-270433,-5385.8624981,152,False
4344.510778800002,IDAC3 bracket -68,3,-68,4,731067,-270433,-5385.8624981,209,False
4349.1123046999855,IDAC3 bracket -67,3,-67,4,731067,-270433,-5385.8624981,171,False
4350.411451099993,IDAC3 bracket -66,3,-66,4,731048,-270452,-5386.2408964,133,False
4351.3289964,IDAC3 bracket -65,3,-65,4,731086,-270414,-5385.4840998,133,False
4352.243465200008,IDAC3 bracket -64,3,-64,4,731067,-270433,-5385.8624981,133,False
4353.156033600011,IDAC3 bracket -63,3,-63,4,731086,-270414,-5385.4840998,209,False
4354.063088900002,IDAC3 bracket -62,3,-62,4,731067,-270433,-5385.8624981,171,False
4358.549900399987,IDAC3 bracket -61,3,-61,4,731067,-270433,-5385.8624981,171,False
4359.841341599997,IDAC3 bracket -60,3,-60,4,731067,-270433,-5385.8624981,133,False
4360.75712200001,IDAC3 bracket -59,3,-59,4,731105,-270395,-5385.105701500001,209,False
4361.673800499993,IDAC3 bracket -58,3,-58,4,731048,-270452,-5386.2408964,171,False
4362.5814825000125,IDAC3 bracket -57,3,-57,4,731086,-270414,-5385.4840998,152,False
4363.490099199989,IDAC3 bracket -56,3,-56,4,731048,-270452,-5386.2408964,133,False
4364.399465299997,IDAC3 bracket -55,3,-55,4,731067,-270433,-5385.8624981,209,False
4365.317066399992,IDAC3 bracket -54,3,-54,4,731029,-270471,-5386.619294700001,133,False
4366.2285575999995,IDAC3 bracket -53,3,-53,4,731086,-270414,-5385.4840998,171,False
4367.142375700001,IDAC3 bracket -52,3,-52,4,731067,-270433,-5385.8624981,171,False
4368.056513299991,IDAC3 bracket -51,3,-51,4,731048,-270452,-5386.2408964,152,False
4368.967061000003,IDAC3 bracket -50,3,-50,4,731067,-270433,-5385.8624981,152,False
4369.883734700008,IDAC3 bracket -49,3,-49,4,731067,-270433,-5385.8624981,133,False
4374.429908399994,IDAC3 bracket -48,3,-48,4,731105,-270395,-5385.105701500001,171,False
4375.728428300004,IDAC3 bracket -47,3,-47,4,731086,-270414,-5385.4840998,171,False
4376.642977200012,IDAC3 bracket -46,3,-46,4,731048,-270452,-5386.2408964,190,False
4377.559744099999,IDAC3 bracket -45,3,-45,4,731048,-270452,-5386.2408964,171,False
4378.472357199993,IDAC3 bracket -44,3,-44,4,731029,-270471,-5386.619294700001,190,False
4379.385564800003,IDAC3 bracket -43,3,-43,4,731048,-270452,-5386.2408964,152,False
4383.862382099993,IDAC3 bracket -42,3,-42,4,731067,-270433,-5385.8624981,152,False
4385.158300400013,IDAC3 bracket -41,3,-41,4,731105,-270395,-5385.105701500001,152,False
4386.072666199994,IDAC3 bracket -40,3,-40,4,731067,-270433,-5385.8624981,114,False
4386.983797099994,IDAC3 bracket -39,3,-39,4,731048,-270452,-5386.2408964,152,False
4387.898077699996,IDAC3 bracket -38,3,-38,4,731067,-270433,-5385.8624981,190,False
4388.808276900003,IDAC3 bracket -37,3,-37,4,731067,-270433,-5385.8624981,152,False
4391.721355799993,IDAC3 bracket -36,3,-36,4,731105,-270395,-5385.105701500001,133,False
4392.629384300002,IDAC3 bracket -35,3,-35,4,731048,-270452,-5386.2408964,228,False
4393.543099100003,IDAC3 bracket -34,3,-34,4,731086,-270414,-5385.4840998,152,False
4394.450459099986,IDAC3 bracket -33,3,-33,4,731086,-270414,-5385.4840998,190,False
4395.364999299985,IDAC3 bracket -32,3,-32,4,731067,-270433,-5385.8624981,152,False
4396.281022300012,IDAC3 bracket -31,3,-31,4,731086,-270414,-5385.4840998,152,False
4397.19394930001,IDAC3 bracket -30,3,-30,4,731105,-270395,-5385.105701500001,133,False
4398.105227399996,IDAC3 bracket -29,3,-29,4,731048,-270452,-5386.2408964,171,False
4399.017892700009,IDAC3 bracket -28,3,-28,4,731067,-270433,-5385.8624981,171,False
4399.929690299992,IDAC3 bracket -27,3,-27,4,731086,-270414,-5385.4840998,152,False
4400.839769000013,IDAC3 bracket -26,3,-26,4,731105,-270395,-5385.105701500001,152,False
4401.750416700001,IDAC3 bracket -25,3,-25,4,731067,-270433,-5385.8624981,133,False
4402.660785799992,IDAC3 bracket -24,3,-24,4,731105,-270395,-5385.105701500001,95,False
4407.216537400003,IDAC3 bracket -23,3,-23,4,731086,-270414,-5385.4840998,171,False
4408.506518799986,IDAC3 bracket -22,3,-22,4,731067,-270433,-5385.8624981,133,False
4409.415284199989,IDAC3 bracket -21,3,-21,4,731105,-270395,-5385.105701500001,171,False
4410.328570399986,IDAC3 bracket -20,3,-20,4,731086,-270414,-5385.4840998,171,False
4411.235365900007,IDAC3 bracket -19,3,-19,4,731124,-270376,-5384.7273032,171,False
4412.144133599999,IDAC3 bracket -18,3,-18,4,731105,-270395,-5385.105701500001,171,False
4413.054455100006,IDAC3 bracket -17,3,-17,4,731086,-270414,-5385.4840998,152,False
4413.964097399992,IDAC3 bracket -16,3,-16,4,731105,-270395,-5385.105701500001,133,False
4414.872836499999,IDAC3 bracket -15,3,-15,4,731105,-270395,-5385.105701500001,133,False
4415.782002499996,IDAC3 bracket -14,3,-14,4,731124,-270376,-5384.7273032,152,False
4416.698763599998,IDAC3 bracket -13,3,-13,4,731067,-270433,-5385.8624981,171,False
4417.636715500004,IDAC3 bracket -12,3,-12,4,731105,-270395,-5385.105701500001,114,False
4418.548825000005,IDAC3 bracket -11,3,-11,4,731086,-270414,-5385.4840998,152,False
4419.471384400007,IDAC3 bracket -10,3,-10,4,731086,-270414,-5385.4840998,114,False
4420.380032699992,IDAC3 bracket -9,3,-9,4,731048,-270452,-5386.2408964,152,False
4421.293269599992,IDAC3 bracket -8,3,-8,4,731048,-270452,-5386.2408964,171,False
4422.202377999987,IDAC3 bracket -7,3,-7,4,731029,-270471,-5386.619294700001,152,False
4423.111034900008,IDAC3 bracket -6,3,-6,4,731086,-270414,-5385.4840998,114,False
4424.021886400005,IDAC3 bracket -5,3,-5,4,731143,-270357,-5384.3489049,114,False
4424.931098300003,IDAC3 bracket -4,3,-4,4,731105,-270395,-5385.105701500001,152,False
4425.858510199992,IDAC3 bracket -3,3,-3,4,731124,-270376,-5384.7273032,114,False
4426.775656199985,IDAC3 bracket -2,3,-2,4,731105,-270395,-5385.105701500001,190,False
4427.688210799999,IDAC3 bracket -1,3,-1,4,731086,-270414,-5385.4840998,114,False
4428.598325600004,IDAC3 bracket 0,3,0,4,731105,-270395,-5385.105701500001,114,False
4430.306932700012,IDAC3 restaurado,3,0,4,731067,-270433,-5385.8624981,133,False
4431.221246100002,IDAC3 bracket 1,3,1,4,731086,-270414,-5385.4840998,152,False
4432.133746200008,IDAC3 bracket 2,3,2,4,731105,-270395,-5385.105701500001,133,False
4433.04572580001,IDAC3 bracket 3,3,3,4,731124,-270376,-5384.7273032,171,False
4437.539024199999,IDAC3 bracket 4,3,4,4,731048,-270452,-5386.2408964,171,False
4438.832669700001,IDAC3 bracket 5,3,5,4,731086,-270414,-5385.4840998,228,False
4439.7464219999965,IDAC3 bracket 6,3,6,4,731086,-270414,-5385.4840998,190,False
4440.659666599997,IDAC3 bracket 7,3,7,4,731143,-270357,-5384.3489049,152,False
4441.571409700002,IDAC3 bracket 8,3,8,4,731029,-270471,-5386.619294700001,190,False
4446.158256399998,IDAC3 bracket 9,3,9,4,731105,-270395,-5385.105701500001,228,False
4447.454577500001,IDAC3 bracket 10,3,10,4,930366,-71134,-1416.6834038,3623,True
4448.366835199995,IDAC3 bracket 11,3,11,4,973548,-27952,-556.6836464,1754,True
4449.281073499995,IDAC3 bracket 12,3,12,4,1008110,6610,131.642777,1811,True
4450.198880799988,IDAC3 bracket 13,3,13,4,1045570,44070,877.6848990000001,1907,True
4451.111036999995,IDAC3 bracket 14,3,14,4,1084671,83171,1656.4086847,2136,True
4452.024900299992,IDAC3 bracket 15,3,15,4,1106281,104781,2086.7869617,133,True
4452.934882900008,IDAC3 bracket 16,3,16,4,1106281,104781,2086.7869617,95,True
4453.856799700006,IDAC3 bracket 17,3,17,4,1106319,104819,2087.5437583000003,133,True
4454.765749999991,IDAC3 bracket 18,3,18,4,1106300,104800,2087.16536,133,True
4455.690169100009,IDAC3 bracket 19,3,19,4,1106281,104781,2086.7869617,133,True
4456.603511399997,IDAC3 bracket 20,3,20,4,1106281,104781,2086.7869617,114,True
4457.516195300006,IDAC3 bracket 21,3,21,4,1106300,104800,2087.16536,133,True
4462.1229157999915,IDAC3 bracket 22,3,22,4,1106281,104781,2086.7869617,114,True
4463.415220299998,IDAC3 bracket 23,3,23,4,1106281,104781,2086.7869617,133,True
4464.330703399988,IDAC3 bracket 24,3,24,4,1106300,104800,2087.16536,133,True
4465.2446834,IDAC3 bracket 25,3,25,4,1106281,104781,2086.7869617,114,True
4466.172695599991,IDAC3 bracket 26,3,26,4,1106300,104800,2087.16536,133,True
4467.11458210001,IDAC3 bracket 27,3,27,4,1106300,104800,2087.16536,114,True
4471.681658899994,IDAC3 bracket 28,3,28,4,1106300,104800,2087.16536,133,True
4472.980737100006,IDAC3 bracket 29,3,29,4,1106338,104838,2087.9221566,114,True
4473.897014099988,IDAC3 bracket 30,3,30,4,1106281,104781,2086.7869617,133,True
4474.813882999995,IDAC3 bracket 31,3,31,4,1106281,104781,2086.7869617,114,True
4475.725512500008,IDAC3 bracket 32,3,32,4,1106281,104781,2086.7869617,114,True
4476.633484699996,IDAC3 bracket 33,3,33,4,1106300,104800,2087.16536,114,True
4477.542463399994,IDAC3 bracket 34,3,34,4,1106281,104781,2086.7869617,114,True
4478.454382600001,IDAC3 bracket 35,3,35,4,1106319,104819,2087.5437583000003,133,True
4479.36384820001,IDAC3 bracket 36,3,36,4,1106319,104819,2087.5437583000003,152,True
4480.272722900001,IDAC3 bracket 37,3,37,4,1106300,104800,2087.16536,114,True
4481.181939500006,IDAC3 bracket 38,3,38,4,1106319,104819,2087.5437583000003,133,True
4482.089665999985,IDAC3 bracket 39,3,39,4,1106300,104800,2087.16536,133,True
4483.002390999987,IDAC3 bracket 40,3,40,4,1106281,104781,2086.7869617,133,True
4487.551397400006,IDAC3 bracket 41,3,41,4,1106300,104800,2087.16536,133,True
4488.843569799996,IDAC3 bracket 42,3,42,4,1106281,104781,2086.7869617,133,True
4489.757023000013,IDAC3 bracket 43,3,43,4,1106300,104800,2087.16536,95,True
4490.6674312000105,IDAC3 bracket 44,3,44,4,1106281,104781,2086.7869617,114,True
4491.581101899996,IDAC3 bracket 45,3,45,4,1106300,104800,2087.16536,95,True
4492.489905099996,IDAC3 bracket 46,3,46,4,1106281,104781,2086.7869617,95,True
4493.403015999997,IDAC3 bracket 47,3,47,4,1106281,104781,2086.7869617,152,True
4494.315181000013,IDAC3 bracket 48,3,48,4,1106319,104819,2087.5437583000003,114,True
4495.224236899987,IDAC3 bracket 49,3,49,4,1106281,104781,2086.7869617,95,True
4496.133663899993,IDAC3 bracket 50,3,50,4,1106300,104800,2087.16536,133,True
4497.043748600001,IDAC3 bracket 51,3,51,4,1106281,104781,2086.7869617,114,True
4497.9524864999985,IDAC3 bracket 52,3,52,4,1106300,104800,2087.16536,114,True
4498.864796699985,IDAC3 bracket 53,3,53,4,1106281,104781,2086.7869617,95,True
4503.4078935,IDAC3 bracket 54,3,54,4,1106300,104800,2087.16536,114,True
4504.689112599997,IDAC3 bracket 55,3,55,4,1106300,104800,2087.16536,95,True
4505.603495799995,IDAC3 bracket 56,3,56,4,1106319,104819,2087.5437583000003,133,True
4506.514815700008,IDAC3 bracket 57,3,57,4,1106281,104781,2086.7869617,114,True
4507.424355199997,IDAC3 bracket 58,3,58,4,1106300,104800,2087.16536,114,True
4508.335986799997,IDAC3 bracket 59,3,59,4,1106281,104781,2086.7869617,114,True
4509.251828100008,IDAC3 bracket 60,3,60,4,1106319,104819,2087.5437583000003,95,True
4510.166088600003,IDAC3 bracket 61,3,61,4,1106300,104800,2087.16536,133,True
4511.079715300002,IDAC3 bracket 62,3,62,4,1106300,104800,2087.16536,95,True
4511.993890999991,IDAC3 bracket 63,3,63,4,1106319,104819,2087.5437583000003,95,True
4512.905713199987,IDAC3 bracket 64,3,64,4,1106300,104800,2087.16536,95,True
4513.819393599988,IDAC3 bracket 65,3,65,4,1106300,104800,2087.16536,95,True
4514.733553900005,IDAC3 bracket 66,3,66,4,1106300,104800,2087.16536,114,True
4519.300820200006,IDAC3 bracket 67,3,67,4,1106338,104838,2087.9221566,114,True
4520.627984099992,IDAC3 bracket 68,3,68,4,1106281,104781,2086.7869617,114,True
4521.5418183,IDAC3 bracket 69,3,69,4,1106300,104800,2087.16536,114,True
4522.460587899986,IDAC3 bracket 70,3,70,4,1106281,104781,2086.7869617,95,True
4523.376256699994,IDAC3 bracket 71,3,71,4,1106319,104819,2087.5437583000003,114,True
4524.30232670001,IDAC3 bracket 72,3,72,4,1106300,104800,2087.16536,95,True
4525.233454100002,IDAC3 bracket 73,3,73,4,1106338,104838,2087.9221566,152,True
4526.161920899991,IDAC3 bracket 74,3,74,4,1106300,104800,2087.16536,133,True
4527.078829200007,IDAC3 bracket 75,3,75,4,1106319,104819,2087.5437583000003,114,True
4527.995367900003,IDAC3 bracket 76,3,76,4,1106319,104819,2087.5437583000003,114,True
4528.910764400003,IDAC3 bracket 77,3,77,4,1106300,104800,2087.16536,95,True
4529.823350699997,IDAC3 bracket 78,3,78,4,1106262,104762,2086.4085634000003,76,True
4530.736864800012,IDAC3 bracket 79,3,79,4,1106300,104800,2087.16536,95,True
4531.656323200004,IDAC3 bracket 80,3,80,4,1106281,104781,2086.7869617,95,True
4532.6105637,IDAC3 bracket 81,3,81,4,1106300,104800,2087.16536,114,True
4533.546306400007,IDAC3 bracket 82,3,82,4,1106300,104800,2087.16536,114,True
4534.485710500012,IDAC3 bracket 83,3,83,4,1106300,104800,2087.16536,95,True
4535.443289899995,IDAC3 bracket 84,3,84,4,1106281,104781,2086.7869617,114,True
4536.3923420000065,IDAC3 bracket 85,3,85,4,1106281,104781,2086.7869617,133,True
4537.318466500001,IDAC3 bracket 86,3,86,4,1106300,104800,2087.16536,95,True
4541.924798199994,IDAC3 bracket 87,3,87,4,1106281,104781,2086.7869617,133,True
4543.225721800001,IDAC3 bracket 88,3,88,4,1106262,104762,2086.4085634000003,114,True
4544.163253600011,IDAC3 bracket 89,3,89,4,1106166,104666,2084.4966562,228,True
4545.078729800007,IDAC3 bracket 90,3,90,4,1106300,104800,2087.16536,114,True
4546.006861700007,IDAC3 bracket 91,3,91,4,1106319,104819,2087.5437583000003,114,True
4546.925339300011,IDAC3 bracket 92,3,92,4,1106300,104800,2087.16536,95,True
4547.837420199998,IDAC3 bracket 93,3,93,4,1106300,104800,2087.16536,114,True
4548.751625900011,IDAC3 bracket 94,3,94,4,1106300,104800,2087.16536,114,True
4549.66486650001,IDAC3 bracket 95,3,95,4,1106300,104800,2087.16536,114,True
4550.577302899997,IDAC3 bracket 96,3,96,4,1106319,104819,2087.5437583000003,114,True
4551.492743599985,IDAC3 bracket 97,3,97,4,1106262,104762,2086.4085634000003,133,True
4552.404241200013,IDAC3 bracket 98,3,98,4,1106300,104800,2087.16536,95,True
4553.319990699994,IDAC3 bracket 99,3,99,4,1106319,104819,2087.5437583000003,133,True
4554.234511099989,IDAC3 bracket 100,3,100,4,1106300,104800,2087.16536,133,True
4555.1558229000075,IDAC3 bracket 101,3,101,4,1106300,104800,2087.16536,133,True
4556.070782499999,IDAC3 bracket 102,3,102,4,1106300,104800,2087.16536,95,True
4556.983197599999,IDAC3 bracket 103,3,103,4,1106319,104819,2087.5437583000003,133,True
4557.898450600012,IDAC3 bracket 104,3,104,4,1106319,104819,2087.5437583000003,95,True
4558.819442000007,IDAC3 bracket 105,3,105,4,1106300,104800,2087.16536,114,True
4559.736657300004,IDAC3 bracket 106,3,106,4,1106300,104800,2087.16536,133,True
4560.6571571000095,IDAC3 bracket 107,3,107,4,1106300,104800,2087.16536,114,True
4561.582199900004,IDAC3 bracket 108,3,108,4,1106300,104800,2087.16536,133,True
4562.4998231999925,IDAC3 bracket 109,3,109,4,1106281,104781,2086.7869617,114,True
4563.412174800003,IDAC3 bracket 110,3,110,4,1106319,104819,2087.5437583000003,114,True
4564.3324611000135,IDAC3 bracket 111,3,111,4,1106319,104819,2087.5437583000003,114,True
4565.243747500004,IDAC3 bracket 112,3,112,4,1106319,104819,2087.5437583000003,114,True
4566.166871399997,IDAC3 bracket 113,3,113,4,1106319,104819,2087.5437583000003,114,True
4567.081819399988,IDAC3 bracket 114,3,114,4,1106319,104819,2087.5437583000003,114,True
4568.002531400009,IDAC3 bracket 115,3,115,4,1106319,104819,2087.5437583000003,114,True
4568.9179501000035,IDAC3 bracket 116,3,116,4,1106262,104762,2086.4085634000003,95,True
4569.830263599986,IDAC3 bracket 117,3,117,4,1106300,104800,2087.16536,133,True
4570.746693699999,IDAC3 bracket 118,3,118,4,1106262,104762,2086.4085634000003,95,True
4571.657892999996,IDAC3 bracket 119,3,119,4,1106300,104800,2087.16536,114,True
4572.5696551,IDAC3 bracket 120,3,120,4,1106281,104781,2086.7869617,152,True
4573.482784199994,IDAC3 bracket 121,3,121,4,1106300,104800,2087.16536,133,True
4578.085646899999,IDAC3 bracket 122,3,122,4,1106319,104819,2087.5437583000003,133,True
4579.375999999989,IDAC3 bracket 123,3,123,4,1106300,104800,2087.16536,133,True
4580.290203100012,IDAC3 bracket 124,3,124,4,1106300,104800,2087.16536,133,True
4581.210739200003,IDAC3 bracket 125,3,125,4,1106281,104781,2086.7869617,114,True
4582.130277599994,IDAC3 bracket 126,3,126,4,1106281,104781,2086.7869617,95,True
4583.043824699998,IDAC3 bracket 127,3,127,4,1106281,104781,2086.7869617,114,True
4587.603285899997,IDAC3 bracket 128,3,128,4,1106300,104800,2087.16536,133,True
4589.3127102,IDAC3 sonda 128,3,128,4,1106300,104800,2087.16536,114,True
4590.240235600009,IDAC3 bracket 127,3,127,4,1106300,104800,2087.16536,152,True
4591.160842999991,IDAC3 bracket 126,3,126,4,1106319,104819,2087.5437583000003,133,True
4592.090412999998,IDAC3 bracket 125,3,125,4,1106300,104800,2087.16536,95,True
4593.017881200009,IDAC3 bracket 124,3,124,4,1106300,104800,2087.16536,95,True
4593.963348499994,IDAC3 bracket 123,3,123,4,1106262,104762,2086.4085634000003,95,True
4594.920002500003,IDAC3 bracket 122,3,122,4,1106281,104781,2086.7869617,95,True
4595.873871399992,IDAC3 bracket 121,3,121,4,1106300,104800,2087.16536,114,True
4596.808705500007,IDAC3 bracket 120,3,120,4,1106300,104800,2087.16536,133,True
4597.738189099997,IDAC3 bracket 119,3,119,4,1106281,104781,2086.7869617,133,True
4598.677100100002,IDAC3 bracket 118,3,118,4,1106300,104800,2087.16536,114,True
4599.617332499998,IDAC3 bracket 117,3,117,4,1106281,104781,2086.7869617,95,True
4600.546731999988,IDAC3 bracket 116,3,116,4,1106262,104762,2086.4085634000003,114,True
4601.4607628000085,IDAC3 bracket 115,3,115,4,1106262,104762,2086.4085634000003,95,True
4602.375477399997,IDAC3 bracket 114,3,114,4,1106281,104781,2086.7869617,114,True
4603.287032099994,IDAC3 bracket 113,3,113,4,1106281,104781,2086.7869617,114,True
4604.205381200009,IDAC3 bracket 112,3,112,4,1106281,104781,2086.7869617,114,True
4605.156662499998,IDAC3 bracket 111,3,111,4,1106300,104800,2087.16536,133,True
4606.076277999993,IDAC3 bracket 110,3,110,4,1106281,104781,2086.7869617,133,True
4606.992958099989,IDAC3 bracket 109,3,109,4,1106300,104800,2087.16536,133,True
4607.918536000012,IDAC3 bracket 108,3,108,4,1106319,104819,2087.5437583000003,114,True
4608.835847200011,IDAC3 bracket 107,3,107,4,1106300,104800,2087.16536,133,True
4609.752015500009,IDAC3 bracket 106,3,106,4,1106281,104781,2086.7869617,133,True
4610.665898300009,IDAC3 bracket 105,3,105,4,1106281,104781,2086.7869617,114,True
4611.580324500013,IDAC3 bracket 104,3,104,4,1106300,104800,2087.16536,114,True
4612.5009299000085,IDAC3 bracket 103,3,103,4,1106300,104800,2087.16536,95,True
4613.413911200012,IDAC3 bracket 102,3,102,4,1106281,104781,2086.7869617,95,True
4618.013077400014,IDAC3 bracket 101,3,101,4,1106319,104819,2087.5437583000003,114,True
4619.312476699997,IDAC3 bracket 100,3,100,4,1106300,104800,2087.16536,133,True
4620.241008399986,IDAC3 bracket 99,3,99,4,1106300,104800,2087.16536,95,True
4621.159582299995,IDAC3 bracket 98,3,98,4,1106281,104781,2086.7869617,133,True
4622.07285170001,IDAC3 bracket 97,3,97,4,1106281,104781,2086.7869617,95,True
4622.99137090001,IDAC3 bracket 96,3,96,4,1106300,104800,2087.16536,114,True
4623.90561680001,IDAC3 bracket 95,3,95,4,1106300,104800,2087.16536,133,True
4624.820929100009,IDAC3 bracket 94,3,94,4,1106281,104781,2086.7869617,133,True
4625.744288799993,IDAC3 bracket 93,3,93,4,1106281,104781,2086.7869617,114,True
4626.660992999998,IDAC3 bracket 92,3,92,4,1106281,104781,2086.7869617,95,True
4627.57715669999,IDAC3 bracket 91,3,91,4,1106281,104781,2086.7869617,95,True
4628.493573399988,IDAC3 bracket 90,3,90,4,1106281,104781,2086.7869617,95,True
4629.409803599992,IDAC3 bracket 89,3,89,4,1106281,104781,2086.7869617,114,True
4630.324598100007,IDAC3 bracket 88,3,88,4,1106300,104800,2087.16536,114,True
4631.241923900001,IDAC3 bracket 87,3,87,4,1106300,104800,2087.16536,114,True
4632.158458399994,IDAC3 bracket 86,3,86,4,1106281,104781,2086.7869617,114,True
4633.080514000001,IDAC3 bracket 85,3,85,4,1106300,104800,2087.16536,133,True
4633.996613299998,IDAC3 bracket 84,3,84,4,1106300,104800,2087.16536,114,True
4634.909457600006,IDAC3 bracket 83,3,83,4,1106300,104800,2087.16536,114,True
4635.8247384999995,IDAC3 bracket 82,3,82,4,1106300,104800,2087.16536,95,True
4636.744727999991,IDAC3 bracket 81,3,81,4,1106300,104800,2087.16536,133,True
4641.241873499996,IDAC3 bracket 80,3,80,4,1106300,104800,2087.16536,114,True
4642.545127199992,IDAC3 bracket 79,3,79,4,1106300,104800,2087.16536,114,True
4643.459160800005,IDAC3 bracket 78,3,78,4,1106300,104800,2087.16536,133,True
4644.390133500012,IDAC3 bracket 77,3,77,4,1106262,104762,2086.4085634000003,95,True
4645.309845000011,IDAC3 bracket 76,3,76,4,1106281,104781,2086.7869617,76,True
4646.239108000009,IDAC3 bracket 75,3,75,4,1106300,104800,2087.16536,95,True
4650.743977700011,IDAC3 bracket 74,3,74,4,1106300,104800,2087.16536,76,True
4652.047599999991,IDAC3 bracket 73,3,73,4,1106281,104781,2086.7869617,95,True
4652.9643207000045,IDAC3 bracket 72,3,72,4,1106300,104800,2087.16536,114,True
4653.8893341000075,IDAC3 bracket 71,3,71,4,1106300,104800,2087.16536,95,True
4654.813531299995,IDAC3 bracket 70,3,70,4,1106300,104800,2087.16536,114,True
4655.728266699996,IDAC3 bracket 69,3,69,4,1106262,104762,2086.4085634000003,114,True
4660.224847300007,IDAC3 bracket 68,3,68,4,1106262,104762,2086.4085634000003,95,True
4661.515775800013,IDAC3 bracket 67,3,67,4,1106300,104800,2087.16536,114,True
4662.437862999999,IDAC3 bracket 66,3,66,4,1106262,104762,2086.4085634000003,114,True
4663.359461899992,IDAC3 bracket 65,3,65,4,1106281,104781,2086.7869617,114,True
4664.296869999991,IDAC3 bracket 64,3,64,4,1106300,104800,2087.16536,114,True
4665.21360399999,IDAC3 bracket 63,3,63,4,1106300,104800,2087.16536,114,True
4666.135188699991,IDAC3 bracket 62,3,62,4,1106281,104781,2086.7869617,133,True
4667.056187799986,IDAC3 bracket 61,3,61,4,1106319,104819,2087.5437583000003,95,True
4667.968990299996,IDAC3 bracket 60,3,60,4,1106319,104819,2087.5437583000003,133,True
4668.898460900004,IDAC3 bracket 59,3,59,4,1106281,104781,2086.7869617,95,True
4669.817191000009,IDAC3 bracket 58,3,58,4,1106300,104800,2087.16536,76,True
4670.7342227000045,IDAC3 bracket 57,3,57,4,1106281,104781,2086.7869617,114,True
4671.649846999993,IDAC3 bracket 56,3,56,4,1106300,104800,2087.16536,114,True
4672.5616011999955,IDAC3 bracket 55,3,55,4,1106262,104762,2086.4085634000003,114,True
4673.472983499989,IDAC3 bracket 54,3,54,4,1106300,104800,2087.16536,95,True
4674.392276600003,IDAC3 bracket 53,3,53,4,1106262,104762,2086.4085634000003,114,True
4675.307120200014,IDAC3 bracket 52,3,52,4,1106262,104762,2086.4085634000003,114,True
4676.223956600006,IDAC3 bracket 51,3,51,4,1106281,104781,2086.7869617,114,True
4677.146671800001,IDAC3 bracket 50,3,50,4,1106281,104781,2086.7869617,114,True
4678.061891999998,IDAC3 bracket 49,3,49,4,1106300,104800,2087.16536,114,True
4678.980539399985,IDAC3 bracket 48,3,48,4,1106319,104819,2087.5437583000003,95,True
4679.891836399998,IDAC3 bracket 47,3,47,4,1106300,104800,2087.16536,95,True
4680.812836800003,IDAC3 bracket 46,3,46,4,1106300,104800,2087.16536,133,True
4681.727674900001,IDAC3 bracket 45,3,45,4,1106281,104781,2086.7869617,95,True
4682.659801200003,IDAC3 bracket 44,3,44,4,1106262,104762,2086.4085634000003,114,True
4683.575468900002,IDAC3 bracket 43,3,43,4,1106281,104781,2086.7869617,114,True
4684.488814000011,IDAC3 bracket 42,3,42,4,1106300,104800,2087.16536,114,True
4685.406958900014,IDAC3 bracket 41,3,41,4,1106281,104781,2086.7869617,95,True
4688.33535899999,IDAC3 bracket 40,3,40,4,1106281,104781,2086.7869617,95,True
4689.251365600008,IDAC3 bracket 39,3,39,4,1106300,104800,2087.16536,133,True
4690.1699566000025,IDAC3 bracket 38,3,38,4,1106281,104781,2086.7869617,133,True
4691.098668599996,IDAC3 bracket 37,3,37,4,1106281,104781,2086.7869617,95,True
4692.013529399992,IDAC3 bracket 36,3,36,4,1106300,104800,2087.16536,133,True
4692.929545899999,IDAC3 bracket 35,3,35,4,1106300,104800,2087.16536,95,True
4693.847434800002,IDAC3 bracket 34,3,34,4,1106300,104800,2087.16536,95,True
4694.763120899996,IDAC3 bracket 33,3,33,4,1106281,104781,2086.7869617,133,True
4695.684497999988,IDAC3 bracket 32,3,32,4,1106281,104781,2086.7869617,114,True
4696.597930799995,IDAC3 bracket 31,3,31,4,1106300,104800,2087.16536,95,True
4697.512369400007,IDAC3 bracket 30,3,30,4,1106300,104800,2087.16536,114,True
4698.425061199989,IDAC3 bracket 29,3,29,4,1106300,104800,2087.16536,95,True
4699.3400922,IDAC3 bracket 28,3,28,4,1106281,104781,2086.7869617,133,True
4700.255817099998,IDAC3 bracket 27,3,27,4,1106281,104781,2086.7869617,133,True
4701.1681937999965,IDAC3 bracket 26,3,26,4,1106281,104781,2086.7869617,114,True
4702.092188999988,IDAC3 bracket 25,3,25,4,1106281,104781,2086.7869617,114,True
4703.00999369999,IDAC3 bracket 24,3,24,4,1106300,104800,2087.16536,152,True
4703.937650300009,IDAC3 bracket 23,3,23,4,1106300,104800,2087.16536,114,True
4704.854459599999,IDAC3 bracket 22,3,22,4,1106300,104800,2087.16536,133,True
4705.768485700013,IDAC3 bracket 21,3,21,4,1106300,104800,2087.16536,114,True
4706.6873687999905,IDAC3 bracket 20,3,20,4,1106300,104800,2087.16536,114,True
4709.61538860001,IDAC3 bracket 19,3,19,4,1106300,104800,2087.16536,133,True
4710.533417400002,IDAC3 bracket 18,3,18,4,1106319,104819,2087.5437583000003,133,True
4711.455240899988,IDAC3 bracket 17,3,17,4,1106281,104781,2086.7869617,114,True
4712.371860399988,IDAC3 bracket 16,3,16,4,1106281,104781,2086.7869617,114,True
4713.290981300001,IDAC3 bracket 15,3,15,4,1106319,104819,2087.5437583000003,114,True
4714.230126300012,IDAC3 bracket 14,3,14,4,1106319,104819,2087.5437583000003,133,True
4715.151618200005,IDAC3 bracket 13,3,13,4,1106319,104819,2087.5437583000003,114,True
4716.06939009999,IDAC3 bracket 12,3,12,4,1106319,104819,2087.5437583000003,95,True
4716.9975959,IDAC3 bracket 11,3,11,4,1106319,104819,2087.5437583000003,133,True
4717.920843200001,IDAC3 bracket 10,3,10,4,1106300,104800,2087.16536,95,True
4718.836032299994,IDAC3 bracket 9,3,9,4,1106338,104838,2087.9221566,114,True
4719.753652099986,IDAC3 bracket 8,3,8,4,1106300,104800,2087.16536,114,True
4720.672399000003,IDAC3 bracket 7,3,7,4,1106319,104819,2087.5437583000003,114,True
4721.59374370001,IDAC3 bracket 6,3,6,4,1106319,104819,2087.5437583000003,133,True
4722.523926299997,IDAC3 bracket 5,3,5,4,1106281,104781,2086.7869617,114,True
4723.450545300002,IDAC3 bracket 4,3,4,4,1106300,104800,2087.16536,114,True
4724.384444700001,IDAC3 bracket 3,3,3,4,1106319,104819,2087.5437583000003,114,True
4725.323646200006,IDAC3 bracket 2,3,2,4,1106300,104800,2087.16536,133,True
4726.238927900005,IDAC3 bracket 1,3,1,4,1106281,104781,2086.7869617,133,True
4727.160013599991,IDAC3 bracket 0,3,0,4,1106300,104800,2087.16536,133,True
4728.880767800001,IDAC3 restaurado,3,0,4,1106300,104800,2087.16536,114,True
4731.8032846999995,IDAC3 bracket -1,3,-1,4,1106300,104800,2087.16536,114,True
4732.715132399986,IDAC3 bracket -2,3,-2,4,1106319,104819,2087.5437583000003,133,True
4733.649258899997,IDAC3 bracket -3,3,-3,4,1106319,104819,2087.5437583000003,133,True
4734.563374199992,IDAC3 bracket -4,3,-4,4,1106300,104800,2087.16536,133,True
4735.475765599986,IDAC3 bracket -5,3,-5,4,1106281,104781,2086.7869617,95,True
4736.391830200009,IDAC3 bracket -6,3,-6,4,1106281,104781,2086.7869617,133,True
4737.30806760001,IDAC3 bracket -7,3,-7,4,1106319,104819,2087.5437583000003,133,True
4738.224837499991,IDAC3 bracket -8,3,-8,4,1106300,104800,2087.16536,95,True
4739.143501199986,IDAC3 bracket -9,3,-9,4,1106281,104781,2086.7869617,114,True
4740.060086599988,IDAC3 bracket -10,3,-10,4,1106300,104800,2087.16536,114,True
4740.994644799997,IDAC3 bracket -11,3,-11,4,1106300,104800,2087.16536,133,True
4741.913394700008,IDAC3 bracket -12,3,-12,4,1106319,104819,2087.5437583000003,114,True
4742.83062980001,IDAC3 bracket -13,3,-13,4,1106300,104800,2087.16536,76,True
4747.434133900009,IDAC3 bracket -14,3,-14,4,1106300,104800,2087.16536,133,True
4748.72121009999,IDAC3 bracket -15,3,-15,4,1106281,104781,2086.7869617,152,True
4749.662288599997,IDAC3 bracket -16,3,-16,4,1106300,104800,2087.16536,114,True
4750.591598500003,IDAC3 bracket -17,3,-17,4,1106281,104781,2086.7869617,95,True
4751.510946800001,IDAC3 bracket -18,3,-18,4,1106300,104800,2087.16536,114,True
4752.4315193000075,IDAC3 bracket -19,3,-19,4,1065864,64364,1281.8541148000002,2689,True
4756.966434300004,IDAC3 bracket -20,3,-20,4,731067,-270433,-5385.8624981,190,False
4758.24953880001,IDAC3 bracket -21,3,-21,4,731067,-270433,-5385.8624981,209,False
4759.170350600005,IDAC3 bracket -22,3,-22,4,731105,-270395,-5385.105701500001,152,False
4760.0854712,IDAC3 bracket -23,3,-23,4,731143,-270357,-5384.3489049,152,False
4761.007938499999,IDAC3 bracket -24,3,-24,4,731067,-270433,-5385.8624981,171,False
4761.947845399991,IDAC3 bracket -25,3,-25,4,731048,-270452,-5386.2408964,190,False
4766.451488099992,IDAC3 bracket -26,3,-26,4,731105,-270395,-5385.105701500001,171,False
4767.752996700001,IDAC3 bracket -27,3,-27,4,731182,-270318,-5383.572192600001,152,False
4768.669013600011,IDAC3 bracket -28,3,-28,4,731163,-270337,-5383.9505909,171,False
4769.592502299987,IDAC3 bracket -29,3,-29,4,731105,-270395,-5385.105701500001,190,False
4770.510801199998,IDAC3 bracket -30,3,-30,4,731086,-270414,-5385.4840998,152,False
4771.429135499988,IDAC3 bracket -31,3,-31,4,731105,-270395,-5385.105701500001,152,False
4772.349703199987,IDAC3 bracket -32,3,-32,4,731143,-270357,-5384.3489049,152,False
4773.2915928,IDAC3 bracket -33,3,-33,4,731105,-270395,-5385.105701500001,209,False
4774.211288899998,IDAC3 bracket -34,3,-34,4,731124,-270376,-5384.7273032,133,False
4775.129297800013,IDAC3 bracket -35,3,-35,4,731086,-270414,-5385.4840998,133,False
4776.054559300013,IDAC3 bracket -36,3,-36,4,731105,-270395,-5385.105701500001,171,False
4776.9754000999965,IDAC3 bracket -37,3,-37,4,731086,-270414,-5385.4840998,152,False
4777.894853700011,IDAC3 bracket -38,3,-38,4,731086,-270414,-5385.4840998,171,False
4782.393759800005,IDAC3 bracket -39,3,-39,4,731124,-270376,-5384.7273032,133,False
4783.702226900001,IDAC3 bracket -40,3,-40,4,731086,-270414,-5385.4840998,171,False
4784.628890399996,IDAC3 bracket -41,3,-41,4,731105,-270395,-5385.105701500001,152,False
4785.566842,IDAC3 bracket -42,3,-42,4,731067,-270433,-5385.8624981,133,False
4786.491859100002,IDAC3 bracket -43,3,-43,4,731086,-270414,-5385.4840998,209,False
4787.410930599988,IDAC3 bracket -44,3,-44,4,731105,-270395,-5385.105701500001,114,False
4788.334895100008,IDAC3 bracket -45,3,-45,4,731067,-270433,-5385.8624981,152,False
4789.256369699986,IDAC3 bracket -46,3,-46,4,731105,-270395,-5385.105701500001,152,False
4790.175956899999,IDAC3 bracket -47,3,-47,4,731067,-270433,-5385.8624981,190,False
4791.0981122000085,IDAC3 bracket -48,3,-48,4,731086,-270414,-5385.4840998,114,False
4792.019458099996,IDAC3 bracket -49,3,-49,4,731048,-270452,-5386.2408964,209,False
4792.954059200012,IDAC3 bracket -50,3,-50,4,731048,-270452,-5386.2408964,171,False
4793.899945399986,IDAC3 bracket -51,3,-51,4,731086,-270414,-5385.4840998,133,False
4798.411791699997,IDAC3 bracket -52,3,-52,4,731124,-270376,-5384.7273032,133,False
4799.701165700011,IDAC3 bracket -53,3,-53,4,731067,-270433,-5385.8624981,171,False
4800.622907399986,IDAC3 bracket -54,3,-54,4,731105,-270395,-5385.105701500001,152,False
4801.547037100012,IDAC3 bracket -55,3,-55,4,731143,-270357,-5384.3489049,190,False
4802.468628900009,IDAC3 bracket -56,3,-56,4,731124,-270376,-5384.7273032,152,False
4803.387049799989,IDAC3 bracket -57,3,-57,4,731124,-270376,-5384.7273032,171,False
4804.321022399992,IDAC3 bracket -58,3,-58,4,731105,-270395,-5385.105701500001,152,False
4805.241791600012,IDAC3 bracket -59,3,-59,4,731029,-270471,-5386.619294700001,209,False
4806.173023499985,IDAC3 bracket -60,3,-60,4,731048,-270452,-5386.2408964,209,False
4807.097474799986,IDAC3 bracket -61,3,-61,4,731105,-270395,-5385.105701500001,152,False
4808.013720399991,IDAC3 bracket -62,3,-62,4,731067,-270433,-5385.8624981,114,False
4808.950333899993,IDAC3 bracket -63,3,-63,4,731086,-270414,-5385.4840998,152,False
4809.869807899988,IDAC3 bracket -64,3,-64,4,731086,-270414,-5385.4840998,152,False
4810.805461400014,IDAC3 bracket -65,3,-65,4,731067,-270433,-5385.8624981,133,False
4811.725426699995,IDAC3 bracket -66,3,-66,4,731086,-270414,-5385.4840998,190,False
4812.668113099993,IDAC3 bracket -67,3,-67,4,731086,-270414,-5385.4840998,133,False
4813.590555700008,IDAC3 bracket -68,3,-68,4,731048,-270452,-5386.2408964,171,False
4814.528287299996,IDAC3 bracket -69,3,-69,4,731105,-270395,-5385.105701500001,114,False
4815.453990799986,IDAC3 bracket -70,3,-70,4,731067,-270433,-5385.8624981,209,False
4816.386125599995,IDAC3 bracket -71,3,-71,4,731029,-270471,-5386.619294700001,228,False
4817.309958400001,IDAC3 bracket -72,3,-72,4,731029,-270471,-5386.619294700001,171,False
4818.2281678,IDAC3 bracket -73,3,-73,4,731086,-270414,-5385.4840998,171,False
4819.151559899998,IDAC3 bracket -74,3,-74,4,731086,-270414,-5385.4840998,152,False
4820.068508099997,IDAC3 bracket -75,3,-75,4,731029,-270471,-5386.619294700001,247,False
4820.986502099986,IDAC3 bracket -76,3,-76,4,731067,-270433,-5385.8624981,190,False
4821.91417969999,IDAC3 bracket -77,3,-77,4,731048,-270452,-5386.2408964,171,False
4822.833595900011,IDAC3 bracket -78,3,-78,4,731067,-270433,-5385.8624981,152,False
4823.753205399989,IDAC3 bracket -79,3,-79,4,731067,-270433,-5385.8624981,171,False
4824.672264499997,IDAC3 bracket -80,3,-80,4,731086,-270414,-5385.4840998,152,False
4825.592559100012,IDAC3 bracket -81,3,-81,4,731086,-270414,-5385.4840998,133,False
4826.538161500008,IDAC3 bracket -82,3,-82,4,731048,-270452,-5386.2408964,171,False
4827.470662900014,IDAC3 bracket -83,3,-83,4,731086,-270414,-5385.4840998,228,False
4828.392393899994,IDAC3 bracket -84,3,-84,4,731086,-270414,-5385.4840998,171,False
4829.32003480001,IDAC3 bracket -85,3,-85,4,731029,-270471,-5386.619294700001,190,False
4830.256320199987,IDAC3 bracket -86,3,-86,4,731010,-270490,-5386.997693,190,False
4834.825711000012,IDAC3 bracket -87,3,-87,4,731029,-270471,-5386.619294700001,171,False
4836.104006100009,IDAC3 bracket -88,3,-88,4,730972,-270528,-5387.7544896,228,False
4837.045056400006,IDAC3 bracket -89,3,-89,4,731067,-270433,-5385.8624981,152,False
4837.987219300005,IDAC3 bracket -90,3,-90,4,731048,-270452,-5386.2408964,171,False
4838.916677500005,IDAC3 bracket -91,3,-91,4,731029,-270471,-5386.619294700001,190,False
4839.843951799994,IDAC3 bracket -92,3,-92,4,731048,-270452,-5386.2408964,228,False
4840.761060899997,IDAC3 bracket -93,3,-93,4,731067,-270433,-5385.8624981,209,False
4841.683716200001,IDAC3 bracket -94,3,-94,4,731067,-270433,-5385.8624981,171,False
4842.605554899987,IDAC3 bracket -95,3,-95,4,731067,-270433,-5385.8624981,190,False
4843.519451500004,IDAC3 bracket -96,3,-96,4,731029,-270471,-5386.619294700001,209,False
4844.438964000001,IDAC3 bracket -97,3,-97,4,731086,-270414,-5385.4840998,190,False
4845.355458800012,IDAC3 bracket -98,3,-98,4,731067,-270433,-5385.8624981,171,False
4846.271898300009,IDAC3 bracket -99,3,-99,4,731086,-270414,-5385.4840998,152,False
4847.189247700007,IDAC3 bracket -100,3,-100,4,731086,-270414,-5385.4840998,152,False
4848.10595279999,IDAC3 bracket -101,3,-101,4,731067,-270433,-5385.8624981,152,False
4849.025844799995,IDAC3 bracket -102,3,-102,4,731048,-270452,-5386.2408964,133,False
4849.951518999995,IDAC3 bracket -103,3,-103,4,731067,-270433,-5385.8624981,152,False
4850.885841599986,IDAC3 bracket -104,3,-104,4,731105,-270395,-5385.105701500001,152,False
4851.808033000008,IDAC3 bracket -105,3,-105,4,731067,-270433,-5385.8624981,171,False
4852.7258157999895,IDAC3 bracket -106,3,-106,4,731067,-270433,-5385.8624981,190,False
4853.648469600012,IDAC3 bracket -107,3,-107,4,731086,-270414,-5385.4840998,133,False
4854.567619999987,IDAC3 bracket -108,3,-108,4,731086,-270414,-5385.4840998,209,False
4855.487989999994,IDAC3 bracket -109,3,-109,4,731086,-270414,-5385.4840998,171,False
4856.401694200002,IDAC3 bracket -110,3,-110,4,731029,-270471,-5386.619294700001,209,False
4857.320058399986,IDAC3 bracket -111,3,-111,4,731105,-270395,-5385.105701500001,133,False
4858.2396076,IDAC3 bracket -112,3,-112,4,731067,-270433,-5385.8624981,190,False
4859.164227300003,IDAC3 bracket -113,3,-113,4,731105,-270395,-5385.105701500001,171,False
4860.087189000013,IDAC3 bracket -114,3,-114,4,731067,-270433,-5385.8624981,152,False
4861.020254400006,IDAC3 bracket -115,3,-115,4,731048,-270452,-5386.2408964,171,False
4861.942090199998,IDAC3 bracket -116,3,-116,4,731105,-270395,-5385.105701500001,171,False
4862.877409899986,IDAC3 bracket -117,3,-117,4,731067,-270433,-5385.8624981,152,False
4863.801919599995,IDAC3 bracket -118,3,-118,4,731067,-270433,-5385.8624981,228,False
4864.726834700006,IDAC3 bracket -119,3,-119,4,731086,-270414,-5385.4840998,133,False
4865.664874899987,IDAC3 bracket -120,3,-120,4,731067,-270433,-5385.8624981,190,False
4866.591925099987,IDAC3 bracket -121,3,-121,4,731048,-270452,-5386.2408964,152,False
4867.538962499995,IDAC3 bracket -122,3,-122,4,731048,-270452,-5386.2408964,171,False
4868.485938099999,IDAC3 bracket -123,3,-123,4,731029,-270471,-5386.619294700001,171,False
4869.431120099995,IDAC3 bracket -124,3,-124,4,731067,-270433,-5385.8624981,152,False
4870.355703100009,IDAC3 bracket -125,3,-125,4,731105,-270395,-5385.105701500001,152,False
4871.281312900013,IDAC3 bracket -126,3,-126,4,731086,-270414,-5385.4840998,190,False
4872.215126399999,IDAC3 bracket -127,3,-127,4,731067,-270433,-5385.8624981,171,False
4873.138757500012,IDAC3 bracket -128,3,-128,4,731048,-270452,-5386.2408964,190,False
4874.057369599992,IDAC3 bracket -129,3,-129,4,731067,-270433,-5385.8624981,190,False
4874.979523199989,IDAC3 bracket -130,3,-130,4,731067,-270433,-5385.8624981,171,False
4875.919554499997,IDAC3 bracket -131,3,-131,4,731067,-270433,-5385.8624981,152,False
4876.844121500006,IDAC3 bracket -132,3,-132,4,731105,-270395,-5385.105701500001,133,False
4877.778577099991,IDAC3 bracket -133,3,-133,4,731067,-270433,-5385.8624981,209,False
4878.7232675999985,IDAC3 bracket -134,3,-134,4,731086,-270414,-5385.4840998,152,False
4879.649625899998,IDAC3 bracket -135,3,-135,4,731048,-270452,-5386.2408964,228,False
4880.569810399989,IDAC3 bracket -136,3,-136,4,731086,-270414,-5385.4840998,171,False
4883.503578100004,IDAC3 bracket -137,3,-137,4,731105,-270395,-5385.105701500001,152,False
4884.434580600006,IDAC3 bracket -138,3,-138,4,731067,-270433,-5385.8624981,152,False
4885.515081899997,IDAC3 bracket -139,3,-139,4,731048,-270452,-5386.2408964,171,False
4886.442005099991,IDAC3 bracket -140,3,-140,4,731105,-270395,-5385.105701500001,152,False
4887.367818900006,IDAC3 bracket -141,3,-141,4,731067,-270433,-5385.8624981,171,False
4888.285540899989,IDAC3 bracket -142,3,-142,4,731067,-270433,-5385.8624981,190,False
4889.20712050001,IDAC3 bracket -143,3,-143,4,731029,-270471,-5386.619294700001,133,False
4890.161707499996,IDAC3 bracket -144,3,-144,4,731067,-270433,-5385.8624981,133,False
4891.086777599994,IDAC3 bracket -145,3,-145,4,731086,-270414,-5385.4840998,133,False
4892.005881399993,IDAC3 bracket -146,3,-146,4,731067,-270433,-5385.8624981,133,False
4892.922502500005,IDAC3 bracket -147,3,-147,4,731029,-270471,-5386.619294700001,190,False
4893.8475301,IDAC3 bracket -148,3,-148,4,731048,-270452,-5386.2408964,152,False
4894.765845899994,IDAC3 bracket -149,3,-149,4,731067,-270433,-5385.8624981,133,False
4895.685156399995,IDAC3 bracket -150,3,-150,4,731086,-270414,-5385.4840998,190,False
4896.620103699999,IDAC3 bracket -151,3,-151,4,731010,-270490,-5386.997693,171,False
4897.539836699987,IDAC3 bracket -152,3,-152,4,731029,-270471,-5386.619294700001,152,False
4898.456188300013,IDAC3 bracket -153,3,-153,4,731067,-270433,-5385.8624981,152,False
4899.373413900001,IDAC3 bracket -154,3,-154,4,731086,-270414,-5385.4840998,171,False
4900.320837800013,IDAC3 bracket -155,3,-155,4,731029,-270471,-5386.619294700001,190,False
4901.25904959999,IDAC3 bracket -156,3,-156,4,731067,-270433,-5385.8624981,133,False
4902.18299239999,IDAC3 bracket -157,3,-157,4,731067,-270433,-5385.8624981,171,False
4903.117232799996,IDAC3 bracket -158,3,-158,4,731067,-270433,-5385.8624981,171,False
4904.03474979999,IDAC3 bracket -159,3,-159,4,731048,-270452,-5386.2408964,209,False
4904.957256499998,IDAC3 bracket -160,3,-160,4,731048,-270452,-5386.2408964,133,False
4905.880214100005,IDAC3 bracket -161,3,-161,4,731029,-270471,-5386.619294700001,152,False
4906.813651700009,IDAC3 bracket -162,3,-162,4,731067,-270433,-5385.8624981,133,False
4907.7541135000065,IDAC3 bracket -163,3,-163,4,731029,-270471,-5386.619294700001,133,False
4908.680315000005,IDAC3 bracket -164,3,-164,4,731048,-270452,-5386.2408964,152,False
4911.6525083000015,IDAC3 bracket -165,3,-165,4,731086,-270414,-5385.4840998,171,False
4912.580430000002,IDAC3 bracket -166,3,-166,4,731048,-270452,-5386.2408964,190,False
4913.517095899995,IDAC3 bracket -167,3,-167,4,731048,-270452,-5386.2408964,209,False
4914.439532499993,IDAC3 bracket -168,3,-168,4,731105,-270395,-5385.105701500001,228,False
4915.372768500005,IDAC3 bracket -169,3,-169,4,731124,-270376,-5384.7273032,190,False
4916.294665599999,IDAC3 bracket -170,3,-170,4,731105,-270395,-5385.105701500001,152,False
4920.800710200012,IDAC3 bracket -171,3,-171,4,731105,-270395,-5385.105701500001,171,False
4922.088851800014,IDAC3 bracket -172,3,-172,4,731105,-270395,-5385.105701500001,171,False
4923.014649699995,IDAC3 bracket -173,3,-173,4,731086,-270414,-5385.4840998,190,False
4923.944215099997,IDAC3 bracket -174,3,-174,4,731067,-270433,-5385.8624981,190,False
4924.869615500007,IDAC3 bracket -175,3,-175,4,731105,-270395,-5385.105701500001,152,False
4925.793998799985,IDAC3 bracket -176,3,-176,4,731067,-270433,-5385.8624981,209,False
4928.755240600003,IDAC3 bracket -177,3,-177,4,731086,-270414,-5385.4840998,171,False
4929.695355100004,IDAC3 bracket -178,3,-178,4,731086,-270414,-5385.4840998,190,False
4930.616736199998,IDAC3 bracket -179,3,-179,4,731124,-270376,-5384.7273032,171,False
4931.536792400002,IDAC3 bracket -180,3,-180,4,731067,-270433,-5385.8624981,190,False
4932.458304900007,IDAC3 bracket -181,3,-181,4,731067,-270433,-5385.8624981,209,False
4933.3782144,IDAC3 bracket -182,3,-182,4,731086,-270414,-5385.4840998,152,False
4937.863598199998,IDAC3 bracket -183,3,-183,4,731029,-270471,-5386.619294700001,152,False
4939.1718552999955,IDAC3 bracket -184,3,-184,4,731067,-270433,-5385.8624981,171,False
4940.093741799996,IDAC3 bracket -185,3,-185,4,731086,-270414,-5385.4840998,171,False
4941.023237999994,IDAC3 bracket -186,3,-186,4,731067,-270433,-5385.8624981,152,False
4941.942298000009,IDAC3 bracket -187,3,-187,4,731086,-270414,-5385.4840998,190,False
4942.870666100003,IDAC3 bracket -188,3,-188,4,731029,-270471,-5386.619294700001,171,False
4947.388296699995,IDAC3 bracket -189,3,-189,4,731143,-270357,-5384.3489049,152,False
4948.674325800006,IDAC3 bracket -190,3,-190,4,731143,-270357,-5384.3489049,171,False
4949.599763800012,IDAC3 bracket -191,3,-191,4,731105,-270395,-5385.105701500001,247,False
4950.672584199987,IDAC3 bracket -192,3,-192,4,731124,-270376,-5384.7273032,190,False
4951.59824349999,IDAC3 bracket -193,3,-193,4,731067,-270433,-5385.8624981,152,False
4956.2053948999965,IDAC3 bracket -194,3,-194,4,731105,-270395,-5385.105701500001,190,False
4957.5104213999875,IDAC3 bracket -195,3,-195,4,731067,-270433,-5385.8624981,171,False
4958.432841800008,IDAC3 bracket -196,3,-196,4,731086,-270414,-5385.4840998,171,False
4959.358822500013,IDAC3 bracket -197,3,-197,4,731029,-270471,-5386.619294700001,209,False
4960.2938143000065,IDAC3 bracket -198,3,-198,4,731048,-270452,-5386.2408964,171,False
4961.210602800013,IDAC3 bracket -199,3,-199,4,731048,-270452,-5386.2408964,171,False
4965.773043399997,IDAC3 bracket -200,3,-200,4,731048,-270452,-5386.2408964,171,False
4967.061355999991,IDAC3 bracket -201,3,-201,4,731067,-270433,-5385.8624981,190,False
4968.006340499996,IDAC3 bracket -202,3,-202,4,731067,-270433,-5385.8624981,152,False
4968.934133600007,IDAC3 bracket -203,3,-203,4,731048,-270452,-5386.2408964,171,False
4969.8603827999905,IDAC3 bracket -204,3,-204,4,730857,-270643,-5390.044795100001,171,False
4970.778005500004,IDAC3 bracket -205,3,-205,4,731029,-270471,-5386.619294700001,152,False
4975.3048676000035,IDAC3 bracket -206,3,-206,4,731086,-270414,-5385.4840998,171,False
4976.6189037,IDAC3 bracket -207,3,-207,4,731048,-270452,-5386.2408964,152,False
4977.567342499999,IDAC3 bracket -208,3,-208,4,731010,-270490,-5386.997693,171,False
4978.4891183,IDAC3 bracket -209,3,-209,4,731048,-270452,-5386.2408964,171,False
4979.409263999987,IDAC3 bracket -210,3,-210,4,731048,-270452,-5386.2408964,190,False
4980.327174700011,IDAC3 bracket -211,3,-211,4,731124,-270376,-5384.7273032,190,False
4981.248906199995,IDAC3 bracket -212,3,-212,4,731067,-270433,-5385.8624981,133,False
4982.169100900006,IDAC3 bracket -213,3,-213,4,731086,-270414,-5385.4840998,152,False
4983.0947925999935,IDAC3 bracket -214,3,-214,4,731067,-270433,-5385.8624981,190,False
4984.018008099985,IDAC3 bracket -215,3,-215,4,731067,-270433,-5385.8624981,133,False
4984.957085400005,IDAC3 bracket -216,3,-216,4,731048,-270452,-5386.2408964,171,False
4985.8767162,IDAC3 bracket -217,3,-217,4,731067,-270433,-5385.8624981,152,False
4986.798734400014,IDAC3 bracket -218,3,-218,4,731067,-270433,-5385.8624981,152,False
4987.718680399994,IDAC3 bracket -219,3,-219,4,731067,-270433,-5385.8624981,152,False
4988.6399036000075,IDAC3 bracket -220,3,-220,4,731086,-270414,-5385.4840998,190,False
4989.5565374,IDAC3 bracket -221,3,-221,4,731067,-270433,-5385.8624981,133,False
4990.4779823000135,IDAC3 bracket -222,3,-222,4,731086,-270414,-5385.4840998,95,False
4991.40228509999,IDAC3 bracket -223,3,-223,4,731067,-270433,-5385.8624981,152,False
4992.329487599985,IDAC3 bracket -224,3,-224,4,731067,-270433,-5385.8624981,133,False
4993.2527677000035,IDAC3 bracket -225,3,-225,4,731067,-270433,-5385.8624981,152,False
4994.177999999985,IDAC3 bracket -226,3,-226,4,731086,-270414,-5385.4840998,171,False
4995.099168899993,IDAC3 bracket -227,3,-227,4,731067,-270433,-5385.8624981,152,False
4996.02234180001,IDAC3 bracket -228,3,-228,4,731029,-270471,-5386.619294700001,171,False
4996.9420445,IDAC3 bracket -229,3,-229,4,731067,-270433,-5385.8624981,152,False
4997.863725500007,IDAC3 bracket -230,3,-230,4,731067,-270433,-5385.8624981,190,False
4998.787372499995,IDAC3 bracket -231,3,-231,4,731067,-270433,-5385.8624981,133,False
4999.708529199997,IDAC3 bracket -232,3,-232,4,731086,-270414,-5385.4840998,133,False
5000.6340665000025,IDAC3 bracket -233,3,-233,4,731048,-270452,-5386.2408964,152,False
5003.579253500007,IDAC3 bracket -234,3,-234,4,731048,-270452,-5386.2408964,171,False
5004.504003600014,IDAC3 bracket -235,3,-235,4,731067,-270433,-5385.8624981,190,False
5005.599117500009,IDAC3 bracket -236,3,-236,4,731029,-270471,-5386.619294700001,247,False
5006.539006200008,IDAC3 bracket -237,3,-237,4,731067,-270433,-5385.8624981,190,False
5007.476414000004,IDAC3 bracket -238,3,-238,4,731086,-270414,-5385.4840998,209,False
5008.397084700002,IDAC3 bracket -239,3,-239,4,731086,-270414,-5385.4840998,247,False
5011.339544699993,IDAC3 bracket -240,3,-240,4,731010,-270490,-5386.997693,209,False
5012.2692345000105,IDAC3 bracket -241,3,-241,4,731067,-270433,-5385.8624981,190,False
5013.210774600011,IDAC3 bracket -242,3,-242,4,731067,-270433,-5385.8624981,152,False
5014.138542800007,IDAC3 bracket -243,3,-243,4,731010,-270490,-5386.997693,228,False
5015.063337,IDAC3 bracket -244,3,-244,4,731010,-270490,-5386.997693,190,False
5015.991023899987,IDAC3 bracket -245,3,-245,4,731067,-270433,-5385.8624981,171,False
5016.920628299995,IDAC3 bracket -246,3,-246,4,731048,-270452,-5386.2408964,152,False
5017.872828599997,IDAC3 bracket -247,3,-247,4,731048,-270452,-5386.2408964,171,False
5018.808461600012,IDAC3 bracket -248,3,-248,4,731048,-270452,-5386.2408964,247,False
5019.734953100007,IDAC3 bracket -249,3,-249,4,731048,-270452,-5386.2408964,190,False
5020.656766500004,IDAC3 bracket -250,3,-250,4,731067,-270433,-5385.8624981,190,False
5021.581097699993,IDAC3 bracket -251,3,-251,4,731048,-270452,-5386.2408964,267,False
5022.523062699998,IDAC3 bracket -252,3,-252,4,731029,-270471,-5386.619294700001,228,False
5023.462834000005,IDAC3 bracket -253,3,-253,4,731086,-270414,-5385.4840998,171,False
5024.385236200003,IDAC3 bracket -254,3,-254,4,731163,-270337,-5383.9505909,190,False
5025.312230599986,IDAC3 bracket -255,3,-255,4,731163,-270337,-5383.9505909,171,False
5027.031804400001,IDAC3 sonda -255,3,-255,4,731029,-270471,-5386.619294700001,209,False
5027.9484581,IDAC3 bracket -254,3,-254,4,731029,-270471,-5386.619294700001,209,False
5028.871180699993,IDAC3 bracket -253,3,-253,4,731067,-270433,-5385.8624981,171,False
5029.799679399992,IDAC3 bracket -252,3,-252,4,731067,-270433,-5385.8624981,171,False
5030.724160100013,IDAC3 bracket -251,3,-251,4,731010,-270490,-5386.997693,190,False
5033.659146099992,IDAC3 bracket -250,3,-250,4,731086,-270414,-5385.4840998,171,False
5034.580277900008,IDAC3 bracket -249,3,-249,4,731067,-270433,-5385.8624981,152,False
5035.5098746999865,IDAC3 bracket -248,3,-248,4,731067,-270433,-5385.8624981,152,False
5036.437173100014,IDAC3 bracket -247,3,-247,4,731048,-270452,-5386.2408964,190,False
5037.365072799992,IDAC3 bracket -246,3,-246,4,731067,-270433,-5385.8624981,152,False
5038.2911303,IDAC3 bracket -245,3,-245,4,731086,-270414,-5385.4840998,133,False
5039.21299510001,IDAC3 bracket -244,3,-244,4,731086,-270414,-5385.4840998,171,False
5040.132262400002,IDAC3 bracket -243,3,-243,4,731086,-270414,-5385.4840998,133,False
5041.059813400003,IDAC3 bracket -242,3,-242,4,731067,-270433,-5385.8624981,171,False
5042.007847600005,IDAC3 bracket -241,3,-241,4,731067,-270433,-5385.8624981,171,False
5042.938283800002,IDAC3 bracket -240,3,-240,4,731010,-270490,-5386.997693,171,False
5043.872959700006,IDAC3 bracket -239,3,-239,4,731029,-270471,-5386.619294700001,133,False
5044.805014000012,IDAC3 bracket -238,3,-238,4,731029,-270471,-5386.619294700001,190,False
5049.366104199988,IDAC3 bracket -237,3,-237,4,731067,-270433,-5385.8624981,152,False
5050.678802500013,IDAC3 bracket -236,3,-236,4,730934,-270566,-5388.5112862,190,False
5051.6175391,IDAC3 bracket -235,3,-235,4,731086,-270414,-5385.4840998,152,False
5052.546108899987,IDAC3 bracket -234,3,-234,4,731048,-270452,-5386.2408964,114,False
5053.497364200011,IDAC3 bracket -233,3,-233,4,731010,-270490,-5386.997693,171,False
5054.421464799991,IDAC3 bracket -232,3,-232,4,731029,-270471,-5386.619294700001,171,False
5055.344857899996,IDAC3 bracket -231,3,-231,4,731029,-270471,-5386.619294700001,190,False
5056.271789899998,IDAC3 bracket -230,3,-230,4,731048,-270452,-5386.2408964,171,False
5057.195244600007,IDAC3 bracket -229,3,-229,4,731048,-270452,-5386.2408964,133,False
5058.121434300003,IDAC3 bracket -228,3,-228,4,731086,-270414,-5385.4840998,171,False
5059.053297000006,IDAC3 bracket -227,3,-227,4,731048,-270452,-5386.2408964,209,False
5059.977309300011,IDAC3 bracket -226,3,-226,4,731086,-270414,-5385.4840998,171,False
5060.898921899992,IDAC3 bracket -225,3,-225,4,731029,-270471,-5386.619294700001,247,False
5065.454877799988,IDAC3 bracket -224,3,-224,4,731029,-270471,-5386.619294700001,133,False
5066.738774500001,IDAC3 bracket -223,3,-223,4,731048,-270452,-5386.2408964,133,False
5067.666094799992,IDAC3 bracket -222,3,-222,4,731029,-270471,-5386.619294700001,152,False
5068.599469899986,IDAC3 bracket -221,3,-221,4,731029,-270471,-5386.619294700001,171,False
5069.525358499988,IDAC3 bracket -220,3,-220,4,731048,-270452,-5386.2408964,190,False
5070.444928000012,IDAC3 bracket -219,3,-219,4,731067,-270433,-5385.8624981,133,False
5071.364204599988,IDAC3 bracket -218,3,-218,4,731029,-270471,-5386.619294700001,171,False
5072.289270500012,IDAC3 bracket -217,3,-217,4,731029,-270471,-5386.619294700001,190,False
5073.208141100011,IDAC3 bracket -216,3,-216,4,731067,-270433,-5385.8624981,190,False
5074.134598000004,IDAC3 bracket -215,3,-215,4,731029,-270471,-5386.619294700001,171,False
5075.0566024,IDAC3 bracket -214,3,-214,4,731048,-270452,-5386.2408964,228,False
5075.981827899988,IDAC3 bracket -213,3,-213,4,731048,-270452,-5386.2408964,171,False
5076.905493700004,IDAC3 bracket -212,3,-212,4,731029,-270471,-5386.619294700001,190,False
5077.8394044000015,IDAC3 bracket -211,3,-211,4,731067,-270433,-5385.8624981,209,False
5078.760556099995,IDAC3 bracket -210,3,-210,4,731029,-270471,-5386.619294700001,209,False
5079.6854393999965,IDAC3 bracket -209,3,-209,4,731010,-270490,-5386.997693,152,False
5080.615345700004,IDAC3 bracket -208,3,-208,4,731048,-270452,-5386.2408964,133,False
5081.544110399991,IDAC3 bracket -207,3,-207,4,731048,-270452,-5386.2408964,209,False
5082.470911899989,IDAC3 bracket -206,3,-206,4,731010,-270490,-5386.997693,190,False
5083.392089000001,IDAC3 bracket -205,3,-205,4,731067,-270433,-5385.8624981,209,False
5084.330607799988,IDAC3 bracket -204,3,-204,4,731067,-270433,-5385.8624981,190,False
5085.2615737000015,IDAC3 bracket -203,3,-203,4,731067,-270433,-5385.8624981,209,False
5086.213710699987,IDAC3 bracket -202,3,-202,4,731067,-270433,-5385.8624981,152,False
5087.138967600011,IDAC3 bracket -201,3,-201,4,731067,-270433,-5385.8624981,171,False
5088.076485500002,IDAC3 bracket -200,3,-200,4,731029,-270471,-5386.619294700001,152,False
5089.041542899999,IDAC3 bracket -199,3,-199,4,731048,-270452,-5386.2408964,171,False
5089.977206899988,IDAC3 bracket -198,3,-198,4,731067,-270433,-5385.8624981,171,False
5090.905869200011,IDAC3 bracket -197,3,-197,4,731048,-270452,-5386.2408964,133,False
5095.433791499992,IDAC3 bracket -196,3,-196,4,731048,-270452,-5386.2408964,209,False
5096.738507700007,IDAC3 bracket -195,3,-195,4,731048,-270452,-5386.2408964,152,False
5097.664093500003,IDAC3 bracket -194,3,-194,4,731048,-270452,-5386.2408964,190,False
5098.5935169,IDAC3 bracket -193,3,-193,4,731048,-270452,-5386.2408964,209,False
5099.542240699986,IDAC3 bracket -192,3,-192,4,731029,-270471,-5386.619294700001,152,False
5100.462595799996,IDAC3 bracket -191,3,-191,4,731048,-270452,-5386.2408964,190,False
5103.406769099995,IDAC3 bracket -190,3,-190,4,731048,-270452,-5386.2408964,152,False
5104.3344774,IDAC3 bracket -189,3,-189,4,731048,-270452,-5386.2408964,133,False
5105.26538930001,IDAC3 bracket -188,3,-188,4,731067,-270433,-5385.8624981,133,False
5106.187460699992,IDAC3 bracket -187,3,-187,4,731067,-270433,-5385.8624981,171,False
5107.114799300005,IDAC3 bracket -186,3,-186,4,731048,-270452,-5386.2408964,133,False
5108.034206899989,IDAC3 bracket -185,3,-185,4,731086,-270414,-5385.4840998,133,False
5108.957301799994,IDAC3 bracket -184,3,-184,4,731086,-270414,-5385.4840998,190,False
5109.882842099993,IDAC3 bracket -183,3,-183,4,731086,-270414,-5385.4840998,152,False
5110.807266499993,IDAC3 bracket -182,3,-182,4,731048,-270452,-5386.2408964,152,False
5111.736009799992,IDAC3 bracket -181,3,-181,4,731029,-270471,-5386.619294700001,171,False
5112.658181200008,IDAC3 bracket -180,3,-180,4,731010,-270490,-5386.997693,171,False
5113.580691400013,IDAC3 bracket -179,3,-179,4,731010,-270490,-5386.997693,152,False
5114.508257300011,IDAC3 bracket -178,3,-178,4,730991,-270509,-5387.376091300001,190,False
5115.438870199985,IDAC3 bracket -177,3,-177,4,731048,-270452,-5386.2408964,190,False
5116.362232499989,IDAC3 bracket -176,3,-176,4,730991,-270509,-5387.376091300001,190,False
5117.2942611000035,IDAC3 bracket -175,3,-175,4,731048,-270452,-5386.2408964,152,False
5118.227953199996,IDAC3 bracket -174,3,-174,4,730991,-270509,-5387.376091300001,190,False
5119.155162500014,IDAC3 bracket -173,3,-173,4,731010,-270490,-5386.997693,152,False
5120.093938000005,IDAC3 bracket -172,3,-172,4,731010,-270490,-5386.997693,171,False
5121.01862409999,IDAC3 bracket -171,3,-171,4,731067,-270433,-5385.8624981,152,False
5121.948500099999,IDAC3 bracket -170,3,-170,4,731105,-270395,-5385.105701500001,171,False
5122.882489499985,IDAC3 bracket -169,3,-169,4,731067,-270433,-5385.8624981,190,False
5123.813115600002,IDAC3 bracket -168,3,-168,4,731067,-270433,-5385.8624981,152,False
5124.742794999998,IDAC3 bracket -167,3,-167,4,731048,-270452,-5386.2408964,152,False
5125.664592099987,IDAC3 bracket -166,3,-166,4,731048,-270452,-5386.2408964,190,False
5126.5903445,IDAC3 bracket -165,3,-165,4,731048,-270452,-5386.2408964,190,False
5127.513770499994,IDAC3 bracket -164,3,-164,4,731067,-270433,-5385.8624981,171,False
5128.449964300002,IDAC3 bracket -163,3,-163,4,731048,-270452,-5386.2408964,171,False
5129.410979100008,IDAC3 bracket -162,3,-162,4,731086,-270414,-5385.4840998,133,False
5130.334889999998,IDAC3 bracket -161,3,-161,4,731029,-270471,-5386.619294700001,228,False
5131.270022499986,IDAC3 bracket -160,3,-160,4,731105,-270395,-5385.105701500001,152,False
5132.215806099994,IDAC3 bracket -159,3,-159,4,731105,-270395,-5385.105701500001,190,False
5133.150582900009,IDAC3 bracket -158,3,-158,4,731067,-270433,-5385.8624981,133,False
5134.091871699988,IDAC3 bracket -157,3,-157,4,731048,-270452,-5386.2408964,171,False
5135.025280800008,IDAC3 bracket -156,3,-156,4,731048,-270452,-5386.2408964,171,False
5135.947058799997,IDAC3 bracket -155,3,-155,4,731029,-270471,-5386.619294700001,171,False
5136.885358300002,IDAC3 bracket -154,3,-154,4,731029,-270471,-5386.619294700001,114,False
5137.806201700005,IDAC3 bracket -153,3,-153,4,731010,-270490,-5386.997693,171,False
5138.735162700003,IDAC3 bracket -152,3,-152,4,731048,-270452,-5386.2408964,152,False
5139.672687399987,IDAC3 bracket -151,3,-151,4,731067,-270433,-5385.8624981,152,False
5140.602089199994,IDAC3 bracket -150,3,-150,4,731048,-270452,-5386.2408964,171,False
5141.546651599987,IDAC3 bracket -149,3,-149,4,731067,-270433,-5385.8624981,133,False
5142.487415599986,IDAC3 bracket -148,3,-148,4,731048,-270452,-5386.2408964,133,False
5143.424679799995,IDAC3 bracket -147,3,-147,4,731029,-270471,-5386.619294700001,152,False
5144.348947199993,IDAC3 bracket -146,3,-146,4,731010,-270490,-5386.997693,190,False
5145.279258900002,IDAC3 bracket -145,3,-145,4,731010,-270490,-5386.997693,152,False
5146.209956300008,IDAC3 bracket -144,3,-144,4,731029,-270471,-5386.619294700001,152,False
5147.140876499994,IDAC3 bracket -143,3,-143,4,731029,-270471,-5386.619294700001,209,False
5148.068878899998,IDAC3 bracket -142,3,-142,4,731010,-270490,-5386.997693,171,False
5149.007255100005,IDAC3 bracket -141,3,-141,4,731048,-270452,-5386.2408964,171,False
5149.9344820000115,IDAC3 bracket -140,3,-140,4,731048,-270452,-5386.2408964,133,False
5150.864331799996,IDAC3 bracket -139,3,-139,4,731010,-270490,-5386.997693,133,False
5151.789872499998,IDAC3 bracket -138,3,-138,4,731048,-270452,-5386.2408964,133,False
5152.720593700011,IDAC3 bracket -137,3,-137,4,730991,-270509,-5387.376091300001,171,False
5153.647026699997,IDAC3 bracket -136,3,-136,4,731029,-270471,-5386.619294700001,171,False
5154.591535999993,IDAC3 bracket -135,3,-135,4,731067,-270433,-5385.8624981,152,False
5155.5167898999935,IDAC3 bracket -134,3,-134,4,731048,-270452,-5386.2408964,133,False
5160.1423947,IDAC3 bracket -133,3,-133,4,731029,-270471,-5386.619294700001,152,False
5161.4369267,IDAC3 bracket -132,3,-132,4,731067,-270433,-5385.8624981,152,False
5162.364102599997,IDAC3 bracket -131,3,-131,4,731048,-270452,-5386.2408964,171,False
5163.291804100008,IDAC3 bracket -130,3,-130,4,731029,-270471,-5386.619294700001,152,False
5164.216602200002,IDAC3 bracket -129,3,-129,4,731010,-270490,-5386.997693,152,False
5165.139252299996,IDAC3 bracket -128,3,-128,4,730991,-270509,-5387.376091300001,152,False
5169.700580200006,IDAC3 bracket -127,3,-127,4,731086,-270414,-5385.4840998,190,False
5170.967528999987,IDAC3 bracket -126,3,-126,4,731048,-270452,-5386.2408964,152,False
5171.901777599996,IDAC3 bracket -125,3,-125,4,731048,-270452,-5386.2408964,171,False
5172.836984599999,IDAC3 bracket -124,3,-124,4,731029,-270471,-5386.619294700001,152,False
5173.759983199998,IDAC3 bracket -123,3,-123,4,731010,-270490,-5386.997693,190,False
5174.686187999992,IDAC3 bracket -122,3,-122,4,731048,-270452,-5386.2408964,114,False
5175.628312099987,IDAC3 bracket -121,3,-121,4,731048,-270452,-5386.2408964,171,False
5176.550034399988,IDAC3 bracket -120,3,-120,4,731029,-270471,-5386.619294700001,152,False
5177.471648800012,IDAC3 bracket -119,3,-119,4,731029,-270471,-5386.619294700001,133,False
5178.3920589000045,IDAC3 bracket -118,3,-118,4,731048,-270452,-5386.2408964,171,False
5179.314977900009,IDAC3 bracket -117,3,-117,4,731010,-270490,-5386.997693,133,False
5180.2361728000105,IDAC3 bracket -116,3,-116,4,731067,-270433,-5385.8624981,114,False
5181.157829300006,IDAC3 bracket -115,3,-115,4,731067,-270433,-5385.8624981,171,False
5182.0823294,IDAC3 bracket -114,3,-114,4,731067,-270433,-5385.8624981,133,False
5183.006478900003,IDAC3 bracket -113,3,-113,4,731010,-270490,-5386.997693,152,False
5183.928158399998,IDAC3 bracket -112,3,-112,4,731029,-270471,-5386.619294700001,114,False
5184.854899500002,IDAC3 bracket -111,3,-111,4,730972,-270528,-5387.7544896,133,False
5185.785605200013,IDAC3 bracket -110,3,-110,4,731010,-270490,-5386.997693,133,False
5186.711498399993,IDAC3 bracket -109,3,-109,4,731029,-270471,-5386.619294700001,133,False
5187.6503591999935,IDAC3 bracket -108,3,-108,4,731048,-270452,-5386.2408964,133,False
5188.5782168000005,IDAC3 bracket -107,3,-107,4,731105,-270395,-5385.105701500001,152,False
5191.5372650999925,IDAC3 bracket -106,3,-106,4,731048,-270452,-5386.2408964,133,False
5192.465440800006,IDAC3 bracket -105,3,-105,4,731086,-270414,-5385.4840998,114,False
5193.395433500002,IDAC3 bracket -104,3,-104,4,731029,-270471,-5386.619294700001,152,False
5194.323746600014,IDAC3 bracket -103,3,-103,4,731067,-270433,-5385.8624981,152,False
5195.24979989999,IDAC3 bracket -102,3,-102,4,731067,-270433,-5385.8624981,152,False
5196.174022499996,IDAC3 bracket -101,3,-101,4,731086,-270414,-5385.4840998,152,False
5200.683850500005,IDAC3 bracket -100,3,-100,4,731029,-270471,-5386.619294700001,152,False
5201.953543499985,IDAC3 bracket -99,3,-99,4,731086,-270414,-5385.4840998,190,False
5202.8869959999865,IDAC3 bracket -98,3,-98,4,731086,-270414,-5385.4840998,133,False
5203.816383900004,IDAC3 bracket -97,3,-97,4,731048,-270452,-5386.2408964,171,False
5204.749749999988,IDAC3 bracket -96,3,-96,4,731029,-270471,-5386.619294700001,133,False
5205.675569599989,IDAC3 bracket -95,3,-95,4,731048,-270452,-5386.2408964,133,False
5210.185471000004,IDAC3 bracket -94,3,-94,4,731086,-270414,-5385.4840998,152,False
5211.476939099986,IDAC3 bracket -93,3,-93,4,731067,-270433,-5385.8624981,171,False
5212.413827399985,IDAC3 bracket -92,3,-92,4,731048,-270452,-5386.2408964,133,False
5213.348838300008,IDAC3 bracket -91,3,-91,4,731029,-270471,-5386.619294700001,152,False
5214.277307899989,IDAC3 bracket -90,3,-90,4,731048,-270452,-5386.2408964,114,False
5215.196859599993,IDAC3 bracket -89,3,-89,4,731029,-270471,-5386.619294700001,152,False
5216.119317000004,IDAC3 bracket -88,3,-88,4,731010,-270490,-5386.997693,133,False
5217.041101699986,IDAC3 bracket -87,3,-87,4,731048,-270452,-5386.2408964,133,False
5217.973303600011,IDAC3 bracket -86,3,-86,4,731048,-270452,-5386.2408964,133,False
5218.9249557,IDAC3 bracket -85,3,-85,4,731048,-270452,-5386.2408964,152,False
5219.8747460999875,IDAC3 bracket -84,3,-84,4,731105,-270395,-5385.105701500001,152,False
5220.818701300013,IDAC3 bracket -83,3,-83,4,731048,-270452,-5386.2408964,152,False
5221.753600600001,IDAC3 bracket -82,3,-82,4,730991,-270509,-5387.376091300001,171,False
5226.312271300005,IDAC3 bracket -81,3,-81,4,731048,-270452,-5386.2408964,114,False
5227.609461999993,IDAC3 bracket -80,3,-80,4,731067,-270433,-5385.8624981,133,False
5228.540791700012,IDAC3 bracket -79,3,-79,4,731086,-270414,-5385.4840998,133,False
5229.476648999989,IDAC3 bracket -78,3,-78,4,731067,-270433,-5385.8624981,133,False
5230.407920500002,IDAC3 bracket -77,3,-77,4,731067,-270433,-5385.8624981,152,False
5231.33608400001,IDAC3 bracket -76,3,-76,4,731048,-270452,-5386.2408964,133,False
5232.268321999989,IDAC3 bracket -75,3,-75,4,731067,-270433,-5385.8624981,152,False
5233.196876400005,IDAC3 bracket -74,3,-74,4,731048,-270452,-5386.2408964,152,False
5234.138242299989,IDAC3 bracket -73,3,-73,4,731086,-270414,-5385.4840998,152,False
5235.071448200004,IDAC3 bracket -72,3,-72,4,731067,-270433,-5385.8624981,190,False
5235.997693999991,IDAC3 bracket -71,3,-71,4,731067,-270433,-5385.8624981,152,False
5236.930678600009,IDAC3 bracket -70,3,-70,4,731048,-270452,-5386.2408964,190,False
5237.861505400011,IDAC3 bracket -69,3,-69,4,731124,-270376,-5384.7273032,152,False
5242.4392431000015,IDAC3 bracket -68,3,-68,4,731048,-270452,-5386.2408964,133,False
5243.739522499993,IDAC3 bracket -67,3,-67,4,731067,-270433,-5385.8624981,171,False
5244.663182799995,IDAC3 bracket -66,3,-66,4,731086,-270414,-5385.4840998,114,False
5245.622162299987,IDAC3 bracket -65,3,-65,4,731067,-270433,-5385.8624981,171,False
5246.5690472999995,IDAC3 bracket -64,3,-64,4,731048,-270452,-5386.2408964,133,False
5247.515917300014,IDAC3 bracket -63,3,-63,4,731029,-270471,-5386.619294700001,209,False
5252.032539000007,IDAC3 bracket -62,3,-62,4,731029,-270471,-5386.619294700001,152,False
5253.318116500013,IDAC3 bracket -61,3,-61,4,731029,-270471,-5386.619294700001,190,False
5254.245036899985,IDAC3 bracket -60,3,-60,4,731048,-270452,-5386.2408964,133,False
5255.173339900008,IDAC3 bracket -59,3,-59,4,731048,-270452,-5386.2408964,152,False
5256.0938131999865,IDAC3 bracket -58,3,-58,4,731048,-270452,-5386.2408964,133,False
5257.0173286999925,IDAC3 bracket -57,3,-57,4,731048,-270452,-5386.2408964,152,False
5257.939272399992,IDAC3 bracket -56,3,-56,4,731029,-270471,-5386.619294700001,152,False
5258.865156699991,IDAC3 bracket -55,3,-55,4,731067,-270433,-5385.8624981,152,False
5259.793410899991,IDAC3 bracket -54,3,-54,4,731086,-270414,-5385.4840998,171,False
5260.721056999988,IDAC3 bracket -53,3,-53,4,731029,-270471,-5386.619294700001,171,False
5261.651283399988,IDAC3 bracket -52,3,-52,4,731048,-270452,-5386.2408964,171,False
5262.578615000006,IDAC3 bracket -51,3,-51,4,731067,-270433,-5385.8624981,190,False
5263.504481799988,IDAC3 bracket -50,3,-50,4,731048,-270452,-5386.2408964,209,False
5268.063299000001,IDAC3 bracket -49,3,-49,4,731105,-270395,-5385.105701500001,133,False
5269.350375799986,IDAC3 bracket -48,3,-48,4,731086,-270414,-5385.4840998,114,False
5270.27961540001,IDAC3 bracket -47,3,-47,4,731010,-270490,-5386.997693,95,False
5271.2138327999855,IDAC3 bracket -46,3,-46,4,731048,-270452,-5386.2408964,152,False
5272.138016200013,IDAC3 bracket -45,3,-45,4,731048,-270452,-5386.2408964,190,False
5273.064553400007,IDAC3 bracket -44,3,-44,4,731067,-270433,-5385.8624981,171,False
5277.5844736,IDAC3 bracket -43,3,-43,4,731029,-270471,-5386.619294700001,171,False
5278.878080499999,IDAC3 bracket -42,3,-42,4,731048,-270452,-5386.2408964,133,False
5279.81469520001,IDAC3 bracket -41,3,-41,4,731067,-270433,-5385.8624981,152,False
5280.742609999987,IDAC3 bracket -40,3,-40,4,731048,-270452,-5386.2408964,114,False
5281.664068299986,IDAC3 bracket -39,3,-39,4,731029,-270471,-5386.619294700001,171,False
5282.591989000008,IDAC3 bracket -38,3,-38,4,731048,-270452,-5386.2408964,152,False
5283.514325900003,IDAC3 bracket -37,3,-37,4,731029,-270471,-5386.619294700001,228,False
5284.441531999997,IDAC3 bracket -36,3,-36,4,731029,-270471,-5386.619294700001,133,False
5285.366820099996,IDAC3 bracket -35,3,-35,4,731048,-270452,-5386.2408964,171,False
5286.293931099994,IDAC3 bracket -34,3,-34,4,731048,-270452,-5386.2408964,171,False
5287.221866600012,IDAC3 bracket -33,3,-33,4,731067,-270433,-5385.8624981,133,False
5288.147769300005,IDAC3 bracket -32,3,-32,4,731067,-270433,-5385.8624981,152,False
5289.073050300009,IDAC3 bracket -31,3,-31,4,731067,-270433,-5385.8624981,171,False
5293.596295700001,IDAC3 bracket -30,3,-30,4,731048,-270452,-5386.2408964,190,False
5294.907619200007,IDAC3 bracket -29,3,-29,4,731067,-270433,-5385.8624981,114,False
5295.834779299999,IDAC3 bracket -28,3,-28,4,731067,-270433,-5385.8624981,152,False
5296.775289799989,IDAC3 bracket -27,3,-27,4,731010,-270490,-5386.997693,133,False
5297.705148500012,IDAC3 bracket -26,3,-26,4,731010,-270490,-5386.997693,171,False
5298.6334604999865,IDAC3 bracket -25,3,-25,4,731086,-270414,-5385.4840998,171,False
5299.5621331,IDAC3 bracket -24,3,-24,4,731048,-270452,-5386.2408964,152,False
5300.486051799991,IDAC3 bracket -23,3,-23,4,731086,-270414,-5385.4840998,114,False
5301.418642900011,IDAC3 bracket -22,3,-22,4,731010,-270490,-5386.997693,152,False
5302.348752699996,IDAC3 bracket -21,3,-21,4,731048,-270452,-5386.2408964,152,False
5303.284564100002,IDAC3 bracket -20,3,-20,4,731105,-270395,-5385.105701500001,114,False
5304.2178689999855,IDAC3 bracket -19,3,-19,4,730991,-270509,-5387.376091300001,190,False
5305.1485350999865,IDAC3 bracket -18,3,-18,4,731067,-270433,-5385.8624981,114,False
5306.079324599996,IDAC3 bracket -17,3,-17,4,731067,-270433,-5385.8624981,133,False
5307.012178100005,IDAC3 bracket -16,3,-16,4,731105,-270395,-5385.105701500001,152,False
5307.936579700006,IDAC3 bracket -15,3,-15,4,731086,-270414,-5385.4840998,152,False
5308.869474200008,IDAC3 bracket -14,3,-14,4,731067,-270433,-5385.8624981,152,False
5309.804877699993,IDAC3 bracket -13,3,-13,4,731086,-270414,-5385.4840998,133,False
5310.733593399986,IDAC3 bracket -12,3,-12,4,731067,-270433,-5385.8624981,171,False
5311.663238000008,IDAC3 bracket -11,3,-11,4,731067,-270433,-5385.8624981,133,False
5312.591346700006,IDAC3 bracket -10,3,-10,4,731048,-270452,-5386.2408964,133,False
5313.523387099995,IDAC3 bracket -9,3,-9,4,731048,-270452,-5386.2408964,95,False
5314.453189099993,IDAC3 bracket -8,3,-8,4,731029,-270471,-5386.619294700001,209,False
5315.398886599985,IDAC3 bracket -7,3,-7,4,731010,-270490,-5386.997693,171,False
5316.326483699988,IDAC3 bracket -6,3,-6,4,731010,-270490,-5386.997693,190,False
5317.255243699998,IDAC3 bracket -5,3,-5,4,731067,-270433,-5385.8624981,133,False
5318.181767500006,IDAC3 bracket -4,3,-4,4,731029,-270471,-5386.619294700001,152,False
5319.10623189999,IDAC3 bracket -3,3,-3,4,731067,-270433,-5385.8624981,228,False
5322.067595500004,IDAC3 bracket -2,3,-2,4,731067,-270433,-5385.8624981,171,False
5322.995849700004,IDAC3 bracket -1,3,-1,4,731105,-270395,-5385.105701500001,152,False
5323.956189699995,IDAC3 bracket 0,3,0,4,731067,-270433,-5385.8624981,171,False
5325.688698599988,IDAC3 restaurado,3,0,4,731067,-270433,-5385.8624981,152,False
5326.611740499997,IDAC3 bracket 1,3,1,4,731067,-270433,-5385.8624981,171,False
5327.561872799997,IDAC3 bracket 2,3,2,4,731048,-270452,-5386.2408964,114,False
5332.075649200007,IDAC3 bracket 3,3,3,4,731067,-270433,-5385.8624981,152,False
5333.366897100001,IDAC3 bracket 4,3,4,4,731048,-270452,-5386.2408964,114,False
5334.299124399986,IDAC3 bracket 5,3,5,4,731029,-270471,-5386.619294700001,152,False
5335.227787300013,IDAC3 bracket 6,3,6,4,731086,-270414,-5385.4840998,190,False
5336.161315000005,IDAC3 bracket 7,3,7,4,731010,-270490,-5386.997693,267,False
5337.092505400011,IDAC3 bracket 8,3,8,4,731048,-270452,-5386.2408964,133,False
5338.021635799989,IDAC3 bracket 9,3,9,4,731048,-270452,-5386.2408964,133,False
5338.965807900007,IDAC3 bracket 10,3,10,4,731067,-270433,-5385.8624981,133,False
5339.894474300003,IDAC3 bracket 11,3,11,4,731067,-270433,-5385.8624981,171,False
5340.832192000002,IDAC3 bracket 12,3,12,4,764064,-237436,-4728.7041452,5187,False
5341.769199600007,IDAC3 bracket 13,3,13,4,871105,-130395,-2596.9077015,5245,False
5342.69885690001,IDAC3 bracket 14,3,14,4,958786,-42714,-850.6792098000001,2441,True
5343.640386999992,IDAC3 bracket 15,3,15,4,1004409,2909,57.9347713,3185,True
5348.193691399996,IDAC3 bracket 16,3,16,4,1106243,104743,2086.0301651,114,True
5349.500103500002,IDAC3 bracket 17,3,17,4,1106262,104762,2086.4085634000003,114,True
5350.4360454000125,IDAC3 bracket 18,3,18,4,1106262,104762,2086.4085634000003,133,True
5351.397379300004,IDAC3 bracket 19,3,19,4,1106281,104781,2086.7869617,114,True
5352.355928500008,IDAC3 bracket 20,3,20,4,1106281,104781,2086.7869617,95,True
5353.294793400011,IDAC3 bracket 21,3,21,4,1106262,104762,2086.4085634000003,114,True
5356.247374600003,IDAC3 bracket 22,3,22,4,1106300,104800,2087.16536,114,True
5357.190014299995,IDAC3 bracket 23,3,23,4,1106300,104800,2087.16536,95,True
5358.1231131000095,IDAC3 bracket 24,3,24,4,1106281,104781,2086.7869617,95,True
5359.06122589999,IDAC3 bracket 25,3,25,4,1106281,104781,2086.7869617,133,True
5359.9871630000125,IDAC3 bracket 26,3,26,4,1106300,104800,2087.16536,114,True
5360.918253599986,IDAC3 bracket 27,3,27,4,1106300,104800,2087.16536,114,True
5361.848998700007,IDAC3 bracket 28,3,28,4,1106243,104743,2086.0301651,133,True
5362.789359699993,IDAC3 bracket 29,3,29,4,1106281,104781,2086.7869617,152,True
5363.720448200009,IDAC3 bracket 30,3,30,4,1106319,104819,2087.5437583000003,95,True
5364.661534499988,IDAC3 bracket 31,3,31,4,1106262,104762,2086.4085634000003,133,True
5365.613357900002,IDAC3 bracket 32,3,32,4,1106281,104781,2086.7869617,133,True
5366.5459678999905,IDAC3 bracket 33,3,33,4,1106300,104800,2087.16536,95,True
5367.478849600011,IDAC3 bracket 34,3,34,4,1106300,104800,2087.16536,114,True
5368.414829599991,IDAC3 bracket 35,3,35,4,1106281,104781,2086.7869617,114,True
5369.345592400001,IDAC3 bracket 36,3,36,4,1106281,104781,2086.7869617,114,True
5370.281570499996,IDAC3 bracket 37,3,37,4,1106262,104762,2086.4085634000003,95,True
5371.238798700011,IDAC3 bracket 38,3,38,4,1106300,104800,2087.16536,114,True
5372.183855100011,IDAC3 bracket 39,3,39,4,1106281,104781,2086.7869617,114,True
5373.1175659,IDAC3 bracket 40,3,40,4,1106281,104781,2086.7869617,133,True
5374.051465900004,IDAC3 bracket 41,3,41,4,1106262,104762,2086.4085634000003,133,True
5374.982638299989,IDAC3 bracket 42,3,42,4,1106281,104781,2086.7869617,114,True
5375.913635100005,IDAC3 bracket 43,3,43,4,1106300,104800,2087.16536,114,True
5376.8470221000025,IDAC3 bracket 44,3,44,4,1106262,104762,2086.4085634000003,114,True
5377.791698599991,IDAC3 bracket 45,3,45,4,1106281,104781,2086.7869617,114,True
5378.712889099988,IDAC3 bracket 46,3,46,4,1106281,104781,2086.7869617,95,True
5379.636861300009,IDAC3 bracket 47,3,47,4,1106262,104762,2086.4085634000003,95,True
5380.566613100003,IDAC3 bracket 48,3,48,4,1106281,104781,2086.7869617,95,True
5381.4941830000025,IDAC3 bracket 49,3,49,4,1106281,104781,2086.7869617,76,True
5386.004552900005,IDAC3 bracket 50,3,50,4,1106300,104800,2087.16536,95,True
5387.295567399997,IDAC3 bracket 51,3,51,4,1106300,104800,2087.16536,95,True
5388.228015600005,IDAC3 bracket 52,3,52,4,1106319,104819,2087.5437583000003,114,True
5389.161287800001,IDAC3 bracket 53,3,53,4,1106300,104800,2087.16536,76,True
5390.088306399994,IDAC3 bracket 54,3,54,4,1106338,104838,2087.9221566,95,True
5391.031311900006,IDAC3 bracket 55,3,55,4,1106281,104781,2086.7869617,76,True
5391.960251899989,IDAC3 bracket 56,3,56,4,1106300,104800,2087.16536,114,True
5392.888967800012,IDAC3 bracket 57,3,57,4,1106300,104800,2087.16536,114,True
5393.813611299993,IDAC3 bracket 58,3,58,4,1106281,104781,2086.7869617,152,True
5394.740883399994,IDAC3 bracket 59,3,59,4,1106300,104800,2087.16536,76,True
5395.669670300005,IDAC3 bracket 60,3,60,4,1106300,104800,2087.16536,114,True
5396.598584099993,IDAC3 bracket 61,3,61,4,1106300,104800,2087.16536,95,True
5397.536158500006,IDAC3 bracket 62,3,62,4,1106300,104800,2087.16536,114,True
5400.4802498999925,IDAC3 bracket 63,3,63,4,1106300,104800,2087.16536,133,True
5401.417867699987,IDAC3 bracket 64,3,64,4,1106300,104800,2087.16536,95,True
5402.368980300002,IDAC3 bracket 65,3,65,4,1106262,104762,2086.4085634000003,114,True
5403.302476499986,IDAC3 bracket 66,3,66,4,1106300,104800,2087.16536,114,True
5404.241946599999,IDAC3 bracket 67,3,67,4,1106300,104800,2087.16536,114,True
5405.1739678999875,IDAC3 bracket 68,3,68,4,1106262,104762,2086.4085634000003,114,True
5406.114027700009,IDAC3 bracket 69,3,69,4,1106262,104762,2086.4085634000003,114,True
5407.058612599998,IDAC3 bracket 70,3,70,4,1106262,104762,2086.4085634000003,95,True
5407.987264900003,IDAC3 bracket 71,3,71,4,1106300,104800,2087.16536,114,True
5408.918354499998,IDAC3 bracket 72,3,72,4,1106281,104781,2086.7869617,114,True
5409.864839299989,IDAC3 bracket 73,3,73,4,1106281,104781,2086.7869617,114,True
5410.817336800013,IDAC3 bracket 74,3,74,4,1106281,104781,2086.7869617,114,True
5411.750809099991,IDAC3 bracket 75,3,75,4,1106319,104819,2087.5437583000003,95,True
5416.372094999999,IDAC3 bracket 76,3,76,4,1106300,104800,2087.16536,114,True
5417.667840400012,IDAC3 bracket 77,3,77,4,1106300,104800,2087.16536,114,True
5418.595916999999,IDAC3 bracket 78,3,78,4,1106281,104781,2086.7869617,114,True
5419.538937800011,IDAC3 bracket 79,3,79,4,1106281,104781,2086.7869617,114,True
5420.470688200003,IDAC3 bracket 80,3,80,4,1106300,104800,2087.16536,95,True
5421.4036411000125,IDAC3 bracket 81,3,81,4,1106319,104819,2087.5437583000003,114,True
5425.972217800008,IDAC3 bracket 82,3,82,4,1106300,104800,2087.16536,114,True
5427.268042300013,IDAC3 bracket 83,3,83,4,1106281,104781,2086.7869617,114,True
5428.208525599999,IDAC3 bracket 84,3,84,4,1106319,104819,2087.5437583000003,114,True
5429.145195099991,IDAC3 bracket 85,3,85,4,1106262,104762,2086.4085634000003,114,True
5430.073427900003,IDAC3 bracket 86,3,86,4,1106281,104781,2086.7869617,152,True
5431.00171360001,IDAC3 bracket 87,3,87,4,1106300,104800,2087.16536,114,True
5433.968159899989,IDAC3 bracket 88,3,88,4,1106300,104800,2087.16536,114,True
5434.896900099993,IDAC3 bracket 89,3,89,4,1106281,104781,2086.7869617,114,True
5435.8339601999905,IDAC3 bracket 90,3,90,4,1106243,104743,2086.0301651,95,True
5436.75871590001,IDAC3 bracket 91,3,91,4,1106262,104762,2086.4085634000003,133,True
5437.685826300003,IDAC3 bracket 92,3,92,4,1106281,104781,2086.7869617,133,True
5438.617819700012,IDAC3 bracket 93,3,93,4,1106281,104781,2086.7869617,114,True
5439.565433200012,IDAC3 bracket 94,3,94,4,1106281,104781,2086.7869617,114,True
5440.502838699991,IDAC3 bracket 95,3,95,4,1106281,104781,2086.7869617,95,True
5441.449244399992,IDAC3 bracket 96,3,96,4,1106281,104781,2086.7869617,133,True
5442.375481299998,IDAC3 bracket 97,3,97,4,1106281,104781,2086.7869617,133,True
5443.305859099986,IDAC3 bracket 98,3,98,4,1106281,104781,2086.7869617,133,True
5444.235041899985,IDAC3 bracket 99,3,99,4,1106281,104781,2086.7869617,114,True
5445.162211999996,IDAC3 bracket 100,3,100,4,1106300,104800,2087.16536,95,True
5446.0891096999985,IDAC3 bracket 101,3,101,4,1106262,104762,2086.4085634000003,95,True
5447.029659599997,IDAC3 bracket 102,3,102,4,1106319,104819,2087.5437583000003,76,True
5447.958736500004,IDAC3 bracket 103,3,103,4,1106281,104781,2086.7869617,95,True
5448.88779030001,IDAC3 bracket 104,3,104,4,1106281,104781,2086.7869617,133,True
5449.816882499988,IDAC3 bracket 105,3,105,4,1106281,104781,2086.7869617,114,True
5450.742059399985,IDAC3 bracket 106,3,106,4,1106281,104781,2086.7869617,95,True
5451.680028600007,IDAC3 bracket 107,3,107,4,1106262,104762,2086.4085634000003,114,True
5452.606087499997,IDAC3 bracket 108,3,108,4,1106281,104781,2086.7869617,114,True
5455.564992700005,IDAC3 bracket 109,3,109,4,1106281,104781,2086.7869617,76,True
5456.5061996,IDAC3 bracket 110,3,110,4,1106300,104800,2087.16536,95,True
5457.436536299996,IDAC3 bracket 111,3,111,4,1106281,104781,2086.7869617,114,True
5458.365286099986,IDAC3 bracket 112,3,112,4,1106300,104800,2087.16536,114,True
5459.2894677,IDAC3 bracket 113,3,113,4,1106300,104800,2087.16536,95,True
5460.217190800002,IDAC3 bracket 114,3,114,4,1106319,104819,2087.5437583000003,133,True
5461.156954800012,IDAC3 bracket 115,3,115,4,1106300,104800,2087.16536,133,True
5462.087736799993,IDAC3 bracket 116,3,116,4,1106281,104781,2086.7869617,114,True
5463.017610300012,IDAC3 bracket 117,3,117,4,1106281,104781,2086.7869617,133,True
5463.94232229999,IDAC3 bracket 118,3,118,4,1106300,104800,2087.16536,133,True
5464.873378499993,IDAC3 bracket 119,3,119,4,1106281,104781,2086.7869617,114,True
5465.798517799994,IDAC3 bracket 120,3,120,4,1106281,104781,2086.7869617,133,True
5466.728139499988,IDAC3 bracket 121,3,121,4,1106281,104781,2086.7869617,114,True
5467.65507410001,IDAC3 bracket 122,3,122,4,1106262,104762,2086.4085634000003,95,True
5468.597401200008,IDAC3 bracket 123,3,123,4,1106281,104781,2086.7869617,76,True
5469.533877699985,IDAC3 bracket 124,3,124,4,1106281,104781,2086.7869617,133,True
5470.46055019999,IDAC3 bracket 125,3,125,4,1106281,104781,2086.7869617,95,True
5471.393587400002,IDAC3 bracket 126,3,126,4,1106281,104781,2086.7869617,95,True
5472.337039200007,IDAC3 bracket 127,3,127,4,1106281,104781,2086.7869617,114,True
5473.267930600006,IDAC3 bracket 128,3,128,4,1106281,104781,2086.7869617,114,True
5474.195860700012,IDAC3 bracket 129,3,129,4,1106243,104743,2086.0301651,95,True
5478.716635899997,IDAC3 bracket 130,3,130,4,1106300,104800,2087.16536,114,True
5480.012785600004,IDAC3 bracket 131,3,131,4,1106281,104781,2086.7869617,114,True
5480.971861099999,IDAC3 bracket 132,3,132,4,1106300,104800,2087.16536,114,True
5481.9095333000005,IDAC3 bracket 133,3,133,4,1106281,104781,2086.7869617,114,True
5482.870260700001,IDAC3 bracket 134,3,134,4,1106281,104781,2086.7869617,114,True
5483.817627300014,IDAC3 bracket 135,3,135,4,1106300,104800,2087.16536,114,True
5486.807454299997,IDAC3 bracket 136,3,136,4,1106300,104800,2087.16536,133,True
5487.744587399997,IDAC3 bracket 137,3,137,4,1106281,104781,2086.7869617,114,True
5488.678621600004,IDAC3 bracket 138,3,138,4,1106281,104781,2086.7869617,114,True
5489.613661400013,IDAC3 bracket 139,3,139,4,1106281,104781,2086.7869617,95,True
5490.562239699997,IDAC3 bracket 140,3,140,4,1106281,104781,2086.7869617,114,True
5491.492417300004,IDAC3 bracket 141,3,141,4,1106300,104800,2087.16536,95,True
5492.436938400002,IDAC3 bracket 142,3,142,4,1106300,104800,2087.16536,114,True
5493.368129599985,IDAC3 bracket 143,3,143,4,1106300,104800,2087.16536,133,True
5494.299748799996,IDAC3 bracket 144,3,144,4,1106300,104800,2087.16536,133,True
5495.232396200008,IDAC3 bracket 145,3,145,4,1106300,104800,2087.16536,95,True
5496.156568000006,IDAC3 bracket 146,3,146,4,1106300,104800,2087.16536,133,True
5497.083385900012,IDAC3 bracket 147,3,147,4,1106281,104781,2086.7869617,114,True
5498.008138400008,IDAC3 bracket 148,3,148,4,1106281,104781,2086.7869617,133,True
5498.93948619999,IDAC3 bracket 149,3,149,4,1106300,104800,2087.16536,114,True
5499.870234000002,IDAC3 bracket 150,3,150,4,1106262,104762,2086.4085634000003,114,True
5500.805894699995,IDAC3 bracket 151,3,151,4,1106300,104800,2087.16536,95,True
5501.732693800004,IDAC3 bracket 152,3,152,4,1106262,104762,2086.4085634000003,114,True
5502.6981382000085,IDAC3 bracket 153,3,153,4,1106281,104781,2086.7869617,133,True
5503.667806699988,IDAC3 bracket 154,3,154,4,1106281,104781,2086.7869617,95,True
5504.611305099999,IDAC3 bracket 155,3,155,4,1106243,104743,2086.0301651,95,True
5509.2189594999945,IDAC3 bracket 156,3,156,4,1106262,104762,2086.4085634000003,114,True
5510.519487100013,IDAC3 bracket 157,3,157,4,1106300,104800,2087.16536,95,True
5511.453714700008,IDAC3 bracket 158,3,158,4,1106281,104781,2086.7869617,133,True
5512.381695599994,IDAC3 bracket 159,3,159,4,1106300,104800,2087.16536,95,True
5513.3196454000135,IDAC3 bracket 160,3,160,4,1106281,104781,2086.7869617,95,True
5514.247676200001,IDAC3 bracket 161,3,161,4,1106300,104800,2087.16536,76,True
5515.175505899999,IDAC3 bracket 162,3,162,4,1106300,104800,2087.16536,95,True
5516.101511099987,IDAC3 bracket 163,3,163,4,1106262,104762,2086.4085634000003,114,True
5517.029439400008,IDAC3 bracket 164,3,164,4,1106281,104781,2086.7869617,114,True
5517.967305700004,IDAC3 bracket 165,3,165,4,1106281,104781,2086.7869617,114,True
5518.893411199999,IDAC3 bracket 166,3,166,4,1106300,104800,2087.16536,114,True
5519.817695900012,IDAC3 bracket 167,3,167,4,1106262,104762,2086.4085634000003,114,True
5520.741410899995,IDAC3 bracket 168,3,168,4,1106300,104800,2087.16536,114,True
5521.665714700008,IDAC3 bracket 169,3,169,4,1106243,104743,2086.0301651,95,True
5524.61141849999,IDAC3 bracket 170,3,170,4,1106281,104781,2086.7869617,114,True
5525.539515799988,IDAC3 bracket 171,3,171,4,1106262,104762,2086.4085634000003,95,True
5526.473373599991,IDAC3 bracket 172,3,172,4,1106262,104762,2086.4085634000003,114,True
5527.400806299993,IDAC3 bracket 173,3,173,4,1106281,104781,2086.7869617,152,True
5528.324949300004,IDAC3 bracket 174,3,174,4,1106281,104781,2086.7869617,95,True
5529.252132399997,IDAC3 bracket 175,3,175,4,1106262,104762,2086.4085634000003,114,True
5532.200539799989,IDAC3 bracket 176,3,176,4,1106281,104781,2086.7869617,95,True
5533.135041600006,IDAC3 bracket 177,3,177,4,1106281,104781,2086.7869617,133,True
5534.065896199987,IDAC3 bracket 178,3,178,4,1106281,104781,2086.7869617,114,True
5534.996249799995,IDAC3 bracket 179,3,179,4,1106281,104781,2086.7869617,114,True
5535.925132700009,IDAC3 bracket 180,3,180,4,1106281,104781,2086.7869617,95,True
5536.856914100004,IDAC3 bracket 181,3,181,4,1106281,104781,2086.7869617,133,True
5537.783678900014,IDAC3 bracket 182,3,182,4,1106281,104781,2086.7869617,114,True
5538.734013899986,IDAC3 bracket 183,3,183,4,1106262,104762,2086.4085634000003,114,True
5539.663859799999,IDAC3 bracket 184,3,184,4,1106281,104781,2086.7869617,95,True
5540.592774399993,IDAC3 bracket 185,3,185,4,1106262,104762,2086.4085634000003,114,True
5541.526067800005,IDAC3 bracket 186,3,186,4,1106281,104781,2086.7869617,152,True
5542.450215599994,IDAC3 bracket 187,3,187,4,1106281,104781,2086.7869617,95,True
5543.373155600013,IDAC3 bracket 188,3,188,4,1106262,104762,2086.4085634000003,133,True
5544.2957054,IDAC3 bracket 189,3,189,4,1106281,104781,2086.7869617,114,True
5545.2193142999895,IDAC3 bracket 190,3,190,4,1106281,104781,2086.7869617,133,True
5546.157872599986,IDAC3 bracket 191,3,191,4,1106224,104724,2085.6517668,95,True
5547.081810700009,IDAC3 bracket 192,3,192,4,1106262,104762,2086.4085634000003,95,True
5548.006801100011,IDAC3 bracket 193,3,193,4,1106262,104762,2086.4085634000003,95,True
5548.930770700012,IDAC3 bracket 194,3,194,4,1106281,104781,2086.7869617,114,True
5549.8551781999995,IDAC3 bracket 195,3,195,4,1106281,104781,2086.7869617,114,True
5554.467655999993,IDAC3 bracket 196,3,196,4,1106262,104762,2086.4085634000003,114,True
5555.754750299995,IDAC3 bracket 197,3,197,4,1106262,104762,2086.4085634000003,95,True
5556.683796400001,IDAC3 bracket 198,3,198,4,1106243,104743,2086.0301651,95,True
5557.610300900007,IDAC3 bracket 199,3,199,4,1106243,104743,2086.0301651,114,True
5558.53203599999,IDAC3 bracket 200,3,200,4,1106262,104762,2086.4085634000003,114,True
5559.455917599989,IDAC3 bracket 201,3,201,4,1106262,104762,2086.4085634000003,95,True
5564.0150158999895,IDAC3 bracket 202,3,202,4,1106281,104781,2086.7869617,114,True
5565.286986399995,IDAC3 bracket 203,3,203,4,1106281,104781,2086.7869617,95,True
5566.217608000006,IDAC3 bracket 204,3,204,4,1106281,104781,2086.7869617,114,True
5567.144296299986,IDAC3 bracket 205,3,205,4,1106262,104762,2086.4085634000003,95,True
5568.068628400011,IDAC3 bracket 206,3,206,4,1106262,104762,2086.4085634000003,95,True
5568.99244490001,IDAC3 bracket 207,3,207,4,1106262,104762,2086.4085634000003,114,True
5569.911861900007,IDAC3 bracket 208,3,208,4,1106262,104762,2086.4085634000003,114,True
5570.834266899998,IDAC3 bracket 209,3,209,4,1106262,104762,2086.4085634000003,114,True
5571.758042500005,IDAC3 bracket 210,3,210,4,1106262,104762,2086.4085634000003,95,True
5572.682245000004,IDAC3 bracket 211,3,211,4,1106262,104762,2086.4085634000003,133,True
5573.6188769,IDAC3 bracket 212,3,212,4,1106262,104762,2086.4085634000003,114,True
5574.544302900002,IDAC3 bracket 213,3,213,4,1106281,104781,2086.7869617,133,True
5575.472432500013,IDAC3 bracket 214,3,214,4,1106243,104743,2086.0301651,95,True
5580.085739200003,IDAC3 bracket 215,3,215,4,1106300,104800,2087.16536,114,True
5581.369939700002,IDAC3 bracket 216,3,216,4,1106281,104781,2086.7869617,95,True
5582.3025261999865,IDAC3 bracket 217,3,217,4,1106300,104800,2087.16536,133,True
5583.237498100003,IDAC3 bracket 218,3,218,4,1106300,104800,2087.16536,114,True
5584.164632500004,IDAC3 bracket 219,3,219,4,1106281,104781,2086.7869617,133,True
5585.090601200005,IDAC3 bracket 220,3,220,4,1106281,104781,2086.7869617,95,True
5589.605301800009,IDAC3 bracket 221,3,221,4,1106300,104800,2087.16536,152,True
5590.889129099989,IDAC3 bracket 222,3,222,4,1106300,104800,2087.16536,114,True
5591.823791600007,IDAC3 bracket 223,3,223,4,1106281,104781,2086.7869617,95,True
5592.749656400003,IDAC3 bracket 224,3,224,4,1106281,104781,2086.7869617,133,True
5593.671809899999,IDAC3 bracket 225,3,225,4,1106262,104762,2086.4085634000003,133,True
5594.598837800004,IDAC3 bracket 226,3,226,4,1106281,104781,2086.7869617,114,True
5597.562816999998,IDAC3 bracket 227,3,227,4,1106281,104781,2086.7869617,95,True
5598.490517600003,IDAC3 bracket 228,3,228,4,1106300,104800,2087.16536,114,True
5599.424137800001,IDAC3 bracket 229,3,229,4,1106300,104800,2087.16536,95,True
5600.3468584000075,IDAC3 bracket 230,3,230,4,1106281,104781,2086.7869617,114,True
5601.26919620001,IDAC3 bracket 231,3,231,4,1106281,104781,2086.7869617,95,True
5602.19087359999,IDAC3 bracket 232,3,232,4,1106281,104781,2086.7869617,133,True
5605.131624600006,IDAC3 bracket 233,3,233,4,1106300,104800,2087.16536,114,True
5606.05572199999,IDAC3 bracket 234,3,234,4,1106319,104819,2087.5437583000003,133,True
5606.983873599995,IDAC3 bracket 235,3,235,4,1106300,104800,2087.16536,95,True
5607.911507899989,IDAC3 bracket 236,3,236,4,1106300,104800,2087.16536,114,True
5608.839174399996,IDAC3 bracket 237,3,237,4,1106319,104819,2087.5437583000003,133,True
5609.764671499986,IDAC3 bracket 238,3,238,4,1106300,104800,2087.16536,114,True
5610.6909846999915,IDAC3 bracket 239,3,239,4,1106300,104800,2087.16536,114,True
5611.615034599992,IDAC3 bracket 240,3,240,4,1106281,104781,2086.7869617,114,True
5612.540288199991,IDAC3 bracket 241,3,241,4,1106262,104762,2086.4085634000003,114,True
5613.462556100014,IDAC3 bracket 242,3,242,4,1106281,104781,2086.7869617,114,True
5614.395635099994,IDAC3 bracket 243,3,243,4,1106281,104781,2086.7869617,114,True
5615.3197920999955,IDAC3 bracket 244,3,244,4,1106300,104800,2087.16536,114,True
5616.245517400006,IDAC3 bracket 245,3,245,4,1106300,104800,2087.16536,114,True
5620.833123199991,IDAC3 bracket 246,3,246,4,1106281,104781,2086.7869617,114,True
5622.119080600009,IDAC3 bracket 247,3,247,4,1106281,104781,2086.7869617,95,True
5623.049591899995,IDAC3 bracket 248,3,248,4,1106281,104781,2086.7869617,95,True
5623.978282700002,IDAC3 bracket 249,3,249,4,1106300,104800,2087.16536,95,True
5624.903200600005,IDAC3 bracket 250,3,250,4,1106281,104781,2086.7869617,114,True
5625.875274499995,IDAC3 bracket 251,3,251,4,1106319,104819,2087.5437583000003,114,True
5630.391187200003,IDAC3 bracket 252,3,252,4,1106281,104781,2086.7869617,114,True
5631.679015900008,IDAC3 bracket 253,3,253,4,1106262,104762,2086.4085634000003,95,True
5632.608016199985,IDAC3 bracket 254,3,254,4,1106281,104781,2086.7869617,114,True
5633.5356350000075,IDAC3 bracket 255,3,255,4,1106281,104781,2086.7869617,114,True
5635.257554699987,IDAC3 sonda 255,3,255,4,1106300,104800,2087.16536,95,True
5636.1843933000055,IDAC3 bracket 254,3,254,4,1106300,104800,2087.16536,95,True
5637.110452599998,IDAC3 bracket 253,3,253,4,1106300,104800,2087.16536,114,True
5638.035713599995,IDAC3 bracket 252,3,252,4,1106300,104800,2087.16536,114,True
5638.9605094,IDAC3 bracket 251,3,251,4,1106300,104800,2087.16536,133,True
5639.882633600006,IDAC3 bracket 250,3,250,4,1106281,104781,2086.7869617,133,True
5640.8081261999905,IDAC3 bracket 249,3,249,4,1106300,104800,2087.16536,114,True
5641.731396899995,IDAC3 bracket 248,3,248,4,1106262,104762,2086.4085634000003,114,True
5642.6573432000005,IDAC3 bracket 247,3,247,4,1106262,104762,2086.4085634000003,114,True
5643.58453339999,IDAC3 bracket 246,3,246,4,1106281,104781,2086.7869617,95,True
5644.510423900007,IDAC3 bracket 245,3,245,4,1106281,104781,2086.7869617,114,True
5645.434089999995,IDAC3 bracket 244,3,244,4,1106281,104781,2086.7869617,114,True
5646.362445000006,IDAC3 bracket 243,3,243,4,1106281,104781,2086.7869617,76,True
5647.291211600008,IDAC3 bracket 242,3,242,4,1106281,104781,2086.7869617,95,True
5648.218110999995,IDAC3 bracket 241,3,241,4,1106281,104781,2086.7869617,114,True
5649.143186800007,IDAC3 bracket 240,3,240,4,1106281,104781,2086.7869617,114,True
5650.069510200003,IDAC3 bracket 239,3,239,4,1106300,104800,2087.16536,114,True
5650.992991900013,IDAC3 bracket 238,3,238,4,1106338,104838,2087.9221566,114,True
5651.915237799985,IDAC3 bracket 237,3,237,4,1106281,104781,2086.7869617,95,True
5652.843105800013,IDAC3 bracket 236,3,236,4,1106262,104762,2086.4085634000003,76,True
5653.767045099987,IDAC3 bracket 235,3,235,4,1106338,104838,2087.9221566,114,True
5654.69114499999,IDAC3 bracket 234,3,234,4,1106300,104800,2087.16536,133,True
5655.617079999996,IDAC3 bracket 233,3,233,4,1106319,104819,2087.5437583000003,114,True
5656.538707,IDAC3 bracket 232,3,232,4,1106281,104781,2086.7869617,114,True
5659.478587799997,IDAC3 bracket 231,3,231,4,1106300,104800,2087.16536,95,True
5660.406068300013,IDAC3 bracket 230,3,230,4,1106300,104800,2087.16536,114,True
5661.340517400007,IDAC3 bracket 229,3,229,4,1106300,104800,2087.16536,114,True
5662.27445930001,IDAC3 bracket 228,3,228,4,1106281,104781,2086.7869617,114,True
5663.1997012000065,IDAC3 bracket 227,3,227,4,1106281,104781,2086.7869617,114,True
5664.126730999997,IDAC3 bracket 226,3,226,4,1106300,104800,2087.16536,114,True
5668.6416266000015,IDAC3 bracket 225,3,225,4,1106281,104781,2086.7869617,95,True
5669.949432699999,IDAC3 bracket 224,3,224,4,1106300,104800,2087.16536,95,True
5670.89286610001,IDAC3 bracket 223,3,223,4,1106281,104781,2086.7869617,114,True
5671.825218199985,IDAC3 bracket 222,3,222,4,1106300,104800,2087.16536,95,True
5672.761675599992,IDAC3 bracket 221,3,221,4,1106300,104800,2087.16536,95,True
5677.357120300003,IDAC3 bracket 220,3,220,4,1106262,104762,2086.4085634000003,114,True
5678.663761100004,IDAC3 bracket 219,3,219,4,1106281,104781,2086.7869617,114,True
5679.592935499997,IDAC3 bracket 218,3,218,4,1106262,104762,2086.4085634000003,95,True
5680.520617100003,IDAC3 bracket 217,3,217,4,1106281,104781,2086.7869617,114,True
5681.449339199986,IDAC3 bracket 216,3,216,4,1106281,104781,2086.7869617,95,True
5682.376010999986,IDAC3 bracket 215,3,215,4,1106262,104762,2086.4085634000003,114,True
5686.958490799996,IDAC3 bracket 214,3,214,4,1106262,104762,2086.4085634000003,95,True
5688.247985399998,IDAC3 bracket 213,3,213,4,1106262,104762,2086.4085634000003,95,True
5689.17722350001,IDAC3 bracket 212,3,212,4,1106281,104781,2086.7869617,171,True
5690.1162952999875,IDAC3 bracket 211,3,211,4,1106281,104781,2086.7869617,133,True
5691.041024500009,IDAC3 bracket 210,3,210,4,1106300,104800,2087.16536,133,True
5691.981152299995,IDAC3 bracket 209,3,209,4,1106281,104781,2086.7869617,133,True
5694.931103200011,IDAC3 bracket 208,3,208,4,1106281,104781,2086.7869617,133,True
5695.861979500012,IDAC3 bracket 207,3,207,4,1106281,104781,2086.7869617,114,True
5696.9492888000095,IDAC3 bracket 206,3,206,4,1106281,104781,2086.7869617,114,True
5697.883718099998,IDAC3 bracket 205,3,205,4,1106300,104800,2087.16536,114,True
5698.809785699996,IDAC3 bracket 204,3,204,4,1106300,104800,2087.16536,95,True
5699.734171899996,IDAC3 bracket 203,3,203,4,1106262,104762,2086.4085634000003,114,True
5700.662534500007,IDAC3 bracket 202,3,202,4,1106281,104781,2086.7869617,114,True
5701.585502700007,IDAC3 bracket 201,3,201,4,1106281,104781,2086.7869617,114,True
5702.511738900008,IDAC3 bracket 200,3,200,4,1106281,104781,2086.7869617,114,True
5703.437708499987,IDAC3 bracket 199,3,199,4,1106262,104762,2086.4085634000003,133,True
5704.36461270001,IDAC3 bracket 198,3,198,4,1106262,104762,2086.4085634000003,114,True
5705.305051000003,IDAC3 bracket 197,3,197,4,1106281,104781,2086.7869617,95,True
5706.230865199992,IDAC3 bracket 196,3,196,4,1106300,104800,2087.16536,114,True
5710.793028999993,IDAC3 bracket 195,3,195,4,1106281,104781,2086.7869617,152,True
5712.122615600005,IDAC3 bracket 194,3,194,4,1106300,104800,2087.16536,133,True
5713.050329699996,IDAC3 bracket 193,3,193,4,1106300,104800,2087.16536,133,True
5713.996722300013,IDAC3 bracket 192,3,192,4,1106319,104819,2087.5437583000003,133,True
5714.92433899999,IDAC3 bracket 191,3,191,4,1106281,104781,2086.7869617,114,True
5715.851104100002,IDAC3 bracket 190,3,190,4,1106281,104781,2086.7869617,114,True
5716.777959700004,IDAC3 bracket 189,3,189,4,1106262,104762,2086.4085634000003,114,True
5717.703470999986,IDAC3 bracket 188,3,188,4,1106281,104781,2086.7869617,114,True
5718.635680300009,IDAC3 bracket 187,3,187,4,1106281,104781,2086.7869617,95,True
5719.560148299992,IDAC3 bracket 186,3,186,4,1106262,104762,2086.4085634000003,114,True
5720.485219800001,IDAC3 bracket 185,3,185,4,1106262,104762,2086.4085634000003,133,True
5721.409861499997,IDAC3 bracket 184,3,184,4,1106262,104762,2086.4085634000003,114,True
5722.33650569999,IDAC3 bracket 183,3,183,4,1106281,104781,2086.7869617,133,True
5723.262828300009,IDAC3 bracket 182,3,182,4,1106262,104762,2086.4085634000003,114,True
5724.191136700014,IDAC3 bracket 181,3,181,4,1106300,104800,2087.16536,114,True
5725.118126999994,IDAC3 bracket 180,3,180,4,1106300,104800,2087.16536,114,True
5726.042115199991,IDAC3 bracket 179,3,179,4,1106262,104762,2086.4085634000003,114,True
5726.967845700012,IDAC3 bracket 178,3,178,4,1106281,104781,2086.7869617,114,True
5727.8930674,IDAC3 bracket 177,3,177,4,1106281,104781,2086.7869617,114,True
5728.818001300009,IDAC3 bracket 176,3,176,4,1106281,104781,2086.7869617,95,True
5733.429603500001,IDAC3 bracket 175,3,175,4,1106262,104762,2086.4085634000003,114,True
5734.7308802999905,IDAC3 bracket 174,3,174,4,1106262,104762,2086.4085634000003,95,True
5735.661710199987,IDAC3 bracket 173,3,173,4,1106281,104781,2086.7869617,133,True
5736.59227590001,IDAC3 bracket 172,3,172,4,1106262,104762,2086.4085634000003,133,True
5737.524606799998,IDAC3 bracket 171,3,171,4,1106281,104781,2086.7869617,95,True
5738.451357000013,IDAC3 bracket 170,3,170,4,1106281,104781,2086.7869617,114,True
5743.013617599994,IDAC3 bracket 169,3,169,4,1106281,104781,2086.7869617,133,True
5744.30549649999,IDAC3 bracket 168,3,168,4,1106300,104800,2087.16536,95,True
5745.231314900011,IDAC3 bracket 167,3,167,4,1106262,104762,2086.4085634000003,114,True
5746.171192500013,IDAC3 bracket 166,3,166,4,1106243,104743,2086.0301651,114,True
5747.094813800009,IDAC3 bracket 165,3,165,4,1106243,104743,2086.0301651,95,True
5748.028305899992,IDAC3 bracket 164,3,164,4,1106281,104781,2086.7869617,95,True
5750.972061700013,IDAC3 bracket 163,3,163,4,1106300,104800,2087.16536,114,True
5751.906364399998,IDAC3 bracket 162,3,162,4,1106224,104724,2085.6517668,114,True
5752.839177699992,IDAC3 bracket 161,3,161,4,1106300,104800,2087.16536,76,True
5753.775782499986,IDAC3 bracket 160,3,160,4,1106281,104781,2086.7869617,152,True
5754.70227519999,IDAC3 bracket 159,3,159,4,1106262,104762,2086.4085634000003,114,True
5755.62786030001,IDAC3 bracket 158,3,158,4,1106300,104800,2087.16536,95,True
5756.5546789999935,IDAC3 bracket 157,3,157,4,1106262,104762,2086.4085634000003,114,True
5757.479790100013,IDAC3 bracket 156,3,156,4,1106300,104800,2087.16536,95,True
5758.40365990001,IDAC3 bracket 155,3,155,4,1106281,104781,2086.7869617,133,True
5759.329236099991,IDAC3 bracket 154,3,154,4,1106281,104781,2086.7869617,114,True
5760.273745299986,IDAC3 bracket 153,3,153,4,1106281,104781,2086.7869617,95,True
5761.197325999994,IDAC3 bracket 152,3,152,4,1106281,104781,2086.7869617,95,True
5762.124962200003,IDAC3 bracket 151,3,151,4,1106281,104781,2086.7869617,95,True
5763.0502332999895,IDAC3 bracket 150,3,150,4,1106262,104762,2086.4085634000003,114,True
5763.978562200005,IDAC3 bracket 149,3,149,4,1106281,104781,2086.7869617,114,True
5764.907742699987,IDAC3 bracket 148,3,148,4,1106281,104781,2086.7869617,95,True
5765.8309821999865,IDAC3 bracket 147,3,147,4,1106281,104781,2086.7869617,133,True
5766.761462499999,IDAC3 bracket 146,3,146,4,1106300,104800,2087.16536,76,True
5767.689084299986,IDAC3 bracket 145,3,145,4,1106262,104762,2086.4085634000003,95,True
5768.619458500005,IDAC3 bracket 144,3,144,4,1106281,104781,2086.7869617,95,True
5769.545440899994,IDAC3 bracket 143,3,143,4,1106262,104762,2086.4085634000003,95,True
5772.496402999997,IDAC3 bracket 142,3,142,4,1106300,104800,2087.16536,95,True
5773.422329599998,IDAC3 bracket 141,3,141,4,1106300,104800,2087.16536,114,True
5774.359194699995,IDAC3 bracket 140,3,140,4,1106281,104781,2086.7869617,95,True
5775.284423300007,IDAC3 bracket 139,3,139,4,1106281,104781,2086.7869617,114,True
5776.210024900007,IDAC3 bracket 138,3,138,4,1106281,104781,2086.7869617,95,True
5777.135406999994,IDAC3 bracket 137,3,137,4,1106300,104800,2087.16536,95,True
5778.061660999985,IDAC3 bracket 136,3,136,4,1106281,104781,2086.7869617,95,True
5778.992222300003,IDAC3 bracket 135,3,135,4,1106262,104762,2086.4085634000003,95,True
5779.928213100007,IDAC3 bracket 134,3,134,4,1106281,104781,2086.7869617,114,True
5780.85744990001,IDAC3 bracket 133,3,133,4,1106281,104781,2086.7869617,95,True
5781.783142800006,IDAC3 bracket 132,3,132,4,1106262,104762,2086.4085634000003,114,True
5782.710693500005,IDAC3 bracket 131,3,131,4,1106281,104781,2086.7869617,95,True
5783.640695699985,IDAC3 bracket 130,3,130,4,1106281,104781,2086.7869617,114,True
5788.213176799996,IDAC3 bracket 129,3,129,4,1106281,104781,2086.7869617,95,True
5789.522172900004,IDAC3 bracket 128,3,128,4,1106281,104781,2086.7869617,114,True
5790.447748300008,IDAC3 bracket 127,3,127,4,1106281,104781,2086.7869617,133,True
5791.376153899997,IDAC3 bracket 126,3,126,4,1106300,104800,2087.16536,114,True
5792.3025460999925,IDAC3 bracket 125,3,125,4,1106281,104781,2086.7869617,95,True
5793.246461900009,IDAC3 bracket 124,3,124,4,1106281,104781,2086.7869617,114,True
5794.181072700012,IDAC3 bracket 123,3,123,4,1106281,104781,2086.7869617,114,True
5795.107692199992,IDAC3 bracket 122,3,122,4,1106262,104762,2086.4085634000003,114,True
5796.03417269999,IDAC3 bracket 121,3,121,4,1106281,104781,2086.7869617,114,True
5796.960359299992,IDAC3 bracket 120,3,120,4,1106281,104781,2086.7869617,114,True
5797.897867599997,IDAC3 bracket 119,3,119,4,1106281,104781,2086.7869617,95,True
5798.822793700005,IDAC3 bracket 118,3,118,4,1106262,104762,2086.4085634000003,76,True
5799.752219999995,IDAC3 bracket 117,3,117,4,1106262,104762,2086.4085634000003,114,True
5804.332652299985,IDAC3 bracket 116,3,116,4,1106262,104762,2086.4085634000003,76,True
5805.622608300007,IDAC3 bracket 115,3,115,4,1106262,104762,2086.4085634000003,133,True
5806.563061299996,IDAC3 bracket 114,3,114,4,1106281,104781,2086.7869617,114,True
5807.4969458999985,IDAC3 bracket 113,3,113,4,1106262,104762,2086.4085634000003,114,True
5808.424849400006,IDAC3 bracket 112,3,112,4,1106262,104762,2086.4085634000003,95,True
5809.351977899991,IDAC3 bracket 111,3,111,4,1106262,104762,2086.4085634000003,114,True
5810.278465200012,IDAC3 bracket 110,3,110,4,1106262,104762,2086.4085634000003,95,True
5811.217287200008,IDAC3 bracket 109,3,109,4,1106281,104781,2086.7869617,95,True
5812.147016200004,IDAC3 bracket 108,3,108,4,1106243,104743,2086.0301651,95,True
5813.07212930001,IDAC3 bracket 107,3,107,4,1106281,104781,2086.7869617,114,True
5813.999869899999,IDAC3 bracket 106,3,106,4,1106281,104781,2086.7869617,95,True
5814.923441199993,IDAC3 bracket 105,3,105,4,1106281,104781,2086.7869617,114,True
5815.850331599999,IDAC3 bracket 104,3,104,4,1106281,104781,2086.7869617,114,True
5816.7762972000055,IDAC3 bracket 103,3,103,4,1106262,104762,2086.4085634000003,95,True
5817.709623500006,IDAC3 bracket 102,3,102,4,1106262,104762,2086.4085634000003,114,True
5818.633259900002,IDAC3 bracket 101,3,101,4,1106281,104781,2086.7869617,114,True
5819.559493700013,IDAC3 bracket 100,3,100,4,1106243,104743,2086.0301651,95,True
5820.483137500007,IDAC3 bracket 99,3,99,4,1106262,104762,2086.4085634000003,114,True
5821.422166500008,IDAC3 bracket 98,3,98,4,1106281,104781,2086.7869617,114,True
5822.351832999993,IDAC3 bracket 97,3,97,4,1106262,104762,2086.4085634000003,114,True
5826.955602900009,IDAC3 bracket 96,3,96,4,1106281,104781,2086.7869617,133,True
5828.2527225000085,IDAC3 bracket 95,3,95,4,1106281,104781,2086.7869617,133,True
5829.1866783000005,IDAC3 bracket 94,3,94,4,1106262,104762,2086.4085634000003,114,True
5830.126683500013,IDAC3 bracket 93,3,93,4,1106262,104762,2086.4085634000003,76,True
5831.058220100007,IDAC3 bracket 92,3,92,4,1106281,104781,2086.7869617,114,True
5831.989642700006,IDAC3 bracket 91,3,91,4,1106243,104743,2086.0301651,114,True
5836.561570199992,IDAC3 bracket 90,3,90,4,1106300,104800,2087.16536,114,True
5837.850056199997,IDAC3 bracket 89,3,89,4,1106300,104800,2087.16536,114,True
5838.781287799997,IDAC3 bracket 88,3,88,4,1106281,104781,2086.7869617,114,True
5839.714356499986,IDAC3 bracket 87,3,87,4,1106262,104762,2086.4085634000003,95,True
5840.644398500008,IDAC3 bracket 86,3,86,4,1106262,104762,2086.4085634000003,114,True
5841.584294800006,IDAC3 bracket 85,3,85,4,1106281,104781,2086.7869617,95,True
5842.510860999988,IDAC3 bracket 84,3,84,4,1106262,104762,2086.4085634000003,114,True
5843.442846499995,IDAC3 bracket 83,3,83,4,1106262,104762,2086.4085634000003,114,True
5844.37656070001,IDAC3 bracket 82,3,82,4,1106281,104781,2086.7869617,114,True
5845.3034744999895,IDAC3 bracket 81,3,81,4,1106281,104781,2086.7869617,133,True
5846.229954999988,IDAC3 bracket 80,3,80,4,1106262,104762,2086.4085634000003,133,True
5847.154464499996,IDAC3 bracket 79,3,79,4,1106262,104762,2086.4085634000003,114,True
5848.091366899986,IDAC3 bracket 78,3,78,4,1106281,104781,2086.7869617,114,True
5849.019492599997,IDAC3 bracket 77,3,77,4,1106281,104781,2086.7869617,114,True
5849.94553669999,IDAC3 bracket 76,3,76,4,1106281,104781,2086.7869617,114,True
5850.8717474000005,IDAC3 bracket 75,3,75,4,1106300,104800,2087.16536,95,True
5851.801448100014,IDAC3 bracket 74,3,74,4,1106300,104800,2087.16536,133,True
5852.733939900005,IDAC3 bracket 73,3,73,4,1106281,104781,2086.7869617,95,True
5853.665556199994,IDAC3 bracket 72,3,72,4,1106281,104781,2086.7869617,114,True
5854.595179199998,IDAC3 bracket 71,3,71,4,1106281,104781,2086.7869617,133,True
5859.215611599997,IDAC3 bracket 70,3,70,4,1106281,104781,2086.7869617,114,True
5860.506750200002,IDAC3 bracket 69,3,69,4,1106300,104800,2087.16536,114,True
5861.438534999994,IDAC3 bracket 68,3,68,4,1106319,104819,2087.5437583000003,114,True
5862.370058600005,IDAC3 bracket 67,3,67,4,1106281,104781,2086.7869617,95,True
5863.298784299986,IDAC3 bracket 66,3,66,4,1106319,104819,2087.5437583000003,114,True
5864.227076200012,IDAC3 bracket 65,3,65,4,1106300,104800,2087.16536,114,True
5865.154162699997,IDAC3 bracket 64,3,64,4,1106300,104800,2087.16536,133,True
5866.0960282000015,IDAC3 bracket 63,3,63,4,1106281,104781,2086.7869617,114,True
5867.023395900003,IDAC3 bracket 62,3,62,4,1106281,104781,2086.7869617,95,True
5867.950284399994,IDAC3 bracket 61,3,61,4,1106281,104781,2086.7869617,133,True
5868.878327399987,IDAC3 bracket 60,3,60,4,1106300,104800,2087.16536,114,True
5869.804537899996,IDAC3 bracket 59,3,59,4,1106281,104781,2086.7869617,114,True
5870.732806999993,IDAC3 bracket 58,3,58,4,1106262,104762,2086.4085634000003,95,True
5875.352838799998,IDAC3 bracket 57,3,57,4,1106281,104781,2086.7869617,114,True
5876.652605100011,IDAC3 bracket 56,3,56,4,1106262,104762,2086.4085634000003,114,True
5877.583020499995,IDAC3 bracket 55,3,55,4,1106300,104800,2087.16536,114,True
5878.5181444000045,IDAC3 bracket 54,3,54,4,1106300,104800,2087.16536,114,True
5879.452326700004,IDAC3 bracket 53,3,53,4,1106319,104819,2087.5437583000003,114,True
5880.381926600006,IDAC3 bracket 52,3,52,4,1106281,104781,2086.7869617,95,True
5881.310191900004,IDAC3 bracket 51,3,51,4,1106300,104800,2087.16536,95,True
5882.237592599995,IDAC3 bracket 50,3,50,4,1106281,104781,2086.7869617,114,True
5883.163805399992,IDAC3 bracket 49,3,49,4,1106300,104800,2087.16536,114,True
5884.103290600004,IDAC3 bracket 48,3,48,4,1106281,104781,2086.7869617,95,True
5885.0412672999955,IDAC3 bracket 47,3,47,4,1106300,104800,2087.16536,114,True
5885.970579899993,IDAC3 bracket 46,3,46,4,1106300,104800,2087.16536,95,True
5886.899578499986,IDAC3 bracket 45,3,45,4,1106300,104800,2087.16536,95,True
5887.830188499996,IDAC3 bracket 44,3,44,4,1106300,104800,2087.16536,95,True
5888.758384099987,IDAC3 bracket 43,3,43,4,1106281,104781,2086.7869617,95,True
5889.685399699985,IDAC3 bracket 42,3,42,4,1106300,104800,2087.16536,76,True
5890.6178404999955,IDAC3 bracket 41,3,41,4,1106300,104800,2087.16536,133,True
5891.547308999987,IDAC3 bracket 40,3,40,4,1106300,104800,2087.16536,114,True
5892.476989899995,IDAC3 bracket 39,3,39,4,1106319,104819,2087.5437583000003,95,True
5893.407489200006,IDAC3 bracket 38,3,38,4,1106300,104800,2087.16536,95,True
5894.341662099992,IDAC3 bracket 37,3,37,4,1106300,104800,2087.16536,114,True
5898.87084660001,IDAC3 bracket 36,3,36,4,1106319,104819,2087.5437583000003,114,True
5900.147764399997,IDAC3 bracket 35,3,35,4,1106281,104781,2086.7869617,95,True
5901.080552200001,IDAC3 bracket 34,3,34,4,1106300,104800,2087.16536,76,True
5902.015629300004,IDAC3 bracket 33,3,33,4,1106281,104781,2086.7869617,114,True
5902.952025100007,IDAC3 bracket 32,3,32,4,1106281,104781,2086.7869617,76,True
5903.880739999993,IDAC3 bracket 31,3,31,4,1106300,104800,2087.16536,114,True
5904.809772600012,IDAC3 bracket 30,3,30,4,1106300,104800,2087.16536,76,True
5905.737262699986,IDAC3 bracket 29,3,29,4,1106281,104781,2086.7869617,114,True
5906.680687799992,IDAC3 bracket 28,3,28,4,1106300,104800,2087.16536,114,True
5907.617617799988,IDAC3 bracket 27,3,27,4,1106300,104800,2087.16536,133,True
5908.547554499994,IDAC3 bracket 26,3,26,4,1106262,104762,2086.4085634000003,95,True
5909.478250399989,IDAC3 bracket 25,3,25,4,1106300,104800,2087.16536,95,True
5910.411118599994,IDAC3 bracket 24,3,24,4,1106300,104800,2087.16536,114,True
5911.342013299989,IDAC3 bracket 23,3,23,4,1106281,104781,2086.7869617,133,True
5912.267768399994,IDAC3 bracket 22,3,22,4,1106262,104762,2086.4085634000003,95,True
5913.195650699985,IDAC3 bracket 21,3,21,4,1106281,104781,2086.7869617,95,True
5914.1222347999865,IDAC3 bracket 20,3,20,4,1106281,104781,2086.7869617,95,True
5915.051433699991,IDAC3 bracket 19,3,19,4,1106281,104781,2086.7869617,95,True
5915.980369800003,IDAC3 bracket 18,3,18,4,1106262,104762,2086.4085634000003,95,True
5916.909760999988,IDAC3 bracket 17,3,17,4,1106319,104819,2087.5437583000003,114,True
5921.551653300005,IDAC3 bracket 16,3,16,4,1106300,104800,2087.16536,114,True
5922.84712749999,IDAC3 bracket 15,3,15,4,1106300,104800,2087.16536,95,True
5923.777786199993,IDAC3 bracket 14,3,14,4,1106300,104800,2087.16536,114,True
5924.715448800009,IDAC3 bracket 13,3,13,4,1106300,104800,2087.16536,114,True
5925.6485347000125,IDAC3 bracket 12,3,12,4,1106319,104819,2087.5437583000003,95,True
5926.577422900009,IDAC3 bracket 11,3,11,4,1106281,104781,2086.7869617,95,True
5927.5061283000105,IDAC3 bracket 10,3,10,4,1106300,104800,2087.16536,114,True
5928.436255700013,IDAC3 bracket 9,3,9,4,1106300,104800,2087.16536,95,True
5929.3668168,IDAC3 bracket 8,3,8,4,1106300,104800,2087.16536,133,True
5930.29444659999,IDAC3 bracket 7,3,7,4,1106300,104800,2087.16536,95,True
5931.230395099992,IDAC3 bracket 6,3,6,4,1106300,104800,2087.16536,95,True
5932.159477500012,IDAC3 bracket 5,3,5,4,1106281,104781,2086.7869617,114,True
5933.089313300006,IDAC3 bracket 4,3,4,4,1106300,104800,2087.16536,95,True
5934.017771899991,IDAC3 bracket 3,3,3,4,1106319,104819,2087.5437583000003,114,True
5934.947835400002,IDAC3 bracket 2,3,2,4,1106281,104781,2086.7869617,114,True
5935.8920705000055,IDAC3 bracket 1,3,1,4,1106300,104800,2087.16536,114,True
5936.822977700009,IDAC3 bracket 0,3,0,4,1106319,104819,2087.5437583000003,95,True
5938.547922199999,IDAC3 restaurado,3,0,4,1106300,104800,2087.16536,95,True
5939.476561799995,IDAC3 bracket 1,3,1,4,1106300,104800,2087.16536,133,True
5940.408523299993,IDAC3 bracket 2,3,2,4,1106281,104781,2086.7869617,114,True
5941.341582199995,IDAC3 bracket 3,3,3,4,1106300,104800,2087.16536,114,True
5945.861448200012,IDAC3 bracket 4,3,4,4,1106319,104819,2087.5437583000003,152,True
5947.1558150000055,IDAC3 bracket 5,3,5,4,1106300,104800,2087.16536,95,True
5948.089742499986,IDAC3 bracket 6,3,6,4,1106281,104781,2086.7869617,95,True
5949.02322979999,IDAC3 bracket 7,3,7,4,1106300,104800,2087.16536,95,True
5949.960324299987,IDAC3 bracket 8,3,8,4,1106319,104819,2087.5437583000003,114,True
5950.893079000001,IDAC3 bracket 9,3,9,4,1106319,104819,2087.5437583000003,95,True
5953.849308900011,IDAC3 bracket 10,3,10,4,1106300,104800,2087.16536,114,True
5954.780833900004,IDAC3 bracket 11,3,11,4,1106319,104819,2087.5437583000003,114,True
5955.714576800005,IDAC3 bracket 12,3,12,4,1106319,104819,2087.5437583000003,95,True
5956.645077900001,IDAC3 bracket 13,3,13,4,1106319,104819,2087.5437583000003,114,True
5957.573942599993,IDAC3 bracket 14,3,14,4,1106300,104800,2087.16536,95,True
5958.502772700012,IDAC3 bracket 15,3,15,4,1106281,104781,2086.7869617,114,True
5961.448203899985,IDAC3 bracket 16,3,16,4,1106319,104819,2087.5437583000003,114,True
5962.378015499999,IDAC3 bracket 17,3,17,4,1106319,104819,2087.5437583000003,114,True
5963.323077000008,IDAC3 bracket 18,3,18,4,1106338,104838,2087.9221566,133,True
5964.25697799999,IDAC3 bracket 19,3,19,4,1106281,104781,2086.7869617,133,True
5965.187521499989,IDAC3 bracket 20,3,20,4,1106319,104819,2087.5437583000003,133,True
5966.115539799997,IDAC3 bracket 21,3,21,4,1106319,104819,2087.5437583000003,152,True
5970.641109899996,IDAC3 bracket 22,3,22,4,1106300,104800,2087.16536,133,True
5971.953486000013,IDAC3 bracket 23,3,23,4,1106300,104800,2087.16536,114,True
5972.885368399991,IDAC3 bracket 24,3,24,4,1106300,104800,2087.16536,114,True
5973.816438699985,IDAC3 bracket 25,3,25,4,1106319,104819,2087.5437583000003,133,True
5974.745472200011,IDAC3 bracket 26,3,26,4,1106300,104800,2087.16536,114,True
5975.6752130000095,IDAC3 bracket 27,3,27,4,1106319,104819,2087.5437583000003,133,True
5978.630245999986,IDAC3 bracket 28,3,28,4,1106300,104800,2087.16536,133,True
5979.560483600013,IDAC3 bracket 29,3,29,4,1106319,104819,2087.5437583000003,114,True
5980.495610299986,IDAC3 bracket 30,3,30,4,1106300,104800,2087.16536,95,True
5981.424062500009,IDAC3 bracket 31,3,31,4,1106300,104800,2087.16536,152,True
5982.353952500009,IDAC3 bracket 32,3,32,4,1106319,104819,2087.5437583000003,114,True
5983.282899499987,IDAC3 bracket 33,3,33,4,1106300,104800,2087.16536,114,True
5987.807560599991,IDAC3 bracket 34,3,34,4,1106319,104819,2087.5437583000003,114,True
5989.098053599999,IDAC3 bracket 35,3,35,4,1106300,104800,2087.16536,114,True
5990.046333100006,IDAC3 bracket 36,3,36,4,1106300,104800,2087.16536,114,True
5990.980777899997,IDAC3 bracket 37,3,37,4,1106300,104800,2087.16536,95,True
5991.911144000012,IDAC3 bracket 38,3,38,4,1106300,104800,2087.16536,114,True
5992.840754400007,IDAC3 bracket 39,3,39,4,1106300,104800,2087.16536,114,True
5995.811495200003,IDAC3 bracket 40,3,40,4,1106281,104781,2086.7869617,95,True
5996.741508999985,IDAC3 bracket 41,3,41,4,1106300,104800,2087.16536,133,True
5997.677396999992,IDAC3 bracket 42,3,42,4,1106300,104800,2087.16536,114,True
5998.6073338999995,IDAC3 bracket 43,3,43,4,1106300,104800,2087.16536,114,True
5999.536252499995,IDAC3 bracket 44,3,44,4,1106300,104800,2087.16536,114,True
6000.469521599996,IDAC3 bracket 45,3,45,4,1106319,104819,2087.5437583000003,133,True
6001.401483900001,IDAC3 bracket 46,3,46,4,1106281,104781,2086.7869617,95,True
6002.331926399987,IDAC3 bracket 47,3,47,4,1106262,104762,2086.4085634000003,95,True
6003.272209199989,IDAC3 bracket 48,3,48,4,1106281,104781,2086.7869617,95,True
6004.205105900008,IDAC3 bracket 49,3,49,4,1106319,104819,2087.5437583000003,114,True
6005.1336968000105,IDAC3 bracket 50,3,50,4,1106300,104800,2087.16536,114,True
6006.0668883000035,IDAC3 bracket 51,3,51,4,1106281,104781,2086.7869617,133,True
6006.995295800007,IDAC3 bracket 52,3,52,4,1106281,104781,2086.7869617,114,True
6007.9314255999925,IDAC3 bracket 53,3,53,4,1106300,104800,2087.16536,114,True
6008.8616076000035,IDAC3 bracket 54,3,54,4,1106300,104800,2087.16536,114,True
6009.790513299988,IDAC3 bracket 55,3,55,4,1106300,104800,2087.16536,95,True
6010.720562200004,IDAC3 bracket 56,3,56,4,1106281,104781,2086.7869617,95,True
6011.65117170001,IDAC3 bracket 57,3,57,4,1106300,104800,2087.16536,95,True
6012.582687099988,IDAC3 bracket 58,3,58,4,1106281,104781,2086.7869617,95,True
6013.513241700013,IDAC3 bracket 59,3,59,4,1106281,104781,2086.7869617,114,True
6014.440188500012,IDAC3 bracket 60,3,60,4,1106300,104800,2087.16536,95,True
6017.396941799991,IDAC3 bracket 61,3,61,4,1106300,104800,2087.16536,95,True
6018.330128300004,IDAC3 bracket 62,3,62,4,1106300,104800,2087.16536,95,True
6019.264464300009,IDAC3 bracket 63,3,63,4,1106300,104800,2087.16536,95,True
6020.195292999997,IDAC3 bracket 64,3,64,4,1106300,104800,2087.16536,114,True
6021.924524400005,IDAC3 post Newton,3,64,4,1106281,104781,2086.7869617,95,True
6022.858098900004,IDAC3 bracket 65,3,65,4,1106281,104781,2086.7869617,114,True
6024.587347799999,IDAC3 PI local 1,3,65,4,1106300,104800,2087.16536,95,True
6025.512795399991,IDAC3 bracket 64,3,64,4,1106281,104781,2086.7869617,114,True
6027.236171900004,IDAC3 mínimo restaurado,3,64,4,1106281,104781,2086.7869617,114,True
6028.047144799988,guarda antes de x24,2,255,2,931835,-69665,-1387.4272405000002,1869,True
6036.0536883999885,IDAC0 base,0,0,0,951213,-50287,-1001.5008059,3013,True
6037.8375237,IDAC0 probe,0,1,0,954837,-46663,-929.3263091000001,2784,True
6039.61984140001,IDAC0 restore,0,0,0,951900,-49600,-987.8187200000001,2822,True
6041.400679499988,IDAC0 probe,0,-1,0,948276,-53224,-1059.9932168,2593,True
6043.18212350001,IDAC0 restore,0,0,0,952205,-49295,-981.7444315,2841,True
6044.051523800008,IDAC0 inicio,0,0,0,951938,-49562,-987.0619234000001,2861,True
6045.266406300012,IDAC0 rampa Newton,0,4,0,962657,-38843,-773.5855351000001,1907,True
6046.402081800014,IDAC0 rampa Newton,0,8,0,972671,-28829,-574.1497153,2117,True
6047.538994500006,IDAC0 rampa Newton,0,12,0,982437,-19063,-379.6529891,1735,True
6048.679657700006,IDAC0 rampa Newton,0,15,0,990142,-11358,-226.2025206,2212,True
6049.415332200006,IDAC0 post Newton,0,15,0,990142,-11358,-226.2025206,2212,True
6051.640017400001,IDAC0 PI,0,15,0,990123,-11377,-226.58091890000003,2479,True
6054.003125299991,IDAC0 PI,0,16,0,992908,-8592,-171.1156944,2155,True
6056.369119300012,IDAC0 PI,0,17,0,995445,-6055,-120.5895635,1983,True
6058.734403699986,IDAC0 PI,0,18,0,998058,-3442,-68.5498394,2727,True
6061.107377200009,IDAC0 PI,0,19,0,999946,-1554,-30.9489978,3051,True
6063.343178899988,IDAC0 PI,0,19,0,1000003,-1497,-29.813802900000002,2079,True
6064.070291000011,IDAC0 verificación 1/3,0,19,0,1000747,-753,-14.9965221,2346,True
6065.798159500002,IDAC0 verificación 2/3,0,19,0,1000766,-734,-14.618123800000001,2193,True
6067.535699400003,IDAC0 verificación 3/3,0,19,0,1000232,-1268,-25.253107600000003,2384,True
6068.353296299989,espera estabilidad,0,19,1,968647,-32853,-654.2904921,3051,True
6072.079139999987,espera estabilidad,0,19,1,969982,-31518,-627.7030326,3776,True
6075.809212399996,espera estabilidad,0,19,1,971813,-29687,-591.2373859,4196,True
6079.532282400003,espera estabilidad,0,19,1,973472,-28028,-558.1972396000001,3128,True
6083.256986699998,espera estabilidad,0,19,1,975189,-26311,-524.0019827000001,3585,True
6090.6692672999925,espera estabilidad,0,19,1,975742,-25758,-512.9886006,4024,True
6094.397124699986,espera estabilidad,0,19,1,978622,-22878,-455.63138460000005,4196,True
6098.12387000001,espera estabilidad,0,19,1,979118,-22382,-445.7531974,4196,True
6101.847698199999,espera estabilidad,0,19,1,979576,-21924,-436.6318068,4348,True
6109.256820999988,espera estabilidad,0,19,1,981140,-20360,-405.483652,3623,True
6112.97993500001,espera estabilidad,0,19,1,982093,-19407,-386.5039899,3051,True
6116.703475199989,espera estabilidad,0,19,1,981903,-19597,-390.2879729,4119,True
6120.445990899985,espera estabilidad,0,19,1,982933,-18567,-369.7748019,3414,True
6124.170845899993,espera estabilidad,0,19,1,983123,-18377,-365.9908189,3929,True
6127.897793499986,espera estabilidad,0,19,1,982856,-18644,-371.3083108,3890,True
6131.623069099995,espera estabilidad,0,19,1,983791,-17709,-352.68713130000003,2994,True
6135.363424599986,espera estabilidad,0,19,1,983943,-17557,-349.6599449,2670,True
6136.180356600002,tau guarda ch0,0,19,0,1000213,-1287,-25.6315059,1811,True
6136.994028599991,tau BP,0,20,1,980682,-20818,-414.60504260000005,2574,True
6139.992293299991,tau BP,0,20,1,981464,-20036,-399.0309652,2384,True
6142.992345900013,tau BP,0,20,1,981922,-19578,-389.9095746,2422,True
6145.994752400002,tau BP,0,20,1,981731,-19769,-393.71347330000003,2670,True
6148.99088669999,tau BP,0,20,1,981903,-19597,-390.2879729,2307,True
6151.992296000011,tau BP,0,20,1,982742,-18758,-373.57870060000005,3433,True
6154.992590000009,tau BP,0,20,1,983047,-18453,-367.5044121,3013,True
6157.991587600001,tau BP,0,20,1,982666,-18834,-375.09229380000005,3051,True
6160.9905044999905,tau BP,0,20,1,983505,-17995,-358.38302150000004,3128,True
6163.9909910999995,tau BP,0,20,1,983161,-18339,-365.2340223,3166,True
6166.994527200004,tau BP,0,20,1,983352,-18148,-361.4301236,2593,True
6169.990921699995,tau BP,0,20,1,984134,-17366,-345.85604620000004,2517,True
6172.993104299996,tau BP,0,20,1,983619,-17881,-356.1126317,3280,True
6175.994045600004,tau BP,0,20,1,983905,-17595,-350.4167415,3681,True
6178.9962505,tau BP,0,20,1,984210,-17290,-344.34245300000003,3242,True
6181.991853499989,tau BP,0,20,1,984306,-17194,-342.4305458,2765,True
6184.991170599998,tau BP,0,20,1,984134,-17366,-345.85604620000004,3013,True
6187.993015199987,tau BP,0,20,1,984764,-16736,-333.3091552,3471,True
6190.992736499989,tau BP,0,20,1,984878,-16622,-331.03876540000005,3814,True
6193.995137399994,tau BP,0,20,1,984439,-17061,-339.7817577,3376,True
6196.993119099992,tau BP,0,20,1,985412,-16088,-320.40378160000006,3261,True
6199.992186299991,tau BP,0,20,1,984611,-16889,-336.3562573,3452,True
6202.994596600009,tau BP,0,20,1,985355,-16145,-321.5389765,3242,True
6205.991868799989,tau BP,0,20,1,985279,-16221,-323.0525697,2899,True
6208.994963600009,tau BP,0,20,1,984764,-16736,-333.3091552,3585,True
6211.992611900001,tau BP,0,20,1,985183,-16317,-324.9644769,4100,True
6214.995186999993,tau BP,0,20,1,984935,-16565,-329.90357050000006,3318,True
6217.990354999987,tau BP,0,20,1,984992,-16508,-328.7683756,3547,True
6220.995257400005,tau BP,0,20,1,985240,-16260,-323.82928200000003,3318,True
6223.994095300004,tau BP,0,20,1,985336,-16164,-321.9173748,3471,True
6227.157727599988,espera estabilidad,0,19,1,988731,-12769,-254.3035733,3108,True
6230.884982099989,espera estabilidad,0,19,1,987892,-13608,-271.0128456,3013,True
6234.610685399995,espera estabilidad,0,19,1,986881,-14619,-291.14761830000003,3299,True
6238.336096000014,espera estabilidad,0,19,1,987377,-14123,-281.26943109999996,3452,True
6242.064325599989,espera estabilidad,0,19,1,987186,-14314,-285.0733298,3414,True
6245.789296700008,espera estabilidad,0,19,1,986537,-14963,-297.9986191,3395,True
6249.526861799997,espera estabilidad,0,19,1,986328,-15172,-302.16100040000003,2975,True
6250.34087819999,IDAC1 base,1,0,1,987110,-14390,-286.586923,3108,True
6325.1173360999965,IDAC1 probe,1,32,1,988712,-12788,-254.68197160000003,3814,True
6399.893070799997,IDAC1 restore,1,0,1,985527,-15973,-318.1134761,2288,True
6474.671455200005,IDAC1 probe,1,-32,1,982246,-19254,-383.4568878,3089,True
6549.4506519999995,IDAC1 restore,1,0,1,985660,-15840,-315.464688,3166,True
6550.323441899993,espera estabilidad,1,0,1,985717,-15783,-314.32949310000004,3585,True
6554.05928039999,espera estabilidad,1,0,1,986061,-15439,-307.4784923,4043,True
6557.786217199988,espera estabilidad,1,0,1,986232,-15268,-304.0729076,3643,True
6561.513686299993,espera estabilidad,1,0,1,985679,-15821,-315.0862897,3089,True
6565.241589699988,espera estabilidad,1,0,1,985145,-16355,-325.7212735,3662,True
6566.066800900007,IDAC1 inicio,1,0,1,985603,-15897,-316.5998829,3452,True
6567.283978399995,IDAC1 rampa Newton,1,16,1,988197,-13303,-264.9385571,3776,True
6568.419774600014,IDAC1 rampa Newton,1,32,1,991039,-10461,-208.33813770000003,3623,True
6569.5515928000095,IDAC1 rampa Newton,1,48,1,994186,-7314,-145.66342980000002,3128,True
6570.691649799992,IDAC1 rampa Newton,1,64,1,997886,-3614,-71.9753398,3776,True
6571.829022299993,IDAC1 rampa Newton,1,80,1,1000289,-1211,-24.1179127,3547,True
6572.986214500008,IDAC1 rampa Newton,1,96,1,1003131,1631,32.4825067,4158,True
6574.1322627000045,IDAC1 rampa Newton,1,112,1,1005840,4340,86.434138,3452,True
6578.947704099992,IDAC1 rampa Newton,1,128,1,1007575,6075,120.9878775,3128,True
6580.447297300008,IDAC1 rampa Newton,1,144,1,1008682,7182,143.0345574,3433,True
6581.58199430001,IDAC1 rampa Newton,1,157,1,1010971,9471,188.6215947,3242,True
6582.312496700004,IDAC1 post Newton,1,157,1,1010055,8555,170.3788135,3223,True
6590.45456730001,IDAC1 asentando Newton,1,157,1,1007404,5904,117.5822928,2822,True
6598.582649199991,IDAC1 asentando Newton,1,157,1,1005973,4473,89.08292610000001,3509,True
6606.710076099989,IDAC1 asentando Newton,1,157,1,1004695,3195,63.6306615,3662,True
6614.840942400013,IDAC1 asentando Newton,1,157,1,1003456,1956,38.955109199999995,2880,True
6622.967397400003,IDAC1 asentando Newton,1,157,1,1002788,1288,25.651421600000003,2803,True
6631.0946516999975,IDAC1 asentando Newton,1,157,1,1001510,10,0.199157,3032,True
6639.223703700001,IDAC1 asentando Newton,1,157,1,1000595,-905,-18.0237085,2326,True
6647.348815500009,IDAC1 asentando Newton,1,157,1,1000690,-810,-16.131717000000002,3013,True
6655.473427699995,IDAC1 asentando Newton,1,157,1,1000213,-1287,-25.6315059,2269,True
6657.057397500001,IDAC1 asentando Newton,1,157,1,1000041,-1459,-29.0570063,3662,True
6665.190322599985,IDAC1 PI,1,157,1,999755,-1745,-34.752896500000006,3013,True
6673.473351799999,IDAC1 PI,1,158,1,999889,-1611,-32.0841927,3261,True
6681.599424099986,IDAC1 PI,1,158,1,1000232,-1268,-25.253107600000003,2975,True
6682.3275042999885,IDAC1 verificación 1/3,1,158,1,1000118,-1382,-27.5234974,3108,True
6684.056700099987,IDAC1 verificación 2/3,1,158,1,999317,-2183,-43.475973100000004,3433,True
6685.7857187000045,IDAC1 verificación 3/3,1,158,1,1000347,-1153,-22.9628021,3128,True
6686.612014899991,verificación upstream,0,19,0,1000118,-1382,-27.5234974,2498,True
6687.3435326000035,verificación upstream,1,158,1,999450,-2050,-40.82718500000001,3318,True
6688.169768899999,IDAC2 base rápida,2,0,2,758419,-243081,-4841.1282717,1869,False
6689.104271699995,IDAC2 bracket -1,2,-1,2,756645,-244855,-4876.4587235,2174,False
6690.839033600001,IDAC2 sonda -1,2,-1,2,754375,-247125,-4921.667362499999,2231,False
6691.7754442000005,IDAC2 bracket 0,2,0,2,754241,-247259,-4924.3360663,2632,False
6693.50065609999,IDAC2 restaurado,2,0,2,752277,-249223,-4963.4505011,1945,False
6698.019488899998,IDAC2 bracket 1,2,1,2,748538,-252962,-5037.915303400001,2307,False
6699.751082200004,IDAC2 sonda 1,2,1,2,746822,-254678,-5072.0906446,2174,False
6700.6878499999875,IDAC2 bracket 0,2,0,2,745620,-255880,-5096.029316000001,2727,False
6702.417297600012,IDAC2 restaurado,2,0,2,744113,-257387,-5126.0422759,2231,False
6703.347157300013,IDAC2 bracket -1,2,-1,2,742912,-258588,-5149.961031600001,2326,False
6704.280261000007,IDAC2 bracket -2,2,-2,2,741252,-260248,-5183.0210936,2098,False
6709.579374299996,IDAC2 sonda -2,2,-2,2,737686,-263814,-5254.0404798,1945,False
6710.858130500012,IDAC2 bracket -1,2,-1,2,737705,-263795,-5253.662081500001,1735,False
6711.798709299997,IDAC2 bracket 0,2,0,2,737781,-263719,-5252.1484883,1792,False
6713.531655400002,IDAC2 restaurado,2,0,2,736770,-264730,-5272.283261,1811,False
6714.4684033000085,IDAC2 bracket 1,2,1,2,736961,-264539,-5268.4793623000005,1754,False
6715.403064999991,IDAC2 bracket 2,2,2,2,737190,-264310,-5263.918667,1602,False
6717.13411340001,IDAC2 sonda 2,2,2,2,736370,-265130,-5280.249541,1754,False
6718.068415599992,IDAC2 bracket 1,2,1,2,735702,-265798,-5293.5532286,2098,False
6719.00123590001,IDAC2 bracket 0,2,0,2,734424,-267076,-5319.0054932,1983,False
6720.737663100008,IDAC2 restaurado,2,0,2,735111,-266389,-5305.3234073,3890,False
6721.69112860001,IDAC2 bracket -1,2,-1,2,733852,-267648,-5330.3972736,2403,False
6722.624492100003,IDAC2 bracket -2,2,-2,2,733737,-267763,-5332.6875791,4138,False
6723.55984989999,IDAC2 bracket -3,2,-3,2,733242,-268258,-5342.5458506,3356,False
6728.1694504999905,IDAC2 bracket -4,2,-4,2,733718,-267782,-5333.0659774000005,4425,False
6729.9117271,IDAC2 sonda -4,2,-4,2,733184,-268316,-5343.700961200001,3929,False
6730.851874899992,IDAC2 bracket -3,2,-3,2,732860,-268640,-5350.153648,3128,False
6731.795586299995,IDAC2 bracket -2,2,-2,2,733623,-267877,-5334.957968900001,4043,False
6732.732698800013,IDAC2 bracket -1,2,-1,2,733013,-268487,-5347.1065459,3051,False
6733.672413799999,IDAC2 bracket 0,2,0,2,733375,-268125,-5339.8970625,3204,False
6735.414254100004,IDAC2 restaurado,2,0,2,732593,-268907,-5355.4711399,2498,False
6736.349501999997,IDAC2 bracket 1,2,1,2,732879,-268621,-5349.7752497,2784,False
6737.283695399994,IDAC2 bracket 2,2,2,2,733261,-268239,-5342.1674523,2269,False
6738.216639299993,IDAC2 bracket 3,2,3,2,732898,-268602,-5349.3968514,2212,False
6739.150613400008,IDAC2 bracket 4,2,4,2,733261,-268239,-5342.1674523,2288,False
6740.894487100013,IDAC2 sonda 4,2,4,2,732326,-269174,-5360.788631800001,1869,False
6741.830077599996,IDAC2 bracket 3,2,3,2,732345,-269155,-5360.4102335,1544,False
6742.764129799994,IDAC2 bracket 2,2,2,2,732402,-269098,-5359.275038600001,2002,False
6743.6952533999865,IDAC2 bracket 1,2,1,2,732078,-269422,-5365.7277254,1735,False
6744.629943000007,IDAC2 bracket 0,2,0,2,732364,-269136,-5360.0318352,2117,False
6746.375302300003,IDAC2 restaurado,2,0,2,732002,-269498,-5367.241318599999,1392,False
6747.309931299998,IDAC2 bracket -1,2,-1,2,732097,-269403,-5365.349327100001,1869,False
6748.246542799985,IDAC2 bracket -2,2,-2,2,732650,-268850,-5354.335945000001,3166,False
6749.180598700012,IDAC2 bracket -3,2,-3,2,731945,-269555,-5368.3765135,1773,False
6750.1112823,IDAC2 bracket -4,2,-4,2,732192,-269308,-5363.4573356,2212,False
6754.645106200012,IDAC2 bracket -5,2,-5,2,732555,-268945,-5356.2279364999995,2689,False
6755.940843399992,IDAC2 bracket -6,2,-6,2,732593,-268907,-5355.4711399,2822,False
6756.88010010001,IDAC2 bracket -7,2,-7,2,732116,-269384,-5364.9709287999995,2346,False
6757.820967800013,IDAC2 bracket -8,2,-8,2,732078,-269422,-5365.7277254,2002,False
6759.559424200008,IDAC2 sonda -8,2,-8,2,732059,-269441,-5366.1061237,2002,False
6760.501576999988,IDAC2 bracket -7,2,-7,2,732479,-269021,-5357.7415297,2079,False
6765.008941200009,IDAC2 bracket -6,2,-6,2,732460,-269040,-5358.119928,2212,False
6766.306902100012,IDAC2 bracket -5,2,-5,2,732021,-269479,-5366.8629203,1792,False
6767.249208399997,IDAC2 bracket -4,2,-4,2,732097,-269403,-5365.349327100001,2136,False
6768.190759499994,IDAC2 bracket -3,2,-3,2,732154,-269346,-5364.2141322,1850,False
6769.128930700012,IDAC2 bracket -2,2,-2,2,732326,-269174,-5360.788631800001,2269,False
6770.069752499985,IDAC2 bracket -1,2,-1,2,732078,-269422,-5365.7277254,1544,False
6773.033342300012,IDAC2 bracket 0,2,0,2,732116,-269384,-5364.9709287999995,2002,False
6774.769078000012,IDAC2 restaurado,2,0,2,731868,-269632,-5369.9100224,1640,False
6775.705191399989,IDAC2 bracket 1,2,1,2,732002,-269498,-5367.241318599999,1621,False
6776.637613700004,IDAC2 bracket 2,2,2,2,732097,-269403,-5365.349327100001,1583,False
6777.5724949,IDAC2 bracket 3,2,3,2,731906,-269594,-5369.1532258,1449,False
6778.510978300008,IDAC2 bracket 4,2,4,2,732078,-269422,-5365.7277254,1926,False
6783.034504999989,IDAC2 bracket 5,2,5,2,732460,-269040,-5358.119928,2651,False
6784.3318096,IDAC2 bracket 6,2,6,2,732440,-269060,-5358.518242,2040,False
6785.269559800014,IDAC2 bracket 7,2,7,2,732746,-268754,-5352.4240378,3299,False
6786.208594299998,IDAC2 bracket 8,2,8,2,732021,-269479,-5366.8629203,2098,False
6787.9516955,IDAC2 sonda 8,2,8,2,732269,-269231,-5361.9238267,1907,False
6788.88208119999,IDAC2 bracket 7,2,7,2,733184,-268316,-5343.700961200001,2937,False
6793.408545599988,IDAC2 bracket 6,2,6,2,732822,-268678,-5350.9104446,2384,False
6794.687221500004,IDAC2 bracket 5,2,5,2,733242,-268258,-5342.5458506,2536,False
6795.629887599993,IDAC2 bracket 4,2,4,2,732421,-269079,-5358.8966403,1773,False
6796.574194899993,IDAC2 bracket 3,2,3,2,733013,-268487,-5347.1065459,2574,False
6797.509777200001,IDAC2 bracket 2,2,2,2,732574,-268926,-5355.8495382,1811,False
6798.449538599991,IDAC2 bracket 1,2,1,2,732059,-269441,-5366.1061237,2460,False
6801.406987800001,IDAC2 bracket 0,2,0,2,732517,-268983,-5356.9847331,2155,False
6803.139545199985,IDAC2 restaurado,2,0,2,732212,-269288,-5363.059021600001,2059,False
6804.076600400003,IDAC2 bracket -1,2,-1,2,731868,-269632,-5369.9100224,1487,False
6805.014478099998,IDAC2 bracket -2,2,-2,2,731678,-269822,-5373.6940054,1239,False
6805.9521751999855,IDAC2 bracket -3,2,-3,2,731830,-269670,-5370.666819,1258,False
6806.891027200007,IDAC2 bracket -4,2,-4,2,731716,-269784,-5372.9372088,1335,False
6811.403265200002,IDAC2 bracket -5,2,-5,2,731563,-269937,-5375.9843109,705,False
6812.702201999986,IDAC2 bracket -6,2,-6,2,731449,-270051,-5378.2547007,762,False
6813.636046700005,IDAC2 bracket -7,2,-7,2,731563,-269937,-5375.9843109,1049,False
6814.582627800002,IDAC2 bracket -8,2,-8,2,731601,-269899,-5375.2275143,991,False
6815.5199975,IDAC2 bracket -9,2,-9,2,731525,-269975,-5376.7411075,877,False
6816.460947499989,IDAC2 bracket -10,2,-10,2,731830,-269670,-5370.666819,1258,False
6817.4216322999855,IDAC2 bracket -11,2,-11,2,731391,-270109,-5379.4098113,572,False
6818.3562911000045,IDAC2 bracket -12,2,-12,2,731735,-269765,-5372.558810500001,1411,False
6819.3054831000045,IDAC2 bracket -13,2,-13,2,731506,-269994,-5377.1195058,1602,False
6820.238925200014,IDAC2 bracket -14,2,-14,2,731582,-269918,-5375.6059126,1163,False
6821.185010299989,IDAC2 bracket -15,2,-15,2,731430,-270070,-5378.633099000001,820,False
6822.122435099998,IDAC2 bracket -16,2,-16,2,731830,-269670,-5370.666819,1010,False
6823.854653099988,IDAC2 sonda -16,2,-16,2,731601,-269899,-5375.2275143,1087,False
6824.78658819999,IDAC2 bracket -15,2,-15,2,731601,-269899,-5375.2275143,972,False
6825.721797500009,IDAC2 bracket -14,2,-14,2,731563,-269937,-5375.9843109,1106,False
6826.659460499999,IDAC2 bracket -13,2,-13,2,731830,-269670,-5370.666819,2002,False
6827.599522300006,IDAC2 bracket -12,2,-12,2,731849,-269651,-5370.288420700001,1811,False
6828.534356999997,IDAC2 bracket -11,2,-11,2,731487,-270013,-5377.4979041,782,False
6829.472874300001,IDAC2 bracket -10,2,-10,2,731525,-269975,-5376.7411075,991,False
6830.408622499992,IDAC2 bracket -9,2,-9,2,731697,-269803,-5373.3156071,991,False
6831.341690300003,IDAC2 bracket -8,2,-8,2,731849,-269651,-5370.288420700001,1430,False
6832.283131500008,IDAC2 bracket -7,2,-7,2,731563,-269937,-5375.9843109,1277,False
6833.216604799993,IDAC2 bracket -6,2,-6,2,731506,-269994,-5377.1195058,1277,False
6834.161879499996,IDAC2 bracket -5,2,-5,2,731601,-269899,-5375.2275143,1201,False
6835.098248499999,IDAC2 bracket -4,2,-4,2,732135,-269365,-5364.5925305,2117,False
6836.040256899985,IDAC2 bracket -3,2,-3,2,731658,-269842,-5374.092319400001,1201,False
6836.973770799988,IDAC2 bracket -2,2,-2,2,731563,-269937,-5375.9843109,1239,False
6837.917050599994,IDAC2 bracket -1,2,-1,2,731449,-270051,-5378.2547007,610,False
6842.4432142000005,IDAC2 bracket 0,2,0,2,731792,-269708,-5371.4236156,1125,False
6844.1745735,IDAC2 restaurado,2,0,2,731678,-269822,-5373.6940054,1449,False
6845.113545800006,IDAC2 bracket 1,2,1,2,731544,-269956,-5376.362709200001,839,False
6846.051029499999,IDAC2 bracket 2,2,2,2,732307,-269193,-5361.1670301,2079,False
6846.983652499999,IDAC2 bracket 3,2,3,2,732231,-269269,-5362.6806233,2574,False
6847.917511800013,IDAC2 bracket 4,2,4,2,732574,-268926,-5355.8495382,3089,False
6848.852681699995,IDAC2 bracket 5,2,5,2,731983,-269517,-5367.619716900001,2136,False
6849.788614499994,IDAC2 bracket 6,2,6,2,732440,-269060,-5358.518242,2918,False
6850.726695899997,IDAC2 bracket 7,2,7,2,732402,-269098,-5359.275038600001,3089,False
6851.660434999998,IDAC2 bracket 8,2,8,2,732955,-268545,-5348.261656500001,3528,False
6852.594530200004,IDAC2 bracket 9,2,9,2,732955,-268545,-5348.261656500001,2975,False
6853.531096199993,IDAC2 bracket 10,2,10,2,733699,-267801,-5333.444375700001,4234,False
6854.4653262000065,IDAC2 bracket 11,2,11,2,733318,-268182,-5341.0322574,3395,False
6855.401732900005,IDAC2 bracket 12,2,12,2,734157,-267343,-5324.322985100001,4901,False
6856.343273200007,IDAC2 bracket 13,2,13,2,733604,-267896,-5335.3363672000005,3757,False
6857.279066799994,IDAC2 bracket 14,2,14,2,733814,-267686,-5331.1540702,3929,False
6858.2144366999855,IDAC2 bracket 15,2,15,2,733623,-267877,-5334.957968900001,3643,False
6859.152173699986,IDAC2 bracket 16,2,16,2,733699,-267801,-5333.444375700001,3471,False
6860.885494099988,IDAC2 sonda 16,2,16,2,733852,-267648,-5330.3972736,3147,False
6861.818503999995,IDAC2 bracket 15,2,15,2,733871,-267629,-5330.0188753,3910,False
6866.425126699993,IDAC2 bracket 14,2,14,2,732574,-268926,-5355.8495382,1697,False
6867.719069099985,IDAC2 bracket 13,2,13,2,732192,-269308,-5363.4573356,1850,False
6868.657331900002,IDAC2 bracket 12,2,12,2,732040,-269460,-5366.484522,2098,False
6869.6016398000065,IDAC2 bracket 11,2,11,2,732231,-269269,-5362.6806233,1716,False
6870.53895029999,IDAC2 bracket 10,2,10,2,732364,-269136,-5360.0318352,2174,False
6871.476574400003,IDAC2 bracket 9,2,9,2,731716,-269784,-5372.9372088,1277,False
6876.040247099998,IDAC2 bracket 8,2,8,2,732040,-269460,-5366.484522,1487,False
6877.337724799989,IDAC2 bracket 7,2,7,2,731906,-269594,-5369.1532258,1564,False
6878.275155499985,IDAC2 bracket 6,2,6,2,732784,-268716,-5351.6672412,3738,False
6879.215453200013,IDAC2 bracket 5,2,5,2,732269,-269231,-5361.9238267,2155,False
6880.152027700009,IDAC2 bracket 4,2,4,2,732307,-269193,-5361.1670301,3013,False
6881.086292399996,IDAC2 bracket 3,2,3,2,732326,-269174,-5360.788631800001,2708,False
6885.61033299999,IDAC2 bracket 2,2,2,2,732345,-269155,-5360.4102335,2880,False
6886.892528099997,IDAC2 bracket 1,2,1,2,732517,-268983,-5356.9847331,2918,False
6887.831167600001,IDAC2 bracket 0,2,0,2,732688,-268812,-5353.5791484,3204,False
6889.5685577999975,IDAC2 restaurado,2,0,2,732784,-268716,-5351.6672412,2994,False
6890.506618099986,IDAC2 bracket -1,2,-1,2,732688,-268812,-5353.5791484,2536,False
6891.442799899989,IDAC2 bracket -2,2,-2,2,732173,-269327,-5363.8357339,2059,False
6894.408351299993,IDAC2 bracket -3,2,-3,2,731983,-269517,-5367.619716900001,1525,False
6895.342686299991,IDAC2 bracket -4,2,-4,2,731925,-269575,-5368.7748275,1487,False
6896.281274899986,IDAC2 bracket -5,2,-5,2,732097,-269403,-5365.349327100001,1506,False
6897.2176907999965,IDAC2 bracket -6,2,-6,2,731735,-269765,-5372.558810500001,991,False
6898.156512599991,IDAC2 bracket -7,2,-7,2,731697,-269803,-5373.3156071,1201,False
6899.091044600005,IDAC2 bracket -8,2,-8,2,731754,-269746,-5372.1804122,1125,False
6900.026557200006,IDAC2 bracket -9,2,-9,2,731811,-269689,-5371.0452173,1106,False
6900.961474499985,IDAC2 bracket -10,2,-10,2,731506,-269994,-5377.1195058,1296,False
6901.901183799986,IDAC2 bracket -11,2,-11,2,731372,-270128,-5379.7882096,362,False
6902.836515100003,IDAC2 bracket -12,2,-12,2,731563,-269937,-5375.9843109,1316,False
6903.783310300001,IDAC2 bracket -13,2,-13,2,731525,-269975,-5376.7411075,991,False
6904.725571399991,IDAC2 bracket -14,2,-14,2,731449,-270051,-5378.2547007,743,False
6905.6782702000055,IDAC2 bracket -15,2,-15,2,731468,-270032,-5377.8763024,572,False
6910.3065511999885,IDAC2 bracket -16,2,-16,2,731391,-270109,-5379.4098113,858,False
6911.58664210001,IDAC2 bracket -17,2,-17,2,731449,-270051,-5378.2547007,591,False
6912.5302363999945,IDAC2 bracket -18,2,-18,2,731372,-270128,-5379.7882096,686,False
6913.4928520999965,IDAC2 bracket -19,2,-19,2,731353,-270147,-5380.166607900001,324,False
6914.431374500011,IDAC2 bracket -20,2,-20,2,731353,-270147,-5380.166607900001,324,False
6915.367655899987,IDAC2 bracket -21,2,-21,2,731334,-270166,-5380.545006200001,381,False
6919.881753499998,IDAC2 bracket -22,2,-22,2,731430,-270070,-5378.633099000001,610,False
6921.176848300005,IDAC2 bracket -23,2,-23,2,731506,-269994,-5377.1195058,724,False
6922.1541795000085,IDAC2 bracket -24,2,-24,2,731410,-270090,-5379.031413000001,553,False
6923.097043099988,IDAC2 bracket -25,2,-25,2,731410,-270090,-5379.031413000001,343,False
6924.034692999994,IDAC2 bracket -26,2,-26,2,731544,-269956,-5376.362709200001,743,False
6928.649124799995,IDAC2 bracket -27,2,-27,2,731391,-270109,-5379.4098113,362,False
6929.9485252999875,IDAC2 bracket -28,2,-28,2,731410,-270090,-5379.031413000001,286,False
6930.8926200999995,IDAC2 bracket -29,2,-29,2,731334,-270166,-5380.545006200001,267,False
6931.8319814999995,IDAC2 bracket -30,2,-30,2,731468,-270032,-5377.8763024,724,False
6932.772015499999,IDAC2 bracket -31,2,-31,2,731334,-270166,-5380.545006200001,190,False
6933.715257500007,IDAC2 bracket -32,2,-32,2,731372,-270128,-5379.7882096,171,False
6935.448674000014,IDAC2 sonda -32,2,-32,2,731277,-270223,-5381.6802011,247,False
6936.386566900008,IDAC2 bracket -31,2,-31,2,731334,-270166,-5380.545006200001,152,False
6937.321663699986,IDAC2 bracket -30,2,-30,2,731334,-270166,-5380.545006200001,247,False
6938.261546099995,IDAC2 bracket -29,2,-29,2,731315,-270185,-5380.9234045,209,False
6939.204530599993,IDAC2 bracket -28,2,-28,2,731353,-270147,-5380.166607900001,171,False
6940.140687600011,IDAC2 bracket -27,2,-27,2,731315,-270185,-5380.9234045,343,False
6941.087070400012,IDAC2 bracket -26,2,-26,2,731353,-270147,-5380.166607900001,190,False
6942.026021700003,IDAC2 bracket -25,2,-25,2,731353,-270147,-5380.166607900001,171,False
6942.960818899999,IDAC2 bracket -24,2,-24,2,731391,-270109,-5379.4098113,286,False
6943.899339099997,IDAC2 bracket -23,2,-23,2,731353,-270147,-5380.166607900001,381,False
6944.842168600007,IDAC2 bracket -22,2,-22,2,731372,-270128,-5379.7882096,362,False
6945.778433500003,IDAC2 bracket -21,2,-21,2,731525,-269975,-5376.7411075,1029,False
6946.718572399986,IDAC2 bracket -20,2,-20,2,731601,-269899,-5375.2275143,1163,False
6947.657834499987,IDAC2 bracket -19,2,-19,2,731487,-270013,-5377.4979041,572,False
6948.59421499999,IDAC2 bracket -18,2,-18,2,731582,-269918,-5375.6059126,877,False
6951.559039099986,IDAC2 bracket -17,2,-17,2,731525,-269975,-5376.7411075,1087,False
6952.49517390001,IDAC2 bracket -16,2,-16,2,731773,-269727,-5371.802013900001,1506,False
6953.437969099992,IDAC2 bracket -15,2,-15,2,731487,-270013,-5377.4979041,762,False
6954.385493000009,IDAC2 bracket -14,2,-14,2,731716,-269784,-5372.9372088,1144,False
6955.324428499996,IDAC2 bracket -13,2,-13,2,731544,-269956,-5376.362709200001,934,False
6956.260901900008,IDAC2 bracket -12,2,-12,2,731525,-269975,-5376.7411075,801,False
6959.2301293000055,IDAC2 bracket -11,2,-11,2,731582,-269918,-5375.6059126,877,False
6960.1707097000035,IDAC2 bracket -10,2,-10,2,731506,-269994,-5377.1195058,858,False
6961.113062299992,IDAC2 bracket -9,2,-9,2,731792,-269708,-5371.4236156,1277,False
6962.055299300002,IDAC2 bracket -8,2,-8,2,731658,-269842,-5374.092319400001,1449,False
6963.008331399993,IDAC2 bracket -7,2,-7,2,731487,-270013,-5377.4979041,686,False
6963.946764699998,IDAC2 bracket -6,2,-6,2,731620,-269880,-5374.849116,1239,False
6964.88359740001,IDAC2 bracket -5,2,-5,2,731678,-269822,-5373.6940054,1106,False
6965.826721299993,IDAC2 bracket -4,2,-4,2,731601,-269899,-5375.2275143,1087,False
6966.760690399999,IDAC2 bracket -3,2,-3,2,731697,-269803,-5373.3156071,1029,False
6967.709655399987,IDAC2 bracket -2,2,-2,2,731830,-269670,-5370.666819,1335,False
6968.6450770999945,IDAC2 bracket -1,2,-1,2,731525,-269975,-5376.7411075,934,False
6969.579543400003,IDAC2 bracket 0,2,0,2,731697,-269803,-5373.3156071,1487,False
6971.311605199997,IDAC2 restaurado,2,0,2,731601,-269899,-5375.2275143,1106,False
6972.24812199999,IDAC2 bracket 1,2,1,2,732078,-269422,-5365.7277254,2098,False
6973.190056399995,IDAC2 bracket 2,2,2,2,731849,-269651,-5370.288420700001,1525,False
6974.1279035999905,IDAC2 bracket 3,2,3,2,731792,-269708,-5371.4236156,1296,False
6975.066113500012,IDAC2 bracket 4,2,4,2,732154,-269346,-5364.2141322,2002,False
6976.001148499985,IDAC2 bracket 5,2,5,2,732517,-268983,-5356.9847331,2632,False
6976.940170899994,IDAC2 bracket 6,2,6,2,733032,-268468,-5346.728147600001,2765,False
6977.878658300004,IDAC2 bracket 7,2,7,2,732536,-268964,-5356.606334800001,2670,False
6978.815987699985,IDAC2 bracket 8,2,8,2,732879,-268621,-5349.7752497,3700,False
6979.754713300004,IDAC2 bracket 9,2,9,2,733261,-268239,-5342.1674523,3929,False
6980.692572,IDAC2 bracket 10,2,10,2,733203,-268297,-5343.3225629,4081,False
6981.639559800009,IDAC2 bracket 11,2,11,2,733146,-268354,-5344.457757800001,3738,False
6982.583126399986,IDAC2 bracket 12,2,12,2,733337,-268163,-5340.6538591,4158,False
6983.524943900004,IDAC2 bracket 13,2,13,2,733757,-267743,-5332.2892651,4653,False
6984.4628983,IDAC2 bracket 14,2,14,2,733528,-267972,-5336.8499604,3623,False
6985.400664399989,IDAC2 bracket 15,2,15,2,734004,-267496,-5327.3700872,4215,False
6986.338959799992,IDAC2 bracket 16,2,16,2,734558,-266942,-5316.3367894,4329,False
6987.277627400006,IDAC2 bracket 17,2,17,2,734138,-267362,-5324.701383400001,2861,False
6988.219663900003,IDAC2 bracket 18,2,18,2,735244,-266256,-5302.674619200001,4043,False
6989.161384400009,IDAC2 bracket 19,2,19,2,735492,-266008,-5297.7355256,3414,False
6990.099986299989,IDAC2 bracket 20,2,20,2,735130,-266370,-5304.945009000001,2212,False
6991.038643100008,IDAC2 bracket 21,2,21,2,735740,-265760,-5292.796432,2899,False
6991.9875500999915,IDAC2 bracket 22,2,22,2,735950,-265550,-5288.614135000001,2098,False
6996.603058800014,IDAC2 bracket 23,2,23,2,736503,-264997,-5277.600752900001,2346,False
6997.906524499995,IDAC2 bracket 24,2,24,2,737037,-264463,-5266.9657691,2021,False
6998.846140000009,IDAC2 bracket 25,2,25,2,737934,-263566,-5249.101386200001,1850,False
6999.781899499998,IDAC2 bracket 26,2,26,2,738563,-262937,-5236.574410900001,1621,False
7000.721963899996,IDAC2 bracket 27,2,27,2,739307,-262193,-5221.757130100001,1735,False
7001.660243899998,IDAC2 bracket 28,2,28,2,740013,-261487,-5207.6966459,1564,False
7006.2289787000045,IDAC2 bracket 29,2,29,2,740623,-260877,-5195.5480689000005,1716,False
7007.528112500004,IDAC2 bracket 30,2,30,2,741500,-260000,-5178.082,1544,False
7008.471446699987,IDAC2 bracket 31,2,31,2,742034,-259466,-5167.447016200001,1544,False
7009.411649799993,IDAC2 bracket 32,2,32,2,742797,-258703,-5152.2513371000005,2040,False
7011.143429399992,IDAC2 sonda 32,2,32,2,742721,-258779,-5153.7649303,2155,False
7012.077113300009,IDAC2 bracket 31,2,31,2,742111,-259389,-5165.913507300001,2098,False
7013.014625599986,IDAC2 bracket 30,2,30,2,741291,-260209,-5182.244381300001,2117,False
7013.953873499995,IDAC2 bracket 29,2,29,2,740890,-260610,-5190.230577,2479,False
7014.892136500013,IDAC2 bracket 28,2,28,2,740032,-261468,-5207.3182476,2021,False
7015.830954200006,IDAC2 bracket 27,2,27,2,739440,-262060,-5219.108342,2021,False
7016.775385099987,IDAC2 bracket 26,2,26,2,738601,-262899,-5235.8176143,1983,False
7017.710240999993,IDAC2 bracket 25,2,25,2,737991,-263509,-5247.9661913,1926,False
7018.66260879999,IDAC2 bracket 24,2,24,2,737304,-264196,-5261.6482772,2593,False
7023.232907500002,IDAC2 bracket 23,2,23,2,736656,-264844,-5274.5536508,1926,False
7024.536279299995,IDAC2 bracket 22,2,22,2,736179,-265321,-5284.0534397,2708,False
7025.473543800006,IDAC2 bracket 21,2,21,2,735511,-265989,-5297.357127300001,2403,False
7026.416878699994,IDAC2 bracket 20,2,20,2,735225,-266275,-5303.0530175,2593,False
7027.365185500006,IDAC2 bracket 19,2,19,2,734252,-267248,-5322.430993600001,2517,False
7028.303990899993,IDAC2 bracket 18,2,18,2,734100,-267400,-5325.4581800000005,2250,False
7032.837713099987,IDAC2 bracket 17,2,17,2,733814,-267686,-5331.1540702,3051,False
7034.115541700012,IDAC2 bracket 16,2,16,2,733718,-267782,-5333.0659774000005,2937,False
7035.057673600008,IDAC2 bracket 15,2,15,2,732688,-268812,-5353.5791484,2307,False
7036.003750200005,IDAC2 bracket 14,2,14,2,732879,-268621,-5349.7752497,2975,False
7036.944451099989,IDAC2 bracket 13,2,13,2,732707,-268793,-5353.2007501,2861,False
7037.884560300008,IDAC2 bracket 12,2,12,2,732402,-269098,-5359.275038600001,2632,False
7038.822901900014,IDAC2 bracket 11,2,11,2,732727,-268773,-5352.802436100001,3337,False
7039.76275970001,IDAC2 bracket 10,2,10,2,732460,-269040,-5358.119928,2422,False
7040.699979099998,IDAC2 bracket 9,2,9,2,732746,-268754,-5352.4240378,2555,False
7041.637297700014,IDAC2 bracket 8,2,8,2,733146,-268354,-5344.457757800001,2365,False
7042.576586100011,IDAC2 bracket 7,2,7,2,732612,-268888,-5355.0927416,2136,False
7043.514984600013,IDAC2 bracket 6,2,6,2,732212,-269288,-5363.059021600001,1792,False
7044.454329600005,IDAC2 bracket 5,2,5,2,732746,-268754,-5352.4240378,2098,False
7047.423537900002,IDAC2 bracket 4,2,4,2,732440,-269060,-5358.518242,2250,False
7048.3620352,IDAC2 bracket 3,2,3,2,732364,-269136,-5360.0318352,1907,False
7049.304050700011,IDAC2 bracket 2,2,2,2,732479,-269021,-5357.7415297,2040,False
7050.243739800004,IDAC2 bracket 1,2,1,2,732326,-269174,-5360.788631800001,1716,False
7051.186105000001,IDAC2 bracket 0,2,0,2,731964,-269536,-5367.9981152,1659,False
7052.921111800009,IDAC2 restaurado,2,0,2,732517,-268983,-5356.9847331,2079,False
7053.869678099989,IDAC2 bracket -1,2,-1,2,732364,-269136,-5360.0318352,2155,False
7054.811039299995,IDAC2 bracket -2,2,-2,2,732078,-269422,-5365.7277254,1811,False
7055.7567117,IDAC2 bracket -3,2,-3,2,731925,-269575,-5368.7748275,1888,False
7056.703999099991,IDAC2 bracket -4,2,-4,2,731716,-269784,-5372.9372088,1716,False
7057.645288800006,IDAC2 bracket -5,2,-5,2,731773,-269727,-5371.802013900001,1182,False
7058.587626599998,IDAC2 bracket -6,2,-6,2,731830,-269670,-5370.666819,1697,False
7059.535982600006,IDAC2 bracket -7,2,-7,2,731735,-269765,-5372.558810500001,1125,False
7060.48247789999,IDAC2 bracket -8,2,-8,2,731544,-269956,-5376.362709200001,858,False
7061.427300999989,IDAC2 bracket -9,2,-9,2,731430,-270070,-5378.633099000001,858,False
7062.374302699987,IDAC2 bracket -10,2,-10,2,731468,-270032,-5377.8763024,686,False
7063.334346599993,IDAC2 bracket -11,2,-11,2,731430,-270070,-5378.633099000001,572,False
7064.286567100004,IDAC2 bracket -12,2,-12,2,731449,-270051,-5378.2547007,495,False
7065.257118600013,IDAC2 bracket -13,2,-13,2,731449,-270051,-5378.2547007,400,False
7066.203388499998,IDAC2 bracket -14,2,-14,2,731468,-270032,-5377.8763024,495,False
7067.147512399999,IDAC2 bracket -15,2,-15,2,731449,-270051,-5378.2547007,648,False
7071.681491900003,IDAC2 bracket -16,2,-16,2,731506,-269994,-5377.1195058,762,False
7072.963591500011,IDAC2 bracket -17,2,-17,2,731468,-270032,-5377.8763024,534,False
7073.905896599987,IDAC2 bracket -18,2,-18,2,731544,-269956,-5376.362709200001,877,False
7074.862189700012,IDAC2 bracket -19,2,-19,2,731620,-269880,-5374.849116,953,False
7075.805860499997,IDAC2 bracket -20,2,-20,2,731735,-269765,-5372.558810500001,1029,False
7076.754259600013,IDAC2 bracket -21,2,-21,2,731506,-269994,-5377.1195058,724,False
7077.705280599999,IDAC2 bracket -22,2,-22,2,731430,-270070,-5378.633099000001,572,False
7078.649751299992,IDAC2 bracket -23,2,-23,2,731410,-270090,-5379.031413000001,343,False
7079.605007500009,IDAC2 bracket -24,2,-24,2,731430,-270070,-5378.633099000001,400,False
7080.555426200008,IDAC2 bracket -25,2,-25,2,731487,-270013,-5377.4979041,476,False
7081.5074748999905,IDAC2 bracket -26,2,-26,2,731487,-270013,-5377.4979041,705,False
7082.459074000013,IDAC2 bracket -27,2,-27,2,731582,-269918,-5375.6059126,915,False
7083.4132353999885,IDAC2 bracket -28,2,-28,2,731544,-269956,-5376.362709200001,686,False
7084.3688884,IDAC2 bracket -29,2,-29,2,731506,-269994,-5377.1195058,514,False
7085.315498699987,IDAC2 bracket -30,2,-30,2,731372,-270128,-5379.7882096,305,False
7086.259451999998,IDAC2 bracket -31,2,-31,2,731410,-270090,-5379.031413000001,286,False
7087.221415999986,IDAC2 bracket -32,2,-32,2,731430,-270070,-5378.633099000001,324,False
7088.185214500001,IDAC2 bracket -33,2,-33,2,731449,-270051,-5378.2547007,476,False
7089.129766900005,IDAC2 bracket -34,2,-34,2,731430,-270070,-5378.633099000001,476,False
7090.078660900006,IDAC2 bracket -35,2,-35,2,731372,-270128,-5379.7882096,400,False
7091.026243600005,IDAC2 bracket -36,2,-36,2,731391,-270109,-5379.4098113,152,False
7091.9734420999885,IDAC2 bracket -37,2,-37,2,731391,-270109,-5379.4098113,209,False
7092.917114000011,IDAC2 bracket -38,2,-38,2,731372,-270128,-5379.7882096,190,False
7093.865340299992,IDAC2 bracket -39,2,-39,2,731410,-270090,-5379.031413000001,190,False
7094.820195400011,IDAC2 bracket -40,2,-40,2,731430,-270070,-5378.633099000001,152,False
7095.765713700006,IDAC2 bracket -41,2,-41,2,731449,-270051,-5378.2547007,171,False
7096.710065199994,IDAC2 bracket -42,2,-42,2,731449,-270051,-5378.2547007,133,False
7097.656307500001,IDAC2 bracket -43,2,-43,2,731353,-270147,-5380.166607900001,152,False
7100.644253300008,IDAC2 bracket -44,2,-44,2,731410,-270090,-5379.031413000001,133,False
7101.589431300003,IDAC2 bracket -45,2,-45,2,731410,-270090,-5379.031413000001,152,False
7102.544524500001,IDAC2 bracket -46,2,-46,2,731506,-269994,-5377.1195058,400,False
7103.542556500004,IDAC2 bracket -47,2,-47,2,731410,-270090,-5379.031413000001,228,False
7104.494200599991,IDAC2 bracket -48,2,-48,2,731430,-270070,-5378.633099000001,419,False
7105.439107100014,IDAC2 bracket -49,2,-49,2,731487,-270013,-5377.4979041,438,False
7109.9729544,IDAC2 bracket -50,2,-50,2,731430,-270070,-5378.633099000001,190,False
7111.269713299989,IDAC2 bracket -51,2,-51,2,731563,-269937,-5375.9843109,705,False
7112.2194915,IDAC2 bracket -52,2,-52,2,731468,-270032,-5377.8763024,324,False
7113.1801851000055,IDAC2 bracket -53,2,-53,2,731372,-270128,-5379.7882096,171,False
7114.135759299999,IDAC2 bracket -54,2,-54,2,731430,-270070,-5378.633099000001,228,False
7118.7737896000035,IDAC2 bracket -55,2,-55,2,731449,-270051,-5378.2547007,152,False
7120.063399800012,IDAC2 bracket -56,2,-56,2,731391,-270109,-5379.4098113,228,False
7121.020947699988,IDAC2 bracket -57,2,-57,2,731391,-270109,-5379.4098113,171,False
7121.968598800013,IDAC2 bracket -58,2,-58,2,731391,-270109,-5379.4098113,133,False
7122.911418600008,IDAC2 bracket -59,2,-59,2,731410,-270090,-5379.031413000001,152,False
7123.853048699995,IDAC2 bracket -60,2,-60,2,731391,-270109,-5379.4098113,171,False
7128.44149279999,IDAC2 bracket -61,2,-61,2,731353,-270147,-5380.166607900001,152,False
7129.734103900002,IDAC2 bracket -62,2,-62,2,731391,-270109,-5379.4098113,190,False
7130.683408399986,IDAC2 bracket -63,2,-63,2,731391,-270109,-5379.4098113,209,False
7131.632956899994,IDAC2 bracket -64,2,-64,2,731353,-270147,-5380.166607900001,171,False
7133.375983200007,IDAC2 sonda -64,2,-64,2,731391,-270109,-5379.4098113,152,False
7134.330293800012,IDAC2 bracket -63,2,-63,2,731353,-270147,-5380.166607900001,152,False
7135.291351899999,IDAC2 bracket -62,2,-62,2,731353,-270147,-5380.166607900001,152,False
7136.239278299996,IDAC2 bracket -61,2,-61,2,731372,-270128,-5379.7882096,133,False
7137.208941799996,IDAC2 bracket -60,2,-60,2,731391,-270109,-5379.4098113,114,False
7138.165819299989,IDAC2 bracket -59,2,-59,2,731372,-270128,-5379.7882096,171,False
7139.126143100002,IDAC2 bracket -58,2,-58,2,731430,-270070,-5378.633099000001,171,False
7140.074506500008,IDAC2 bracket -57,2,-57,2,731353,-270147,-5380.166607900001,171,False
7141.019732199988,IDAC2 bracket -56,2,-56,2,731296,-270204,-5381.301802800001,152,False
7141.967070199986,IDAC2 bracket -55,2,-55,2,731372,-270128,-5379.7882096,152,False
7142.91458099999,IDAC2 bracket -54,2,-54,2,731372,-270128,-5379.7882096,114,False
7143.867736899992,IDAC2 bracket -53,2,-53,2,731353,-270147,-5380.166607900001,133,False
7144.815694199991,IDAC2 bracket -52,2,-52,2,731410,-270090,-5379.031413000001,133,False
7145.763640299992,IDAC2 bracket -51,2,-51,2,731410,-270090,-5379.031413000001,190,False
7146.711115899991,IDAC2 bracket -50,2,-50,2,731410,-270090,-5379.031413000001,152,False
7147.664213000011,IDAC2 bracket -49,2,-49,2,731391,-270109,-5379.4098113,152,False
7148.613621900004,IDAC2 bracket -48,2,-48,2,731372,-270128,-5379.7882096,190,False
7149.565270499996,IDAC2 bracket -47,2,-47,2,731353,-270147,-5380.166607900001,152,False
7150.514300699986,IDAC2 bracket -46,2,-46,2,731372,-270128,-5379.7882096,114,False
7151.465822600003,IDAC2 bracket -45,2,-45,2,731391,-270109,-5379.4098113,190,False
7152.415220700001,IDAC2 bracket -44,2,-44,2,731372,-270128,-5379.7882096,133,False
7153.3782543000125,IDAC2 bracket -43,2,-43,2,731391,-270109,-5379.4098113,152,False
7154.329874099989,IDAC2 bracket -42,2,-42,2,731353,-270147,-5380.166607900001,190,False
7155.284830399993,IDAC2 bracket -41,2,-41,2,731410,-270090,-5379.031413000001,209,False
7156.231259299995,IDAC2 bracket -40,2,-40,2,731410,-270090,-5379.031413000001,152,False
7157.173670799995,IDAC2 bracket -39,2,-39,2,731410,-270090,-5379.031413000001,171,False
7158.129707799992,IDAC2 bracket -38,2,-38,2,731430,-270070,-5378.633099000001,152,False
7159.0737156000105,IDAC2 bracket -37,2,-37,2,731372,-270128,-5379.7882096,171,False
7160.018872799992,IDAC2 bracket -36,2,-36,2,731391,-270109,-5379.4098113,133,False
7160.96409709999,IDAC2 bracket -35,2,-35,2,731372,-270128,-5379.7882096,267,False
7161.916973299987,IDAC2 bracket -34,2,-34,2,731353,-270147,-5380.166607900001,247,False
7162.876299199997,IDAC2 bracket -33,2,-33,2,731430,-270070,-5378.633099000001,286,False
7163.825524999993,IDAC2 bracket -32,2,-32,2,731391,-270109,-5379.4098113,400,False
7164.768774900003,IDAC2 bracket -31,2,-31,2,731372,-270128,-5379.7882096,400,False
7165.715593000001,IDAC2 bracket -30,2,-30,2,731410,-270090,-5379.031413000001,610,False
7166.659497799992,IDAC2 bracket -29,2,-29,2,731391,-270109,-5379.4098113,419,False
7167.624030100007,IDAC2 bracket -28,2,-28,2,731430,-270070,-5378.633099000001,686,False
7168.570386200008,IDAC2 bracket -27,2,-27,2,731487,-270013,-5377.4979041,629,False
7169.515565699985,IDAC2 bracket -26,2,-26,2,731544,-269956,-5376.362709200001,629,False
7170.461117400002,IDAC2 bracket -25,2,-25,2,731544,-269956,-5376.362709200001,629,False
7171.412895499991,IDAC2 bracket -24,2,-24,2,731468,-270032,-5377.8763024,476,False
7172.360685899999,IDAC2 bracket -23,2,-23,2,731506,-269994,-5377.1195058,514,False
7173.310054300004,IDAC2 bracket -22,2,-22,2,731410,-270090,-5379.031413000001,629,False
7174.25940380001,IDAC2 bracket -21,2,-21,2,731544,-269956,-5376.362709200001,3395,False
7175.217359300004,IDAC2 bracket -20,2,-20,2,731487,-270013,-5377.4979041,591,False
7176.1657976999995,IDAC2 bracket -19,2,-19,2,731601,-269899,-5375.2275143,801,False
7177.123191599996,IDAC2 bracket -18,2,-18,2,731506,-269994,-5377.1195058,724,False
7178.076287100004,IDAC2 bracket -17,2,-17,2,731430,-270070,-5378.633099000001,267,False
7179.021626600006,IDAC2 bracket -16,2,-16,2,731468,-270032,-5377.8763024,591,False
7179.969076899986,IDAC2 bracket -15,2,-15,2,731487,-270013,-5377.4979041,476,False
7180.9142110999965,IDAC2 bracket -14,2,-14,2,731582,-269918,-5375.6059126,858,False
7181.863873900002,IDAC2 bracket -13,2,-13,2,731639,-269861,-5374.4707177,1277,False
7182.812808199989,IDAC2 bracket -12,2,-12,2,731563,-269937,-5375.9843109,705,False
7187.44564250001,IDAC2 bracket -11,2,-11,2,731544,-269956,-5376.362709200001,991,False
7188.735546699987,IDAC2 bracket -10,2,-10,2,731697,-269803,-5373.3156071,915,False
7189.684062799992,IDAC2 bracket -9,2,-9,2,731678,-269822,-5373.6940054,1163,False
7190.746856499987,IDAC2 bracket -8,2,-8,2,731906,-269594,-5369.1532258,1068,False
7191.697492000007,IDAC2 bracket -7,2,-7,2,731678,-269822,-5373.6940054,1182,False
7192.6450277999975,IDAC2 bracket -6,2,-6,2,731525,-269975,-5376.7411075,877,False
7193.604666900006,IDAC2 bracket -5,2,-5,2,731887,-269613,-5369.531624100001,1869,False
7194.552216400014,IDAC2 bracket -4,2,-4,2,732326,-269174,-5360.788631800001,2441,False
7195.50391639999,IDAC2 bracket -3,2,-3,2,732154,-269346,-5364.2141322,1907,False
7196.45933089999,IDAC2 bracket -2,2,-2,2,731945,-269555,-5368.3765135,1773,False
7197.414775799989,IDAC2 bracket -1,2,-1,2,732173,-269327,-5363.8357339,2746,False
7198.3744042000035,IDAC2 bracket 0,2,0,2,732421,-269079,-5358.8966403,2727,False
7200.119759099995,IDAC2 restaurado,2,0,2,732231,-269269,-5362.6806233,2231,False
7201.066944799997,IDAC2 bracket 1,2,1,2,732822,-268678,-5350.9104446,3604,False
7204.056478499988,IDAC2 bracket 2,2,2,2,732307,-269193,-5361.1670301,2517,False
7205.009646999999,IDAC2 bracket 3,2,3,2,733280,-268220,-5341.789054000001,2803,False
7205.984373999992,IDAC2 bracket 4,2,4,2,731983,-269517,-5367.619716900001,1564,False
7206.939609599998,IDAC2 bracket 5,2,5,2,733108,-268392,-5345.2145544,3070,False
7207.8914318000025,IDAC2 bracket 6,2,6,2,732269,-269231,-5361.9238267,2861,False
7208.841113400005,IDAC2 bracket 7,2,7,2,732688,-268812,-5353.5791484,2536,False
7213.3707054000115,IDAC2 bracket 8,2,8,2,732383,-269117,-5359.6534369,1659,False
7214.677206299995,IDAC2 bracket 9,2,9,2,732231,-269269,-5362.6806233,1583,False
7215.634808500006,IDAC2 bracket 10,2,10,2,732383,-269117,-5359.6534369,2193,False
7216.600330899993,IDAC2 bracket 11,2,11,2,732555,-268945,-5356.2279364999995,1869,False
7217.545451999991,IDAC2 bracket 12,2,12,2,732860,-268640,-5350.153648,2117,False
7218.493148400012,IDAC2 bracket 13,2,13,2,733394,-268106,-5339.518664200001,2708,False
7219.443725999998,IDAC2 bracket 14,2,14,2,733432,-268068,-5338.7618676,2784,False
7220.405073800008,IDAC2 bracket 15,2,15,2,733470,-268030,-5338.0050710000005,2937,False
7221.352887199988,IDAC2 bracket 16,2,16,2,733585,-267915,-5335.714765500001,3261,False
7222.300172499992,IDAC2 bracket 17,2,17,2,733928,-267572,-5328.8836804,2727,False
7223.247694399994,IDAC2 bracket 18,2,18,2,734310,-267190,-5321.275883,3452,False
7224.19689359999,IDAC2 bracket 19,2,19,2,735149,-266351,-5304.5666107,2784,False
7225.15519379999,IDAC2 bracket 20,2,20,2,736045,-265455,-5286.7221435,3223,False
7228.142714299989,IDAC2 bracket 21,2,21,2,736160,-265340,-5284.431838,3032,False
7229.0944540000055,IDAC2 bracket 22,2,22,2,736942,-264558,-5268.857760600001,3147,False
7230.04998750001,IDAC2 bracket 23,2,23,2,737495,-264005,-5257.844378500001,3128,False
7231.0023647999915,IDAC2 bracket 24,2,24,2,737590,-263910,-5255.952387,2079,False
7231.951377499994,IDAC2 bracket 25,2,25,2,738105,-263395,-5245.6958015,1697,False
7232.905965000013,IDAC2 bracket 26,2,26,2,738887,-262613,-5230.1217241,2708,False
7237.449871699995,IDAC2 bracket 27,2,27,2,739688,-261812,-5214.1692484,1792,False
7238.760038600012,IDAC2 bracket 28,2,28,2,740242,-261258,-5203.1359506,2193,False
7239.708742899995,IDAC2 bracket 29,2,29,2,741100,-260400,-5186.04828,2040,False
7240.660295500013,IDAC2 bracket 30,2,30,2,741786,-259714,-5172.386109800001,1659,False
7241.60942220001,IDAC2 bracket 31,2,31,2,742511,-258989,-5157.9472273,1182,False
7242.557554900006,IDAC2 bracket 32,2,32,2,743217,-258283,-5143.886743100001,1621,False
7245.540587700001,IDAC2 bracket 33,2,33,2,744094,-257406,-5126.420674200001,1449,False
7246.488666599995,IDAC2 bracket 34,2,34,2,744686,-256814,-5114.6305798,1831,False
7247.438266299985,IDAC2 bracket 35,2,35,2,745506,-255994,-5098.299705800001,1220,False
7248.385445399996,IDAC2 bracket 36,2,36,2,745906,-255594,-5090.3334258,1773,False
7249.337764900003,IDAC2 bracket 37,2,37,2,746955,-254545,-5069.4418565000005,1487,False
7250.297273200005,IDAC2 bracket 38,2,38,2,747547,-253953,-5057.6517621,1907,False
7251.247634300002,IDAC2 bracket 39,2,39,2,748195,-253305,-5044.746388500001,1983,False
7252.190728099988,IDAC2 bracket 40,2,40,2,748882,-252618,-5031.0643026,1831,False
7253.143373500003,IDAC2 bracket 41,2,41,2,749835,-251665,-5012.084640500001,1678,False
7254.090993399994,IDAC2 bracket 42,2,42,2,750408,-251092,-5000.6729444,2708,False
7255.048940000008,IDAC2 bracket 43,2,43,2,751209,-250291,-4984.7204687,2803,False
7255.997730300005,IDAC2 bracket 44,2,44,2,752067,-249433,-4967.6327981,2155,False
7256.943546099996,IDAC2 bracket 45,2,45,2,752754,-248746,-4953.9507121999995,1544,False
7257.893485500012,IDAC2 bracket 46,2,46,2,753536,-247964,-4938.3766348,2441,False
7258.84036100001,IDAC2 bracket 47,2,47,2,754356,-247144,-4922.045760800001,1983,False
7259.788355800003,IDAC2 bracket 48,2,48,2,755081,-246419,-4907.6068783,2174,False
7260.7344729999895,IDAC2 bracket 49,2,49,2,755748,-245752,-4894.3231064,2822,False
7261.678876499995,IDAC2 bracket 50,2,50,2,756607,-244893,-4877.2155201000005,3032,False
7262.631684599997,IDAC2 bracket 51,2,51,2,757312,-244188,-4863.1749516,2784,False
7263.580337599997,IDAC2 bracket 52,2,52,2,758075,-243425,-4847.9792725,2326,False
7264.539591200009,IDAC2 bracket 53,2,53,2,758953,-242547,-4830.4932879,2479,False
7265.487086600013,IDAC2 bracket 54,2,54,2,759601,-241899,-4817.5879143,2307,False
7266.434914299985,IDAC2 bracket 55,2,55,2,760459,-241041,-4800.5002437,3013,False
7267.3928435000125,IDAC2 bracket 56,2,56,2,760860,-240640,-4792.514048,2040,False
7268.358521899994,IDAC2 bracket 57,2,57,2,761871,-239629,-4772.3792753,1888,False
7269.312628399988,IDAC2 bracket 58,2,58,2,762634,-238866,-4757.1835962000005,1449,False
7270.261336399999,IDAC2 bracket 59,2,59,2,763454,-238046,-4740.8527222,3948,False
7271.207886799995,IDAC2 bracket 60,2,60,2,764198,-237302,-4726.0354414,1239,False
7272.157202500006,IDAC2 bracket 61,2,61,2,764694,-236806,-4716.1572542,1602,False
7273.107484100008,IDAC2 bracket 62,2,62,2,765590,-235910,-4698.312787000001,1659,False
7274.058480800013,IDAC2 bracket 63,2,63,2,766487,-235013,-4680.4484041,1640,False
7275.003658500005,IDAC2 bracket 64,2,64,2,767040,-234460,-4669.435022,1659,False
7276.747791900008,IDAC2 sonda 64,2,64,2,767230,-234270,-4665.651039,2250,False
7277.707515699993,IDAC2 bracket 63,2,63,2,767078,-234422,-4668.6782254,1831,False
7278.66131190001,IDAC2 bracket 62,2,62,2,765991,-235509,-4690.3265913000005,1964,False
7283.301070899994,IDAC2 bracket 61,2,61,2,765476,-236024,-4700.583176800001,2021,False
7284.606987700012,IDAC2 bracket 60,2,60,2,764408,-237092,-4721.853144400001,2651,False
7285.556171000004,IDAC2 bracket 59,2,59,2,763950,-237550,-4730.974535,2803,False
7286.511380599986,IDAC2 bracket 58,2,58,2,763072,-238428,-4748.4605196,2212,False
7287.460333900002,IDAC2 bracket 57,2,57,2,762729,-238771,-4755.2916047,2136,False
7288.410029999999,IDAC2 bracket 56,2,56,2,761737,-239763,-4775.0479791,2326,False
7292.944586800004,IDAC2 bracket 55,2,55,2,761356,-240144,-4782.6358608,3242,False
7294.232890599989,IDAC2 bracket 54,2,54,2,760860,-240640,-4792.514048,2574,False
7295.190173599985,IDAC2 bracket 53,2,53,2,760211,-241289,-4805.4393373,2689,False
7296.242586899985,IDAC2 bracket 52,2,52,2,759620,-241880,-4817.209516,2651,False
7297.1893441999855,IDAC2 bracket 51,2,51,2,758819,-242681,-4833.1619917,2403,False
7298.138271200005,IDAC2 bracket 50,2,50,2,758056,-243444,-4848.3576708,2689,False
7299.085120700009,IDAC2 bracket 49,2,49,2,757369,-244131,-4862.039756700001,2441,False
7300.045029100002,IDAC2 bracket 48,2,48,2,756626,-244874,-4876.8371218,1983,False
7300.998865500005,IDAC2 bracket 47,2,47,2,755748,-245752,-4894.3231064,1907,False
7301.945147799997,IDAC2 bracket 46,2,46,2,755100,-246400,-4907.228480000001,1449,False
7302.893577500014,IDAC2 bracket 45,2,45,2,754013,-247487,-4928.8768459,1449,False
7303.840237900004,IDAC2 bracket 44,2,44,2,753459,-248041,-4939.9101437,2155,False
7304.789763500012,IDAC2 bracket 43,2,43,2,752811,-248689,-4952.8155173000005,1506,False
7305.7376238,IDAC2 bracket 42,2,42,2,752258,-249242,-4963.8288994,1888,False
7306.68225350001,IDAC2 bracket 41,2,41,2,751609,-249891,-4976.7541887,2079,False
7307.62619119999,IDAC2 bracket 40,2,40,2,750999,-250501,-4988.902765700001,4844,False
7308.574424199993,IDAC2 bracket 39,2,39,2,750045,-251455,-5007.902343500001,2403,False
7309.525886599993,IDAC2 bracket 38,2,38,2,749492,-252008,-5018.915725600001,2250,False
7310.487685400003,IDAC2 bracket 37,2,37,2,748653,-252847,-5035.6249978999995,2098,False
7311.436104799999,IDAC2 bracket 36,2,36,2,747890,-253610,-5050.820677,2670,False
7312.385275200009,IDAC2 bracket 35,2,35,2,747356,-254144,-5061.4556608,2460,False
7313.3353500000085,IDAC2 bracket 34,2,34,2,746536,-254964,-5077.7865348000005,2136,False
7314.285107400006,IDAC2 bracket 33,2,33,2,745773,-255727,-5092.9822139,2670,False
7315.233347900008,IDAC2 bracket 32,2,32,2,745105,-256395,-5106.2859015,2193,False
7316.18229669999,IDAC2 bracket 31,2,31,2,744419,-257081,-5119.948071700001,3013,False
7317.132140400005,IDAC2 bracket 30,2,30,2,743656,-257844,-5135.143750800001,2765,False
7318.085112100001,IDAC2 bracket 29,2,29,2,742969,-258531,-5148.8258367,3108,False
7319.040571599995,IDAC2 bracket 28,2,28,2,741863,-259637,-5170.8526009,2307,False
7319.994349799992,IDAC2 bracket 27,2,27,2,741291,-260209,-5182.244381300001,2746,False
7320.945689799992,IDAC2 bracket 26,2,26,2,740528,-260972,-5197.4400604,2727,False
7321.905890299997,IDAC2 bracket 25,2,25,2,739784,-261716,-5212.2573412,1964,False
7322.88849479999,IDAC2 bracket 24,2,24,2,739040,-262460,-5227.074622,2803,False
7323.8637438000005,IDAC2 bracket 23,2,23,2,738353,-263147,-5240.756707900001,3204,False
7324.819807199994,IDAC2 bracket 22,2,22,2,737152,-264348,-5264.6754636000005,2460,False
7325.773253799998,IDAC2 bracket 21,2,21,2,736751,-264749,-5272.661659300001,2384,False
7330.303446400008,IDAC2 bracket 20,2,20,2,735988,-265512,-5287.857338400001,2021,False
7331.60798239999,IDAC2 bracket 19,2,19,2,735054,-266446,-5306.4586022,2040,False
7332.576309399999,IDAC2 bracket 18,2,18,2,734539,-266961,-5316.715187700001,1983,False
7333.55397030001,IDAC2 bracket 17,2,17,2,734424,-267076,-5319.0054932,2689,False
7334.498291900003,IDAC2 bracket 16,2,16,2,733737,-267763,-5332.6875791,1792,False
7335.452494900004,IDAC2 bracket 15,2,15,2,733318,-268182,-5341.0322574,2098,False
7336.403587400011,IDAC2 bracket 14,2,14,2,733642,-267858,-5334.5795706,2193,False
7337.349256699992,IDAC2 bracket 13,2,13,2,733070,-268430,-5345.971351000001,2346,False
7338.310170100012,IDAC2 bracket 12,2,12,2,733394,-268106,-5339.518664200001,3566,False
7339.263104200014,IDAC2 bracket 11,2,11,2,733032,-268468,-5346.728147600001,3395,False
7340.2317035000015,IDAC2 bracket 10,2,10,2,732936,-268564,-5348.6400548,3318,False
7341.203638600011,IDAC2 bracket 9,2,9,2,732975,-268525,-5347.8633425,3299,False
7342.163397600001,IDAC2 bracket 8,2,8,2,733051,-268449,-5346.3497493,3681,False
7346.694667400006,IDAC2 bracket 7,2,7,2,732898,-268602,-5349.3968514,3261,False
7347.9918437000015,IDAC2 bracket 6,2,6,2,732917,-268583,-5349.0184531,3776,False
7348.938366799994,IDAC2 bracket 5,2,5,2,732765,-268735,-5352.0456395,2899,False
7349.9148287000135,IDAC2 bracket 4,2,4,2,732803,-268697,-5351.2888429,3051,False
7350.885808499996,IDAC2 bracket 3,2,3,2,732936,-268564,-5348.6400548,3242,False
7351.833103200013,IDAC2 bracket 2,2,2,2,731849,-269651,-5370.288420700001,1831,False
7352.784618400008,IDAC2 bracket 1,2,1,2,732688,-268812,-5353.5791484,2746,False
7353.735387399996,IDAC2 bracket 0,2,0,2,732040,-269460,-5366.484522,1602,False
7355.494776800013,IDAC2 restaurado,2,0,2,731716,-269784,-5372.9372088,1296,False
7356.457493299997,IDAC2 bracket -1,2,-1,2,731773,-269727,-5371.802013900001,1049,False
7357.413551400008,IDAC2 bracket -2,2,-2,2,731639,-269861,-5374.4707177,1373,False
7358.364894600003,IDAC2 bracket -3,2,-3,2,731525,-269975,-5376.7411075,801,False
7359.330687300011,IDAC2 bracket -4,2,-4,2,731525,-269975,-5376.7411075,1411,False
7360.286617900012,IDAC2 bracket -5,2,-5,2,731487,-270013,-5377.4979041,1525,False
7361.244279900013,IDAC2 bracket -6,2,-6,2,731430,-270070,-5378.633099000001,400,False
7362.211427500006,IDAC2 bracket -7,2,-7,2,731525,-269975,-5376.7411075,705,False
7363.163309800002,IDAC2 bracket -8,2,-8,2,731353,-270147,-5380.166607900001,457,False
7364.123457999987,IDAC2 bracket -9,2,-9,2,731487,-270013,-5377.4979041,839,False
7365.079281000013,IDAC2 bracket -10,2,-10,2,731506,-269994,-5377.1195058,877,False
7366.040019100008,IDAC2 bracket -11,2,-11,2,731506,-269994,-5377.1195058,896,False
7367.012313599989,IDAC2 bracket -12,2,-12,2,731735,-269765,-5372.558810500001,1392,False
7367.979823300004,IDAC2 bracket -13,2,-13,2,731868,-269632,-5369.9100224,1850,False
7368.9303869,IDAC2 bracket -14,2,-14,2,731639,-269861,-5374.4707177,1125,False
7369.888468899997,IDAC2 bracket -15,2,-15,2,731544,-269956,-5376.362709200001,858,False
7370.84354870001,IDAC2 bracket -16,2,-16,2,731811,-269689,-5371.0452173,1525,False
7371.791944500001,IDAC2 bracket -17,2,-17,2,731792,-269708,-5371.4236156,1525,False
7372.740043400001,IDAC2 bracket -18,2,-18,2,731620,-269880,-5374.849116,1277,False
7377.360658799997,IDAC2 bracket -19,2,-19,2,731525,-269975,-5376.7411075,839,False
7378.673922199989,IDAC2 bracket -20,2,-20,2,731525,-269975,-5376.7411075,610,False
7379.634384300007,IDAC2 bracket -21,2,-21,2,731563,-269937,-5375.9843109,896,False
7380.587341400009,IDAC2 bracket -22,2,-22,2,731391,-270109,-5379.4098113,324,False
7381.537932200008,IDAC2 bracket -23,2,-23,2,731449,-270051,-5378.2547007,400,False
7382.5067272000015,IDAC2 bracket -24,2,-24,2,731525,-269975,-5376.7411075,782,False
7383.472189199994,IDAC2 bracket -25,2,-25,2,731544,-269956,-5376.362709200001,1258,False
7384.423223699996,IDAC2 bracket -26,2,-26,2,731449,-270051,-5378.2547007,648,False
7385.377610800002,IDAC2 bracket -27,2,-27,2,731449,-270051,-5378.2547007,629,False
7386.345998100005,IDAC2 bracket -28,2,-28,2,731449,-270051,-5378.2547007,572,False
7387.297012099996,IDAC2 bracket -29,2,-29,2,731449,-270051,-5378.2547007,820,False
7388.2599800000025,IDAC2 bracket -30,2,-30,2,731353,-270147,-5380.166607900001,362,False
7389.21648100001,IDAC2 bracket -31,2,-31,2,731372,-270128,-5379.7882096,534,False
7390.166681200004,IDAC2 bracket -32,2,-32,2,731372,-270128,-5379.7882096,362,False
7391.124581100012,IDAC2 bracket -33,2,-33,2,731372,-270128,-5379.7882096,419,False
7392.076417000004,IDAC2 bracket -34,2,-34,2,731410,-270090,-5379.031413000001,228,False
7393.037962900009,IDAC2 bracket -35,2,-35,2,731506,-269994,-5377.1195058,362,False
7393.9894814,IDAC2 bracket -36,2,-36,2,731487,-270013,-5377.4979041,400,False
7394.943105000013,IDAC2 bracket -37,2,-37,2,731468,-270032,-5377.8763024,438,False
7395.940525000013,IDAC2 bracket -38,2,-38,2,731449,-270051,-5378.2547007,190,False
7396.890042299987,IDAC2 bracket -39,2,-39,2,731353,-270147,-5380.166607900001,209,False
7397.838078800007,IDAC2 bracket -40,2,-40,2,731334,-270166,-5380.545006200001,209,False
7398.791298800003,IDAC2 bracket -41,2,-41,2,731391,-270109,-5379.4098113,228,False
7399.745849900006,IDAC2 bracket -42,2,-42,2,731468,-270032,-5377.8763024,209,False
7400.701679099991,IDAC2 bracket -43,2,-43,2,731410,-270090,-5379.031413000001,209,False
7401.663793499989,IDAC2 bracket -44,2,-44,2,731410,-270090,-5379.031413000001,228,False
7402.6281395000115,IDAC2 bracket -45,2,-45,2,731430,-270070,-5378.633099000001,190,False
7403.580995600001,IDAC2 bracket -46,2,-46,2,731372,-270128,-5379.7882096,209,False
7404.526839099999,IDAC2 bracket -47,2,-47,2,731391,-270109,-5379.4098113,209,False
7405.475275400007,IDAC2 bracket -48,2,-48,2,731391,-270109,-5379.4098113,209,False
7406.442629900004,IDAC2 bracket -49,2,-49,2,731391,-270109,-5379.4098113,228,False
7407.391502299986,IDAC2 bracket -50,2,-50,2,731353,-270147,-5380.166607900001,190,False
7408.339583399997,IDAC2 bracket -51,2,-51,2,731372,-270128,-5379.7882096,190,False
7409.296896099986,IDAC2 bracket -52,2,-52,2,731372,-270128,-5379.7882096,362,False
7410.248209100013,IDAC2 bracket -53,2,-53,2,731353,-270147,-5380.166607900001,228,False
7414.839608300012,IDAC2 bracket -54,2,-54,2,731372,-270128,-5379.7882096,228,False
7416.127685199986,IDAC2 bracket -55,2,-55,2,731372,-270128,-5379.7882096,209,False
7417.087877599988,IDAC2 bracket -56,2,-56,2,731334,-270166,-5380.545006200001,171,False
7418.0408860000025,IDAC2 bracket -57,2,-57,2,731372,-270128,-5379.7882096,228,False
7418.9841944999935,IDAC2 bracket -58,2,-58,2,731372,-270128,-5379.7882096,228,False
7419.932428400003,IDAC2 bracket -59,2,-59,2,731372,-270128,-5379.7882096,209,False
7424.468213299988,IDAC2 bracket -60,2,-60,2,731391,-270109,-5379.4098113,171,False
7425.761536200007,IDAC2 bracket -61,2,-61,2,731372,-270128,-5379.7882096,190,False
7426.708418800001,IDAC2 bracket -62,2,-62,2,731372,-270128,-5379.7882096,171,False
7427.658344700001,IDAC2 bracket -63,2,-63,2,731353,-270147,-5380.166607900001,209,False
7428.6122803000035,IDAC2 bracket -64,2,-64,2,731410,-270090,-5379.031413000001,209,False
7429.5624454999925,IDAC2 bracket -65,2,-65,2,731391,-270109,-5379.4098113,209,False
7430.511403799988,IDAC2 bracket -66,2,-66,2,731334,-270166,-5380.545006200001,247,False
7431.4562566000095,IDAC2 bracket -67,2,-67,2,731372,-270128,-5379.7882096,267,False
7432.425538699987,IDAC2 bracket -68,2,-68,2,731315,-270185,-5380.9234045,247,False
7433.371496300009,IDAC2 bracket -69,2,-69,2,731410,-270090,-5379.031413000001,190,False
7434.315761100006,IDAC2 bracket -70,2,-70,2,731372,-270128,-5379.7882096,228,False
7435.264871899999,IDAC2 bracket -71,2,-71,2,731334,-270166,-5380.545006200001,209,False
7436.207721499988,IDAC2 bracket -72,2,-72,2,731372,-270128,-5379.7882096,228,False
7437.150837399997,IDAC2 bracket -73,2,-73,2,731353,-270147,-5380.166607900001,247,False
7438.0942563000135,IDAC2 bracket -74,2,-74,2,731315,-270185,-5380.9234045,228,False
7439.036553399987,IDAC2 bracket -75,2,-75,2,731353,-270147,-5380.166607900001,171,False
7439.983518599998,IDAC2 bracket -76,2,-76,2,731410,-270090,-5379.031413000001,209,False
7440.93250689999,IDAC2 bracket -77,2,-77,2,731372,-270128,-5379.7882096,190,False
7441.9000774000015,IDAC2 bracket -78,2,-78,2,731353,-270147,-5380.166607900001,190,False
7442.8465899,IDAC2 bracket -79,2,-79,2,731391,-270109,-5379.4098113,209,False
7447.474834699999,IDAC2 bracket -80,2,-80,2,731391,-270109,-5379.4098113,228,False
7448.783917399996,IDAC2 bracket -81,2,-81,2,731372,-270128,-5379.7882096,209,False
7449.744740299997,IDAC2 bracket -82,2,-82,2,731391,-270109,-5379.4098113,209,False
7450.69812809999,IDAC2 bracket -83,2,-83,2,731372,-270128,-5379.7882096,247,False
7451.660378700006,IDAC2 bracket -84,2,-84,2,731334,-270166,-5380.545006200001,209,False
7452.616309300007,IDAC2 bracket -85,2,-85,2,731353,-270147,-5380.166607900001,209,False
7453.5664198999875,IDAC2 bracket -86,2,-86,2,731353,-270147,-5380.166607900001,190,False
7454.532495399995,IDAC2 bracket -87,2,-87,2,731353,-270147,-5380.166607900001,209,False
7455.483678899996,IDAC2 bracket -88,2,-88,2,731372,-270128,-5379.7882096,228,False
7456.434363800014,IDAC2 bracket -89,2,-89,2,731353,-270147,-5380.166607900001,114,False
7457.387254400004,IDAC2 bracket -90,2,-90,2,731334,-270166,-5380.545006200001,133,False
7458.336284699995,IDAC2 bracket -91,2,-91,2,731334,-270166,-5380.545006200001,152,False
7459.29350639999,IDAC2 bracket -92,2,-92,2,731353,-270147,-5380.166607900001,171,False
7463.925167600013,IDAC2 bracket -93,2,-93,2,731315,-270185,-5380.9234045,114,False
7465.219127999997,IDAC2 bracket -94,2,-94,2,731277,-270223,-5381.6802011,209,False
7466.175118199986,IDAC2 bracket -95,2,-95,2,731315,-270185,-5380.9234045,152,False
7467.229376300005,IDAC2 bracket -96,2,-96,2,731334,-270166,-5380.545006200001,152,False
7468.190983000008,IDAC2 bracket -97,2,-97,2,731334,-270166,-5380.545006200001,152,False
7469.141192699986,IDAC2 bracket -98,2,-98,2,731334,-270166,-5380.545006200001,171,False
7473.675940999994,IDAC2 bracket -99,2,-99,2,731353,-270147,-5380.166607900001,152,False
7474.967051099986,IDAC2 bracket -100,2,-100,2,731296,-270204,-5381.301802800001,171,False
7475.9233389,IDAC2 bracket -101,2,-101,2,731296,-270204,-5381.301802800001,190,False
7476.883125099994,IDAC2 bracket -102,2,-102,2,731353,-270147,-5380.166607900001,171,False
7477.836375199986,IDAC2 bracket -103,2,-103,2,731334,-270166,-5380.545006200001,171,False
7478.785002199991,IDAC2 bracket -104,2,-104,2,731334,-270166,-5380.545006200001,190,False
7479.731427199993,IDAC2 bracket -105,2,-105,2,731353,-270147,-5380.166607900001,190,False
7480.681354900007,IDAC2 bracket -106,2,-106,2,731315,-270185,-5380.9234045,209,False
7481.630693199986,IDAC2 bracket -107,2,-107,2,731334,-270166,-5380.545006200001,171,False
7482.579674800014,IDAC2 bracket -108,2,-108,2,731353,-270147,-5380.166607900001,209,False
7483.529083100002,IDAC2 bracket -109,2,-109,2,731296,-270204,-5381.301802800001,190,False
7484.477834599995,IDAC2 bracket -110,2,-110,2,731353,-270147,-5380.166607900001,209,False
7485.428848599986,IDAC2 bracket -111,2,-111,2,731353,-270147,-5380.166607900001,152,False
7488.457983700006,IDAC2 bracket -112,2,-112,2,731315,-270185,-5380.9234045,190,False
7489.41266870001,IDAC2 bracket -113,2,-113,2,731353,-270147,-5380.166607900001,171,False
7490.399532699987,IDAC2 bracket -114,2,-114,2,731334,-270166,-5380.545006200001,171,False
7491.349678099999,IDAC2 bracket -115,2,-115,2,731391,-270109,-5379.4098113,190,False
7492.322189300001,IDAC2 bracket -116,2,-116,2,731315,-270185,-5380.9234045,133,False
7493.275303200004,IDAC2 bracket -117,2,-117,2,731296,-270204,-5381.301802800001,171,False
7494.229992500012,IDAC2 bracket -118,2,-118,2,731353,-270147,-5380.166607900001,133,False
7495.180996699986,IDAC2 bracket -119,2,-119,2,731334,-270166,-5380.545006200001,171,False
7496.138586099987,IDAC2 bracket -120,2,-120,2,731334,-270166,-5380.545006200001,152,False
7497.096162600006,IDAC2 bracket -121,2,-121,2,731277,-270223,-5381.6802011,171,False
7498.051147299993,IDAC2 bracket -122,2,-122,2,731334,-270166,-5380.545006200001,171,False
7499.000935299991,IDAC2 bracket -123,2,-123,2,731296,-270204,-5381.301802800001,171,False
7499.94897930001,IDAC2 bracket -124,2,-124,2,731315,-270185,-5380.9234045,152,False
7500.895128300006,IDAC2 bracket -125,2,-125,2,731334,-270166,-5380.545006200001,190,False
7501.846488799987,IDAC2 bracket -126,2,-126,2,731296,-270204,-5381.301802800001,209,False
7502.798138899991,IDAC2 bracket -127,2,-127,2,731334,-270166,-5380.545006200001,171,False
7503.748358300014,IDAC2 bracket -128,2,-128,2,731334,-270166,-5380.545006200001,133,False
7505.497357999993,IDAC2 sonda -128,2,-128,2,731315,-270185,-5380.9234045,133,False
7506.447709100001,IDAC2 bracket -127,2,-127,2,731315,-270185,-5380.9234045,152,False
7507.404622900009,IDAC2 bracket -126,2,-126,2,731315,-270185,-5380.9234045,152,False
7508.360830299993,IDAC2 bracket -125,2,-125,2,731372,-270128,-5379.7882096,133,False
7509.311441700003,IDAC2 bracket -124,2,-124,2,731372,-270128,-5379.7882096,152,False
7510.260068000003,IDAC2 bracket -123,2,-123,2,731315,-270185,-5380.9234045,133,False
7511.213692399993,IDAC2 bracket -122,2,-122,2,731353,-270147,-5380.166607900001,190,False
7512.166737899999,IDAC2 bracket -121,2,-121,2,731296,-270204,-5381.301802800001,190,False
7513.117976400012,IDAC2 bracket -120,2,-120,2,731334,-270166,-5380.545006200001,152,False
7514.068129799998,IDAC2 bracket -119,2,-119,2,731334,-270166,-5380.545006200001,133,False
7515.017671699985,IDAC2 bracket -118,2,-118,2,731315,-270185,-5380.9234045,152,False
7515.967234799988,IDAC2 bracket -117,2,-117,2,731296,-270204,-5381.301802800001,171,False
7516.917157699994,IDAC2 bracket -116,2,-116,2,731315,-270185,-5380.9234045,152,False
7517.872818600008,IDAC2 bracket -115,2,-115,2,731258,-270242,-5382.0585994,190,False
7518.831475099985,IDAC2 bracket -114,2,-114,2,731277,-270223,-5381.6802011,190,False
7519.796192899987,IDAC2 bracket -113,2,-113,2,731296,-270204,-5381.301802800001,190,False
7520.746517599997,IDAC2 bracket -112,2,-112,2,731296,-270204,-5381.301802800001,133,False
7521.694189800008,IDAC2 bracket -111,2,-111,2,731334,-270166,-5380.545006200001,228,False
7526.322379199992,IDAC2 bracket -110,2,-110,2,731353,-270147,-5380.166607900001,171,False
7527.619225100003,IDAC2 bracket -109,2,-109,2,731334,-270166,-5380.545006200001,152,False
7528.568827799987,IDAC2 bracket -108,2,-108,2,731315,-270185,-5380.9234045,152,False
7529.528655800008,IDAC2 bracket -107,2,-107,2,731334,-270166,-5380.545006200001,114,False
7530.4803642999905,IDAC2 bracket -106,2,-106,2,731334,-270166,-5380.545006200001,152,False
7531.4273748999985,IDAC2 bracket -105,2,-105,2,731315,-270185,-5380.9234045,190,False
7532.384865400003,IDAC2 bracket -104,2,-104,2,731353,-270147,-5380.166607900001,209,False
7533.3334988999995,IDAC2 bracket -103,2,-103,2,731353,-270147,-5380.166607900001,171,False
7534.295020799997,IDAC2 bracket -102,2,-102,2,731315,-270185,-5380.9234045,152,False
7535.245594700013,IDAC2 bracket -101,2,-101,2,731315,-270185,-5380.9234045,190,False
7536.198146799987,IDAC2 bracket -100,2,-100,2,731296,-270204,-5381.301802800001,152,False
7537.151433299994,IDAC2 bracket -99,2,-99,2,731315,-270185,-5380.9234045,114,False
7538.1030420000025,IDAC2 bracket -98,2,-98,2,731258,-270242,-5382.0585994,152,False
7539.055009300006,IDAC2 bracket -97,2,-97,2,731334,-270166,-5380.545006200001,171,False
7542.055428299995,IDAC2 bracket -96,2,-96,2,731296,-270204,-5381.301802800001,209,False
7543.009936699993,IDAC2 bracket -95,2,-95,2,731315,-270185,-5380.9234045,133,False
7543.9707872,IDAC2 bracket -94,2,-94,2,731315,-270185,-5380.9234045,171,False
7544.933776599995,IDAC2 bracket -93,2,-93,2,731334,-270166,-5380.545006200001,228,False
7545.8845161999925,IDAC2 bracket -92,2,-92,2,731296,-270204,-5381.301802800001,171,False
7546.834340900008,IDAC2 bracket -91,2,-91,2,731315,-270185,-5380.9234045,133,False
7551.358691700007,IDAC2 bracket -90,2,-90,2,731334,-270166,-5380.545006200001,171,False
7552.649213299999,IDAC2 bracket -89,2,-89,2,731315,-270185,-5380.9234045,152,False
7553.597413599986,IDAC2 bracket -88,2,-88,2,731353,-270147,-5380.166607900001,171,False
7554.5496608999965,IDAC2 bracket -87,2,-87,2,731353,-270147,-5380.166607900001,152,False
7555.500973099988,IDAC2 bracket -86,2,-86,2,731334,-270166,-5380.545006200001,171,False
7556.4550723999855,IDAC2 bracket -85,2,-85,2,731296,-270204,-5381.301802800001,190,False
7557.408401599998,IDAC2 bracket -84,2,-84,2,731296,-270204,-5381.301802800001,152,False
7558.358734000009,IDAC2 bracket -83,2,-83,2,731334,-270166,-5380.545006200001,190,False
7559.3115254,IDAC2 bracket -82,2,-82,2,731353,-270147,-5380.166607900001,133,False
7560.264972300007,IDAC2 bracket -81,2,-81,2,731315,-270185,-5380.9234045,152,False
7561.213484300009,IDAC2 bracket -80,2,-80,2,731353,-270147,-5380.166607900001,152,False
7562.1606698000105,IDAC2 bracket -79,2,-79,2,731315,-270185,-5380.9234045,228,False
7563.112307800009,IDAC2 bracket -78,2,-78,2,731315,-270185,-5380.9234045,190,False
7564.062381199998,IDAC2 bracket -77,2,-77,2,731353,-270147,-5380.166607900001,171,False
7565.012405699992,IDAC2 bracket -76,2,-76,2,731296,-270204,-5381.301802800001,228,False
7565.963342200004,IDAC2 bracket -75,2,-75,2,731334,-270166,-5380.545006200001,171,False
7566.934661100007,IDAC2 bracket -74,2,-74,2,731334,-270166,-5380.545006200001,171,False
7567.8946526999935,IDAC2 bracket -73,2,-73,2,731353,-270147,-5380.166607900001,152,False
7568.847027699987,IDAC2 bracket -72,2,-72,2,731353,-270147,-5380.166607900001,209,False
7569.793807699985,IDAC2 bracket -71,2,-71,2,731372,-270128,-5379.7882096,152,False
7570.754861900001,IDAC2 bracket -70,2,-70,2,731334,-270166,-5380.545006200001,190,False
7571.707920999994,IDAC2 bracket -69,2,-69,2,731353,-270147,-5380.166607900001,228,False
7572.656269300001,IDAC2 bracket -68,2,-68,2,731353,-270147,-5380.166607900001,171,False
7573.622656899999,IDAC2 bracket -67,2,-67,2,731334,-270166,-5380.545006200001,228,False
7574.584036199987,IDAC2 bracket -66,2,-66,2,731315,-270185,-5380.9234045,190,False
7575.559469300002,IDAC2 bracket -65,2,-65,2,731353,-270147,-5380.166607900001,171,False
7576.515764400014,IDAC2 bracket -64,2,-64,2,731353,-270147,-5380.166607900001,190,False
7581.15671760001,IDAC2 bracket -63,2,-63,2,731334,-270166,-5380.545006200001,171,False
7582.460237799998,IDAC2 bracket -62,2,-62,2,731334,-270166,-5380.545006200001,190,False
7583.440285599994,IDAC2 bracket -61,2,-61,2,731296,-270204,-5381.301802800001,247,False
7584.584878900001,IDAC2 bracket -60,2,-60,2,731334,-270166,-5380.545006200001,286,False
7585.753709100012,IDAC2 bracket -59,2,-59,2,731334,-270166,-5380.545006200001,247,False
7586.7375410000095,IDAC2 bracket -58,2,-58,2,731410,-270090,-5379.031413000001,247,False
7591.272714999999,IDAC2 bracket -57,2,-57,2,731334,-270166,-5380.545006200001,286,False
7592.558750800003,IDAC2 bracket -56,2,-56,2,731315,-270185,-5380.9234045,190,False
7593.519087499997,IDAC2 bracket -55,2,-55,2,731372,-270128,-5379.7882096,209,False
7594.49841130001,IDAC2 bracket -54,2,-54,2,731296,-270204,-5381.301802800001,209,False
7595.451063799992,IDAC2 bracket -53,2,-53,2,731353,-270147,-5380.166607900001,190,False
7596.415292499994,IDAC2 bracket -52,2,-52,2,731353,-270147,-5380.166607900001,171,False
7600.981306300004,IDAC2 bracket -51,2,-51,2,731353,-270147,-5380.166607900001,209,False
7602.287669000012,IDAC2 bracket -50,2,-50,2,731334,-270166,-5380.545006200001,152,False
7603.269089600013,IDAC2 bracket -49,2,-49,2,731353,-270147,-5380.166607900001,228,False
7604.238243,IDAC2 bracket -48,2,-48,2,731334,-270166,-5380.545006200001,171,False
7605.207880900009,IDAC2 bracket -47,2,-47,2,731334,-270166,-5380.545006200001,209,False
7606.183327700011,IDAC2 bracket -46,2,-46,2,731353,-270147,-5380.166607900001,209,False
7607.141794099996,IDAC2 bracket -45,2,-45,2,731277,-270223,-5381.6802011,190,False
7608.109098099987,IDAC2 bracket -44,2,-44,2,731296,-270204,-5381.301802800001,267,False
7609.059978300007,IDAC2 bracket -43,2,-43,2,731334,-270166,-5380.545006200001,324,False
7610.0108582999965,IDAC2 bracket -42,2,-42,2,731334,-270166,-5380.545006200001,228,False
7610.973705200013,IDAC2 bracket -41,2,-41,2,731430,-270070,-5378.633099000001,667,False
7611.92932570001,IDAC2 bracket -40,2,-40,2,731334,-270166,-5380.545006200001,305,False
7612.883359200001,IDAC2 bracket -39,2,-39,2,731334,-270166,-5380.545006200001,572,False
7615.906416999991,IDAC2 bracket -38,2,-38,2,731315,-270185,-5380.9234045,247,False
7616.861415799998,IDAC2 bracket -37,2,-37,2,731353,-270147,-5380.166607900001,343,False
7617.8199292999925,IDAC2 bracket -36,2,-36,2,731353,-270147,-5380.166607900001,209,False
7618.7710716,IDAC2 bracket -35,2,-35,2,731353,-270147,-5380.166607900001,514,False
7619.729799699999,IDAC2 bracket -34,2,-34,2,731353,-270147,-5380.166607900001,457,False
7620.683494299999,IDAC2 bracket -33,2,-33,2,731372,-270128,-5379.7882096,267,False
7625.214455799985,IDAC2 bracket -32,2,-32,2,731391,-270109,-5379.4098113,343,False
7626.510854199994,IDAC2 bracket -31,2,-31,2,731410,-270090,-5379.031413000001,591,False
7627.470484399993,IDAC2 bracket -30,2,-30,2,731391,-270109,-5379.4098113,267,False
7628.42517870001,IDAC2 bracket -29,2,-29,2,731410,-270090,-5379.031413000001,324,False
7629.384810799995,IDAC2 bracket -28,2,-28,2,731372,-270128,-5379.7882096,419,False
7634.019203300006,IDAC2 bracket -27,2,-27,2,731372,-270128,-5379.7882096,267,False
7635.309056500002,IDAC2 bracket -26,2,-26,2,731315,-270185,-5380.9234045,267,False
7636.259067100007,IDAC2 bracket -25,2,-25,2,731449,-270051,-5378.2547007,972,False
7637.320978700009,IDAC2 bracket -24,2,-24,2,731315,-270185,-5380.9234045,267,False
7638.271903799992,IDAC2 bracket -23,2,-23,2,731353,-270147,-5380.166607900001,629,False
7639.223264900007,IDAC2 bracket -22,2,-22,2,731315,-270185,-5380.9234045,514,False
7640.191596299992,IDAC2 bracket -21,2,-21,2,731449,-270051,-5378.2547007,572,False
7641.144935399992,IDAC2 bracket -20,2,-20,2,731353,-270147,-5380.166607900001,572,False
7642.098185500014,IDAC2 bracket -19,2,-19,2,731296,-270204,-5381.301802800001,324,False
7643.0491148,IDAC2 bracket -18,2,-18,2,731449,-270051,-5378.2547007,2079,False
7644.015544099995,IDAC2 bracket -17,2,-17,2,731468,-270032,-5377.8763024,801,False
7644.969356899994,IDAC2 bracket -16,2,-16,2,731487,-270013,-5377.4979041,762,False
7645.920947700011,IDAC2 bracket -15,2,-15,2,731449,-270051,-5378.2547007,762,False
7646.877280599991,IDAC2 bracket -14,2,-14,2,731639,-269861,-5374.4707177,1125,False
7647.842184000008,IDAC2 bracket -13,2,-13,2,731601,-269899,-5375.2275143,1239,False
7648.797791299992,IDAC2 bracket -12,2,-12,2,731925,-269575,-5368.7748275,1277,False
7649.752183100005,IDAC2 bracket -11,2,-11,2,731544,-269956,-5376.362709200001,801,False
7650.702514500008,IDAC2 bracket -10,2,-10,2,731544,-269956,-5376.362709200001,743,False
7651.65383309999,IDAC2 bracket -9,2,-9,2,731945,-269555,-5368.3765135,1201,False
7652.604951299989,IDAC2 bracket -8,2,-8,2,731697,-269803,-5373.3156071,1316,False
7653.555181200005,IDAC2 bracket -7,2,-7,2,732078,-269422,-5365.7277254,1621,False
7656.5508574999985,IDAC2 bracket -6,2,-6,2,732078,-269422,-5365.7277254,1411,False
7657.503030599997,IDAC2 bracket -5,2,-5,2,732269,-269231,-5361.9238267,2269,False
7658.462158400012,IDAC2 bracket -4,2,-4,2,731658,-269842,-5374.092319400001,1392,False
7659.412825300009,IDAC2 bracket -3,2,-3,2,731868,-269632,-5369.9100224,2002,False
7660.362922200002,IDAC2 bracket -2,2,-2,2,731868,-269632,-5369.9100224,1487,False
7661.331182900001,IDAC2 bracket -1,2,-1,2,731754,-269746,-5372.1804122,1258,False
7662.285773499985,IDAC2 bracket 0,2,0,2,731945,-269555,-5368.3765135,1697,False
7664.050036400004,IDAC2 restaurado,2,0,2,731906,-269594,-5369.1532258,2059,False
7665.020281800011,IDAC2 bracket 1,2,1,2,732173,-269327,-5363.8357339,2136,False
7665.982986899995,IDAC2 bracket 2,2,2,2,731849,-269651,-5370.288420700001,1468,False
7666.939856799989,IDAC2 bracket 3,2,3,2,731906,-269594,-5369.1532258,1506,False
7667.902369699994,IDAC2 bracket 4,2,4,2,731945,-269555,-5368.3765135,1316,False
7668.856532200007,IDAC2 bracket 5,2,5,2,731925,-269575,-5368.7748275,1602,False
7669.819064200012,IDAC2 bracket 6,2,6,2,731925,-269575,-5368.7748275,1411,False
7670.788129599998,IDAC2 bracket 7,2,7,2,732402,-269098,-5359.275038600001,2117,False
7671.743257099995,IDAC2 bracket 8,2,8,2,732517,-268983,-5356.9847331,2269,False
7672.696300400014,IDAC2 bracket 9,2,9,2,731830,-269670,-5370.666819,1564,False
7673.645152399986,IDAC2 bracket 10,2,10,2,733127,-268373,-5344.8361561,2288,False
7674.600770999998,IDAC2 bracket 11,2,11,2,732955,-268545,-5348.261656500001,2250,False
7675.549208799988,IDAC2 bracket 12,2,12,2,733642,-267858,-5334.5795706,2059,False
7680.183709600009,IDAC2 bracket 13,2,13,2,734081,-267419,-5325.8365783,3013,False
7681.48206129999,IDAC2 bracket 14,2,14,2,733642,-267858,-5334.5795706,3814,False
7682.439125300007,IDAC2 bracket 15,2,15,2,734691,-266809,-5313.688001300001,3490,False
7683.39202639999,IDAC2 bracket 16,2,16,2,734424,-267076,-5319.0054932,2098,False
7684.349296100001,IDAC2 bracket 17,2,17,2,734500,-267000,-5317.4919,3643,False
7685.314347999985,IDAC2 bracket 18,2,18,2,735073,-266427,-5306.0802039,3185,False
7689.8634309000045,IDAC2 bracket 19,2,19,2,734825,-266675,-5311.0192975,2574,False
7691.171179900004,IDAC2 bracket 20,2,20,2,735149,-266351,-5304.5666107,2288,False
7692.127435000002,IDAC2 bracket 21,2,21,2,735301,-266199,-5301.5394243,2193,False
7693.0833193,IDAC2 bracket 22,2,22,2,735797,-265703,-5291.6612371,2498,False
7694.037087100005,IDAC2 bracket 23,2,23,2,736675,-264825,-5274.1752525,2021,False
7695.006572899991,IDAC2 bracket 24,2,24,2,737495,-264005,-5257.844378500001,1659,False
7695.958119599993,IDAC2 bracket 25,2,25,2,738143,-263357,-5244.9390049,2136,False
7696.912479599996,IDAC2 bracket 26,2,26,2,738830,-262670,-5231.256919,1716,False
7697.862786599988,IDAC2 bracket 27,2,27,2,739574,-261926,-5216.4396381999995,1888,False
7698.814700599993,IDAC2 bracket 28,2,28,2,740280,-261220,-5202.379154,2155,False
7699.767960900004,IDAC2 bracket 29,2,29,2,741024,-260476,-5187.5618732,1831,False
7700.720166399988,IDAC2 bracket 30,2,30,2,741539,-259961,-5177.3052877,1926,False
7701.681028299994,IDAC2 bracket 31,2,31,2,742340,-259160,-5161.352812,2498,False
7706.20988010001,IDAC2 bracket 32,2,32,2,742683,-258817,-5154.5217269,2460,False
7707.499763,IDAC2 bracket 33,2,33,2,743770,-257730,-5132.873361000001,2174,False
7708.45660060001,IDAC2 bracket 34,2,34,2,744552,-256948,-5117.2992836,1678,False
7709.411225799995,IDAC2 bracket 35,2,35,2,745124,-256376,-5105.9075032,2059,False
7710.378251799993,IDAC2 bracket 36,2,36,2,745830,-255670,-5091.847019000001,2231,False
7711.340455500002,IDAC2 bracket 37,2,37,2,746746,-254754,-5073.6042378,2765,False
7714.353637499997,IDAC2 bracket 38,2,38,2,747470,-254030,-5059.185271,2212,False
7715.308003199985,IDAC2 bracket 39,2,39,2,748291,-253209,-5042.8344813,2231,False
7716.269840599998,IDAC2 bracket 40,2,40,2,748882,-252618,-5031.0643026,2479,False
7717.242331199988,IDAC2 bracket 41,2,41,2,749568,-251932,-5017.4021324000005,1773,False
7718.207902800001,IDAC2 bracket 42,2,42,2,750389,-251111,-5001.0513427,2460,False
7719.163032799988,IDAC2 bracket 43,2,43,2,750980,-250520,-4989.281164,2212,False
7723.693867499998,IDAC2 bracket 44,2,44,2,752182,-249318,-4965.342492600001,1888,False
7725.005701599992,IDAC2 bracket 45,2,45,2,752906,-248594,-4950.9235258,1316,False
7725.958968699997,IDAC2 bracket 46,2,46,2,753669,-247831,-4935.727846700001,1697,False
7726.9149906999955,IDAC2 bracket 47,2,47,2,754337,-247163,-4922.4241591,1697,False
7727.869025399996,IDAC2 bracket 48,2,48,2,755081,-246419,-4907.6068783,1544,False
7732.503718599997,IDAC2 bracket 49,2,49,2,755939,-245561,-4890.5192077,1621,False
7733.795292700001,IDAC2 bracket 50,2,50,2,756683,-244817,-4875.7019269,2002,False
7734.749781599996,IDAC2 bracket 51,2,51,2,757541,-243959,-4858.6142563,1678,False
7735.708238099993,IDAC2 bracket 52,2,52,2,757999,-243501,-4849.4928657,1850,False
7736.661639600003,IDAC2 bracket 53,2,53,2,758991,-242509,-4829.7364913,1773,False
7737.615316200012,IDAC2 bracket 54,2,54,2,759696,-241804,-4815.6959228,2346,False
7742.143217000004,IDAC2 bracket 55,2,55,2,760459,-241041,-4800.5002437,2708,False
7743.4397996999905,IDAC2 bracket 56,2,56,2,761165,-240335,-4786.439759500001,2727,False
7744.414218699996,IDAC2 bracket 57,2,57,2,761775,-239725,-4774.2911825,2117,False
7745.381543800002,IDAC2 bracket 58,2,58,2,762329,-239171,-4763.2578847,2136,False
7746.334387100011,IDAC2 bracket 59,2,59,2,763320,-238180,-4743.521426,2593,False
7750.961883699987,IDAC2 bracket 60,2,60,2,764255,-237245,-4724.9002465,2174,False
7752.275513600005,IDAC2 bracket 61,2,61,2,764942,-236558,-4711.2181606,2136,False
7753.2392655999865,IDAC2 bracket 62,2,62,2,765743,-235757,-4695.2656849,1907,False
7754.206708299986,IDAC2 bracket 63,2,63,2,766468,-235032,-4680.826802400001,2307,False
7755.158598200011,IDAC2 bracket 64,2,64,2,767173,-234327,-4666.7862339,1907,False
7756.113276999997,IDAC2 bracket 65,2,65,2,767974,-233526,-4650.8337582,2040,False
7757.085976500006,IDAC2 bracket 66,2,66,2,768699,-232801,-4636.394875700001,1792,False
7758.051490199985,IDAC2 bracket 67,2,67,2,769596,-231904,-4618.5304928000005,1468,False
7759.007621900004,IDAC2 bracket 68,2,68,2,770244,-231256,-4605.625119200001,1583,False
7759.967591699999,IDAC2 bracket 69,2,69,2,771083,-230417,-4588.9158469,1640,False
7760.923257099988,IDAC2 bracket 70,2,70,2,771846,-229654,-4573.7201678,1564,False
7761.875448800012,IDAC2 bracket 71,2,71,2,772647,-228853,-4557.7676921,1506,False
7762.827465500013,IDAC2 bracket 72,2,72,2,773315,-228185,-4544.4640045,1792,False
7767.4671668999945,IDAC2 bracket 73,2,73,2,773983,-227517,-4531.1603169,1773,False
7768.759186599986,IDAC2 bracket 74,2,74,2,774784,-226716,-4515.207841200001,1888,False
7769.718196100002,IDAC2 bracket 75,2,75,2,775756,-225744,-4495.8497808,2250,False
7770.688045599993,IDAC2 bracket 76,2,76,2,776424,-225076,-4482.5460932,2593,False
7771.642626999994,IDAC2 bracket 77,2,77,2,777282,-224218,-4465.4584226,2155,False
7772.596542399988,IDAC2 bracket 78,2,78,2,778083,-223417,-4449.5059469,2288,False
7777.20026469999,IDAC2 bracket 79,2,79,2,778865,-222635,-4433.9318695,2346,False
7778.500693200011,IDAC2 bracket 80,2,80,2,779514,-221986,-4421.006580200001,2613,False
7779.464383999992,IDAC2 bracket 81,2,81,2,780506,-220994,-4401.250205800001,2403,False
7780.423436499987,IDAC2 bracket 82,2,82,2,781211,-220289,-4387.2096373,2002,False
7781.376390999998,IDAC2 bracket 83,2,83,2,781841,-219659,-4374.6627463,2613,False
7782.329329300002,IDAC2 bracket 84,2,84,2,782661,-218839,-4358.3318723,1811,False
7786.8597781000135,IDAC2 bracket 85,2,85,2,783691,-217809,-4337.8187013,2136,False
7788.163112400012,IDAC2 bracket 86,2,86,2,784416,-217084,-4323.3798188,1792,False
7789.122825600003,IDAC2 bracket 87,2,87,2,785179,-216321,-4308.1841397,1850,False
7790.07836069999,IDAC2 bracket 88,2,88,2,785846,-215654,-4294.9003678,2288,False
7791.036464300007,IDAC2 bracket 89,2,89,2,786666,-214834,-4278.569493800001,2193,False
7791.990575300006,IDAC2 bracket 90,2,90,2,787372,-214128,-4264.5090096,1659,False
7792.934821000003,IDAC2 bracket 91,2,91,2,788173,-213327,-4248.5565339,1716,False
7793.903291199997,IDAC2 bracket 92,2,92,2,788898,-212602,-4234.1176514,1678,False
7794.860894299985,IDAC2 bracket 93,2,93,2,789299,-212201,-4226.1314557,1735,False
7795.819134499994,IDAC2 bracket 94,2,94,2,790348,-211152,-4205.239886400001,2651,False
7796.770258600009,IDAC2 bracket 95,2,95,2,791168,-210332,-4188.9090124,2117,False
7797.7264533000125,IDAC2 bracket 96,2,96,2,791854,-209646,-4175.2468422,2231,False
7798.679484499997,IDAC2 bracket 97,2,97,2,792274,-209226,-4166.8822482000005,2250,False
7803.214522800001,IDAC2 bracket 98,2,98,2,793361,-208139,-4145.2338823,2231,False
7804.5055654000025,IDAC2 bracket 99,2,99,2,794258,-207242,-4127.3694994,2574,False
7805.461987199989,IDAC2 bracket 100,2,100,2,794982,-206518,-4112.9505326,2498,False
7806.4184880999965,IDAC2 bracket 101,2,101,2,795688,-205812,-4098.8900484000005,2861,False
7807.392058800004,IDAC2 bracket 102,2,102,2,796413,-205087,-4084.4511659000004,2441,False
7812.028858100006,IDAC2 bracket 103,2,103,2,797080,-204420,-4071.1673940000005,1811,False
7813.328134999989,IDAC2 bracket 104,2,104,2,798110,-203390,-4050.6542230000005,2021,False
7814.2837067999935,IDAC2 bracket 105,2,105,2,798873,-202627,-4035.4585439,2193,False
7815.242055400013,IDAC2 bracket 106,2,106,2,799713,-201787,-4018.7293559000004,2040,False
7816.205746499996,IDAC2 bracket 107,2,107,2,800437,-201063,-4004.3103891,2136,False
7817.160048599995,IDAC2 bracket 108,2,108,2,801219,-200281,-3988.7363117000004,2002,False
7818.114164900006,IDAC2 bracket 109,2,109,2,802040,-199460,-3972.3855220000005,1926,False
7819.0724451999995,IDAC2 bracket 110,2,110,2,802707,-198793,-3959.1017501,2174,False
7820.03072390001,IDAC2 bracket 111,2,111,2,803432,-198068,-3944.6628676,2155,False
7820.989006299991,IDAC2 bracket 112,2,112,2,804176,-197324,-3929.8455868,2059,False
7821.9416509,IDAC2 bracket 113,2,113,2,804862,-196638,-3916.1834166000003,1869,False
7822.891219699988,IDAC2 bracket 114,2,114,2,805721,-195779,-3899.0758303000002,1792,False
7823.846167999989,IDAC2 bracket 115,2,115,2,806465,-195035,-3884.2585495000003,2307,False
7828.451334100013,IDAC2 bracket 116,2,116,2,807304,-194196,-3867.5492772000002,2174,False
7829.748138299998,IDAC2 bracket 117,2,117,2,808067,-193433,-3852.3535981,2403,False
7830.701843099989,IDAC2 bracket 118,2,118,2,808792,-192708,-3837.9147156000004,1811,False
7831.665234199987,IDAC2 bracket 119,2,119,2,809669,-191831,-3820.4486467000006,2002,False
7832.625261400011,IDAC2 bracket 120,2,120,2,810375,-191125,-3806.3881625,2613,False
7833.577981799986,IDAC2 bracket 121,2,121,2,810985,-190515,-3794.2395855,2536,False
7836.58495270001,IDAC2 bracket 122,2,122,2,811920,-189580,-3775.6184060000005,2288,False
7837.540092500014,IDAC2 bracket 123,2,123,2,812530,-188970,-3763.4698290000006,2994,False
7838.498699299991,IDAC2 bracket 124,2,124,2,813331,-188169,-3747.5173533,2689,False
7839.455946500006,IDAC2 bracket 125,2,125,2,814247,-187253,-3729.2745721,2346,False
7840.428908300004,IDAC2 bracket 126,2,126,2,814914,-186586,-3715.9908002,2288,False
7841.384579200007,IDAC2 bracket 127,2,127,2,815620,-185880,-3701.930316,2079,False
7842.337992799992,IDAC2 bracket 128,2,128,2,816307,-185193,-3688.2482301000005,2708,False
7844.0945506000135,IDAC2 sonda 128,2,128,2,816459,-185041,-3685.2210437000003,1907,False
7845.0478831999935,IDAC2 bracket 127,2,127,2,815849,-185651,-3697.3696207000003,1831,False
7846.017725100013,IDAC2 bracket 126,2,126,2,815277,-186223,-3708.7614011000005,2136,False
7846.975439700007,IDAC2 bracket 125,2,125,2,814571,-186929,-3722.8218853000003,1373,False
7847.935305699997,IDAC2 bracket 124,2,124,2,813808,-187692,-3738.0175644,1869,False
7848.890898499987,IDAC2 bracket 123,2,123,2,813159,-188341,-3750.9428537000003,1697,False
7849.847867900011,IDAC2 bracket 122,2,122,2,812625,-188875,-3761.5778375000004,1564,False
7852.861007700005,IDAC2 bracket 121,2,121,2,812072,-189428,-3772.5912196000004,1354,False
7853.817400200001,IDAC2 bracket 120,2,120,2,811386,-190114,-3786.2533898,1258,False
7854.778021100006,IDAC2 bracket 119,2,119,2,810699,-190801,-3799.9354757,1487,False
7855.732222999999,IDAC2 bracket 118,2,118,2,809917,-191583,-3815.5095531,1506,False
7856.6925261,IDAC2 bracket 117,2,117,2,809364,-192136,-3826.5229352,1602,False
7857.651679500006,IDAC2 bracket 116,2,116,2,808620,-192880,-3841.340216,1487,False
7862.214276599989,IDAC2 bracket 115,2,115,2,807952,-193548,-3854.6439036,1201,False
7863.512440399994,IDAC2 bracket 114,2,114,2,807132,-194368,-3870.9747776,2174,False
7864.476294399996,IDAC2 bracket 113,2,113,2,806617,-194883,-3881.2313631,1754,False
7865.433443099988,IDAC2 bracket 112,2,112,2,805740,-195760,-3898.697432,1831,False
7866.389052499988,IDAC2 bracket 111,2,111,2,805263,-196237,-3908.1972209,1907,False
7867.349446899985,IDAC2 bracket 110,2,110,2,804557,-196943,-3922.2577051000003,1792,False
7868.307660099992,IDAC2 bracket 109,2,109,2,803756,-197744,-3938.2101808,2231,False
7869.262940999994,IDAC2 bracket 108,2,108,2,803070,-198430,-3951.8723510000004,2174,False
7870.2209688999865,IDAC2 bracket 107,2,107,2,802307,-199193,-3967.0680301,2536,False
7871.1874044,IDAC2 bracket 106,2,106,2,801696,-199804,-3979.2365228000003,2670,False
7872.144863199996,IDAC2 bracket 105,2,105,2,800876,-200624,-3995.5673968,2269,False
7873.099873600004,IDAC2 bracket 104,2,104,2,800323,-201177,-4006.5807789,2517,False
7874.058914099995,IDAC2 bracket 103,2,103,2,799713,-201787,-4018.7293559000004,2479,False
7875.016609100014,IDAC2 bracket 102,2,102,2,798931,-202569,-4034.3034333,2727,False
7875.980330699997,IDAC2 bracket 101,2,101,2,798263,-203237,-4047.6071209000006,2059,False
7876.9301800999965,IDAC2 bracket 100,2,100,2,797500,-204000,-4062.8028000000004,2117,False
7877.888185299991,IDAC2 bracket 99,2,99,2,796928,-204572,-4074.1945804,2231,False
7878.843897199986,IDAC2 bracket 98,2,98,2,796222,-205278,-4088.2550646,2136,False
7879.805948399997,IDAC2 bracket 97,2,97,2,795249,-206251,-4107.6330407000005,2288,False
7880.764090100012,IDAC2 bracket 96,2,96,2,794734,-206766,-4117.8896262,1602,False
7881.721125899989,IDAC2 bracket 95,2,95,2,794010,-207490,-4132.308593000001,1983,False
7882.67523339999,IDAC2 bracket 94,2,94,2,793228,-208272,-4147.8826704,1926,False
7883.635708499991,IDAC2 bracket 93,2,93,2,792560,-208940,-4161.186358,1468,False
7884.595800500014,IDAC2 bracket 92,2,92,2,791912,-209588,-4174.0917316000005,1773,False
7885.552551400004,IDAC2 bracket 91,2,91,2,791206,-210294,-4188.152215800001,1468,False
7886.518425799994,IDAC2 bracket 90,2,90,2,790271,-211229,-4206.7733953,2002,False
7887.481378500001,IDAC2 bracket 89,2,89,2,789642,-211858,-4219.3003706,1735,False
7892.131608399999,IDAC2 bracket 88,2,88,2,788860,-212640,-4234.874448,1869,False
7893.409144200006,IDAC2 bracket 87,2,87,2,788192,-213308,-4248.178135600001,1792,False
7894.366355500009,IDAC2 bracket 86,2,86,2,787544,-213956,-4261.0835092,2155,False
7895.330416499986,IDAC2 bracket 85,2,85,2,786762,-214738,-4276.6575866,2346,False
7896.2862744999875,IDAC2 bracket 84,2,84,2,785999,-215501,-4291.8532657000005,2536,False
7897.242406000005,IDAC2 bracket 83,2,83,2,785293,-216207,-4305.9137499,2536,False
7901.777110099996,IDAC2 bracket 82,2,82,2,784435,-217065,-4323.0014205,2880,False
7903.063341300003,IDAC2 bracket 81,2,81,2,783691,-217809,-4337.8187013,2536,False
7904.020532800001,IDAC2 bracket 80,2,80,2,782737,-218763,-4356.8182791,2727,False
7904.980699000007,IDAC2 bracket 79,2,79,2,782279,-219221,-4365.9396697,2079,False
7905.939166099997,IDAC2 bracket 78,2,78,2,781383,-220117,-4383.784136900001,2593,False
7910.569757599995,IDAC2 bracket 77,2,77,2,780963,-220537,-4392.1487308999995,2193,False
7911.867769100005,IDAC2 bracket 76,2,76,2,780181,-221319,-4407.722808300001,2021,False
7912.823256100004,IDAC2 bracket 75,2,75,2,779514,-221986,-4421.006580200001,1773,False
7913.880018900003,IDAC2 bracket 74,2,74,2,778694,-222806,-4437.3374542,2059,False
7914.835002200009,IDAC2 bracket 73,2,73,2,778007,-223493,-4451.0195401,1487,False
7915.79039780001,IDAC2 bracket 72,2,72,2,777301,-224199,-4465.0800243,2002,False
7920.323138300009,IDAC2 bracket 71,2,71,2,776309,-225191,-4484.836398699999,1945,False
7921.6182839999965,IDAC2 bracket 70,2,70,2,775699,-225801,-4496.9849757,1773,False
7922.578253899992,IDAC2 bracket 69,2,69,2,774936,-226564,-4512.1806548,2174,False
7923.5352327,IDAC2 bracket 68,2,68,2,774230,-227270,-4526.241139000001,2040,False
7924.490189700009,IDAC2 bracket 67,2,67,2,773124,-228376,-4548.267903200001,2155,False
7929.129905799986,IDAC2 bracket 66,2,66,2,772552,-228948,-4559.6596836,1964,False
7930.423428000009,IDAC2 bracket 65,2,65,2,771827,-229673,-4574.0985661,2346,False
7931.38037649999,IDAC2 bracket 64,2,64,2,770969,-230531,-4591.1862367,2212,False
7932.4399386000005,IDAC2 bracket 63,2,63,2,770339,-231161,-4603.7331277,3070,False
7933.417052900011,IDAC2 bracket 62,2,62,2,769462,-232038,-4621.1991966000005,2098,False
7934.369815499987,IDAC2 bracket 61,2,61,2,768814,-232686,-4634.1045702,2632,False
7935.32474489999,IDAC2 bracket 60,2,60,2,767879,-233621,-4652.725749700001,2613,False
7936.278042699996,IDAC2 bracket 59,2,59,2,767307,-234193,-4664.1175301,2384,False
7937.232440299995,IDAC2 bracket 58,2,58,2,766429,-235071,-4681.6035147,2498,False
7938.189576900011,IDAC2 bracket 57,2,57,2,765705,-235795,-4696.022481500001,3032,False
7939.146256500011,IDAC2 bracket 56,2,56,2,764694,-236806,-4716.1572542,2479,False
7940.1069587999955,IDAC2 bracket 55,2,55,2,764236,-237264,-4725.2786448,1983,False
7941.059375399986,IDAC2 bracket 54,2,54,2,763568,-237932,-4738.5823324,2670,False
7942.0207580999995,IDAC2 bracket 53,2,53,2,762920,-238580,-4751.487706,2059,False
7942.974763400009,IDAC2 bracket 52,2,52,2,762062,-239438,-4768.5753766,2231,False
7943.9294813000015,IDAC2 bracket 51,2,51,2,761184,-240316,-4786.0613612,2021,False
7944.903251000011,IDAC2 bracket 50,2,50,2,760459,-241041,-4800.5002437,2040,False
7945.867483999988,IDAC2 bracket 49,2,49,2,759963,-241537,-4810.3784309,2670,False
7946.831495799997,IDAC2 bracket 48,2,48,2,758934,-242566,-4830.8716862,2231,False
7947.7850050000125,IDAC2 bracket 47,2,47,2,758514,-242986,-4839.2362802,1964,False
7948.7461833000125,IDAC2 bracket 46,2,46,2,757846,-243654,-4852.5399678,1850,False
7953.274430099991,IDAC2 bracket 45,2,45,2,756587,-244913,-4877.6138341000005,1811,False
7954.58869959999,IDAC2 bracket 44,2,44,2,756015,-245485,-4889.0056145,1754,False
7955.544323000009,IDAC2 bracket 43,2,43,2,755138,-246362,-4906.4716834,1754,False
7956.508088400005,IDAC2 bracket 42,2,42,2,754337,-247163,-4922.4241591,1640,False
7957.464441599994,IDAC2 bracket 41,2,41,2,753421,-248079,-4940.6669403,2193,False
7958.421769800014,IDAC2 bracket 40,2,40,2,752735,-248765,-4954.329110500001,2384,False
7959.385066599993,IDAC2 bracket 39,2,39,2,751972,-249528,-4969.524789600001,1773,False
7960.348449200013,IDAC2 bracket 38,2,38,2,751075,-250425,-4987.3891725,2632,False
7961.303741400014,IDAC2 bracket 37,2,37,2,750312,-251188,-5002.584851600001,2212,False
7962.262423200009,IDAC2 bracket 36,2,36,2,749244,-252256,-5023.854819200001,2098,False
7963.2160655999905,IDAC2 bracket 35,2,35,2,748558,-252942,-5037.5169894,2822,False
7964.170421099989,IDAC2 bracket 34,2,34,2,747985,-253515,-5048.928685500001,2498,False
7965.130601799989,IDAC2 bracket 33,2,33,2,747299,-254201,-5062.5908557,2670,False
7966.087021899992,IDAC2 bracket 32,2,32,2,746459,-255041,-5079.3200437000005,2269,False
7967.0437093999935,IDAC2 bracket 31,2,31,2,745639,-255861,-5095.6509177,2288,False
7968.034527499985,IDAC2 bracket 30,2,30,2,745010,-256490,-5108.177893,2727,False
7968.998979399999,IDAC2 bracket 29,2,29,2,744171,-257329,-5124.887165300001,2403,False
7969.955691899988,IDAC2 bracket 28,2,28,2,743541,-257959,-5137.4340563000005,2479,False
7970.916163099988,IDAC2 bracket 27,2,27,2,742816,-258684,-5151.8729388,2651,False
7971.8718488999875,IDAC2 bracket 26,2,26,2,742034,-259466,-5167.447016200001,2193,False
7976.411495400011,IDAC2 bracket 25,2,25,2,740718,-260782,-5193.6560774,1449,False
7977.7089615,IDAC2 bracket 24,2,24,2,740222,-261278,-5203.5342646,1640,False
7978.6647553000075,IDAC2 bracket 23,2,23,2,739383,-262117,-5220.2435369,1564,False
7979.624737500009,IDAC2 bracket 22,2,22,2,738468,-263032,-5238.4664024,1811,False
7980.593343099987,IDAC2 bracket 21,2,21,2,737724,-263776,-5253.2836832,1716,False
7981.552097100008,IDAC2 bracket 20,2,20,2,736942,-264558,-5268.857760600001,1430,False
7984.568326500012,IDAC2 bracket 19,2,19,2,735931,-265569,-5288.9925333,1430,False
7985.527204299986,IDAC2 bracket 18,2,18,2,735301,-266199,-5301.5394243,1716,False
7986.493138999998,IDAC2 bracket 17,2,17,2,734920,-266580,-5309.127306,1754,False
7987.452557899989,IDAC2 bracket 16,2,16,2,734558,-266942,-5316.3367894,2613,False
7988.419385699992,IDAC2 bracket 15,2,15,2,734539,-266961,-5316.715187700001,3376,False
7989.383727100008,IDAC2 bracket 14,2,14,2,733642,-267858,-5334.5795706,2651,False
7992.387849499995,IDAC2 bracket 13,2,13,2,734748,-266752,-5312.5528064,4653,False
7993.34481770001,IDAC2 bracket 12,2,12,2,733375,-268125,-5339.8970625,3280,False
7994.499003200006,IDAC2 bracket 11,2,11,2,733528,-267972,-5336.8499604,3452,False
7995.518659399997,IDAC2 bracket 10,2,10,2,733585,-267915,-5335.714765500001,4329,False
7996.474810299987,IDAC2 bracket 9,2,9,2,732994,-268506,-5347.4849442,2899,False
7997.433008199994,IDAC2 bracket 8,2,8,2,732936,-268564,-5348.6400548,4177,False
7998.389962699992,IDAC2 bracket 7,2,7,2,733127,-268373,-5344.8361561,3318,False
7999.347472299996,IDAC2 bracket 6,2,6,2,733261,-268239,-5342.1674523,3070,False
8000.305965600011,IDAC2 bracket 5,2,5,2,732898,-268602,-5349.3968514,3528,False
8001.261735100008,IDAC2 bracket 4,2,4,2,732650,-268850,-5354.335945000001,2861,False
8002.218409599998,IDAC2 bracket 3,2,3,2,732669,-268831,-5353.9575466999995,2746,False
8003.18823900001,IDAC2 bracket 2,2,2,2,732440,-269060,-5358.518242,2479,False
8004.144261100009,IDAC2 bracket 1,2,1,2,732898,-268602,-5349.3968514,2498,False
8008.723194299993,IDAC2 bracket 0,2,0,2,732326,-269174,-5360.788631800001,2174,False
8010.476043500006,IDAC2 restaurado,2,0,2,731887,-269613,-5369.531624100001,1602,False
8011.435254999989,IDAC2 bracket -1,2,-1,2,731754,-269746,-5372.1804122,1449,False
8012.4102289,IDAC2 bracket -2,2,-2,2,731830,-269670,-5370.666819,1945,False
8013.366798700008,IDAC2 bracket -3,2,-3,2,731735,-269765,-5372.558810500001,1411,False
8014.3250991000095,IDAC2 bracket -4,2,-4,2,732040,-269460,-5366.484522,1926,False
8015.284277600003,IDAC2 bracket -5,2,-5,2,731830,-269670,-5370.666819,1945,False
8016.239523700002,IDAC2 bracket -6,2,-6,2,731506,-269994,-5377.1195058,762,False
8017.237204800011,IDAC2 bracket -7,2,-7,2,731620,-269880,-5374.849116,1144,False
8018.20051190001,IDAC2 bracket -8,2,-8,2,731735,-269765,-5372.558810500001,1049,False
8019.164138499997,IDAC2 bracket -9,2,-9,2,731658,-269842,-5374.092319400001,1182,False
8020.121985500009,IDAC2 bracket -10,2,-10,2,731563,-269937,-5375.9843109,724,False
8021.07679240001,IDAC2 bracket -11,2,-11,2,731601,-269899,-5375.2275143,2269,False
8025.716381100006,IDAC2 bracket -12,2,-12,2,731544,-269956,-5376.362709200001,1316,False
8027.012280399998,IDAC2 bracket -13,2,-13,2,731811,-269689,-5371.0452173,1316,False
8027.967969099991,IDAC2 bracket -14,2,-14,2,731525,-269975,-5376.7411075,686,False
8028.932872100006,IDAC2 bracket -15,2,-15,2,731544,-269956,-5376.362709200001,820,False
8029.887436999998,IDAC2 bracket -16,2,-16,2,731582,-269918,-5375.6059126,953,False
8030.852512499987,IDAC2 bracket -17,2,-17,2,731391,-270109,-5379.4098113,438,False
8031.805881200009,IDAC2 bracket -18,2,-18,2,731449,-270051,-5378.2547007,667,False
8032.7649803000095,IDAC2 bracket -19,2,-19,2,731525,-269975,-5376.7411075,686,False
8033.726735300006,IDAC2 bracket -20,2,-20,2,731525,-269975,-5376.7411075,648,False
8034.687842399988,IDAC2 bracket -21,2,-21,2,731544,-269956,-5376.362709200001,762,False
8035.645733599988,IDAC2 bracket -22,2,-22,2,731468,-270032,-5377.8763024,553,False
8036.606787900004,IDAC2 bracket -23,2,-23,2,731430,-270070,-5378.633099000001,572,False
8037.5631952999975,IDAC2 bracket -24,2,-24,2,731601,-269899,-5375.2275143,972,False
8042.139663899987,IDAC2 bracket -25,2,-25,2,731525,-269975,-5376.7411075,705,False
8043.441323000006,IDAC2 bracket -26,2,-26,2,731391,-270109,-5379.4098113,343,False
8044.408332999999,IDAC2 bracket -27,2,-27,2,731334,-270166,-5380.545006200001,247,False
8045.381495699985,IDAC2 bracket -28,2,-28,2,731334,-270166,-5380.545006200001,247,False
8046.3370687999995,IDAC2 bracket -29,2,-29,2,731353,-270147,-5380.166607900001,267,False
8047.29436130001,IDAC2 bracket -30,2,-30,2,731449,-270051,-5378.2547007,286,False
8048.2507640999975,IDAC2 bracket -31,2,-31,2,731430,-270070,-5378.633099000001,247,False
8049.208050599991,IDAC2 bracket -32,2,-32,2,731334,-270166,-5380.545006200001,267,False
8050.165418299992,IDAC2 bracket -33,2,-33,2,731353,-270147,-5380.166607900001,247,False
8051.129608299991,IDAC2 bracket -34,2,-34,2,731315,-270185,-5380.9234045,247,False
8052.094372099993,IDAC2 bracket -35,2,-35,2,731372,-270128,-5379.7882096,190,False
8053.050993499986,IDAC2 bracket -36,2,-36,2,731372,-270128,-5379.7882096,305,False
8054.0084965999995,IDAC2 bracket -37,2,-37,2,731315,-270185,-5380.9234045,152,False
8058.6521763000055,IDAC2 bracket -38,2,-38,2,731296,-270204,-5381.301802800001,247,False
8059.954044000013,IDAC2 bracket -39,2,-39,2,731315,-270185,-5380.9234045,495,False
8060.91832940001,IDAC2 bracket -40,2,-40,2,731391,-270109,-5379.4098113,190,False
8061.881255399989,IDAC2 bracket -41,2,-41,2,731372,-270128,-5379.7882096,343,False
8062.840077400004,IDAC2 bracket -42,2,-42,2,731391,-270109,-5379.4098113,171,False
8063.797733199986,IDAC2 bracket -43,2,-43,2,731372,-270128,-5379.7882096,572,False
8064.7552529000095,IDAC2 bracket -44,2,-44,2,731372,-270128,-5379.7882096,190,False
8065.712576999998,IDAC2 bracket -45,2,-45,2,731353,-270147,-5380.166607900001,209,False
8066.66977909999,IDAC2 bracket -46,2,-46,2,731315,-270185,-5380.9234045,190,False
8067.634895099996,IDAC2 bracket -47,2,-47,2,731353,-270147,-5380.166607900001,209,False
8068.60300979999,IDAC2 bracket -48,2,-48,2,731372,-270128,-5379.7882096,247,False
8069.570659299992,IDAC2 bracket -49,2,-49,2,731353,-270147,-5380.166607900001,209,False
8070.531859599985,IDAC2 bracket -50,2,-50,2,731315,-270185,-5380.9234045,228,False
8075.171811100008,IDAC2 bracket -51,2,-51,2,731315,-270185,-5380.9234045,209,False
8076.449003099988,IDAC2 bracket -52,2,-52,2,731334,-270166,-5380.545006200001,171,False
8077.4071172999975,IDAC2 bracket -53,2,-53,2,731315,-270185,-5380.9234045,209,False
8078.369739299989,IDAC2 bracket -54,2,-54,2,731315,-270185,-5380.9234045,171,False
8079.325715299987,IDAC2 bracket -55,2,-55,2,731277,-270223,-5381.6802011,152,False
8080.290820299997,IDAC2 bracket -56,2,-56,2,731334,-270166,-5380.545006200001,171,False
8084.8843040000065,IDAC2 bracket -57,2,-57,2,731315,-270185,-5380.9234045,133,False
8086.184013499995,IDAC2 bracket -58,2,-58,2,731353,-270147,-5380.166607900001,171,False
8087.143179100007,IDAC2 bracket -59,2,-59,2,731315,-270185,-5380.9234045,228,False
8088.103661600006,IDAC2 bracket -60,2,-60,2,731334,-270166,-5380.545006200001,171,False
8089.071309999999,IDAC2 bracket -61,2,-61,2,731296,-270204,-5381.301802800001,209,False
8090.028048000007,IDAC2 bracket -62,2,-62,2,731277,-270223,-5381.6802011,267,False
8093.034758399997,IDAC2 bracket -63,2,-63,2,731277,-270223,-5381.6802011,190,False
8093.9938140999875,IDAC2 bracket -64,2,-64,2,731296,-270204,-5381.301802800001,152,False
8094.95891039999,IDAC2 bracket -65,2,-65,2,731277,-270223,-5381.6802011,171,False
8095.9154453999945,IDAC2 bracket -66,2,-66,2,731334,-270166,-5380.545006200001,209,False
8096.894446499995,IDAC2 bracket -67,2,-67,2,731315,-270185,-5380.9234045,228,False
8097.855609799997,IDAC2 bracket -68,2,-68,2,731315,-270185,-5380.9234045,209,False
8102.400973400014,IDAC2 bracket -69,2,-69,2,731296,-270204,-5381.301802800001,171,False
8103.7085907,IDAC2 bracket -70,2,-70,2,731353,-270147,-5380.166607900001,171,False
8104.666745399998,IDAC2 bracket -71,2,-71,2,731334,-270166,-5380.545006200001,152,False
8105.6297239999985,IDAC2 bracket -72,2,-72,2,731334,-270166,-5380.545006200001,171,False
8106.593320699991,IDAC2 bracket -73,2,-73,2,731315,-270185,-5380.9234045,190,False
8111.238001699996,IDAC2 bracket -74,2,-74,2,731296,-270204,-5381.301802800001,152,False
8112.543708499987,IDAC2 bracket -75,2,-75,2,731315,-270185,-5380.9234045,152,False
8113.504060300009,IDAC2 bracket -76,2,-76,2,731334,-270166,-5380.545006200001,133,False
8114.641326399986,IDAC2 bracket -77,2,-77,2,731277,-270223,-5381.6802011,190,False
8115.613377700007,IDAC2 bracket -78,2,-78,2,731258,-270242,-5382.0585994,209,False
8116.577302599995,IDAC2 bracket -79,2,-79,2,731372,-270128,-5379.7882096,190,False
8121.1309140000085,IDAC2 bracket -80,2,-80,2,731296,-270204,-5381.301802800001,209,False
8122.427270299988,IDAC2 bracket -81,2,-81,2,731258,-270242,-5382.0585994,228,False
8123.383967600006,IDAC2 bracket -82,2,-82,2,731353,-270147,-5380.166607900001,171,False
8124.3390948000015,IDAC2 bracket -83,2,-83,2,731315,-270185,-5380.9234045,152,False
8125.300739099999,IDAC2 bracket -84,2,-84,2,731353,-270147,-5380.166607900001,190,False
8126.2597648999945,IDAC2 bracket -85,2,-85,2,731315,-270185,-5380.9234045,190,False
8130.847178600001,IDAC2 bracket -86,2,-86,2,731391,-270109,-5379.4098113,171,False
8132.14575679999,IDAC2 bracket -87,2,-87,2,731353,-270147,-5380.166607900001,171,False
8133.101532700006,IDAC2 bracket -88,2,-88,2,731334,-270166,-5380.545006200001,171,False
8134.074810899998,IDAC2 bracket -89,2,-89,2,731334,-270166,-5380.545006200001,190,False
8135.033810299996,IDAC2 bracket -90,2,-90,2,731353,-270147,-5380.166607900001,133,False
8135.992022799997,IDAC2 bracket -91,2,-91,2,731353,-270147,-5380.166607900001,114,False
8136.965197200014,IDAC2 bracket -92,2,-92,2,731315,-270185,-5380.9234045,171,False
8137.944328999991,IDAC2 bracket -93,2,-93,2,731334,-270166,-5380.545006200001,171,False
8138.928571700002,IDAC2 bracket -94,2,-94,2,731353,-270147,-5380.166607900001,133,False
8139.889067899989,IDAC2 bracket -95,2,-95,2,731334,-270166,-5380.545006200001,133,False
8140.850882400002,IDAC2 bracket -96,2,-96,2,731315,-270185,-5380.9234045,228,False
8141.811166500003,IDAC2 bracket -97,2,-97,2,731353,-270147,-5380.166607900001,152,False
8142.768242399994,IDAC2 bracket -98,2,-98,2,731334,-270166,-5380.545006200001,133,False
8143.734062600008,IDAC2 bracket -99,2,-99,2,731334,-270166,-5380.545006200001,152,False
8144.691812000005,IDAC2 bracket -100,2,-100,2,731296,-270204,-5381.301802800001,190,False
8145.653418100002,IDAC2 bracket -101,2,-101,2,731296,-270204,-5381.301802800001,171,False
8146.615423400013,IDAC2 bracket -102,2,-102,2,731258,-270242,-5382.0585994,133,False
8147.579781000008,IDAC2 bracket -103,2,-103,2,731315,-270185,-5380.9234045,152,False
8148.54295860001,IDAC2 bracket -104,2,-104,2,731277,-270223,-5381.6802011,171,False
8149.50914390001,IDAC2 bracket -105,2,-105,2,731296,-270204,-5381.301802800001,152,False
8154.151836100005,IDAC2 bracket -106,2,-106,2,731315,-270185,-5380.9234045,152,False
8155.453245300014,IDAC2 bracket -107,2,-107,2,731334,-270166,-5380.545006200001,171,False
8156.410096100008,IDAC2 bracket -108,2,-108,2,731315,-270185,-5380.9234045,152,False
8157.368663400004,IDAC2 bracket -109,2,-109,2,731277,-270223,-5381.6802011,190,False
8158.329605400009,IDAC2 bracket -110,2,-110,2,731296,-270204,-5381.301802800001,133,False
8159.289151900011,IDAC2 bracket -111,2,-111,2,731315,-270185,-5380.9234045,209,False
8160.250662400009,IDAC2 bracket -112,2,-112,2,731296,-270204,-5381.301802800001,190,False
8161.206955700007,IDAC2 bracket -113,2,-113,2,731258,-270242,-5382.0585994,152,False
8162.169650399999,IDAC2 bracket -114,2,-114,2,731334,-270166,-5380.545006200001,171,False
8163.144106199994,IDAC2 bracket -115,2,-115,2,731315,-270185,-5380.9234045,171,False
8164.102095400012,IDAC2 bracket -116,2,-116,2,731315,-270185,-5380.9234045,133,False
8165.068289999996,IDAC2 bracket -117,2,-117,2,731315,-270185,-5380.9234045,171,False
8166.035298700008,IDAC2 bracket -118,2,-118,2,731334,-270166,-5380.545006200001,171,False
8166.997759699996,IDAC2 bracket -119,2,-119,2,731315,-270185,-5380.9234045,152,False
8170.004472300003,IDAC2 bracket -120,2,-120,2,731277,-270223,-5381.6802011,190,False
8170.974954800011,IDAC2 bracket -121,2,-121,2,731334,-270166,-5380.545006200001,152,False
8171.936934800004,IDAC2 bracket -122,2,-122,2,731296,-270204,-5381.301802800001,190,False
8172.8965285999875,IDAC2 bracket -123,2,-123,2,731315,-270185,-5380.9234045,171,False
8173.851955999999,IDAC2 bracket -124,2,-124,2,731296,-270204,-5381.301802800001,133,False
8174.81166159999,IDAC2 bracket -125,2,-125,2,731296,-270204,-5381.301802800001,171,False
8179.348272500007,IDAC2 bracket -126,2,-126,2,731258,-270242,-5382.0585994,209,False
8180.6524011,IDAC2 bracket -127,2,-127,2,731277,-270223,-5381.6802011,171,False
8181.6138143000135,IDAC2 bracket -128,2,-128,2,731277,-270223,-5381.6802011,171,False
8182.57686500001,IDAC2 bracket -129,2,-129,2,731277,-270223,-5381.6802011,152,False
8183.536856399995,IDAC2 bracket -130,2,-130,2,731315,-270185,-5380.9234045,171,False
8188.175901400013,IDAC2 bracket -131,2,-131,2,731296,-270204,-5381.301802800001,171,False
8189.4842603,IDAC2 bracket -132,2,-132,2,731277,-270223,-5381.6802011,171,False
8190.442935200001,IDAC2 bracket -133,2,-133,2,731277,-270223,-5381.6802011,171,False
8191.41173729999,IDAC2 bracket -134,2,-134,2,731296,-270204,-5381.301802800001,114,False
8192.370427699992,IDAC2 bracket -135,2,-135,2,731277,-270223,-5381.6802011,133,False
8193.333075100003,IDAC2 bracket -136,2,-136,2,731296,-270204,-5381.301802800001,133,False
8194.290226799989,IDAC2 bracket -137,2,-137,2,731296,-270204,-5381.301802800001,133,False
8195.2529774,IDAC2 bracket -138,2,-138,2,731277,-270223,-5381.6802011,190,False
8196.216895999998,IDAC2 bracket -139,2,-139,2,731277,-270223,-5381.6802011,190,False
8197.184585799987,IDAC2 bracket -140,2,-140,2,731277,-270223,-5381.6802011,114,False
8198.150345200003,IDAC2 bracket -141,2,-141,2,731296,-270204,-5381.301802800001,133,False
8199.108697799995,IDAC2 bracket -142,2,-142,2,731258,-270242,-5382.0585994,133,False
8200.073902000004,IDAC2 bracket -143,2,-143,2,731315,-270185,-5380.9234045,133,False
8201.035658500012,IDAC2 bracket -144,2,-144,2,731296,-270204,-5381.301802800001,171,False
8201.9967894,IDAC2 bracket -145,2,-145,2,731277,-270223,-5381.6802011,114,False
8202.961657200009,IDAC2 bracket -146,2,-146,2,731296,-270204,-5381.301802800001,152,False
8203.927402600006,IDAC2 bracket -147,2,-147,2,731296,-270204,-5381.301802800001,133,False
8204.895829099987,IDAC2 bracket -148,2,-148,2,731315,-270185,-5380.9234045,171,False
8205.854607799993,IDAC2 bracket -149,2,-149,2,731315,-270185,-5380.9234045,209,False
8206.817423100001,IDAC2 bracket -150,2,-150,2,731277,-270223,-5381.6802011,152,False
8207.782288999995,IDAC2 bracket -151,2,-151,2,731315,-270185,-5380.9234045,133,False
8208.763719500013,IDAC2 bracket -152,2,-152,2,731258,-270242,-5382.0585994,190,False
8209.723888999986,IDAC2 bracket -153,2,-153,2,731315,-270185,-5380.9234045,133,False
8210.689684000012,IDAC2 bracket -154,2,-154,2,731296,-270204,-5381.301802800001,209,False
8211.652791500004,IDAC2 bracket -155,2,-155,2,731258,-270242,-5382.0585994,171,False
8212.616251900006,IDAC2 bracket -156,2,-156,2,731239,-270261,-5382.436997700001,152,False
8213.578862900002,IDAC2 bracket -157,2,-157,2,731239,-270261,-5382.436997700001,209,False
8214.540710300003,IDAC2 bracket -158,2,-158,2,731258,-270242,-5382.0585994,190,False
8219.084896699991,IDAC2 bracket -159,2,-159,2,731220,-270280,-5382.815396000001,152,False
8220.387642799993,IDAC2 bracket -160,2,-160,2,731277,-270223,-5381.6802011,171,False
8221.348440600006,IDAC2 bracket -161,2,-161,2,731277,-270223,-5381.6802011,171,False
8222.309330799995,IDAC2 bracket -162,2,-162,2,731277,-270223,-5381.6802011,209,False
8223.268206400011,IDAC2 bracket -163,2,-163,2,731277,-270223,-5381.6802011,152,False
8227.913718800002,IDAC2 bracket -164,2,-164,2,731277,-270223,-5381.6802011,152,False
8229.197778600006,IDAC2 bracket -165,2,-165,2,731239,-270261,-5382.436997700001,114,False
8230.164543399995,IDAC2 bracket -166,2,-166,2,731296,-270204,-5381.301802800001,133,False
8231.130163299997,IDAC2 bracket -167,2,-167,2,731239,-270261,-5382.436997700001,152,False
8232.087473599997,IDAC2 bracket -168,2,-168,2,731258,-270242,-5382.0585994,190,False
8233.049518799991,IDAC2 bracket -169,2,-169,2,731258,-270242,-5382.0585994,171,False
8237.657841700013,IDAC2 bracket -170,2,-170,2,731296,-270204,-5381.301802800001,133,False
8238.938966199988,IDAC2 bracket -171,2,-171,2,731239,-270261,-5382.436997700001,152,False
8239.902608400007,IDAC2 bracket -172,2,-172,2,731258,-270242,-5382.0585994,190,False
8240.862833699997,IDAC2 bracket -173,2,-173,2,731277,-270223,-5381.6802011,133,False
8241.823530499998,IDAC2 bracket -174,2,-174,2,731239,-270261,-5382.436997700001,152,False
8242.783678100008,IDAC2 bracket -175,2,-175,2,731296,-270204,-5381.301802800001,133,False
8247.341932400013,IDAC2 bracket -176,2,-176,2,731258,-270242,-5382.0585994,152,False
8248.647844499996,IDAC2 bracket -177,2,-177,2,731296,-270204,-5381.301802800001,133,False
8249.619967100007,IDAC2 bracket -178,2,-178,2,731258,-270242,-5382.0585994,209,False
8250.585330100002,IDAC2 bracket -179,2,-179,2,731315,-270185,-5380.9234045,114,False
8251.555132999987,IDAC2 bracket -180,2,-180,2,731277,-270223,-5381.6802011,171,False
8256.200591,IDAC2 bracket -181,2,-181,2,731239,-270261,-5382.436997700001,133,False
8257.501717300009,IDAC2 bracket -182,2,-182,2,731220,-270280,-5382.815396000001,133,False
8258.464449099993,IDAC2 bracket -183,2,-183,2,731239,-270261,-5382.436997700001,114,False
8259.429574899987,IDAC2 bracket -184,2,-184,2,731277,-270223,-5381.6802011,152,False
8260.392416699993,IDAC2 bracket -185,2,-185,2,731277,-270223,-5381.6802011,133,False
8261.357244499988,IDAC2 bracket -186,2,-186,2,731277,-270223,-5381.6802011,152,False
8265.913372899988,IDAC2 bracket -187,2,-187,2,731296,-270204,-5381.301802800001,114,False
8267.217344100005,IDAC2 bracket -188,2,-188,2,731277,-270223,-5381.6802011,152,False
8268.17939179999,IDAC2 bracket -189,2,-189,2,731258,-270242,-5382.0585994,133,False
8269.14807960001,IDAC2 bracket -190,2,-190,2,731258,-270242,-5382.0585994,152,False
8270.106041799998,IDAC2 bracket -191,2,-191,2,731239,-270261,-5382.436997700001,133,False
8271.067583600001,IDAC2 bracket -192,2,-192,2,731315,-270185,-5380.9234045,152,False
8274.090924999997,IDAC2 bracket -193,2,-193,2,731258,-270242,-5382.0585994,171,False
8275.06117500001,IDAC2 bracket -194,2,-194,2,731220,-270280,-5382.815396000001,152,False
8276.212360400008,IDAC2 bracket -195,2,-195,2,731258,-270242,-5382.0585994,152,False
8277.364462500002,IDAC2 bracket -196,2,-196,2,731239,-270261,-5382.436997700001,152,False
8278.335272099997,IDAC2 bracket -197,2,-197,2,731277,-270223,-5381.6802011,133,False
8279.2961029,IDAC2 bracket -198,2,-198,2,731220,-270280,-5382.815396000001,171,False
8280.259852099989,IDAC2 bracket -199,2,-199,2,731258,-270242,-5382.0585994,152,False
8281.221664300014,IDAC2 bracket -200,2,-200,2,731239,-270261,-5382.436997700001,152,False
8282.191207099997,IDAC2 bracket -201,2,-201,2,731258,-270242,-5382.0585994,209,False
8283.1556269,IDAC2 bracket -202,2,-202,2,731258,-270242,-5382.0585994,190,False
8284.12791119999,IDAC2 bracket -203,2,-203,2,731277,-270223,-5381.6802011,171,False
8285.110681399994,IDAC2 bracket -204,2,-204,2,731201,-270299,-5383.1937943,209,False
8286.078541399998,IDAC2 bracket -205,2,-205,2,731277,-270223,-5381.6802011,190,False
8287.044058500003,IDAC2 bracket -206,2,-206,2,731277,-270223,-5381.6802011,152,False
8288.005094499997,IDAC2 bracket -207,2,-207,2,731277,-270223,-5381.6802011,152,False
8288.966423300008,IDAC2 bracket -208,2,-208,2,731277,-270223,-5381.6802011,209,False
8289.934854199993,IDAC2 bracket -209,2,-209,2,731277,-270223,-5381.6802011,133,False
8290.917026899988,IDAC2 bracket -210,2,-210,2,731277,-270223,-5381.6802011,133,False
8291.883711600007,IDAC2 bracket -211,2,-211,2,731296,-270204,-5381.301802800001,209,False
8292.847427200002,IDAC2 bracket -212,2,-212,2,731277,-270223,-5381.6802011,171,False
8293.814396300004,IDAC2 bracket -213,2,-213,2,731277,-270223,-5381.6802011,209,False
8294.776912400004,IDAC2 bracket -214,2,-214,2,731334,-270166,-5380.545006200001,190,False
8295.739306300005,IDAC2 bracket -215,2,-215,2,731220,-270280,-5382.815396000001,247,False
8296.699767100014,IDAC2 bracket -216,2,-216,2,731277,-270223,-5381.6802011,171,False
8297.661926,IDAC2 bracket -217,2,-217,2,731277,-270223,-5381.6802011,190,False
8298.624255100003,IDAC2 bracket -218,2,-218,2,731258,-270242,-5382.0585994,133,False
8299.586683000001,IDAC2 bracket -219,2,-219,2,731258,-270242,-5382.0585994,152,False
8300.556105299998,IDAC2 bracket -220,2,-220,2,731296,-270204,-5381.301802800001,152,False
8303.575782300002,IDAC2 bracket -221,2,-221,2,731258,-270242,-5382.0585994,114,False
8304.535224799998,IDAC2 bracket -222,2,-222,2,731258,-270242,-5382.0585994,133,False
8305.523021800007,IDAC2 bracket -223,2,-223,2,731239,-270261,-5382.436997700001,171,False
8306.488948299986,IDAC2 bracket -224,2,-224,2,731258,-270242,-5382.0585994,209,False
8307.463714399986,IDAC2 bracket -225,2,-225,2,731258,-270242,-5382.0585994,152,False
8308.431804699998,IDAC2 bracket -226,2,-226,2,731258,-270242,-5382.0585994,152,False
8312.984200100007,IDAC2 bracket -227,2,-227,2,731258,-270242,-5382.0585994,152,False
8314.27371030001,IDAC2 bracket -228,2,-228,2,731258,-270242,-5382.0585994,152,False
8315.243770600006,IDAC2 bracket -229,2,-229,2,731258,-270242,-5382.0585994,190,False
8316.2240743,IDAC2 bracket -230,2,-230,2,731220,-270280,-5382.815396000001,152,False
8317.189338299999,IDAC2 bracket -231,2,-231,2,731258,-270242,-5382.0585994,133,False
8321.84827290001,IDAC2 bracket -232,2,-232,2,731296,-270204,-5381.301802800001,190,False
8323.137507100007,IDAC2 bracket -233,2,-233,2,731239,-270261,-5382.436997700001,171,False
8324.105066499993,IDAC2 bracket -234,2,-234,2,731277,-270223,-5381.6802011,171,False
8325.072644600004,IDAC2 bracket -235,2,-235,2,731277,-270223,-5381.6802011,171,False
8326.049916999997,IDAC2 bracket -236,2,-236,2,731258,-270242,-5382.0585994,171,False
8327.021939400001,IDAC2 bracket -237,2,-237,2,731277,-270223,-5381.6802011,152,False
8327.991650799988,IDAC2 bracket -238,2,-238,2,731277,-270223,-5381.6802011,209,False
8328.955575700005,IDAC2 bracket -239,2,-239,2,731315,-270185,-5380.9234045,152,False
8329.9245428,IDAC2 bracket -240,2,-240,2,731258,-270242,-5382.0585994,247,False
8330.894509200007,IDAC2 bracket -241,2,-241,2,731239,-270261,-5382.436997700001,152,False
8331.860900400003,IDAC2 bracket -242,2,-242,2,731334,-270166,-5380.545006200001,209,False
8332.825921300013,IDAC2 bracket -243,2,-243,2,731277,-270223,-5381.6802011,209,False
8333.795702000003,IDAC2 bracket -244,2,-244,2,731277,-270223,-5381.6802011,171,False
8338.386268400005,IDAC2 bracket -245,2,-245,2,731277,-270223,-5381.6802011,133,False
8339.672116300004,IDAC2 bracket -246,2,-246,2,731296,-270204,-5381.301802800001,190,False
8340.637521600001,IDAC2 bracket -247,2,-247,2,731334,-270166,-5380.545006200001,133,False
8341.607870999986,IDAC2 bracket -248,2,-248,2,731315,-270185,-5380.9234045,171,False
8342.58736440001,IDAC2 bracket -249,2,-249,2,731296,-270204,-5381.301802800001,152,False
8343.556958200003,IDAC2 bracket -250,2,-250,2,731315,-270185,-5380.9234045,152,False
8344.524202200002,IDAC2 bracket -251,2,-251,2,731353,-270147,-5380.166607900001,171,False
8345.491452999995,IDAC2 bracket -252,2,-252,2,731315,-270185,-5380.9234045,133,False
8346.463004899997,IDAC2 bracket -253,2,-253,2,731277,-270223,-5381.6802011,209,False
8347.438731900009,IDAC2 bracket -254,2,-254,2,731277,-270223,-5381.6802011,133,False
8348.402029799996,IDAC2 bracket -255,2,-255,2,731296,-270204,-5381.301802800001,171,False
8350.165443800011,IDAC2 sonda -255,2,-255,2,731258,-270242,-5382.0585994,152,False
8351.135347300005,IDAC2 bracket -254,2,-254,2,731296,-270204,-5381.301802800001,171,False
8352.11342909999,IDAC2 bracket -253,2,-253,2,731296,-270204,-5381.301802800001,133,False
8355.130277399992,IDAC2 bracket -252,2,-252,2,731258,-270242,-5382.0585994,152,False
8356.090895000001,IDAC2 bracket -251,2,-251,2,731277,-270223,-5381.6802011,190,False
8357.054200299986,IDAC2 bracket -250,2,-250,2,731258,-270242,-5382.0585994,152,False
8358.011467000004,IDAC2 bracket -249,2,-249,2,731277,-270223,-5381.6802011,171,False
8358.973758000007,IDAC2 bracket -248,2,-248,2,731296,-270204,-5381.301802800001,171,False
8359.950726300012,IDAC2 bracket -247,2,-247,2,731296,-270204,-5381.301802800001,152,False
8362.967865099985,IDAC2 bracket -246,2,-246,2,731239,-270261,-5382.436997700001,171,False
8363.947126000014,IDAC2 bracket -245,2,-245,2,731296,-270204,-5381.301802800001,152,False
8364.926954499999,IDAC2 bracket -244,2,-244,2,731296,-270204,-5381.301802800001,171,False
8365.900313099992,IDAC2 bracket -243,2,-243,2,731296,-270204,-5381.301802800001,209,False
8366.8641679,IDAC2 bracket -242,2,-242,2,731315,-270185,-5380.9234045,152,False
8367.841413999995,IDAC2 bracket -241,2,-241,2,731315,-270185,-5380.9234045,133,False
8372.404411399999,IDAC2 bracket -240,2,-240,2,731315,-270185,-5380.9234045,152,False
8373.722306899988,IDAC2 bracket -239,2,-239,2,731277,-270223,-5381.6802011,171,False
8374.687138799985,IDAC2 bracket -238,2,-238,2,731334,-270166,-5380.545006200001,171,False
8375.667389400012,IDAC2 bracket -237,2,-237,2,731296,-270204,-5381.301802800001,171,False
8376.643283399986,IDAC2 bracket -236,2,-236,2,731277,-270223,-5381.6802011,171,False
8377.6107318,IDAC2 bracket -235,2,-235,2,731315,-270185,-5380.9234045,133,False
8380.65788079999,IDAC2 bracket -234,2,-234,2,731296,-270204,-5381.301802800001,152,False
8381.633876600012,IDAC2 bracket -233,2,-233,2,731277,-270223,-5381.6802011,190,False
8382.607025300007,IDAC2 bracket -232,2,-232,2,731296,-270204,-5381.301802800001,171,False
8383.582313699997,IDAC2 bracket -231,2,-231,2,731315,-270185,-5380.9234045,171,False
8384.540887300012,IDAC2 bracket -230,2,-230,2,731334,-270166,-5380.545006200001,152,False
8385.509661799995,IDAC2 bracket -229,2,-229,2,731315,-270185,-5380.9234045,171,False
8386.473324799997,IDAC2 bracket -228,2,-228,2,731296,-270204,-5381.301802800001,190,False
8387.44059469999,IDAC2 bracket -227,2,-227,2,731334,-270166,-5380.545006200001,133,False
8388.406505799998,IDAC2 bracket -226,2,-226,2,731334,-270166,-5380.545006200001,152,False
8389.37265579999,IDAC2 bracket -225,2,-225,2,731353,-270147,-5380.166607900001,190,False
8390.334972200013,IDAC2 bracket -224,2,-224,2,731277,-270223,-5381.6802011,152,False
8391.299711300002,IDAC2 bracket -223,2,-223,2,731315,-270185,-5380.9234045,171,False
8392.282289099996,IDAC2 bracket -222,2,-222,2,731296,-270204,-5381.301802800001,152,False
8393.2441214,IDAC2 bracket -221,2,-221,2,731315,-270185,-5380.9234045,152,False
8394.230946199998,IDAC2 bracket -220,2,-220,2,731277,-270223,-5381.6802011,209,False
8395.192662699992,IDAC2 bracket -219,2,-219,2,731315,-270185,-5380.9234045,152,False
8396.15785670001,IDAC2 bracket -218,2,-218,2,731315,-270185,-5380.9234045,133,False
8397.126300100004,IDAC2 bracket -217,2,-217,2,731277,-270223,-5381.6802011,133,False
8398.092122500006,IDAC2 bracket -216,2,-216,2,731296,-270204,-5381.301802800001,152,False
8399.063525000005,IDAC2 bracket -215,2,-215,2,731277,-270223,-5381.6802011,209,False
8403.720505000005,IDAC2 bracket -214,2,-214,2,731277,-270223,-5381.6802011,171,False
8405.021939900005,IDAC2 bracket -213,2,-213,2,731277,-270223,-5381.6802011,190,False
8405.991890300007,IDAC2 bracket -212,2,-212,2,731334,-270166,-5380.545006200001,133,False
8406.963466099987,IDAC2 bracket -211,2,-211,2,731277,-270223,-5381.6802011,209,False
8407.94451989999,IDAC2 bracket -210,2,-210,2,731315,-270185,-5380.9234045,171,False
8408.909401000012,IDAC2 bracket -209,2,-209,2,731315,-270185,-5380.9234045,190,False
8409.880487099988,IDAC2 bracket -208,2,-208,2,731296,-270204,-5381.301802800001,171,False
8410.847134899988,IDAC2 bracket -207,2,-207,2,731334,-270166,-5380.545006200001,114,False
8411.821039800008,IDAC2 bracket -206,2,-206,2,731315,-270185,-5380.9234045,171,False
8412.7930987,IDAC2 bracket -205,2,-205,2,731315,-270185,-5380.9234045,190,False
8413.757822199987,IDAC2 bracket -204,2,-204,2,731315,-270185,-5380.9234045,171,False
8414.725945599988,IDAC2 bracket -203,2,-203,2,731334,-270166,-5380.545006200001,152,False
8415.69512779999,IDAC2 bracket -202,2,-202,2,731353,-270147,-5380.166607900001,152,False
8420.283896100009,IDAC2 bracket -201,2,-201,2,731353,-270147,-5380.166607900001,190,False
8421.58681410001,IDAC2 bracket -200,2,-200,2,731277,-270223,-5381.6802011,190,False
8422.553399299999,IDAC2 bracket -199,2,-199,2,731334,-270166,-5380.545006200001,228,False
8423.524885899998,IDAC2 bracket -198,2,-198,2,731334,-270166,-5380.545006200001,228,False
8424.490275899996,IDAC2 bracket -197,2,-197,2,731315,-270185,-5380.9234045,209,False
8425.4506101,IDAC2 bracket -196,2,-196,2,731296,-270204,-5381.301802800001,228,False
8429.995136499987,IDAC2 bracket -195,2,-195,2,731372,-270128,-5379.7882096,171,False
8431.312307799992,IDAC2 bracket -194,2,-194,2,731353,-270147,-5380.166607900001,171,False
8432.292307700001,IDAC2 bracket -193,2,-193,2,731296,-270204,-5381.301802800001,209,False
8433.269394100003,IDAC2 bracket -192,2,-192,2,731258,-270242,-5382.0585994,171,False
8434.23800350001,IDAC2 bracket -191,2,-191,2,731258,-270242,-5382.0585994,228,False
8435.210053699993,IDAC2 bracket -190,2,-190,2,731277,-270223,-5381.6802011,209,False
8436.181348999991,IDAC2 bracket -189,2,-189,2,731334,-270166,-5380.545006200001,171,False
8437.147858799988,IDAC2 bracket -188,2,-188,2,731353,-270147,-5380.166607900001,190,False
8438.117626099993,IDAC2 bracket -187,2,-187,2,731353,-270147,-5380.166607900001,171,False
8439.086641800008,IDAC2 bracket -186,2,-186,2,731334,-270166,-5380.545006200001,190,False
8440.05244140001,IDAC2 bracket -185,2,-185,2,731296,-270204,-5381.301802800001,152,False
8441.01627230001,IDAC2 bracket -184,2,-184,2,731315,-270185,-5380.9234045,152,False
8445.66987079999,IDAC2 bracket -183,2,-183,2,731258,-270242,-5382.0585994,152,False
8446.975724999997,IDAC2 bracket -182,2,-182,2,731296,-270204,-5381.301802800001,152,False
8447.94572399999,IDAC2 bracket -181,2,-181,2,731277,-270223,-5381.6802011,190,False
8448.917688099988,IDAC2 bracket -180,2,-180,2,731296,-270204,-5381.301802800001,190,False
8449.886958499992,IDAC2 bracket -179,2,-179,2,731506,-269994,-5377.1195058,209,False
8450.855881199997,IDAC2 bracket -178,2,-178,2,731296,-270204,-5381.301802800001,171,False
8455.395918399998,IDAC2 bracket -177,2,-177,2,731315,-270185,-5380.9234045,190,False
8456.699578500004,IDAC2 bracket -176,2,-176,2,731277,-270223,-5381.6802011,114,False
8457.67106719999,IDAC2 bracket -175,2,-175,2,731296,-270204,-5381.301802800001,152,False
8458.652310100006,IDAC2 bracket -174,2,-174,2,731315,-270185,-5380.9234045,190,False
8459.621704999998,IDAC2 bracket -173,2,-173,2,731296,-270204,-5381.301802800001,133,False
8460.599579700007,IDAC2 bracket -172,2,-172,2,731296,-270204,-5381.301802800001,152,False
8461.571580799995,IDAC2 bracket -171,2,-171,2,731315,-270185,-5380.9234045,190,False
8462.537615799985,IDAC2 bracket -170,2,-170,2,731315,-270185,-5380.9234045,190,False
8463.503967099998,IDAC2 bracket -169,2,-169,2,731315,-270185,-5380.9234045,209,False
8464.510867600009,IDAC2 bracket -168,2,-168,2,731334,-270166,-5380.545006200001,171,False
8465.47877809999,IDAC2 bracket -167,2,-167,2,731315,-270185,-5380.9234045,171,False
8466.443429900013,IDAC2 bracket -166,2,-166,2,731315,-270185,-5380.9234045,133,False
8467.418322499987,IDAC2 bracket -165,2,-165,2,731296,-270204,-5381.301802800001,171,False
8468.38635700001,IDAC2 bracket -164,2,-164,2,731315,-270185,-5380.9234045,190,False
8469.353889699996,IDAC2 bracket -163,2,-163,2,731315,-270185,-5380.9234045,171,False
8470.323120699992,IDAC2 bracket -162,2,-162,2,731277,-270223,-5381.6802011,171,False
8471.290655799996,IDAC2 bracket -161,2,-161,2,731296,-270204,-5381.301802800001,152,False
8472.254824500007,IDAC2 bracket -160,2,-160,2,731296,-270204,-5381.301802800001,171,False
8473.230915799999,IDAC2 bracket -159,2,-159,2,731296,-270204,-5381.301802800001,152,False
8474.206236700004,IDAC2 bracket -158,2,-158,2,731296,-270204,-5381.301802800001,209,False
8478.79789300001,IDAC2 bracket -157,2,-157,2,731239,-270261,-5382.436997700001,171,False
8480.10914049999,IDAC2 bracket -156,2,-156,2,731239,-270261,-5382.436997700001,228,False
8481.0923052,IDAC2 bracket -155,2,-155,2,731220,-270280,-5382.815396000001,209,False
8482.066079799988,IDAC2 bracket -154,2,-154,2,731239,-270261,-5382.436997700001,228,False
8483.035329400009,IDAC2 bracket -153,2,-153,2,731258,-270242,-5382.0585994,209,False
8484.002729600004,IDAC2 bracket -152,2,-152,2,731315,-270185,-5380.9234045,190,False
8484.999874000001,IDAC2 bracket -151,2,-151,2,731258,-270242,-5382.0585994,171,False
8485.970150100009,IDAC2 bracket -150,2,-150,2,731296,-270204,-5381.301802800001,209,False
8486.931512999989,IDAC2 bracket -149,2,-149,2,731277,-270223,-5381.6802011,133,False
8487.902601500013,IDAC2 bracket -148,2,-148,2,731258,-270242,-5382.0585994,152,False
8488.872038400004,IDAC2 bracket -147,2,-147,2,731296,-270204,-5381.301802800001,114,False
8489.838329699996,IDAC2 bracket -146,2,-146,2,731277,-270223,-5381.6802011,190,False
8490.804686799995,IDAC2 bracket -145,2,-145,2,731296,-270204,-5381.301802800001,190,False
8491.768311299995,IDAC2 bracket -144,2,-144,2,731277,-270223,-5381.6802011,209,False
8492.73827999999,IDAC2 bracket -143,2,-143,2,731277,-270223,-5381.6802011,228,False
8493.7089041,IDAC2 bracket -142,2,-142,2,731258,-270242,-5382.0585994,171,False
8494.684389200003,IDAC2 bracket -141,2,-141,2,731239,-270261,-5382.436997700001,171,False
8495.649414399988,IDAC2 bracket -140,2,-140,2,731296,-270204,-5381.301802800001,171,False
8496.6199318,IDAC2 bracket -139,2,-139,2,731296,-270204,-5381.301802800001,228,False
8497.603005499986,IDAC2 bracket -138,2,-138,2,731258,-270242,-5382.0585994,228,False
8502.257846199995,IDAC2 bracket -137,2,-137,2,731315,-270185,-5380.9234045,228,False
8503.54520210001,IDAC2 bracket -136,2,-136,2,731296,-270204,-5381.301802800001,171,False
8504.517010999989,IDAC2 bracket -135,2,-135,2,731296,-270204,-5381.301802800001,190,False
8505.670955799986,IDAC2 bracket -134,2,-134,2,731239,-270261,-5382.436997700001,190,False
8506.648962200008,IDAC2 bracket -133,2,-133,2,731296,-270204,-5381.301802800001,171,False
8507.625036100013,IDAC2 bracket -132,2,-132,2,731258,-270242,-5382.0585994,152,False
8512.18679929999,IDAC2 bracket -131,2,-131,2,731277,-270223,-5381.6802011,247,False
8513.474283299991,IDAC2 bracket -130,2,-130,2,731315,-270185,-5380.9234045,228,False
8514.441715599998,IDAC2 bracket -129,2,-129,2,731296,-270204,-5381.301802800001,190,False
8515.416701500013,IDAC2 bracket -128,2,-128,2,731296,-270204,-5381.301802800001,228,False
8516.4008607,IDAC2 bracket -127,2,-127,2,731277,-270223,-5381.6802011,171,False
8517.37731370001,IDAC2 bracket -126,2,-126,2,731277,-270223,-5381.6802011,171,False
8520.419749699999,IDAC2 bracket -125,2,-125,2,731296,-270204,-5381.301802800001,152,False
8521.390618100006,IDAC2 bracket -124,2,-124,2,731239,-270261,-5382.436997700001,209,False
8522.366722800012,IDAC2 bracket -123,2,-123,2,731277,-270223,-5381.6802011,209,False
8523.344711599988,IDAC2 bracket -122,2,-122,2,731296,-270204,-5381.301802800001,190,False
8524.315866299992,IDAC2 bracket -121,2,-121,2,731258,-270242,-5382.0585994,209,False
8525.289846600004,IDAC2 bracket -120,2,-120,2,731296,-270204,-5381.301802800001,190,False
8529.836853799992,IDAC2 bracket -119,2,-119,2,731296,-270204,-5381.301802800001,152,False
8531.122295600013,IDAC2 bracket -118,2,-118,2,731258,-270242,-5382.0585994,133,False
8532.097520799987,IDAC2 bracket -117,2,-117,2,731315,-270185,-5380.9234045,228,False
8533.095761400007,IDAC2 bracket -116,2,-116,2,731334,-270166,-5380.545006200001,171,False
8534.063696800004,IDAC2 bracket -115,2,-115,2,731277,-270223,-5381.6802011,133,False
8535.032996399998,IDAC2 bracket -114,2,-114,2,731258,-270242,-5382.0585994,114,False
8538.06065,IDAC2 bracket -113,2,-113,2,731296,-270204,-5381.301802800001,152,False
8539.035191300005,IDAC2 bracket -112,2,-112,2,731296,-270204,-5381.301802800001,152,False
8540.011185100011,IDAC2 bracket -111,2,-111,2,731296,-270204,-5381.301802800001,133,False
8540.976386299997,IDAC2 bracket -110,2,-110,2,731239,-270261,-5382.436997700001,228,False
8541.945339099999,IDAC2 bracket -109,2,-109,2,731334,-270166,-5380.545006200001,171,False
8542.943357799988,IDAC2 bracket -108,2,-108,2,731258,-270242,-5382.0585994,171,False
8547.499654000014,IDAC2 bracket -107,2,-107,2,731258,-270242,-5382.0585994,171,False
8548.788046000001,IDAC2 bracket -106,2,-106,2,731296,-270204,-5381.301802800001,171,False
8549.75802410001,IDAC2 bracket -105,2,-105,2,731315,-270185,-5380.9234045,171,False
8550.9128814,IDAC2 bracket -104,2,-104,2,731277,-270223,-5381.6802011,152,False
8551.899766599992,IDAC2 bracket -103,2,-103,2,731277,-270223,-5381.6802011,152,False
8556.5598589,IDAC2 bracket -102,2,-102,2,731277,-270223,-5381.6802011,152,False
8557.848376400012,IDAC2 bracket -101,2,-101,2,731258,-270242,-5382.0585994,171,False
8558.821970299992,IDAC2 bracket -100,2,-100,2,731296,-270204,-5381.301802800001,171,False
8559.799253900012,IDAC2 bracket -99,2,-99,2,731277,-270223,-5381.6802011,152,False
8560.769648699992,IDAC2 bracket -98,2,-98,2,731277,-270223,-5381.6802011,133,False
8561.752210100007,IDAC2 bracket -97,2,-97,2,731239,-270261,-5382.436997700001,171,False
8566.295009499998,IDAC2 bracket -96,2,-96,2,731296,-270204,-5381.301802800001,152,False
8567.604245800001,IDAC2 bracket -95,2,-95,2,731277,-270223,-5381.6802011,152,False
8568.57483289999,IDAC2 bracket -94,2,-94,2,731277,-270223,-5381.6802011,133,False
8569.549952100002,IDAC2 bracket -93,2,-93,2,731296,-270204,-5381.301802800001,152,False
8570.517023699998,IDAC2 bracket -92,2,-92,2,731277,-270223,-5381.6802011,152,False
8571.490849199996,IDAC2 bracket -91,2,-91,2,731277,-270223,-5381.6802011,209,False
8572.467126400006,IDAC2 bracket -90,2,-90,2,731315,-270185,-5380.9234045,133,False
8573.43581200001,IDAC2 bracket -89,2,-89,2,731258,-270242,-5382.0585994,171,False
8574.402320199995,IDAC2 bracket -88,2,-88,2,731315,-270185,-5380.9234045,152,False
8575.376312100008,IDAC2 bracket -87,2,-87,2,731315,-270185,-5380.9234045,152,False
8576.34804489999,IDAC2 bracket -86,2,-86,2,731296,-270204,-5381.301802800001,190,False
8577.316869200004,IDAC2 bracket -85,2,-85,2,731277,-270223,-5381.6802011,190,False
8578.294214499998,IDAC2 bracket -84,2,-84,2,731334,-270166,-5380.545006200001,190,False
8581.326317900006,IDAC2 bracket -83,2,-83,2,731277,-270223,-5381.6802011,114,False
8582.298512999987,IDAC2 bracket -82,2,-82,2,731277,-270223,-5381.6802011,171,False
8583.284990799992,IDAC2 bracket -81,2,-81,2,731277,-270223,-5381.6802011,171,False
8584.252781599993,IDAC2 bracket -80,2,-80,2,731258,-270242,-5382.0585994,171,False
8585.219482299988,IDAC2 bracket -79,2,-79,2,731258,-270242,-5382.0585994,133,False
8586.198964599986,IDAC2 bracket -78,2,-78,2,731296,-270204,-5381.301802800001,152,False
8587.169501600001,IDAC2 bracket -77,2,-77,2,731277,-270223,-5381.6802011,171,False
8588.140011699987,IDAC2 bracket -76,2,-76,2,731258,-270242,-5382.0585994,171,False
8589.111536300014,IDAC2 bracket -75,2,-75,2,731296,-270204,-5381.301802800001,171,False
8590.08510560001,IDAC2 bracket -74,2,-74,2,731277,-270223,-5381.6802011,152,False
8591.050273300003,IDAC2 bracket -73,2,-73,2,731277,-270223,-5381.6802011,171,False
8592.025414200005,IDAC2 bracket -72,2,-72,2,731296,-270204,-5381.301802800001,152,False
8592.996211299993,IDAC2 bracket -71,2,-71,2,731258,-270242,-5382.0585994,133,False
8593.9730002,IDAC2 bracket -70,2,-70,2,731277,-270223,-5381.6802011,133,False
8594.945801399997,IDAC2 bracket -69,2,-69,2,731296,-270204,-5381.301802800001,152,False
8595.9432104,IDAC2 bracket -68,2,-68,2,731296,-270204,-5381.301802800001,114,False
8596.905629899993,IDAC2 bracket -67,2,-67,2,731315,-270185,-5380.9234045,133,False
8597.881660299987,IDAC2 bracket -66,2,-66,2,731315,-270185,-5380.9234045,152,False
8598.858828800003,IDAC2 bracket -65,2,-65,2,731315,-270185,-5380.9234045,133,False
8599.8554076,IDAC2 bracket -64,2,-64,2,731277,-270223,-5381.6802011,133,False
8600.851359199994,IDAC2 bracket -63,2,-63,2,731277,-270223,-5381.6802011,209,False
8601.83679609999,IDAC2 bracket -62,2,-62,2,731277,-270223,-5381.6802011,133,False
8602.8256482,IDAC2 bracket -61,2,-61,2,731296,-270204,-5381.301802800001,171,False
8603.806600499986,IDAC2 bracket -60,2,-60,2,731258,-270242,-5382.0585994,171,False
8604.780717199988,IDAC2 bracket -59,2,-59,2,731258,-270242,-5382.0585994,190,False
8605.795685399993,IDAC2 bracket -58,2,-58,2,731258,-270242,-5382.0585994,171,False
8606.798927900003,IDAC2 bracket -57,2,-57,2,731277,-270223,-5381.6802011,152,False
8607.789999900007,IDAC2 bracket -56,2,-56,2,731277,-270223,-5381.6802011,171,False
8610.85654919999,IDAC2 bracket -55,2,-55,2,731277,-270223,-5381.6802011,171,False
8611.842090999999,IDAC2 bracket -54,2,-54,2,731258,-270242,-5382.0585994,190,False
8612.829953500011,IDAC2 bracket -53,2,-53,2,731277,-270223,-5381.6802011,152,False
8613.800934900006,IDAC2 bracket -52,2,-52,2,731315,-270185,-5380.9234045,171,False
8614.766807200009,IDAC2 bracket -51,2,-51,2,731239,-270261,-5382.436997700001,152,False
8615.735120199999,IDAC2 bracket -50,2,-50,2,731296,-270204,-5381.301802800001,152,False
8616.720097000012,IDAC2 bracket -49,2,-49,2,731277,-270223,-5381.6802011,209,False
8617.700554799987,IDAC2 bracket -48,2,-48,2,731277,-270223,-5381.6802011,190,False
8618.671529000014,IDAC2 bracket -47,2,-47,2,731296,-270204,-5381.301802800001,152,False
8619.64235770001,IDAC2 bracket -46,2,-46,2,731277,-270223,-5381.6802011,152,False
8620.625541599991,IDAC2 bracket -45,2,-45,2,731277,-270223,-5381.6802011,133,False
8621.604960800003,IDAC2 bracket -44,2,-44,2,731258,-270242,-5382.0585994,190,False
8622.570317000005,IDAC2 bracket -43,2,-43,2,731277,-270223,-5381.6802011,171,False
8623.542426600005,IDAC2 bracket -42,2,-42,2,731258,-270242,-5382.0585994,190,False
8624.514965600014,IDAC2 bracket -41,2,-41,2,731201,-270299,-5383.1937943,209,False
8625.496587800008,IDAC2 bracket -40,2,-40,2,731296,-270204,-5381.301802800001,171,False
8626.472770399996,IDAC2 bracket -39,2,-39,2,731315,-270185,-5380.9234045,209,False
8627.459676400002,IDAC2 bracket -38,2,-38,2,731277,-270223,-5381.6802011,152,False
8628.431549900008,IDAC2 bracket -37,2,-37,2,731296,-270204,-5381.301802800001,209,False
8629.402451000002,IDAC2 bracket -36,2,-36,2,731334,-270166,-5380.545006200001,267,False
8630.389180400001,IDAC2 bracket -35,2,-35,2,731372,-270128,-5379.7882096,152,False
8631.370725299988,IDAC2 bracket -34,2,-34,2,731315,-270185,-5380.9234045,286,False
8632.336709700001,IDAC2 bracket -33,2,-33,2,731296,-270204,-5381.301802800001,247,False
8633.30968820001,IDAC2 bracket -32,2,-32,2,731353,-270147,-5380.166607900001,190,False
8634.281203799997,IDAC2 bracket -31,2,-31,2,731277,-270223,-5381.6802011,286,False
8635.250590899988,IDAC2 bracket -30,2,-30,2,731372,-270128,-5379.7882096,324,False
8636.2228742,IDAC2 bracket -29,2,-29,2,731334,-270166,-5380.545006200001,534,False
8637.198114600003,IDAC2 bracket -28,2,-28,2,731315,-270185,-5380.9234045,286,False
8640.257088499988,IDAC2 bracket -27,2,-27,2,731334,-270166,-5380.545006200001,343,False
8641.23224849999,IDAC2 bracket -26,2,-26,2,731410,-270090,-5379.031413000001,476,False
8642.20930789999,IDAC2 bracket -25,2,-25,2,731391,-270109,-5379.4098113,419,False
8643.192095900013,IDAC2 bracket -24,2,-24,2,731353,-270147,-5380.166607900001,858,False
8644.173032399995,IDAC2 bracket -23,2,-23,2,731391,-270109,-5379.4098113,686,False
8645.146534600004,IDAC2 bracket -22,2,-22,2,731372,-270128,-5379.7882096,896,False
8649.698041800002,IDAC2 bracket -21,2,-21,2,731353,-270147,-5380.166607900001,686,False
8650.9862212,IDAC2 bracket -20,2,-20,2,731315,-270185,-5380.9234045,419,False
8651.957239100011,IDAC2 bracket -19,2,-19,2,731353,-270147,-5380.166607900001,381,False
8653.02659220001,IDAC2 bracket -18,2,-18,2,731353,-270147,-5380.166607900001,362,False
8653.992135700013,IDAC2 bracket -17,2,-17,2,731296,-270204,-5381.301802800001,648,False
8658.646949599992,IDAC2 bracket -16,2,-16,2,731315,-270185,-5380.9234045,438,False
8659.9316368,IDAC2 bracket -15,2,-15,2,731620,-269880,-5374.849116,1163,False
8660.907015600009,IDAC2 bracket -14,2,-14,2,731391,-270109,-5379.4098113,362,False
8661.879325899994,IDAC2 bracket -13,2,-13,2,731792,-269708,-5371.4236156,1525,False
8662.854414500005,IDAC2 bracket -12,2,-12,2,731697,-269803,-5373.3156071,1659,False
8663.820620599989,IDAC2 bracket -11,2,-11,2,731525,-269975,-5376.7411075,1087,False
8664.789112400002,IDAC2 bracket -10,2,-10,2,731639,-269861,-5374.4707177,1335,False
8665.758135899989,IDAC2 bracket -9,2,-9,2,731945,-269555,-5368.3765135,1773,False
8666.731660899997,IDAC2 bracket -8,2,-8,2,731620,-269880,-5374.849116,1182,False
8667.701923899993,IDAC2 bracket -7,2,-7,2,732097,-269403,-5365.349327100001,1907,False
8668.670854800002,IDAC2 bracket -6,2,-6,2,731792,-269708,-5371.4236156,1564,False
8669.635478899989,IDAC2 bracket -5,2,-5,2,732135,-269365,-5364.5925305,2403,False
8670.604368500004,IDAC2 bracket -4,2,-4,2,731925,-269575,-5368.7748275,1754,False
8671.576588199998,IDAC2 bracket -3,2,-3,2,732135,-269365,-5364.5925305,2899,False
8672.5436682,IDAC2 bracket -2,2,-2,2,732097,-269403,-5365.349327100001,1831,False
8673.515482599993,IDAC2 bracket -1,2,-1,2,731849,-269651,-5370.288420700001,1869,False
8674.485410299996,IDAC2 bracket 0,2,0,2,732097,-269403,-5365.349327100001,2288,False
8676.258008500008,IDAC2 restaurado,2,0,2,731735,-269765,-5372.558810500001,1621,False
8677.229471300001,IDAC2 bracket 1,2,1,2,731964,-269536,-5367.9981152,2174,False
8678.197990799992,IDAC2 bracket 2,2,2,2,731735,-269765,-5372.558810500001,1487,False
8679.166232599993,IDAC2 bracket 3,2,3,2,731639,-269861,-5374.4707177,1659,False
8680.1366041,IDAC2 bracket 4,2,4,2,732154,-269346,-5364.2141322,1964,False
8681.11506740001,IDAC2 bracket 5,2,5,2,731849,-269651,-5370.288420700001,1792,False
8682.084984099987,IDAC2 bracket 6,2,6,2,732192,-269308,-5363.4573356,1811,False
8683.048463099985,IDAC2 bracket 7,2,7,2,732021,-269479,-5366.8629203,1564,False
8684.0198752,IDAC2 bracket 8,2,8,2,732116,-269384,-5364.9709287999995,1907,False
8684.99629889999,IDAC2 bracket 9,2,9,2,732002,-269498,-5367.241318599999,1869,False
8685.963388200005,IDAC2 bracket 10,2,10,2,732212,-269288,-5363.059021600001,2098,False
8690.567201400001,IDAC2 bracket 11,2,11,2,733108,-268392,-5345.2145544,3166,False
8691.85694279999,IDAC2 bracket 12,2,12,2,734252,-267248,-5322.430993600001,3700,False
8692.828156000003,IDAC2 bracket 13,2,13,2,732936,-268564,-5348.6400548,3337,False
8693.798613099993,IDAC2 bracket 14,2,14,2,734252,-267248,-5322.430993600001,4215,False
8694.773021100002,IDAC2 bracket 15,2,15,2,733909,-267591,-5329.2620787000005,3814,False
8695.739780500007,IDAC2 bracket 16,2,16,2,734405,-267095,-5319.3838915,4215,False
8696.708950900007,IDAC2 bracket 17,2,17,2,734920,-266580,-5309.127306,4615,False
8697.68261660001,IDAC2 bracket 18,2,18,2,734939,-266561,-5308.7489077,3814,False
8698.653641000012,IDAC2 bracket 19,2,19,2,735359,-266141,-5300.384313699999,3261,False
8699.627071900002,IDAC2 bracket 20,2,20,2,735912,-265588,-5289.3709316,3376,False
8700.607233499992,IDAC2 bracket 21,2,21,2,736122,-265378,-5285.1886346,3089,False
8701.575423000002,IDAC2 bracket 22,2,22,2,736770,-264730,-5272.283261,2822,False
8702.54323889999,IDAC2 bracket 23,2,23,2,736789,-264711,-5271.9048627,2403,False
8707.135646400013,IDAC2 bracket 24,2,24,2,737037,-264463,-5266.9657691,1888,False
8708.44954110001,IDAC2 bracket 25,2,25,2,737743,-263757,-5252.9052849,1697,False
8709.429446199996,IDAC2 bracket 26,2,26,2,738792,-262708,-5232.013715600001,1621,False
8710.408309099992,IDAC2 bracket 27,2,27,2,739536,-261964,-5217.1964348,1506,False
8711.379273700004,IDAC2 bracket 28,2,28,2,740089,-261411,-5206.1830527,1811,False
8712.346611899993,IDAC2 bracket 29,2,29,2,740833,-260667,-5191.3657719,1468,False
8716.905431699997,IDAC2 bracket 30,2,30,2,741748,-259752,-5173.1429064,1564,False
8718.193781000009,IDAC2 bracket 31,2,31,2,742225,-259275,-5163.643117500001,1602,False
8719.164904100006,IDAC2 bracket 32,2,32,2,743026,-258474,-5147.690641800001,1640,False
8720.14038180001,IDAC2 bracket 33,2,33,2,743675,-257825,-5134.7653525,2384,False
8721.112523299991,IDAC2 bracket 34,2,34,2,744476,-257024,-5118.812876800001,1983,False
8725.772267399996,IDAC2 bracket 35,2,35,2,745182,-256318,-5104.7523926,2384,False
8727.053582399996,IDAC2 bracket 36,2,36,2,745792,-255708,-5092.6038156,2574,False
8728.022422999988,IDAC2 bracket 37,2,37,2,746612,-254888,-5076.2729416,2002,False
8728.99798449999,IDAC2 bracket 38,2,38,2,747222,-254278,-5064.1243646,2937,False
8729.969474499987,IDAC2 bracket 39,2,39,2,748023,-253477,-5048.1718889,2136,False
8730.935143899987,IDAC2 bracket 40,2,40,2,748958,-252542,-5029.5507094,1869,False
8735.54777179999,IDAC2 bracket 41,2,41,2,749835,-251665,-5012.084640500001,2613,False
8736.84234090001,IDAC2 bracket 42,2,42,2,750274,-251226,-5003.3416482,2174,False
8737.814215199993,IDAC2 bracket 43,2,43,2,751228,-250272,-4984.342070400001,1869,False
8738.788839199988,IDAC2 bracket 44,2,44,2,751953,-249547,-4969.9031879,2479,False
8739.758711600007,IDAC2 bracket 45,2,45,2,752735,-248765,-4954.329110500001,1983,False
8740.726364600006,IDAC2 bracket 46,2,46,2,753383,-248117,-4941.4237369,1926,False
8741.694882100011,IDAC2 bracket 47,2,47,2,753765,-247735,-4933.8159395,1125,False
8742.669615699997,IDAC2 bracket 48,2,48,2,754909,-246591,-4911.032378700001,1983,False
8743.651257899997,IDAC2 bracket 49,2,49,2,755538,-245962,-4898.5054034,1602,False
8744.622221600002,IDAC2 bracket 50,2,50,2,756378,-245122,-4881.7762154,2021,False
8745.5898169,IDAC2 bracket 51,2,51,2,757083,-244417,-4867.7356469,1564,False
8746.55971870001,IDAC2 bracket 52,2,52,2,757751,-243749,-4854.4319593,1773,False
8747.5334783,IDAC2 bracket 53,2,53,2,758514,-242986,-4839.2362802,2059,False
8748.50527329999,IDAC2 bracket 54,2,54,2,759029,-242471,-4828.9796946999995,1907,False
8749.47690770001,IDAC2 bracket 55,2,55,2,759830,-241670,-4813.0272190000005,2136,False
8750.450158799998,IDAC2 bracket 56,2,56,2,760555,-240945,-4798.5883365,1888,False
8751.436666599999,IDAC2 bracket 57,2,57,2,761280,-240220,-4784.149454,1811,False
8752.40365230001,IDAC2 bracket 58,2,58,2,761947,-239553,-4770.8656820999995,2231,False
8753.37731760001,IDAC2 bracket 59,2,59,2,762710,-238790,-4755.670003,2079,False
8754.346158900007,IDAC2 bracket 60,2,60,2,763454,-238046,-4740.8527222,2040,False
8755.31422140001,IDAC2 bracket 61,2,61,2,764160,-237340,-4726.792238,2994,False
8756.29410639999,IDAC2 bracket 62,2,62,2,764923,-236577,-4711.596558900001,2098,False
8757.265536599996,IDAC2 bracket 63,2,63,2,765705,-235795,-4696.022481500001,2346,False
8758.23946099999,IDAC2 bracket 64,2,64,2,766372,-235128,-4682.7387096,2326,False
8759.221668999991,IDAC2 bracket 65,2,65,2,767211,-234289,-4666.029437300001,2861,False
8760.195184000011,IDAC2 bracket 66,2,66,2,767822,-233678,-4653.8609446,2117,False
8761.158525900013,IDAC2 bracket 67,2,67,2,768623,-232877,-4637.908468900001,2174,False
8762.1298541,IDAC2 bracket 68,2,68,2,769519,-231981,-4620.0640017,2460,False
8765.16492390001,IDAC2 bracket 69,2,69,2,770206,-231294,-4606.381915800001,2555,False
8766.141130700009,IDAC2 bracket 70,2,70,2,771102,-230398,-4588.537448600001,2555,False
8767.120967900002,IDAC2 bracket 71,2,71,2,771751,-229749,-4575.612159300001,2326,False
8768.108924800006,IDAC2 bracket 72,2,72,2,772304,-229196,-4564.598777200001,1926,False
8769.073240500002,IDAC2 bracket 73,2,73,2,773315,-228185,-4544.4640045,2155,False
8770.042899199994,IDAC2 bracket 74,2,74,2,774040,-227460,-4530.025122,2574,False
8771.013582299987,IDAC2 bracket 75,2,75,2,774955,-226545,-4511.8022565,2307,False
8771.99151719999,IDAC2 bracket 76,2,76,2,775794,-225706,-4495.0929842,1754,False
8772.967078699992,IDAC2 bracket 77,2,77,2,776557,-224943,-4479.8973051,1964,False
8773.937174199993,IDAC2 bracket 78,2,78,2,777111,-224389,-4468.864007300001,2365,False
8774.91344579999,IDAC2 bracket 79,2,79,2,777778,-223722,-4455.580235400001,1792,False
8775.894373099989,IDAC2 bracket 80,2,80,2,779018,-222482,-4430.8847674,1735,False
8776.867200800014,IDAC2 bracket 81,2,81,2,779647,-221853,-4418.357792100001,1525,False
8777.833838999999,IDAC2 bracket 82,2,82,2,780181,-221319,-4407.722808300001,1716,False
8778.80902059999,IDAC2 bracket 83,2,83,2,781192,-220308,-4387.5880356,1754,False
8779.778995500004,IDAC2 bracket 84,2,84,2,781974,-219526,-4372.0139582,2536,False
8780.754137899989,IDAC2 bracket 85,2,85,2,782737,-218763,-4356.8182791,1773,False
8781.725833600009,IDAC2 bracket 86,2,86,2,783176,-218324,-4348.0752868,2231,False
8782.699713899987,IDAC2 bracket 87,2,87,2,784244,-217256,-4326.8053192,2365,False
8783.673974200006,IDAC2 bracket 88,2,88,2,784931,-216569,-4313.123233300001,1716,False
8784.644122500002,IDAC2 bracket 89,2,89,2,785732,-215768,-4297.1707576,2555,False
8785.63000080001,IDAC2 bracket 90,2,90,2,786457,-215043,-4282.7318751,2422,False
8786.597115300014,IDAC2 bracket 91,2,91,2,787143,-214357,-4269.0697049,2288,False
8787.567977300001,IDAC2 bracket 92,2,92,2,787830,-213670,-4255.387619,2403,False
8788.543672300002,IDAC2 bracket 93,2,93,2,788593,-212907,-4240.191939900001,2117,False
8789.51931979999,IDAC2 bracket 94,2,94,2,789413,-212087,-4223.8610659,2441,False
8790.48934130001,IDAC2 bracket 95,2,95,2,790271,-211229,-4206.7733953,1945,False
8791.459755999997,IDAC2 bracket 96,2,96,2,790958,-210542,-4193.0913094,2136,False
8792.437919899996,IDAC2 bracket 97,2,97,2,791759,-209741,-4177.138833700001,1754,False
8793.426437199989,IDAC2 bracket 98,2,98,2,792541,-208959,-4161.5647563,3070,False
8794.40058690001,IDAC2 bracket 99,2,99,2,793285,-208215,-4146.7474755,2307,False
8795.377620199986,IDAC2 bracket 100,2,100,2,793952,-207548,-4133.4637036,2803,False
8796.365200800006,IDAC2 bracket 101,2,101,2,794544,-206956,-4121.6736092,2136,False
8797.340323699987,IDAC2 bracket 102,2,102,2,795440,-206060,-4103.829142,2326,False
8798.307133900002,IDAC2 bracket 103,2,103,2,796127,-205373,-4090.1470561,2231,False
8799.282086799998,IDAC2 bracket 104,2,104,2,796852,-204648,-4075.7081736000005,2326,False
8800.251283099991,IDAC2 bracket 105,2,105,2,797615,-203885,-4060.5124945000002,2059,False
8801.228303499985,IDAC2 bracket 106,2,106,2,798282,-203218,-4047.2287226000003,1850,False
8802.201070599986,IDAC2 bracket 107,2,107,2,798988,-202512,-4033.1682384,1831,False
8803.181930899998,IDAC2 bracket 108,2,108,2,799808,-201692,-4016.8373644000003,1602,False
8804.151411800005,IDAC2 bracket 109,2,109,2,800647,-200853,-4000.1280921000002,2250,False
8805.129097500001,IDAC2 bracket 110,2,110,2,801486,-200014,-3983.4188198,1888,False
8806.101471200003,IDAC2 bracket 111,2,111,2,802192,-199308,-3969.3583356000004,1811,False
8807.077606900013,IDAC2 bracket 112,2,112,2,802898,-198602,-3955.2978514,1564,False
8808.047525000002,IDAC2 bracket 113,2,113,2,803470,-198030,-3943.906071,1678,False
8809.038615700003,IDAC2 bracket 114,2,114,2,804424,-197076,-3924.9064932000006,2021,False
8810.009990899998,IDAC2 bracket 115,2,115,2,805225,-196275,-3908.9540175,2021,False
8810.992201199988,IDAC2 bracket 116,2,116,2,805969,-195531,-3894.1367367000003,1907,False
8811.963959099987,IDAC2 bracket 117,2,117,2,806694,-194806,-3879.6978542000006,1869,False
8812.936107799993,IDAC2 bracket 118,2,118,2,807533,-193967,-3862.9885819,2021,False
8815.960154300003,IDAC2 bracket 119,2,119,2,808525,-192975,-3843.2322075,1754,False
8816.937523300003,IDAC2 bracket 120,2,120,2,809078,-192422,-3832.2188254000002,2193,False
8817.921551800013,IDAC2 bracket 121,2,121,2,810089,-191411,-3812.0840527000005,2307,False
8818.892780399998,IDAC2 bracket 122,2,122,2,810813,-190687,-3797.6650859,2212,False
8819.867362699995,IDAC2 bracket 123,2,123,2,811653,-189847,-3780.9358979000003,2288,False
8820.84230379999,IDAC2 bracket 124,2,124,2,812397,-189103,-3766.1186171000004,2307,False
8825.39194110001,IDAC2 bracket 125,2,125,2,813407,-188093,-3746.0037601,1869,False
8826.678647199995,IDAC2 bracket 126,2,126,2,814189,-187311,-3730.4296827000003,2441,False
8827.652939699998,IDAC2 bracket 127,2,127,2,814895,-186605,-3716.3691985000005,1773,False
8828.634180599998,IDAC2 bracket 128,2,128,2,815582,-185918,-3702.6871126,1888,False
8829.604196500004,IDAC2 bracket 129,2,129,2,816459,-185041,-3685.2210437000003,1964,False
8830.573751599994,IDAC2 bracket 130,2,130,2,817203,-184297,-3670.4037629,1697,False
8831.54981550001,IDAC2 bracket 131,2,131,2,817852,-183648,-3657.4784736,1640,False
8832.535388299992,IDAC2 bracket 132,2,132,2,818729,-182771,-3640.0124047000004,1735,False
8833.507406499994,IDAC2 bracket 133,2,133,2,819530,-181970,-3624.059929,1888,False
8834.481297399994,IDAC2 bracket 134,2,134,2,820312,-181188,-3608.4858516000004,1754,False
8835.453376299993,IDAC2 bracket 135,2,135,2,820865,-180635,-3597.4724695,1888,False
8836.421723800013,IDAC2 bracket 136,2,136,2,821704,-179796,-3580.7631972000004,1163,False
8837.391752099997,IDAC2 bracket 137,2,137,2,822257,-179243,-3569.7498151000004,1220,False
8840.431575399998,IDAC2 bracket 138,2,138,2,823287,-178213,-3549.2366441000004,1277,False
8841.406537700008,IDAC2 bracket 139,2,139,2,824050,-177450,-3534.040965,1487,False
8842.380242499989,IDAC2 bracket 140,2,140,2,824604,-176896,-3523.0076672,1544,False
8843.351326700009,IDAC2 bracket 141,2,141,2,825328,-176172,-3508.5887004,1602,False
8844.336078599998,IDAC2 bracket 142,2,142,2,826148,-175352,-3492.2578264000003,1468,False
8845.311335400009,IDAC2 bracket 143,2,143,2,826988,-174512,-3475.5286384,1926,False
8848.347914599988,IDAC2 bracket 144,2,144,2,827674,-173826,-3461.8664682,1430,False
8849.321732499986,IDAC2 bracket 145,2,145,2,828495,-173005,-3445.5156785000004,1869,False
8850.30348100001,IDAC2 bracket 146,2,146,2,829162,-172338,-3432.2319066000005,2212,False
8851.278282499989,IDAC2 bracket 147,2,147,2,829887,-171613,-3417.7930241,2021,False
8852.255169599986,IDAC2 bracket 148,2,148,2,830574,-170926,-3404.1109382000004,2250,False
8853.228792500013,IDAC2 bracket 149,2,149,2,831413,-170087,-3387.4016659000004,1602,False
8854.20513419999,IDAC2 bracket 150,2,150,2,832118,-169382,-3373.3610974000003,1754,False
8855.178430800006,IDAC2 bracket 151,2,151,2,832920,-168580,-3357.388706,2079,False
8856.16393390001,IDAC2 bracket 152,2,152,2,833644,-167856,-3342.9697392000003,2288,False
8857.140431600012,IDAC2 bracket 153,2,153,2,834503,-166997,-3325.8621529,2498,False
8858.105433499994,IDAC2 bracket 154,2,154,2,834999,-166501,-3315.9839657,2651,False
8859.079012500006,IDAC2 bracket 155,2,155,2,835876,-165624,-3298.5178968,1716,False
8860.050517900003,IDAC2 bracket 156,2,156,2,836563,-164937,-3284.8358109000005,2326,False
8864.652399899991,IDAC2 bracket 157,2,157,2,837631,-163869,-3263.5658433000003,2498,False
8865.94713059999,IDAC2 bracket 158,2,158,2,838298,-163202,-3250.2820714000004,1487,False
8866.95634080001,IDAC2 bracket 159,2,159,2,838985,-162515,-3236.5999855,1678,False
8867.93659279999,IDAC2 bracket 160,2,160,2,839748,-161752,-3221.4043064,2155,False
8868.936141000013,IDAC2 bracket 161,2,161,2,840415,-161085,-3208.1205345,1792,False
8869.9143262,IDAC2 bracket 162,2,162,2,841197,-160303,-3192.5464571,1907,False
8872.9600355,IDAC2 bracket 163,2,163,2,842018,-159482,-3176.1956674000003,1983,False
8873.935222600005,IDAC2 bracket 164,2,164,2,842628,-158872,-3164.0470904,1583,False
8874.915264499985,IDAC2 bracket 165,2,165,2,843429,-158071,-3148.0946147000004,2288,False
8875.903270599985,IDAC2 bracket 166,2,166,2,844097,-157403,-3134.7909271,1697,False
8876.877469300001,IDAC2 bracket 167,2,167,2,844802,-156698,-3120.7503586000003,1983,False
8877.851797799987,IDAC2 bracket 168,2,168,2,845603,-155897,-3104.7978829,1907,False
8878.828766299994,IDAC2 bracket 169,2,169,2,846347,-155153,-3089.9806021000004,1926,False
8879.802475600009,IDAC2 bracket 170,2,170,2,847282,-154218,-3071.3594226,2326,False
8880.778026999993,IDAC2 bracket 171,2,171,2,847969,-153531,-3057.6773367000005,2117,False
8881.75148420001,IDAC2 bracket 172,2,172,2,848407,-153093,-3048.9542601000003,2079,False
8882.727826999995,IDAC2 bracket 173,2,173,2,849266,-152234,-3031.8466738,1850,False
8883.706804999994,IDAC2 bracket 174,2,174,2,850143,-151357,-3014.3806049,2269,False
8884.6800009,IDAC2 bracket 175,2,175,2,850830,-150670,-3000.6985190000005,2040,False
8885.6506658,IDAC2 bracket 176,2,176,2,851573,-149927,-2985.9011539000003,2861,False
8886.628612100001,IDAC2 bracket 177,2,177,2,852279,-149221,-2971.8406697,2346,False
8887.616955300007,IDAC2 bracket 178,2,178,2,853004,-148496,-2957.4017872,2689,False
8888.627578999993,IDAC2 bracket 179,2,179,2,853748,-147752,-2942.5845064000005,2155,False
8889.648488900013,IDAC2 bracket 180,2,180,2,854530,-146970,-2927.010429,1449,False
8890.621331200004,IDAC2 bracket 181,2,181,2,855255,-146245,-2912.5715465000003,2822,False
8891.607340899995,IDAC2 bracket 182,2,182,2,855998,-145502,-2897.7741814,1735,False
8896.26557290001,IDAC2 bracket 183,2,183,2,856800,-144700,-2881.80179,1621,False
8897.557957100013,IDAC2 bracket 184,2,184,2,857715,-143785,-2863.5789245,2307,False
8898.551840600005,IDAC2 bracket 185,2,185,2,858421,-143079,-2849.5184403000003,2040,False
8899.5492257,IDAC2 bracket 186,2,186,2,858974,-142526,-2838.5050582000003,1659,False
8900.5225316,IDAC2 bracket 187,2,187,2,860004,-141496,-2817.9918872000003,1754,False
8901.496679100004,IDAC2 bracket 188,2,188,2,860385,-141115,-2810.4040055,1411,False
8902.473573099996,IDAC2 bracket 189,2,189,2,861492,-140008,-2788.3573256,1811,False
8903.445072700008,IDAC2 bracket 190,2,190,2,862216,-139284,-2773.9383588,1544,False
8904.413157300005,IDAC2 bracket 191,2,191,2,862960,-138540,-2759.121078,1850,False
8905.407151899999,IDAC2 bracket 192,2,192,2,863456,-138044,-2749.2428908,1621,False
8906.391269399988,IDAC2 bracket 193,2,193,2,864391,-137109,-2730.6217113000002,1983,False
8907.368707899994,IDAC2 bracket 194,2,194,2,865058,-136442,-2717.3379394,1811,False
8908.342109399993,IDAC2 bracket 195,2,195,2,865764,-135736,-2703.2774552,2021,False
8913.002724699996,IDAC2 bracket 196,2,196,2,866508,-134992,-2688.4601744,1754,False
8914.290231799998,IDAC2 bracket 197,2,197,2,867652,-133848,-2665.6766136,1869,False
8915.272752399993,IDAC2 bracket 198,2,198,2,868415,-133085,-2650.4809345,2555,False
8916.252539799985,IDAC2 bracket 199,2,199,2,868911,-132589,-2640.6027473,2422,False
8917.226587799989,IDAC2 bracket 200,2,200,2,869731,-131769,-2624.2718733,2136,False
8918.19724909999,IDAC2 bracket 201,2,201,2,870418,-131082,-2610.5897874,2212,False
8922.810697700013,IDAC2 bracket 202,2,202,2,871372,-130128,-2591.5902096,2269,False
8924.092648499995,IDAC2 bracket 203,2,203,2,872192,-129308,-2575.2593356,2536,False
8925.072266400006,IDAC2 bracket 204,2,204,2,872955,-128545,-2560.0636565,1964,False
8926.056220700004,IDAC2 bracket 205,2,205,2,873756,-127744,-2544.1111808,2136,False
8927.051434299996,IDAC2 bracket 206,2,206,2,874404,-127096,-2531.2058072,1907,False
8928.032926799991,IDAC2 bracket 207,2,207,2,875225,-126275,-2514.8550175,1869,False
8929.01637550001,IDAC2 bracket 208,2,208,2,875835,-125665,-2502.7064405,1640,False
8929.990993099986,IDAC2 bracket 209,2,209,2,876560,-124940,-2488.267558,1926,False
8930.982917899993,IDAC2 bracket 210,2,210,2,877361,-124139,-2472.3150823000005,1792,False
8931.962832999998,IDAC2 bracket 211,2,211,2,877990,-123510,-2459.7881070000003,1773,False
8932.936542499985,IDAC2 bracket 212,2,212,2,878715,-122785,-2445.3492245,1525,False
8933.910614199995,IDAC2 bracket 213,2,213,2,879497,-122003,-2429.7751471,1659,False
8934.883854999993,IDAC2 bracket 214,2,214,2,880088,-121412,-2418.0049684,1373,False
8935.858334699995,IDAC2 bracket 215,2,215,2,880546,-120954,-2408.8835778000002,1583,True
8936.827912700013,IDAC2 bracket 216,2,216,2,881481,-120019,-2390.2623983,1716,True
8937.798315599997,IDAC2 bracket 217,2,217,2,882129,-119371,-2377.3570247,1907,True
8938.769957300014,IDAC2 bracket 218,2,218,2,882968,-118532,-2360.6477524,1773,True
8939.754305999988,IDAC2 bracket 219,2,219,2,883769,-117731,-2344.6952767000002,1583,True
8940.727686900005,IDAC2 bracket 220,2,220,2,884380,-117120,-2332.526784,1735,True
8941.6990009,IDAC2 bracket 221,2,221,2,885047,-116453,-2319.2430120999998,1716,True
8942.667993300012,IDAC2 bracket 222,2,222,2,885753,-115747,-2305.1825279,1735,True
8943.654277499998,IDAC2 bracket 223,2,223,2,886421,-115079,-2291.8788403000003,2326,True
8944.64018019999,IDAC2 bracket 224,2,224,2,887184,-114316,-2276.6831612,2307,True
8945.608150199987,IDAC2 bracket 225,2,225,2,887908,-113592,-2262.2641943999997,2117,True
8946.581578799989,IDAC2 bracket 226,2,226,2,888671,-112829,-2247.0685153,2269,True
8947.567621399998,IDAC2 bracket 227,2,227,2,889282,-112218,-2234.9000226000003,2250,True
8948.540096100012,IDAC2 bracket 228,2,228,2,889949,-111551,-2221.6162507000004,2098,True
8949.516966900002,IDAC2 bracket 229,2,229,2,890750,-110750,-2205.663775,1678,True
8950.487899700005,IDAC2 bracket 230,2,230,2,891456,-110044,-2191.6032908,2174,True
8951.4648208,IDAC2 bracket 231,2,231,2,892086,-109414,-2179.0563998000002,1983,True
8952.43585129999,IDAC2 bracket 232,2,232,2,892848,-108652,-2163.8806364,2059,True
8953.407501799986,IDAC2 bracket 233,2,233,2,893650,-107850,-2147.908245,1621,True
8954.386773300008,IDAC2 bracket 234,2,234,2,894298,-107202,-2135.0028714,2059,True
8955.357095899992,IDAC2 bracket 235,2,235,2,895042,-106458,-2120.1855906,2079,True
8956.332613200007,IDAC2 bracket 236,2,236,2,895538,-105962,-2110.3074034,1506,True
8960.942504900013,IDAC2 bracket 237,2,237,2,896377,-105123,-2093.5981311,1792,True
8962.23503099999,IDAC2 bracket 238,2,238,2,897254,-104246,-2076.1320622,1640,True
8963.217032699991,IDAC2 bracket 239,2,239,2,897960,-103540,-2062.071578,1544,True
8964.20019100001,IDAC2 bracket 240,2,240,2,898513,-102987,-2051.0581959,1182,True
8965.174396099988,IDAC2 bracket 241,2,241,2,899124,-102376,-2038.8897032000002,1182,True
8966.14501529999,IDAC2 bracket 242,2,242,2,899829,-101671,-2024.8491347000001,1449,True
8967.114855399996,IDAC2 bracket 243,2,243,2,900592,-100908,-2009.6534556000001,1182,True
8968.092257799988,IDAC2 bracket 244,2,244,2,901317,-100183,-1995.2145731,1354,True
8969.06490669999,IDAC2 bracket 245,2,245,2,902042,-99458,-1980.7756906000002,1487,True
8970.042381600011,IDAC2 bracket 246,2,246,2,902519,-98981,-1971.2759017,1335,True
8971.014805899991,IDAC2 bracket 247,2,247,2,903244,-98256,-1956.8370192000002,1602,True
8971.988360699994,IDAC2 bracket 248,2,248,2,903892,-97608,-1943.9316456000001,1506,True
8972.963672499987,IDAC2 bracket 249,2,249,2,904502,-96998,-1931.7830686000002,1811,True
8973.944342800009,IDAC2 bracket 250,2,250,2,905170,-96330,-1918.479381,1544,True
8974.921600400005,IDAC2 bracket 251,2,251,2,905952,-95548,-1902.9053036000003,1888,True
8975.912448899995,IDAC2 bracket 252,2,252,2,906753,-94747,-1886.9528279,1544,True
8976.89461399999,IDAC2 bracket 253,2,253,2,907363,-94137,-1874.8042509000002,2250,True
8977.865913599991,IDAC2 bracket 254,2,254,2,907783,-93717,-1866.4396569,1697,True
8978.83913040001,IDAC2 bracket 255,2,255,2,908699,-92801,-1848.1968757000002,1983,True
8980.609243000014,IDAC2 sonda 255,2,255,2,908889,-92611,-1844.4128927000002,1964,True
8981.57534109999,IDAC2 bracket 254,2,254,2,908241,-93259,-1857.3182663,2384,True
8984.61173470001,IDAC2 bracket 253,2,253,2,907878,-93622,-1864.5476654000001,1544,True
8985.587199500005,IDAC2 bracket 252,2,252,2,907516,-93984,-1871.7571488,2555,True
8986.571969799988,IDAC2 bracket 251,2,251,2,906734,-94766,-1887.3312262000002,1716,True
8987.56933259999,IDAC2 bracket 250,2,250,2,906200,-95300,-1897.9662100000003,1506,True
8988.552824199985,IDAC2 bracket 249,2,249,2,905609,-95891,-1909.7363887,1983,True
8989.528873400006,IDAC2 bracket 248,2,248,2,904979,-96521,-1922.2832797,1468,True
8994.079356700007,IDAC2 bracket 247,2,247,2,904121,-97379,-1939.3709503000002,1544,True
8995.354696499999,IDAC2 bracket 246,2,246,2,903816,-97684,-1945.4452388000002,1544,True
8996.334091199999,IDAC2 bracket 245,2,245,2,903339,-98161,-1954.9450277000003,1506,True
8997.313739300007,IDAC2 bracket 244,2,244,2,902633,-98867,-1969.0055119,1678,True
8998.284585599991,IDAC2 bracket 243,2,243,2,902061,-99439,-1980.3972923000001,1258,True
8999.270961000002,IDAC2 bracket 242,2,242,2,901393,-100107,-1993.7009799000002,1697,True
9002.31683570001,IDAC2 bracket 241,2,241,2,900650,-100850,-2008.4983450000002,1583,True
9003.292208700004,IDAC2 bracket 240,2,240,2,900230,-101270,-2016.862939,1678,True
9004.274988899997,IDAC2 bracket 239,2,239,2,899581,-101919,-2029.7882283000001,1697,True
9005.248763400014,IDAC2 bracket 238,2,238,2,898857,-102643,-2044.2071951,2117,True
9006.220350599993,IDAC2 bracket 237,2,237,2,898265,-103235,-2055.9972895,1564,True
9007.193326899986,IDAC2 bracket 236,2,236,2,897579,-103921,-2069.6594597,1831,True
9008.178988500003,IDAC2 bracket 235,2,235,2,896949,-104551,-2082.2063507000003,2613,True
9009.15859430001,IDAC2 bracket 234,2,234,2,896301,-105199,-2095.1117243000003,1678,True
9010.128013500012,IDAC2 bracket 233,2,233,2,895557,-105943,-2109.9290051000003,2403,True
9011.095595799998,IDAC2 bracket 232,2,232,2,895042,-106458,-2120.1855906,2498,True
9012.078583499999,IDAC2 bracket 231,2,231,2,894412,-107088,-2132.7324816,2155,True
9013.053481799987,IDAC2 bracket 230,2,230,2,893936,-107564,-2142.2123548000004,2212,True
9014.025594300008,IDAC2 bracket 229,2,229,2,893192,-108308,-2157.0296356000003,2326,True
9014.999141899985,IDAC2 bracket 228,2,228,2,892448,-109052,-2171.8469164,1869,True
9015.97086880001,IDAC2 bracket 227,2,227,2,891780,-109720,-2185.1506040000004,2040,True
9016.941817199986,IDAC2 bracket 226,2,226,2,890979,-110521,-2201.1030797000003,1983,True
9017.921020799986,IDAC2 bracket 225,2,225,2,890483,-111017,-2210.9812669000003,1621,True
9018.907112899993,IDAC2 bracket 224,2,224,2,889968,-111532,-2221.2378524,2231,True
9019.877885199996,IDAC2 bracket 223,2,223,2,888919,-112581,-2242.1294217000004,2136,True
9020.856208100013,IDAC2 bracket 222,2,222,2,888538,-112962,-2249.7173034,1831,True
9025.509898599994,IDAC2 bracket 221,2,221,2,887908,-113592,-2262.2641943999997,1831,True
9026.800473799987,IDAC2 bracket 220,2,220,2,887145,-114355,-2277.4598735000004,1544,True
9027.77859619999,IDAC2 bracket 219,2,219,2,886497,-115003,-2290.3652471000005,1602,True
9028.756298299995,IDAC2 bracket 218,2,218,2,885753,-115747,-2305.1825279,1735,True
9029.728703900008,IDAC2 bracket 217,2,217,2,885086,-116414,-2318.4662998000003,1583,True
9030.699075000011,IDAC2 bracket 216,2,216,2,884418,-117082,-2331.7699874,1697,True
9031.670308500004,IDAC2 bracket 215,2,215,2,883674,-117826,-2346.5872682000004,1754,True
9032.644378800003,IDAC2 bracket 214,2,214,2,883235,-118265,-2355.3302605000003,1411,True
9033.61194209999,IDAC2 bracket 213,2,213,2,882625,-118875,-2367.4788375,1983,True
9034.5834186,IDAC2 bracket 212,2,212,2,881958,-119542,-2380.7626093999997,1811,True
9035.55494979999,IDAC2 bracket 211,2,211,2,881271,-120229,-2394.4446953,2021,True
9036.532470300008,IDAC2 bracket 210,2,210,2,880413,-121087,-2411.5323659,1888,True
9037.504860099987,IDAC2 bracket 209,2,209,2,879917,-121583,-2421.4105531,2193,False
9038.478658700013,IDAC2 bracket 208,2,208,2,879173,-122327,-2436.2278339,2155,False
9039.453402099985,IDAC2 bracket 207,2,207,2,878505,-122995,-2449.5315215,2174,False
9040.43728469999,IDAC2 bracket 206,2,206,2,877857,-123643,-2462.4368951,2193,False
9041.413169600011,IDAC2 bracket 205,2,205,2,877189,-124311,-2475.7405827000002,2117,False
9042.38503949999,IDAC2 bracket 204,2,204,2,876369,-125131,-2492.0714567,2155,False
9043.359611499996,IDAC2 bracket 203,2,203,2,875740,-125760,-2504.5984320000002,2403,False
9044.34120960001,IDAC2 bracket 202,2,202,2,875072,-126428,-2517.9021196000003,2250,False
9045.321391800011,IDAC2 bracket 201,2,201,2,874404,-127096,-2531.2058072,1907,False
9048.371447200014,IDAC2 bracket 200,2,200,2,873641,-127859,-2546.4014863,1850,False
9049.341341599997,IDAC2 bracket 199,2,199,2,873031,-128469,-2558.5500633,2326,False
9050.321053099993,IDAC2 bracket 198,2,198,2,872268,-129232,-2573.7457424000004,2117,False
9051.29798599999,IDAC2 bracket 197,2,197,2,871677,-129823,-2585.5159211,1888,False
9052.275085600006,IDAC2 bracket 196,2,196,2,870838,-130662,-2602.2251934,2441,False
9053.250389599998,IDAC2 bracket 195,2,195,2,870170,-131330,-2615.528881,1869,False
9057.806738199986,IDAC2 bracket 194,2,194,2,869235,-132265,-2634.1500605,1506,False
9059.099720600003,IDAC2 bracket 193,2,193,2,868396,-133104,-2650.8593328,1583,False
9060.074218900001,IDAC2 bracket 192,2,192,2,867557,-133943,-2667.5686051000002,1487,False
9061.049871800002,IDAC2 bracket 191,2,191,2,866794,-134706,-2682.7642842,1373,False
9062.0200777,IDAC2 bracket 190,2,190,2,866413,-135087,-2690.3521659000003,1754,False
9062.995377899992,IDAC2 bracket 189,2,189,2,865669,-135831,-2705.1694467,1678,False
9063.981846799987,IDAC2 bracket 188,2,188,2,865001,-136499,-2718.4731343,1888,False
9064.958912000002,IDAC2 bracket 187,2,187,2,864257,-137243,-2733.2904151000002,1659,False
9065.938358000014,IDAC2 bracket 186,2,186,2,863609,-137891,-2746.1957887,1697,False
9066.922027399996,IDAC2 bracket 185,2,185,2,862922,-138578,-2759.8778746000003,1945,False
9067.8924443,IDAC2 bracket 184,2,184,2,862064,-139436,-2776.9655452,1945,False
9068.864185000013,IDAC2 bracket 183,2,183,2,861377,-140123,-2790.6476311,1945,False
9069.841435500013,IDAC2 bracket 182,2,182,2,860671,-140829,-2804.7081153000004,2002,False
9074.403194499988,IDAC2 bracket 181,2,181,2,859928,-141572,-2819.5054804,2250,False
9075.694571700005,IDAC2 bracket 180,2,180,2,858860,-142640,-2840.7754480000003,2517,False
9076.664111599996,IDAC2 bracket 179,2,179,2,858211,-143289,-2853.7007373,1716,False
9077.649585000006,IDAC2 bracket 178,2,178,2,857696,-143804,-2863.9573228000004,2117,False
9078.623743300006,IDAC2 bracket 177,2,177,2,856857,-144643,-2880.6665951,1907,False
9079.596877500007,IDAC2 bracket 176,2,176,2,856151,-145349,-2894.7270793000002,2136,False
9080.577556600008,IDAC2 bracket 175,2,175,2,855503,-145997,-2907.6324529000003,2517,False
9081.553047099995,IDAC2 bracket 174,2,174,2,854816,-146684,-2921.3145388000003,1640,False
9082.528092099994,IDAC2 bracket 173,2,173,2,854053,-147447,-2936.5102179,1640,False
9083.50551779999,IDAC2 bracket 172,2,172,2,853290,-148210,-2951.7058970000003,1888,False
9084.483882,IDAC2 bracket 171,2,171,2,852546,-148954,-2966.5231778,2212,False
9085.45566929999,IDAC2 bracket 170,2,170,2,851974,-149526,-2977.9149582,1411,False
9086.430550199992,IDAC2 bracket 169,2,169,2,851230,-150270,-2992.732239,1525,False
9087.40558739999,IDAC2 bracket 168,2,168,2,850467,-151033,-3007.9279181,1907,False
9088.393778700003,IDAC2 bracket 167,2,167,2,849781,-151719,-3021.5900883,1831,False
9089.36601930001,IDAC2 bracket 166,2,166,2,848922,-152578,-3038.6976746,1487,False
9090.344740500004,IDAC2 bracket 165,2,165,2,848236,-153264,-3052.3598448000002,1277,False
9091.31628140001,IDAC2 bracket 164,2,164,2,847568,-153932,-3065.6635324000003,1392,False
9092.300021300005,IDAC2 bracket 163,2,163,2,846958,-154542,-3077.8121094,1468,False
9093.272002000012,IDAC2 bracket 162,2,162,2,846157,-155343,-3093.7645851,1525,False
9094.244441899995,IDAC2 bracket 161,2,161,2,845451,-156049,-3107.8250693,1277,False
9095.222418199992,IDAC2 bracket 160,2,160,2,844745,-156755,-3121.8855535000002,1602,False
9096.19971439999,IDAC2 bracket 159,2,159,2,843963,-157537,-3137.4596309000003,1373,False
9097.1685039,IDAC2 bracket 158,2,158,2,843200,-158300,-3152.65531,1735,False
9098.148165299994,IDAC2 bracket 157,2,157,2,842418,-159082,-3168.2293874,1773,False
9099.123343399988,IDAC2 bracket 156,2,156,2,841598,-159902,-3184.5602614000004,1697,False
9100.09849579999,IDAC2 bracket 155,2,155,2,841007,-160493,-3196.3304401,1964,False
9104.758226800011,IDAC2 bracket 154,2,154,2,840034,-161466,-3215.7084162,2288,False
9106.049137099995,IDAC2 bracket 153,2,153,2,839004,-162496,-3236.2215872,2079,False
9107.032484900003,IDAC2 bracket 152,2,152,2,838603,-162897,-3244.2077829,2040,False
9108.026289300004,IDAC2 bracket 151,2,151,2,837593,-163907,-3264.3226399000005,1983,False
9109.007906599989,IDAC2 bracket 150,2,150,2,837154,-164346,-3273.0656322000004,1926,False
9109.994965299993,IDAC2 bracket 149,2,149,2,836505,-164995,-3285.9909215000002,2288,False
9110.978439600003,IDAC2 bracket 148,2,148,2,835723,-165777,-3301.5649989,1831,False
9111.977596799989,IDAC2 bracket 147,2,147,2,834865,-166635,-3318.6526695000002,2059,False
9112.962412199995,IDAC2 bracket 146,2,146,2,833873,-167627,-3338.4090439000006,2231,False
9113.93423079999,IDAC2 bracket 145,2,145,2,833282,-168218,-3350.1792226,1602,False
9114.92306490001,IDAC2 bracket 144,2,144,2,832786,-168714,-3360.0574098,2098,False
9115.903265900008,IDAC2 bracket 143,2,143,2,831794,-169706,-3379.8137842,1869,False
9116.880002399994,IDAC2 bracket 142,2,142,2,831241,-170259,-3390.8271663,1983,False
9121.54009590001,IDAC2 bracket 141,2,141,2,830421,-171079,-3407.1580403,1811,False
9122.83822830001,IDAC2 bracket 140,2,140,2,829486,-172014,-3425.7792198,1850,False
9123.81755420001,IDAC2 bracket 139,2,139,2,828685,-172815,-3441.7316955000006,1754,False
9124.794413199998,IDAC2 bracket 138,2,138,2,827941,-173559,-3456.5489763,1640,False
9125.76710540001,IDAC2 bracket 137,2,137,2,827236,-174264,-3470.5895448,1373,False
9126.740731099999,IDAC2 bracket 136,2,136,2,826435,-175065,-3486.5420205,1354,False
9127.72104080001,IDAC2 bracket 135,2,135,2,825634,-175866,-3502.4944962000004,1659,False
9128.698974800005,IDAC2 bracket 134,2,134,2,824813,-176687,-3518.8452859,1964,False
9129.67727059999,IDAC2 bracket 133,2,133,2,824184,-177316,-3531.3722612,1850,False
9130.653674300003,IDAC2 bracket 132,2,132,2,823459,-178041,-3545.8111437000002,1296,False
9131.626397199987,IDAC2 bracket 131,2,131,2,822601,-178899,-3562.8988143,2079,False
9132.605311499996,IDAC2 bracket 130,2,130,2,821800,-179700,-3578.85129,1697,False
9133.5846112,IDAC2 bracket 129,2,129,2,821342,-180158,-3587.9726806,2155,False
9138.240063000005,IDAC2 bracket 128,2,128,2,820541,-180959,-3603.9251563000003,2517,False
9139.529432699987,IDAC2 bracket 127,2,127,2,819530,-181970,-3624.059929,2231,False
9140.50789909999,IDAC2 bracket 126,2,126,2,818748,-182752,-3639.6340064,2708,False
9141.494704200013,IDAC2 bracket 125,2,125,2,818099,-183401,-3652.5592957000003,2079,False
9142.474173399998,IDAC2 bracket 124,2,124,2,817375,-184125,-3666.9782625000003,2212,False
9143.446664999996,IDAC2 bracket 123,2,123,2,816650,-184850,-3681.417145,2365,False
9148.00641110001,IDAC2 bracket 122,2,122,2,815715,-185785,-3700.0383245000003,2212,False
9149.302045199991,IDAC2 bracket 121,2,121,2,814990,-186510,-3714.4772070000004,2059,False
9150.286516199994,IDAC2 bracket 120,2,120,2,814323,-187177,-3727.7609789,1869,False
9151.262728200003,IDAC2 bracket 119,2,119,2,813579,-187921,-3742.5782597,2174,False
9152.244022500003,IDAC2 bracket 118,2,118,2,812873,-188627,-3756.6387439,2117,False
9153.223536900012,IDAC2 bracket 117,2,117,2,812034,-189466,-3773.3480162000005,1869,False
9156.27719980001,IDAC2 bracket 116,2,116,2,811309,-190191,-3787.7868987,1869,False
9157.255015600007,IDAC2 bracket 115,2,115,2,810508,-190992,-3803.7393744,1831,False
9158.241492100002,IDAC2 bracket 114,2,114,2,809707,-191793,-3819.6918501000005,1602,False
9159.217969199992,IDAC2 bracket 113,2,113,2,809078,-192422,-3832.2188254000002,1811,False
9160.190167399996,IDAC2 bracket 112,2,112,2,808296,-193204,-3847.7929028000003,2059,False
9161.165807599988,IDAC2 bracket 111,2,111,2,807571,-193929,-3862.2317853,2079,False
9162.13933070001,IDAC2 bracket 110,2,110,2,806732,-194768,-3878.9410576000005,2098,False
9163.111259700003,IDAC2 bracket 109,2,109,2,805969,-195531,-3894.1367367000003,1602,False
9164.103009599989,IDAC2 bracket 108,2,108,2,805168,-196332,-3910.0892124,1583,False
9165.078252900013,IDAC2 bracket 107,2,107,2,804481,-197019,-3923.7712983000006,2574,False
9166.05768669999,IDAC2 bracket 106,2,106,2,803680,-197820,-3939.723774,2422,False
9167.039130599995,IDAC2 bracket 105,2,105,2,802898,-198602,-3955.2978514,2536,False
9168.023669899994,IDAC2 bracket 104,2,104,2,802326,-199174,-3966.6896318,2079,False
9169.002655599994,IDAC2 bracket 103,2,103,2,801143,-200357,-3990.2499049000003,2460,False
9169.977760600013,IDAC2 bracket 102,2,102,2,800533,-200967,-4002.3984819,2193,False
9170.953496200003,IDAC2 bracket 101,2,101,2,800094,-201406,-4011.1414742,2307,False
9171.947961600003,IDAC2 bracket 100,2,100,2,799293,-202207,-4027.0939499000006,2326,False
9172.928853199992,IDAC2 bracket 99,2,99,2,798606,-202894,-4040.7760358,2746,False
9173.90387129999,IDAC2 bracket 98,2,98,2,797767,-203733,-4057.4853081,2593,False
9174.884337299998,IDAC2 bracket 97,2,97,2,797004,-204496,-4072.6809872000003,2555,False
9175.86531600001,IDAC2 bracket 96,2,96,2,796318,-205182,-4086.3431574000006,2346,False
9178.902662800014,IDAC2 bracket 95,2,95,2,795345,-206155,-4105.7211335,2212,False
9179.882275400014,IDAC2 bracket 94,2,94,2,794620,-206880,-4120.160016000001,2117,False
9180.863288199995,IDAC2 bracket 93,2,93,2,793876,-207624,-4134.9772968,1907,False
9181.840613899985,IDAC2 bracket 92,2,92,2,793151,-208349,-4149.4161793,2098,False
9182.813165700005,IDAC2 bracket 91,2,91,2,792369,-209131,-4164.9902567,2117,False
9183.81465710001,IDAC2 bracket 90,2,90,2,791549,-209951,-4181.3211307,1754,False
9186.858338499995,IDAC2 bracket 89,2,89,2,790767,-210733,-4196.895208100001,1773,False
9187.834922699985,IDAC2 bracket 88,2,88,2,789966,-211534,-4212.8476838,1678,False
9188.821200800012,IDAC2 bracket 87,2,87,2,789299,-212201,-4226.1314557,1811,False
9189.797774700011,IDAC2 bracket 86,2,86,2,788269,-213231,-4246.6446267,1754,False
9190.784072899987,IDAC2 bracket 85,2,85,2,787868,-213632,-4254.6308224,2479,False
9191.764238000003,IDAC2 bracket 84,2,84,2,787067,-214433,-4270.5832981,1831,False
9194.820538500004,IDAC2 bracket 83,2,83,2,786304,-215196,-4285.778977200001,1983,False
9195.82749950001,IDAC2 bracket 82,2,82,2,785579,-215921,-4300.2178597,1792,False
9196.813111800002,IDAC2 bracket 81,2,81,2,784835,-216665,-4315.035140500001,2079,False
9197.787011000008,IDAC2 bracket 80,2,80,2,783786,-217714,-4335.9267098,2136,False
9198.766766099987,IDAC2 bracket 79,2,79,2,783443,-218057,-4342.7577949,2193,False
9199.745342899987,IDAC2 bracket 78,2,78,2,782604,-218896,-4359.4670672,2403,False
9200.71968139999,IDAC2 bracket 77,2,77,2,781879,-219621,-4373.905949700001,2765,False
9201.699011799996,IDAC2 bracket 76,2,76,2,780982,-220518,-4391.7703326,1964,False
9202.7001322,IDAC2 bracket 75,2,75,2,780315,-221185,-4405.0541045,2288,False
9203.672359999997,IDAC2 bracket 74,2,74,2,779590,-221910,-4419.4929870000005,2212,False
9204.649099400005,IDAC2 bracket 73,2,73,2,778388,-223112,-4443.4316584,2079,False
9205.626246500004,IDAC2 bracket 72,2,72,2,778121,-223379,-4448.7491503,2574,False
9206.601527399995,IDAC2 bracket 71,2,71,2,777359,-224141,-4463.924913700001,2460,False
9207.576362699998,IDAC2 bracket 70,2,70,2,776576,-224924,-4479.5189068,2231,False
9208.548091300006,IDAC2 bracket 69,2,69,2,775604,-225896,-4498.8769672,1983,False
9209.522499099985,IDAC2 bracket 68,2,68,2,775032,-226468,-4510.2687476,2365,False
9210.500290299999,IDAC2 bracket 67,2,67,2,774307,-227193,-4524.707630100001,1983,False
9211.48470500001,IDAC2 bracket 66,2,66,2,773544,-227956,-4539.9033092,2098,False
9212.461189499998,IDAC2 bracket 65,2,65,2,772819,-228681,-4554.3421917000005,1945,False
9213.433583800012,IDAC2 bracket 64,2,64,2,771636,-229864,-4577.9024648,1621,False
9218.090479000006,IDAC2 bracket 63,2,63,2,771160,-230340,-4587.382338,1983,False
9219.388485000003,IDAC2 bracket 62,2,62,2,770397,-231103,-4602.5780171,1411,False
9220.362431699992,IDAC2 bracket 61,2,61,2,769462,-232038,-4621.1991966000005,1201,False
9221.350237000006,IDAC2 bracket 60,2,60,2,768756,-232744,-4635.2596808,1564,False
9222.339409700013,IDAC2 bracket 59,2,59,2,767955,-233545,-4651.212156500001,1373,False
9223.3122094,IDAC2 bracket 58,2,58,2,767173,-234327,-4666.7862339,1487,False
9224.292447299988,IDAC2 bracket 57,2,57,2,766220,-235280,-4685.765896000001,1964,False
9225.268158799998,IDAC2 bracket 56,2,56,2,765476,-236024,-4700.583176800001,1392,False
9226.239556699991,IDAC2 bracket 55,2,55,2,764827,-236673,-4713.5084661,2002,False
9227.2296203,IDAC2 bracket 54,2,54,2,764160,-237340,-4726.792238,1926,False
9228.206983699987,IDAC2 bracket 53,2,53,2,763359,-238141,-4742.7447137,1697,False
9229.181008299987,IDAC2 bracket 52,2,52,2,762577,-238923,-4758.3187911,1945,False
9230.15759280001,IDAC2 bracket 51,2,51,2,761470,-240030,-4780.365471,2365,False
9234.75462220001,IDAC2 bracket 50,2,50,2,760726,-240774,-4795.182751800001,1983,False
9236.059314399987,IDAC2 bracket 49,2,49,2,759735,-241765,-4814.9192105,2136,False
9237.034355400014,IDAC2 bracket 48,2,48,2,759201,-242299,-4825.554194300001,2307,False
9238.02081310001,IDAC2 bracket 47,2,47,2,758457,-243043,-4840.371475100001,2193,False
9238.997317100002,IDAC2 bracket 46,2,46,2,757446,-244054,-4860.5062478,2326,False
9239.977053699986,IDAC2 bracket 45,2,45,2,756797,-244703,-4873.4315371,1811,False
9244.543586399988,IDAC2 bracket 44,2,44,2,755786,-245714,-4893.5663097999995,2231,False
9245.830977900012,IDAC2 bracket 43,2,43,2,754871,-246629,-4911.7891753,2059,False
9246.819889200007,IDAC2 bracket 42,2,42,2,754165,-247335,-4925.8496595,1888,False
9247.820795700012,IDAC2 bracket 41,2,41,2,753440,-248060,-4940.288542,1678,False
9248.793254599994,IDAC2 bracket 40,2,40,2,752658,-248842,-4955.8626194,1697,False
9253.4574709,IDAC2 bracket 39,2,39,2,751819,-249681,-4972.5718917,2117,False
9254.74627579999,IDAC2 bracket 38,2,38,2,750598,-250902,-4996.8889614,1735,False
9255.7222321,IDAC2 bracket 37,2,37,2,750083,-251417,-5007.1455469,1430,False
9256.7020242,IDAC2 bracket 36,2,36,2,749282,-252218,-5023.098022600001,1697,False
9257.677880300005,IDAC2 bracket 35,2,35,2,748367,-253133,-5041.3208881,2098,False
9258.655672399997,IDAC2 bracket 34,2,34,2,747547,-253953,-5057.6517621,2193,False
9259.63477460001,IDAC2 bracket 33,2,33,2,746746,-254754,-5073.6042378,1716,False
9260.611456000013,IDAC2 bracket 32,2,32,2,746116,-255384,-5086.1511288,1773,False
9261.584662700014,IDAC2 bracket 31,2,31,2,745315,-256185,-5102.1036045,2174,False
9262.577205799986,IDAC2 bracket 30,2,30,2,744514,-256986,-5118.056080200001,2174,False
9263.557482300006,IDAC2 bracket 29,2,29,2,743770,-257730,-5132.873361000001,2365,False
9264.537523300009,IDAC2 bracket 28,2,28,2,743026,-258474,-5147.690641800001,1697,False
9265.518596799986,IDAC2 bracket 27,2,27,2,742321,-259179,-5161.7312103,2326,False
9270.188938700012,IDAC2 bracket 26,2,26,2,741500,-260000,-5178.082,2117,False
9271.477689199994,IDAC2 bracket 25,2,25,2,740356,-261144,-5200.8655608,2479,False
9272.45663619999,IDAC2 bracket 24,2,24,2,739555,-261945,-5216.818036500001,2918,False
9273.6369481,IDAC2 bracket 23,2,23,2,738925,-262575,-5229.3649275,2689,False
9274.651756999985,IDAC2 bracket 22,2,22,2,738048,-263452,-5246.830996400001,2880,False
9275.64976130001,IDAC2 bracket 21,2,21,2,737171,-264329,-5264.2970653,2079,False
9278.704345100006,IDAC2 bracket 20,2,20,2,736560,-264940,-5276.465558,2002,False
9279.681736300001,IDAC2 bracket 19,2,19,2,735473,-266027,-5298.1139238999995,2250,False
9280.670754899998,IDAC2 bracket 18,2,18,2,735206,-266294,-5303.431415800001,2441,False
9281.643843099999,IDAC2 bracket 17,2,17,2,734958,-266542,-5308.3705094,2441,False
9282.628665700002,IDAC2 bracket 16,2,16,2,733890,-267610,-5329.640477,2231,False
9283.616626700008,IDAC2 bracket 15,2,15,2,733776,-267724,-5331.9108668,1945,False
9288.157619300007,IDAC2 bracket 14,2,14,2,733718,-267782,-5333.0659774000005,2937,False
9289.474759200006,IDAC2 bracket 13,2,13,2,732917,-268583,-5349.0184531,2098,False
9290.468062700005,IDAC2 bracket 12,2,12,2,733146,-268354,-5344.457757800001,2841,False
9291.446839699987,IDAC2 bracket 11,2,11,2,733585,-267915,-5335.714765500001,2460,False
9292.439968499995,IDAC2 bracket 10,2,10,2,732822,-268678,-5350.9104446,2231,False
9293.421541499993,IDAC2 bracket 9,2,9,2,732250,-269250,-5362.302225,2460,False
9294.40834319999,IDAC2 bracket 8,2,8,2,733318,-268182,-5341.0322574,2689,False
9295.387392100005,IDAC2 bracket 7,2,7,2,733871,-267629,-5330.0188753,2422,False
9296.372661700007,IDAC2 bracket 6,2,6,2,732879,-268621,-5349.7752497,2956,False
9297.371638000011,IDAC2 bracket 5,2,5,2,732288,-269212,-5361.545428400001,2021,False
9298.362622899993,IDAC2 bracket 4,2,4,2,732803,-268697,-5351.2888429,2346,False
9299.333013399999,IDAC2 bracket 3,2,3,2,733108,-268392,-5345.2145544,2746,False
9300.330338,IDAC2 bracket 2,2,2,2,732421,-269079,-5358.8966403,2975,False
9301.3051117,IDAC2 bracket 1,2,1,2,732231,-269269,-5362.6806233,2441,False
9302.279733400006,IDAC2 bracket 0,2,0,2,732402,-269098,-5359.275038600001,2632,False
9304.063339299988,IDAC2 restaurado,2,0,2,732421,-269079,-5358.8966403,2422,False
9305.049316199991,IDAC2 bracket 1,2,1,2,732192,-269308,-5363.4573356,1964,False
9306.035606699996,IDAC2 bracket 2,2,2,2,732574,-268926,-5355.8495382,2498,False
9307.013110600004,IDAC2 bracket 3,2,3,2,732231,-269269,-5362.6806233,2460,False
9307.991143099993,IDAC2 bracket 4,2,4,2,732269,-269231,-5361.9238267,2002,False
9308.971511899988,IDAC2 bracket 5,2,5,2,732593,-268907,-5355.4711399,2632,False
9309.950434500002,IDAC2 bracket 6,2,6,2,732536,-268964,-5356.606334800001,2574,False
9310.929343099997,IDAC2 bracket 7,2,7,2,732784,-268716,-5351.6672412,2670,False
9311.914767400012,IDAC2 bracket 8,2,8,2,732574,-268926,-5355.8495382,2365,False
9312.902029399993,IDAC2 bracket 9,2,9,2,732402,-269098,-5359.275038600001,1697,False
9313.882138199988,IDAC2 bracket 10,2,10,2,732307,-269193,-5361.1670301,1773,False
9314.868926900002,IDAC2 bracket 11,2,11,2,732822,-268678,-5350.9104446,2098,False
9315.848738,IDAC2 bracket 12,2,12,2,733165,-268335,-5344.0793595000005,2918,False
9316.827934,IDAC2 bracket 13,2,13,2,732917,-268583,-5349.0184531,2479,False
9317.80682930001,IDAC2 bracket 14,2,14,2,732994,-268506,-5347.4849442,2708,False
9318.790159600001,IDAC2 bracket 15,2,15,2,732936,-268564,-5348.6400548,2174,False
9319.772921299998,IDAC2 bracket 16,2,16,2,733470,-268030,-5338.0050710000005,1716,False
9320.762297000008,IDAC2 bracket 17,2,17,2,733509,-267991,-5337.228358700001,1773,False
9321.748026999994,IDAC2 bracket 18,2,18,2,734272,-267228,-5322.0326796,2098,False
9322.730030900013,IDAC2 bracket 19,2,19,2,734996,-266504,-5307.6137128,2479,False
9327.303344799991,IDAC2 bracket 20,2,20,2,735588,-265912,-5295.8236184,2498,False
9328.62145820001,IDAC2 bracket 21,2,21,2,736770,-264730,-5272.283261,2803,False
9329.632375199988,IDAC2 bracket 22,2,22,2,737075,-264425,-5266.2089725000005,2784,False
9330.633528900013,IDAC2 bracket 23,2,23,2,737495,-264005,-5257.844378500001,2002,False
9331.614795600006,IDAC2 bracket 24,2,24,2,738105,-263395,-5245.6958015,2040,False
9332.593534199987,IDAC2 bracket 25,2,25,2,738334,-263166,-5241.1351062,2231,False
9333.585987900005,IDAC2 bracket 26,2,26,2,739212,-262288,-5223.6491216,2250,False
9334.585885899985,IDAC2 bracket 27,2,27,2,739803,-261697,-5211.8789429,2365,False
9335.592114300001,IDAC2 bracket 28,2,28,2,740718,-260782,-5193.6560774,2517,False
9336.584676700004,IDAC2 bracket 29,2,29,2,741310,-260190,-5181.865983,2212,False
9337.572062499996,IDAC2 bracket 30,2,30,2,742015,-259485,-5167.8254145,1754,False
9338.557905099995,IDAC2 bracket 31,2,31,2,742626,-258874,-5155.6569218,1945,False
9339.5405913,IDAC2 bracket 32,2,32,2,743141,-258359,-5145.4003363,2174,False
9340.533270999993,IDAC2 bracket 33,2,33,2,744075,-257425,-5126.799072500001,2250,False
9341.520738299994,IDAC2 bracket 34,2,34,2,744667,-256833,-5115.0089781,2136,False
9342.500392999995,IDAC2 bracket 35,2,35,2,745334,-256166,-5101.7252062,2231,False
9343.518074099993,IDAC2 bracket 36,2,36,2,746231,-255269,-5083.8608233,1430,False
9344.504489999992,IDAC2 bracket 37,2,37,2,746841,-254659,-5071.7122463000005,1735,False
9345.489687399997,IDAC2 bracket 38,2,38,2,747566,-253934,-5057.2733638,1602,False
9346.470465999999,IDAC2 bracket 39,2,39,2,748329,-253171,-5042.0776847,1754,False
9347.455792299996,IDAC2 bracket 40,2,40,2,749092,-252408,-5026.8820056,1811,False
9348.451497300004,IDAC2 bracket 41,2,41,2,749683,-251817,-5015.111826900001,1602,False
9349.433352399996,IDAC2 bracket 42,2,42,2,750465,-251035,-4999.5377495,1869,False
9350.411966399988,IDAC2 bracket 43,2,43,2,751209,-250291,-4984.7204687,1945,False
9351.397005800012,IDAC2 bracket 44,2,44,2,752162,-249338,-4965.740806600001,2346,False
9352.384530300013,IDAC2 bracket 45,2,45,2,752811,-248689,-4952.8155173000005,2193,False
9353.361828099994,IDAC2 bracket 46,2,46,2,753555,-247945,-4937.9982365000005,1926,False
9358.03564789999,IDAC2 bracket 47,2,47,2,754508,-246992,-4919.0185744,2117,False
9359.32212930001,IDAC2 bracket 48,2,48,2,755252,-246248,-4904.2012936,2632,False
9360.316042699997,IDAC2 bracket 49,2,49,2,755786,-245714,-4893.5663097999995,2422,False
9361.3048595,IDAC2 bracket 50,2,50,2,756797,-244703,-4873.4315371,1907,False
9362.285839999997,IDAC2 bracket 51,2,51,2,757541,-243959,-4858.6142563,2040,False
9363.258412900002,IDAC2 bracket 52,2,52,2,758361,-243139,-4842.283382300001,2288,False
9364.238717900007,IDAC2 bracket 53,2,53,2,759143,-242357,-4826.7093049,1964,False
9365.223993099993,IDAC2 bracket 54,2,54,2,759735,-241765,-4814.9192105,2460,False
9366.207268099999,IDAC2 bracket 55,2,55,2,760517,-240983,-4799.345133100001,2708,False
9367.193419399991,IDAC2 bracket 56,2,56,2,761165,-240335,-4786.439759500001,2288,False
9368.174031800008,IDAC2 bracket 57,2,57,2,761909,-239591,-4771.6224787,2212,False
9369.161907400005,IDAC2 bracket 58,2,58,2,762653,-238847,-4756.8051979,2460,False
9370.141009999992,IDAC2 bracket 59,2,59,2,763435,-238065,-4741.2311205000005,1888,False
9374.802328199992,IDAC2 bracket 60,2,60,2,764331,-237169,-4723.3866533,1754,False
9376.092165799986,IDAC2 bracket 61,2,61,2,765209,-236291,-4705.9006687,1659,False
9377.071816599986,IDAC2 bracket 62,2,62,2,766010,-235490,-4689.948193,2193,False
9378.065189899993,IDAC2 bracket 63,2,63,2,766716,-234784,-4675.8877088,1792,False
9379.045466699987,IDAC2 bracket 64,2,64,2,767383,-234117,-4662.6039369,1850,False
9380.022580199991,IDAC2 bracket 65,2,65,2,768146,-233354,-4647.4082578,1583,False
9381.002158799995,IDAC2 bracket 66,2,66,2,768947,-232553,-4631.455782100001,1411,False
9381.981197199988,IDAC2 bracket 67,2,67,2,769748,-231752,-4615.5033064,1564,False
9382.961048500001,IDAC2 bracket 68,2,68,2,770511,-230989,-4600.3076273,1831,False
9383.955386799993,IDAC2 bracket 69,2,69,2,771331,-230169,-4583.9767533,1773,False
9384.9325693,IDAC2 bracket 70,2,70,2,771751,-229749,-4575.612159300001,1506,False
9385.915326599992,IDAC2 bracket 71,2,71,2,772838,-228662,-4553.9637934,1869,False
9386.908814199996,IDAC2 bracket 72,2,72,2,773544,-227956,-4539.9033092,1583,False
9387.891275200003,IDAC2 bracket 73,2,73,2,774250,-227250,-4525.842825000001,2117,False
9388.874956499989,IDAC2 bracket 74,2,74,2,775184,-226316,-4507.2415612,2212,False
9389.857572000008,IDAC2 bracket 75,2,75,2,775623,-225877,-4498.4985689000005,2288,False
9390.836238999997,IDAC2 bracket 76,2,76,2,776405,-225095,-4482.924491500001,2269,False
9391.816573999997,IDAC2 bracket 77,2,77,2,777206,-224294,-4466.9720158,2555,False
9392.802292500011,IDAC2 bracket 78,2,78,2,777683,-223817,-4457.4722269,2613,False
9393.781988400006,IDAC2 bracket 79,2,79,2,778427,-223073,-4442.6549461,1983,False
9394.759220999986,IDAC2 bracket 80,2,80,2,779037,-222463,-4430.5063691,2880,False
9397.830273900006,IDAC2 bracket 81,2,81,2,780353,-221147,-4404.2973079,2460,False
9398.822442300007,IDAC2 bracket 82,2,82,2,780830,-220670,-4394.797519000001,2536,False
9399.815061300003,IDAC2 bracket 83,2,83,2,781650,-219850,-4378.466645,1945,False
9400.798273099994,IDAC2 bracket 84,2,84,2,782470,-219030,-4362.135771,2231,False
9401.7747371,IDAC2 bracket 85,2,85,2,783214,-218286,-4347.3184902,2746,False
9402.761947499996,IDAC2 bracket 86,2,86,2,783672,-217828,-4338.1970996,2231,False
9403.740536500001,IDAC2 bracket 87,2,87,2,784683,-216817,-4318.062326900001,2460,False
9404.7174429,IDAC2 bracket 88,2,88,2,785503,-215997,-4301.7314529,2079,False
9405.698028899991,IDAC2 bracket 89,2,89,2,786228,-215272,-4287.292570400001,1907,False
9406.687901099998,IDAC2 bracket 90,2,90,2,786819,-214681,-4275.5223917,1964,False
9407.670428100013,IDAC2 bracket 91,2,91,2,787601,-213899,-4259.948314300001,1831,False
9408.658128999989,IDAC2 bracket 92,2,92,2,788326,-213174,-4245.5094318,1659,False
9409.640538600011,IDAC2 bracket 93,2,93,2,789089,-212411,-4230.3137527,2021,False
9410.61915469999,IDAC2 bracket 94,2,94,2,789813,-211687,-4215.894785900001,1392,False
9411.606709199987,IDAC2 bracket 95,2,95,2,790462,-211038,-4202.969496600001,1888,False
9412.5906732,IDAC2 bracket 96,2,96,2,791358,-210142,-4185.1250294,1659,False
9413.568148399994,IDAC2 bracket 97,2,97,2,791988,-209512,-4172.5781384,1602,False
9414.561748500011,IDAC2 bracket 98,2,98,2,792770,-208730,-4157.004061000001,2193,False
9415.543800099986,IDAC2 bracket 99,2,99,2,793571,-207929,-4141.051585300001,1697,False
9416.521349499992,IDAC2 bracket 100,2,100,2,794334,-207166,-4125.8559062,2384,False
9421.198235999997,IDAC2 bracket 101,2,101,2,794544,-206956,-4121.6736092,2098,False
9422.477805300005,IDAC2 bracket 102,2,102,2,795974,-205526,-4093.1941582000004,2269,False
9423.463279599993,IDAC2 bracket 103,2,103,2,796680,-204820,-4079.133674,2918,False
9424.459669700009,IDAC2 bracket 104,2,104,2,797271,-204229,-4067.3634953,3337,False
9425.440202600003,IDAC2 bracket 105,2,105,2,798110,-203390,-4050.6542230000005,2670,False
9426.421437299985,IDAC2 bracket 106,2,106,2,798740,-202760,-4038.1073320000005,2193,False
9427.404319299996,IDAC2 bracket 107,2,107,2,799560,-201940,-4021.7764580000003,2346,False
9428.39506499999,IDAC2 bracket 108,2,108,2,800361,-201139,-4005.8239823000004,2727,False
9429.369232500001,IDAC2 bracket 109,2,109,2,800952,-200548,-3994.0538036000003,2689,False
9430.35513750001,IDAC2 bracket 110,2,110,2,801715,-199785,-3978.8581245000005,2212,False
9431.332962999993,IDAC2 bracket 111,2,111,2,802478,-199022,-3963.6624454000003,2517,False
9432.31319059999,IDAC2 bracket 112,2,112,2,802955,-198545,-3954.1626565,2555,False
9433.29794650001,IDAC2 bracket 113,2,113,2,803871,-197629,-3935.9198753000005,2746,False
9437.967045500001,IDAC2 bracket 114,2,114,2,804634,-196866,-3920.7241962000003,2250,False
9439.266511599999,IDAC2 bracket 115,2,115,2,805664,-195836,-3900.2110252,1564,False
9440.252747599996,IDAC2 bracket 116,2,116,2,806293,-195207,-3887.6840499,2117,False
9441.246067200002,IDAC2 bracket 117,2,117,2,806961,-194539,-3874.3803623000003,1621,False
9442.234790799994,IDAC2 bracket 118,2,118,2,807685,-193815,-3859.9613955,2079,False
9443.212917900004,IDAC2 bracket 119,2,119,2,808792,-192708,-3837.9147156000004,2059,False
9444.197719699994,IDAC2 bracket 120,2,120,2,809516,-191984,-3823.4957488,1621,False
9445.184422999999,IDAC2 bracket 121,2,121,2,810356,-191144,-3806.7665608,1869,False
9446.163072299998,IDAC2 bracket 122,2,122,2,811023,-190477,-3793.4827889,1640,False
9447.152793699992,IDAC2 bracket 123,2,123,2,811595,-189905,-3782.0910085,1888,False
9448.137310299993,IDAC2 bracket 124,2,124,2,812511,-188989,-3763.8482273000004,1659,False
9449.132249099988,IDAC2 bracket 125,2,125,2,813350,-188150,-3747.138955,1926,False
9450.115943300014,IDAC2 bracket 126,2,126,2,814037,-187463,-3733.4568691000004,1831,False
9451.098491799989,IDAC2 bracket 127,2,127,2,814781,-186719,-3718.6395883000005,1869,False
9452.078743599996,IDAC2 bracket 128,2,128,2,815639,-185861,-3701.5519177,2307,False
9453.068056699994,IDAC2 bracket 129,2,129,2,816402,-185098,-3686.3562386000003,1926,False
9454.060948400002,IDAC2 bracket 130,2,130,2,817127,-184373,-3671.9173561,1811,False
9455.037455100013,IDAC2 bracket 131,2,131,2,817928,-183572,-3655.9648804000003,2346,False
9456.022397699999,IDAC2 bracket 132,2,132,2,818614,-182886,-3642.3027102,2441,False
9457.054777599988,IDAC2 bracket 133,2,133,2,819435,-182065,-3625.9519205,2021,False
9458.031494099996,IDAC2 bracket 134,2,134,2,820083,-181417,-3613.0465469000005,2059,False
9459.020048000006,IDAC2 bracket 135,2,135,2,820980,-180520,-3595.1821640000003,2250,False
9460.001162100001,IDAC2 bracket 136,2,136,2,821781,-179719,-3579.2296883,2002,False
9460.994599700003,IDAC2 bracket 137,2,137,2,822315,-179185,-3568.5947045,2365,False
9461.982510500005,IDAC2 bracket 138,2,138,2,823268,-178232,-3549.6150424,3108,False
9462.967095200001,IDAC2 bracket 139,2,139,2,823917,-177583,-3536.6897531000004,2498,False
9463.955052000005,IDAC2 bracket 140,2,140,2,824680,-176820,-3521.494074,1831,False
9464.951922100008,IDAC2 bracket 141,2,141,2,825405,-176095,-3507.0551915,1831,False
9469.556729700009,IDAC2 bracket 142,2,142,2,826168,-175332,-3491.8595124000003,1354,False
9470.849815099995,IDAC2 bracket 143,2,143,2,827026,-174474,-3474.7718418,1506,False
9471.838642099989,IDAC2 bracket 144,2,144,2,827732,-173768,-3460.7113576,1621,False
9473.028215900005,IDAC2 bracket 145,2,145,2,828552,-172948,-3444.3804836000004,1430,False
9474.026630500011,IDAC2 bracket 146,2,146,2,829277,-172223,-3429.9416011000003,1411,False
9475.012140800012,IDAC2 bracket 147,2,147,2,830001,-171499,-3415.5226343,1716,False
9479.584405100002,IDAC2 bracket 148,2,148,2,831089,-170411,-3393.8543527,1373,False
9480.879020599998,IDAC2 bracket 149,2,149,2,831909,-169591,-3377.5234787000004,1564,False
9481.863523899985,IDAC2 bracket 150,2,150,2,832691,-168809,-3361.9494013,2098,False
9482.944589499995,IDAC2 bracket 151,2,151,2,833282,-168218,-3350.1792226,1392,False
9483.933964900003,IDAC2 bracket 152,2,152,2,834045,-167455,-3334.9835435,2250,False
9488.62331190001,IDAC2 bracket 153,2,153,2,834980,-166520,-3316.362364,2346,False
9489.908011099993,IDAC2 bracket 154,2,154,2,835800,-165700,-3300.0314900000003,2117,False
9490.905268000002,IDAC2 bracket 155,2,155,2,836677,-164823,-3282.5654211000005,2136,False
9491.893218399986,IDAC2 bracket 156,2,156,2,837173,-164327,-3272.6872339,2136,False
9492.882927300001,IDAC2 bracket 157,2,157,2,837955,-163545,-3257.1131565,1697,False
9493.875078499987,IDAC2 bracket 158,2,158,2,838737,-162763,-3241.5390791,2155,False
9496.967985800002,IDAC2 bracket 159,2,159,2,839500,-162000,-3226.3434,1792,False
9497.964650000009,IDAC2 bracket 160,2,160,2,840263,-161237,-3211.1477209,1525,False
9498.961942399997,IDAC2 bracket 161,2,161,2,840663,-160837,-3203.1814409000003,2479,False
9499.9533313,IDAC2 bracket 162,2,162,2,841674,-159826,-3183.0466682,1621,False
9500.933936999994,IDAC2 bracket 163,2,163,2,842456,-159044,-3167.4725908000005,1220,False
9501.93755860001,IDAC2 bracket 164,2,164,2,843124,-158376,-3154.1689032,2059,False
9505.00179899999,IDAC2 bracket 165,2,165,2,843944,-157556,-3137.8380292,1430,False
9505.99964960001,IDAC2 bracket 166,2,166,2,844688,-156812,-3123.0207484000002,1277,False
9506.995569299994,IDAC2 bracket 167,2,167,2,845394,-156106,-3108.9602642,1754,False
9507.978277199989,IDAC2 bracket 168,2,168,2,846099,-155401,-3094.9196957,2422,False
9508.964116599993,IDAC2 bracket 169,2,169,2,846939,-154561,-3078.1905077,1564,False
9509.948590199987,IDAC2 bracket 170,2,170,2,847740,-153760,-3062.238032,1277,False
9514.5104957,IDAC2 bracket 171,2,171,2,848484,-153016,-3047.4207512000003,2040,False
9515.81291800001,IDAC2 bracket 172,2,172,2,849208,-152292,-3033.0017844000004,2155,False
9516.810722299997,IDAC2 bracket 173,2,173,2,850028,-151472,-3016.6709104,1850,False
9517.804321600008,IDAC2 bracket 174,2,174,2,850772,-150728,-3001.8536296,2861,False
9518.787887199986,IDAC2 bracket 175,2,175,2,851421,-150079,-2988.9283403000004,2231,False
9519.766850799992,IDAC2 bracket 176,2,176,2,852165,-149335,-2974.1110595,2212,False
9522.834525199985,IDAC2 bracket 177,2,177,2,853004,-148496,-2957.4017872,2555,False
9523.820124099992,IDAC2 bracket 178,2,178,2,853843,-147657,-2940.6925149000003,2021,False
9524.822345499997,IDAC2 bracket 179,2,179,2,854587,-146913,-2925.8752341,1945,False
9525.8140022,IDAC2 bracket 180,2,180,2,855083,-146417,-2915.9970469,2136,False
9526.797423499986,IDAC2 bracket 181,2,181,2,855922,-145578,-2899.2877746,2193,False
9527.787760999985,IDAC2 bracket 182,2,182,2,856571,-144929,-2886.3624853,2021,False
9530.880775099999,IDAC2 bracket 183,2,183,2,857315,-144185,-2871.5452045,1811,False
9531.873675200011,IDAC2 bracket 184,2,184,2,858039,-143461,-2857.1262377,1735,False
9532.866641400004,IDAC2 bracket 185,2,185,2,858879,-142621,-2840.3970497000005,1735,False
9533.85284430001,IDAC2 bracket 186,2,186,2,859584,-141916,-2826.3564812000004,1945,False
9534.83393329999,IDAC2 bracket 187,2,187,2,860004,-141496,-2817.9918872000003,1907,False
9535.832902900001,IDAC2 bracket 188,2,188,2,860843,-140657,-2801.2826148999998,1640,False
9540.408309899998,IDAC2 bracket 189,2,189,2,861682,-139818,-2784.5733426,1735,False
9541.694924999989,IDAC2 bracket 190,2,190,2,862560,-138940,-2767.087358,1907,False
9542.67810650001,IDAC2 bracket 191,2,191,2,863075,-138425,-2756.8307725,2288,False
9543.670103499986,IDAC2 bracket 192,2,192,2,863761,-137739,-2743.1686023,2384,False
9544.652081700013,IDAC2 bracket 193,2,193,2,864505,-136995,-2728.3513215000003,2040,False
9549.318367800006,IDAC2 bracket 194,2,194,2,864944,-136556,-2719.6083292,2632,False
9550.600798700005,IDAC2 bracket 195,2,195,2,866203,-135297,-2694.5344629,2326,False
9551.585858900013,IDAC2 bracket 196,2,196,2,866718,-134782,-2684.2778774000003,2250,False
9552.676053700008,IDAC2 bracket 197,2,197,2,867424,-134076,-2670.2173932,2002,False
9553.6758806,IDAC2 bracket 198,2,198,2,868186,-133314,-2655.0416298,1811,False
9554.658179699996,IDAC2 bracket 199,2,199,2,868949,-132551,-2639.8459507,2212,False
9555.645206299989,IDAC2 bracket 200,2,200,2,869464,-132036,-2629.5893652000004,2117,False
9556.62914080001,IDAC2 bracket 201,2,201,2,870170,-131330,-2615.528881,2059,False
9557.61056999999,IDAC2 bracket 202,2,202,2,870990,-130510,-2599.1980070000004,1888,False
9558.58864619999,IDAC2 bracket 203,2,203,2,871543,-129957,-2588.1846249,2155,False
9559.574537899985,IDAC2 bracket 204,2,204,2,872325,-129175,-2572.6105475000004,2079,False
9560.557487299986,IDAC2 bracket 205,2,205,2,872936,-128564,-2560.4420548,1964,False
9561.540556599997,IDAC2 bracket 206,2,206,2,873508,-127992,-2549.0502744,1926,False
9562.53549499999,IDAC2 bracket 207,2,207,2,874233,-127267,-2534.6113919,1640,False
9563.519422200014,IDAC2 bracket 208,2,208,2,874938,-126562,-2520.5708234000003,1602,False
9564.501029700012,IDAC2 bracket 209,2,209,2,875644,-125856,-2506.5103392,1697,False
9565.484960300004,IDAC2 bracket 210,2,210,2,876388,-125112,-2491.6930584,1792,False
9566.474740100006,IDAC2 bracket 211,2,211,2,877189,-124311,-2475.7405827000002,1869,False
9567.462434099987,IDAC2 bracket 212,2,212,2,877895,-123605,-2461.6800985000004,1602,False
9568.451701000013,IDAC2 bracket 213,2,213,2,878639,-122861,-2446.8628177,1907,False
9569.442201400001,IDAC2 bracket 214,2,214,2,879287,-122213,-2433.9574441,1506,False
9570.435848299996,IDAC2 bracket 215,2,215,2,880126,-121374,-2417.2481718,1564,False
9571.423464899999,IDAC2 bracket 216,2,216,2,880775,-120725,-2404.3228825,1659,True
9572.40947839999,IDAC2 bracket 217,2,217,2,881423,-120077,-2391.4175089,2002,True
9573.401131999999,IDAC2 bracket 218,2,218,2,882148,-119352,-2376.9786264,2288,True
9574.391063499992,IDAC2 bracket 219,2,219,2,882778,-118722,-2364.4317354,1564,True
9575.369860100007,IDAC2 bracket 220,2,220,2,883579,-117921,-2348.4792597000005,2269,True
9576.353161300009,IDAC2 bracket 221,2,221,2,884189,-117311,-2336.3306827,1831,True
9577.341081499995,IDAC2 bracket 222,2,222,2,884952,-116548,-2321.1350036,1754,True
9578.331461199996,IDAC2 bracket 223,2,223,2,885581,-115919,-2308.6080283000006,1716,True
9579.307963900006,IDAC2 bracket 224,2,224,2,886325,-115175,-2293.7907475,1869,True
9580.294838700007,IDAC2 bracket 225,2,225,2,886955,-114545,-2281.2438565,2269,True
9581.28367579999,IDAC2 bracket 226,2,226,2,887756,-113744,-2265.2913808,2460,True
9582.272675699991,IDAC2 bracket 227,2,227,2,888404,-113096,-2252.3860072,1792,True
9583.266589900013,IDAC2 bracket 228,2,228,2,889053,-112447,-2239.4607179,1640,True
9584.25396480001,IDAC2 bracket 229,2,229,2,889835,-111665,-2223.8866405000003,1926,True
9585.238640900003,IDAC2 bracket 230,2,230,2,890331,-111169,-2214.0084533000004,1983,True
9586.229501599999,IDAC2 bracket 231,2,231,2,891265,-110235,-2195.4071895,1831,True
9587.211933100014,IDAC2 bracket 232,2,232,2,891933,-109567,-2182.1035019,1945,True
9588.188322600006,IDAC2 bracket 233,2,233,2,892734,-108766,-2166.1510262,1735,True
9589.169678100006,IDAC2 bracket 234,2,234,2,893363,-108137,-2153.6240509,1640,True
9590.17503069999,IDAC2 bracket 235,2,235,2,894107,-107393,-2138.8067701000004,1850,True
9594.785670599987,IDAC2 bracket 236,2,236,2,895080,-106420,-2119.4287940000004,1430,True
9596.074890899996,IDAC2 bracket 237,2,237,2,895748,-105752,-2106.1251064,1430,True
9597.056549700006,IDAC2 bracket 238,2,238,2,896415,-105085,-2092.8413345,1049,True
9598.291554199997,IDAC2 bracket 239,2,239,2,896968,-104532,-2081.8279524,1296,True
9599.306481999985,IDAC2 bracket 240,2,240,2,897750,-103750,-2066.253875,1182,True
9600.30473199999,IDAC2 bracket 241,2,241,2,898437,-103063,-2052.5717891000004,1506,True
9603.364082199987,IDAC2 bracket 242,2,242,2,899181,-102319,-2037.7545083,2040,True
9604.377407199994,IDAC2 bracket 243,2,243,2,899982,-101518,-2021.8020326,1354,True
9605.370552500011,IDAC2 bracket 244,2,244,2,900650,-100850,-2008.4983450000002,1831,True
9606.35183530001,IDAC2 bracket 245,2,245,2,901279,-100221,-1995.9713697000002,1697,True
9607.336350500002,IDAC2 bracket 246,2,246,2,902023,-99477,-1981.1540889,1449,True
9608.325844700012,IDAC2 bracket 247,2,247,2,902462,-99038,-1972.4110966,1373,True
9612.90205579999,IDAC2 bracket 248,2,248,2,903396,-98104,-1953.8098328,1907,True
9614.181965299998,IDAC2 bracket 249,2,249,2,903987,-97513,-1942.0396541000002,1964,True
9615.1671623,IDAC2 bracket 250,2,250,2,904712,-96788,-1927.6007716000001,1678,True
9616.164279699995,IDAC2 bracket 251,2,251,2,905323,-96177,-1915.4322789,1831,True
9617.15577479999,IDAC2 bracket 252,2,252,2,906085,-95415,-1900.2565155000002,1602,True
9621.777759999997,IDAC2 bracket 253,2,253,2,906829,-94671,-1885.4392347,1125,True
9623.068208200013,IDAC2 bracket 254,2,254,2,907325,-94175,-1875.5610475,1754,True
9624.055928999995,IDAC2 bracket 255,2,255,2,907993,-93507,-1862.2573599,1277,True
9625.841656000004,IDAC2 post Newton,2,255,2,908260,-93240,-1856.939868,1583,True
9626.738689199992,IDAC3 base rápida,3,0,4,731048,-270452,-5386.2408964,171,False
9627.722892699996,IDAC3 bracket -1,3,-1,4,731067,-270433,-5385.8624981,171,False
9633.155327299988,IDAC3 sonda -1,3,-1,4,731067,-270433,-5385.8624981,171,False
9634.455090700008,IDAC3 bracket 0,3,0,4,731067,-270433,-5385.8624981,171,False
9636.235761299991,IDAC3 restaurado,3,0,4,731048,-270452,-5386.2408964,209,False
9637.228489900008,IDAC3 bracket 1,3,1,4,731105,-270395,-5385.105701500001,133,False
9639.027922999987,IDAC3 sonda 1,3,1,4,731086,-270414,-5385.4840998,209,False
9640.013177899993,IDAC3 bracket 0,3,0,4,731048,-270452,-5386.2408964,190,False
9645.420657599985,IDAC3 restaurado,3,0,4,731029,-270471,-5386.619294700001,190,False
9646.711529799999,IDAC3 bracket -1,3,-1,4,731086,-270414,-5385.4840998,171,False
9647.717868900014,IDAC3 bracket -2,3,-2,4,731105,-270395,-5385.105701500001,209,False
9649.512537700008,IDAC3 sonda -2,3,-2,4,731067,-270433,-5385.8624981,171,False
9650.499475599994,IDAC3 bracket -1,3,-1,4,731067,-270433,-5385.8624981,114,False
9651.4930284,IDAC3 bracket 0,3,0,4,731067,-270433,-5385.8624981,190,False
9653.273225699988,IDAC3 restaurado,3,0,4,731124,-270376,-5384.7273032,209,False
9654.247578999988,IDAC3 bracket 1,3,1,4,731048,-270452,-5386.2408964,209,False
9655.241497400013,IDAC3 bracket 2,3,2,4,731086,-270414,-5385.4840998,190,False
9657.04158270001,IDAC3 sonda 2,3,2,4,731048,-270452,-5386.2408964,209,False
9658.017926300003,IDAC3 bracket 1,3,1,4,730972,-270528,-5387.7544896,228,False
9659.003738400002,IDAC3 bracket 0,3,0,4,731086,-270414,-5385.4840998,247,False
9660.786905699992,IDAC3 restaurado,3,0,4,731029,-270471,-5386.619294700001,228,False
9665.441916799988,IDAC3 bracket -1,3,-1,4,731010,-270490,-5386.997693,209,False
9666.736043799989,IDAC3 bracket -2,3,-2,4,731048,-270452,-5386.2408964,247,False
9667.71824039999,IDAC3 bracket -3,3,-3,4,730991,-270509,-5387.376091300001,190,False
9668.809488700004,IDAC3 bracket -4,3,-4,4,731010,-270490,-5386.997693,228,False
9670.825311199995,IDAC3 sonda -4,3,-4,4,731010,-270490,-5386.997693,209,False
9671.808431699988,IDAC3 bracket -3,3,-3,4,731010,-270490,-5386.997693,209,False
9672.806180799991,IDAC3 bracket -2,3,-2,4,731067,-270433,-5385.8624981,247,False
9673.795474000013,IDAC3 bracket -1,3,-1,4,731067,-270433,-5385.8624981,209,False
9674.781655500003,IDAC3 bracket 0,3,0,4,731086,-270414,-5385.4840998,209,False
9676.5630885,IDAC3 restaurado,3,0,4,731086,-270414,-5385.4840998,209,False
9677.548941599991,IDAC3 bracket 1,3,1,4,731010,-270490,-5386.997693,209,False
9678.537189099996,IDAC3 bracket 2,3,2,4,731010,-270490,-5386.997693,228,False
9679.52455599999,IDAC3 bracket 3,3,3,4,730991,-270509,-5387.376091300001,247,False
9680.50242850001,IDAC3 bracket 4,3,4,4,731010,-270490,-5386.997693,209,False
9682.291125799995,IDAC3 sonda 4,3,4,4,731067,-270433,-5385.8624981,247,False
9683.271561800007,IDAC3 bracket 3,3,3,4,731067,-270433,-5385.8624981,247,False
9684.263874099997,IDAC3 bracket 2,3,2,4,731048,-270452,-5386.2408964,190,False
9685.249586299993,IDAC3 bracket 1,3,1,4,731105,-270395,-5385.105701500001,171,False
9686.236806,IDAC3 bracket 0,3,0,4,731086,-270414,-5385.4840998,228,False
9688.020275599993,IDAC3 restaurado,3,0,4,731029,-270471,-5386.619294700001,228,False
9689.007214799989,IDAC3 bracket -1,3,-1,4,731048,-270452,-5386.2408964,190,False
9690.000952400005,IDAC3 bracket -2,3,-2,4,730991,-270509,-5387.376091300001,190,False
9690.98709899999,IDAC3 bracket -3,3,-3,4,731029,-270471,-5386.619294700001,228,False
9691.9841074,IDAC3 bracket -4,3,-4,4,731048,-270452,-5386.2408964,267,False
9692.984546199994,IDAC3 bracket -5,3,-5,4,730991,-270509,-5387.376091300001,286,False
9693.971427799988,IDAC3 bracket -6,3,-6,4,730972,-270528,-5387.7544896,152,False
9694.952687200013,IDAC3 bracket -7,3,-7,4,731048,-270452,-5386.2408964,190,False
9695.939613199997,IDAC3 bracket -8,3,-8,4,731067,-270433,-5385.8624981,228,False
9701.409639099991,IDAC3 sonda -8,3,-8,4,731067,-270433,-5385.8624981,228,False
9702.711030800012,IDAC3 bracket -7,3,-7,4,731105,-270395,-5385.105701500001,228,False
9703.716618300008,IDAC3 bracket -6,3,-6,4,731048,-270452,-5386.2408964,228,False
9704.707597900007,IDAC3 bracket -5,3,-5,4,731010,-270490,-5386.997693,171,False
9705.694937099994,IDAC3 bracket -4,3,-4,4,731067,-270433,-5385.8624981,190,False
9706.683302499994,IDAC3 bracket -3,3,-3,4,731086,-270414,-5385.4840998,152,False
9707.671446399996,IDAC3 bracket -2,3,-2,4,731086,-270414,-5385.4840998,190,False
9708.66094239999,IDAC3 bracket -1,3,-1,4,731086,-270414,-5385.4840998,171,False
9709.638975000009,IDAC3 bracket 0,3,0,4,731067,-270433,-5385.8624981,152,False
9711.43606919999,IDAC3 restaurado,3,0,4,731105,-270395,-5385.105701500001,190,False
9712.423331900005,IDAC3 bracket 1,3,1,4,731067,-270433,-5385.8624981,228,False
9713.418345599988,IDAC3 bracket 2,3,2,4,731086,-270414,-5385.4840998,152,False
9714.409259500011,IDAC3 bracket 3,3,3,4,731086,-270414,-5385.4840998,152,False
9719.073037499998,IDAC3 bracket 4,3,4,4,731105,-270395,-5385.105701500001,152,False
9720.367058600008,IDAC3 bracket 5,3,5,4,731105,-270395,-5385.105701500001,171,False
9721.350690899999,IDAC3 bracket 6,3,6,4,731048,-270452,-5386.2408964,209,False
9722.35059029999,IDAC3 bracket 7,3,7,4,731086,-270414,-5385.4840998,171,False
9723.347636499995,IDAC3 bracket 8,3,8,4,731124,-270376,-5384.7273032,190,False
9725.1329653,IDAC3 sonda 8,3,8,4,731105,-270395,-5385.105701500001,171,False
9726.117078999989,IDAC3 bracket 7,3,7,4,731105,-270395,-5385.105701500001,228,False
9727.112601700006,IDAC3 bracket 6,3,6,4,731163,-270337,-5383.9505909,171,False
9728.095805499994,IDAC3 bracket 5,3,5,4,752086,-249414,-4967.254399800001,2784,False
9729.086669300013,IDAC3 bracket 4,3,4,4,793170,-208330,-4149.037781,3223,False
9730.076017299987,IDAC3 bracket 3,3,3,4,823726,-177774,-3540.4936518,3147,False
9731.074035900005,IDAC3 bracket 2,3,2,4,843105,-158395,-3154.5473015000002,2384,False
9732.07145389999,IDAC3 bracket 1,3,1,4,853042,-148458,-2956.6449906000003,2365,False
9733.060639000003,IDAC3 bracket 0,3,0,4,852203,-149297,-2973.3542629,2498,False
9734.843436399999,IDAC3 restaurado,3,0,4,844497,-157003,-3126.8246471,2765,False
9735.831215199985,IDAC3 bracket -1,3,-1,4,835742,-165758,-3301.1866006,2880,False
9736.821314200002,IDAC3 bracket -2,3,-2,4,817985,-183515,-3654.8296855000003,3032,False
9737.809260699985,IDAC3 bracket -3,3,-3,4,791168,-210332,-4188.9090124,2613,False
9738.799251599994,IDAC3 bracket -4,3,-4,4,755748,-245752,-4894.3231064,3471,False
9739.783588599996,IDAC3 bracket -5,3,-5,4,731067,-270433,-5385.8624981,209,False
9740.76948019999,IDAC3 bracket -6,3,-6,4,731086,-270414,-5385.4840998,171,False
9741.757533900003,IDAC3 bracket -7,3,-7,4,731048,-270452,-5386.2408964,228,False
9742.74703279999,IDAC3 bracket -8,3,-8,4,731048,-270452,-5386.2408964,209,False
9743.750652099989,IDAC3 bracket -9,3,-9,4,731067,-270433,-5385.8624981,190,False
9744.728369899996,IDAC3 bracket -10,3,-10,4,731048,-270452,-5386.2408964,209,False
9745.716584699985,IDAC3 bracket -11,3,-11,4,731105,-270395,-5385.105701500001,190,False
9746.707783299993,IDAC3 bracket -12,3,-12,4,731067,-270433,-5385.8624981,171,False
9747.701251199993,IDAC3 bracket -13,3,-13,4,731086,-270414,-5385.4840998,152,False
9752.374466700014,IDAC3 bracket -14,3,-14,4,731010,-270490,-5386.997693,190,False
9753.668234399986,IDAC3 bracket -15,3,-15,4,731086,-270414,-5385.4840998,228,False
9754.670193900005,IDAC3 bracket -16,3,-16,4,731124,-270376,-5384.7273032,190,False
9756.464394200011,IDAC3 sonda -16,3,-16,4,731105,-270395,-5385.105701500001,190,False
9757.447777299996,IDAC3 bracket -15,3,-15,4,731086,-270414,-5385.4840998,190,False
9758.431201300002,IDAC3 bracket -14,3,-14,4,731067,-270433,-5385.8624981,209,False
9763.075529599999,IDAC3 bracket -13,3,-13,4,731067,-270433,-5385.8624981,247,False
9764.388554000005,IDAC3 bracket -12,3,-12,4,731086,-270414,-5385.4840998,247,False
9765.392690100009,IDAC3 bracket -11,3,-11,4,731048,-270452,-5386.2408964,228,False
9766.374643799994,IDAC3 bracket -10,3,-10,4,731067,-270433,-5385.8624981,228,False
9767.360289000004,IDAC3 bracket -9,3,-9,4,731048,-270452,-5386.2408964,190,False
9768.335776699998,IDAC3 bracket -8,3,-8,4,731067,-270433,-5385.8624981,152,False
9771.388897099998,IDAC3 bracket -7,3,-7,4,731105,-270395,-5385.105701500001,190,False
9772.371487099997,IDAC3 bracket -6,3,-6,4,731048,-270452,-5386.2408964,190,False
9773.369588900008,IDAC3 bracket -5,3,-5,4,731048,-270452,-5386.2408964,114,False
9774.354390699998,IDAC3 bracket -4,3,-4,4,731067,-270433,-5385.8624981,152,False
9775.329573199997,IDAC3 bracket -3,3,-3,4,731029,-270471,-5386.619294700001,190,False
9776.317216700001,IDAC3 bracket -2,3,-2,4,731048,-270452,-5386.2408964,228,False
9780.867659100011,IDAC3 bracket -1,3,-1,4,731105,-270395,-5385.105701500001,171,False
9782.158355299995,IDAC3 bracket 0,3,0,4,731067,-270433,-5385.8624981,190,False
9783.938782399986,IDAC3 restaurado,3,0,4,731086,-270414,-5385.4840998,267,False
9784.917913599988,IDAC3 bracket 1,3,1,4,731124,-270376,-5384.7273032,171,False
9785.900211700005,IDAC3 bracket 2,3,2,4,731067,-270433,-5385.8624981,190,False
9786.896849799989,IDAC3 bracket 3,3,3,4,731086,-270414,-5385.4840998,152,False
9789.953134599986,IDAC3 bracket 4,3,4,4,731067,-270433,-5385.8624981,190,False
9790.948262599995,IDAC3 bracket 5,3,5,4,731105,-270395,-5385.105701500001,171,False
9792.039252799994,IDAC3 bracket 6,3,6,4,731048,-270452,-5386.2408964,190,False
9793.033782899991,IDAC3 bracket 7,3,7,4,731124,-270376,-5384.7273032,209,False
9794.010573700012,IDAC3 bracket 8,3,8,4,731124,-270376,-5384.7273032,152,False
9794.992174000014,IDAC3 bracket 9,3,9,4,731143,-270357,-5384.3489049,152,False
9795.973729499994,IDAC3 bracket 10,3,10,4,731105,-270395,-5385.105701500001,190,False
9796.953641700005,IDAC3 bracket 11,3,11,4,731048,-270452,-5386.2408964,171,False
9797.933971299994,IDAC3 bracket 12,3,12,4,731086,-270414,-5385.4840998,190,False
9798.923415700003,IDAC3 bracket 13,3,13,4,837879,-163621,-3258.6267497,4978,False
9799.90045320001,IDAC3 bracket 14,3,14,4,944709,-56791,-1131.0325187,3719,True
9800.879186200007,IDAC3 bracket 15,3,15,4,995674,-5826,-116.0288682,1945,True
9801.861931899999,IDAC3 bracket 16,3,16,4,1044940,43440,865.138008,2365,True
9803.650543199998,IDAC3 sonda 16,3,16,4,1106243,104743,2086.0301651,114,True
9804.624411099998,IDAC3 bracket 15,3,15,4,1106281,104781,2086.7869617,114,True
9805.603647499986,IDAC3 bracket 14,3,14,4,1106281,104781,2086.7869617,133,True
9806.579359099997,IDAC3 bracket 13,3,13,4,1106224,104724,2085.6517668,114,True
9807.570262199995,IDAC3 bracket 12,3,12,4,1106262,104762,2086.4085634000003,95,True
9808.550633700012,IDAC3 bracket 11,3,11,4,1106262,104762,2086.4085634000003,95,True
9809.5301377,IDAC3 bracket 10,3,10,4,1106262,104762,2086.4085634000003,95,True
9814.201625699992,IDAC3 bracket 9,3,9,4,1106262,104762,2086.4085634000003,95,True
9815.492244699999,IDAC3 bracket 8,3,8,4,1106262,104762,2086.4085634000003,95,True
9816.47275310001,IDAC3 bracket 7,3,7,4,1106281,104781,2086.7869617,95,True
9817.663190199994,IDAC3 bracket 6,3,6,4,1106281,104781,2086.7869617,114,True
9818.651073799992,IDAC3 bracket 5,3,5,4,1106262,104762,2086.4085634000003,95,True
9819.630870099994,IDAC3 bracket 4,3,4,4,1106300,104800,2087.16536,95,True
9824.239688400005,IDAC3 bracket 3,3,3,4,1106262,104762,2086.4085634000003,114,True
9825.5390817,IDAC3 bracket 2,3,2,4,1106262,104762,2086.4085634000003,95,True
9826.521770899999,IDAC3 bracket 1,3,1,4,1106224,104724,2085.6517668,95,True
9827.701393700001,IDAC3 bracket 0,3,0,4,1106262,104762,2086.4085634000003,95,True
9829.492423299991,IDAC3 restaurado,3,0,4,1106281,104781,2086.7869617,114,True
9830.47011970001,IDAC3 bracket -1,3,-1,4,1106281,104781,2086.7869617,95,True
9833.523995800002,IDAC3 bracket -2,3,-2,4,1106262,104762,2086.4085634000003,95,True
9834.504887099989,IDAC3 bracket -3,3,-3,4,1106243,104743,2086.0301651,95,True
9835.492216000013,IDAC3 bracket -4,3,-4,4,1106243,104743,2086.0301651,114,True
9836.483123000013,IDAC3 bracket -5,3,-5,4,1106262,104762,2086.4085634000003,133,True
9837.461483499996,IDAC3 bracket -6,3,-6,4,1106262,104762,2086.4085634000003,114,True
9838.441876500001,IDAC3 bracket -7,3,-7,4,1106281,104781,2086.7869617,95,True
9843.015258900006,IDAC3 bracket -8,3,-8,4,1106243,104743,2086.0301651,95,True
9844.299912699993,IDAC3 bracket -9,3,-9,4,1106262,104762,2086.4085634000003,114,True
9845.292335100006,IDAC3 bracket -10,3,-10,4,1106262,104762,2086.4085634000003,95,True
9846.278385399986,IDAC3 bracket -11,3,-11,4,1106243,104743,2086.0301651,95,True
9847.258593700011,IDAC3 bracket -12,3,-12,4,1106224,104724,2085.6517668,95,True
9848.23308060001,IDAC3 bracket -13,3,-13,4,1106262,104762,2086.4085634000003,133,True
9851.30139410001,IDAC3 bracket -14,3,-14,4,1026210,24710,492.11694700000004,2326,True
9852.281318099995,IDAC3 bracket -15,3,-15,4,978527,-22973,-457.52337610000006,2765,True
9853.280494000006,IDAC3 bracket -16,3,-16,4,897712,-103788,-2067.0106716,6618,True
9854.258528900013,IDAC3 bracket -17,3,-17,4,760650,-240850,-4796.696345,7038,False
9855.259549999988,IDAC3 bracket -18,3,-18,4,731086,-270414,-5385.4840998,171,False
9856.240056699986,IDAC3 bracket -19,3,-19,4,731086,-270414,-5385.4840998,152,False
9857.230245399987,IDAC3 bracket -20,3,-20,4,731086,-270414,-5385.4840998,133,False
9858.207625699986,IDAC3 bracket -21,3,-21,4,731086,-270414,-5385.4840998,152,False
9859.211867900012,IDAC3 bracket -22,3,-22,4,731067,-270433,-5385.8624981,152,False
9860.18904550001,IDAC3 bracket -23,3,-23,4,731105,-270395,-5385.105701500001,133,False
9861.169036700012,IDAC3 bracket -24,3,-24,4,731067,-270433,-5385.8624981,114,False
9862.149888199987,IDAC3 bracket -25,3,-25,4,731067,-270433,-5385.8624981,190,False
9863.1282641,IDAC3 bracket -26,3,-26,4,731048,-270452,-5386.2408964,152,False
9864.104240699991,IDAC3 bracket -27,3,-27,4,731048,-270452,-5386.2408964,133,False
9865.089530800004,IDAC3 bracket -28,3,-28,4,731067,-270433,-5385.8624981,133,False
9866.07044879999,IDAC3 bracket -29,3,-29,4,731086,-270414,-5385.4840998,152,False
9867.055612700002,IDAC3 bracket -30,3,-30,4,731086,-270414,-5385.4840998,171,False
9868.0394027,IDAC3 bracket -31,3,-31,4,731105,-270395,-5385.105701500001,133,False
9869.026853599993,IDAC3 bracket -32,3,-32,4,731067,-270433,-5385.8624981,152,False
9870.804304599995,IDAC3 sonda -32,3,-32,4,731086,-270414,-5385.4840998,133,False
9875.511930999986,IDAC3 bracket -31,3,-31,4,731086,-270414,-5385.4840998,133,False
9876.793327399995,IDAC3 bracket -30,3,-30,4,731048,-270452,-5386.2408964,171,False
9877.803027199989,IDAC3 bracket -29,3,-29,4,731048,-270452,-5386.2408964,190,False
9878.79350890001,IDAC3 bracket -28,3,-28,4,731086,-270414,-5385.4840998,171,False
9879.781924899988,IDAC3 bracket -27,3,-27,4,731105,-270395,-5385.105701500001,133,False
9880.756881000008,IDAC3 bracket -26,3,-26,4,731105,-270395,-5385.105701500001,152,False
9885.376462199987,IDAC3 bracket -25,3,-25,4,731086,-270414,-5385.4840998,190,False
9886.667820700008,IDAC3 bracket -24,3,-24,4,731086,-270414,-5385.4840998,152,False
9887.649806500005,IDAC3 bracket -23,3,-23,4,731086,-270414,-5385.4840998,171,False
9888.635463599989,IDAC3 bracket -22,3,-22,4,731029,-270471,-5386.619294700001,152,False
9889.61452209999,IDAC3 bracket -21,3,-21,4,731086,-270414,-5385.4840998,95,False
9890.595568299992,IDAC3 bracket -20,3,-20,4,731086,-270414,-5385.4840998,133,False
9895.152662600012,IDAC3 bracket -19,3,-19,4,731067,-270433,-5385.8624981,114,False
9896.463848199986,IDAC3 bracket -18,3,-18,4,731086,-270414,-5385.4840998,152,False
9897.459678999992,IDAC3 bracket -17,3,-17,4,731067,-270433,-5385.8624981,247,False
9898.441451899998,IDAC3 bracket -16,3,-16,4,731048,-270452,-5386.2408964,152,False
9899.419894099992,IDAC3 bracket -15,3,-15,4,731086,-270414,-5385.4840998,152,False
9900.400043900008,IDAC3 bracket -14,3,-14,4,731067,-270433,-5385.8624981,171,False
9903.465772299998,IDAC3 bracket -13,3,-13,4,731048,-270452,-5386.2408964,190,False
9904.461367300013,IDAC3 bracket -12,3,-12,4,731105,-270395,-5385.105701500001,152,False
9905.441752899991,IDAC3 bracket -11,3,-11,4,731048,-270452,-5386.2408964,171,False
9906.42080620001,IDAC3 bracket -10,3,-10,4,731067,-270433,-5385.8624981,152,False
9907.397009800014,IDAC3 bracket -9,3,-9,4,731048,-270452,-5386.2408964,114,False
9908.408138300001,IDAC3 bracket -8,3,-8,4,731048,-270452,-5386.2408964,133,False
9911.450789900002,IDAC3 bracket -7,3,-7,4,731086,-270414,-5385.4840998,133,False
9912.43038820001,IDAC3 bracket -6,3,-6,4,731029,-270471,-5386.619294700001,171,False
9913.420714100008,IDAC3 bracket -5,3,-5,4,731086,-270414,-5385.4840998,152,False
9914.399268500012,IDAC3 bracket -4,3,-4,4,731067,-270433,-5385.8624981,152,False
9915.378892600012,IDAC3 bracket -3,3,-3,4,731105,-270395,-5385.105701500001,190,False
9916.360877900006,IDAC3 bracket -2,3,-2,4,731086,-270414,-5385.4840998,152,False
9920.935682799987,IDAC3 bracket -1,3,-1,4,731124,-270376,-5384.7273032,171,False
9922.236445899995,IDAC3 bracket 0,3,0,4,731067,-270433,-5385.8624981,133,False
9924.036430100008,IDAC3 restaurado,3,0,4,731105,-270395,-5385.105701500001,152,False
9925.032447400008,IDAC3 bracket 1,3,1,4,731086,-270414,-5385.4840998,190,False
9926.020869400003,IDAC3 bracket 2,3,2,4,731067,-270433,-5385.8624981,171,False
9930.679401800007,IDAC3 bracket 3,3,3,4,731067,-270433,-5385.8624981,171,False
9931.971330900007,IDAC3 bracket 4,3,4,4,731067,-270433,-5385.8624981,114,False
9932.951100300008,IDAC3 bracket 5,3,5,4,731086,-270414,-5385.4840998,190,False
9933.940339199995,IDAC3 bracket 6,3,6,4,731067,-270433,-5385.8624981,171,False
9934.919187399995,IDAC3 bracket 7,3,7,4,731086,-270414,-5385.4840998,171,False
9935.899995099986,IDAC3 bracket 8,3,8,4,731105,-270395,-5385.105701500001,190,False
9940.54053259999,IDAC3 bracket 9,3,9,4,784854,-216646,-4314.6567422,3356,False
9941.821498900012,IDAC3 bracket 10,3,10,4,890407,-111093,-2212.4948601,3356,True
9942.811755200004,IDAC3 bracket 11,3,11,4,959053,-42447,-845.3617179,2021,True
9943.800022599986,IDAC3 bracket 12,3,12,4,997009,-4491,-89.4414087,1678,True
9944.781683999987,IDAC3 bracket 13,3,13,4,1037025,35525,707.5052425,1697,True
9945.764441700012,IDAC3 bracket 14,3,14,4,1079406,77906,1551.5525242,1792,True
9950.345777899987,IDAC3 bracket 15,3,15,4,1106262,104762,2086.4085634000003,114,True
9951.639426600013,IDAC3 bracket 16,3,16,4,1106224,104724,2085.6517668,95,True
9952.618403300003,IDAC3 bracket 17,3,17,4,1106224,104724,2085.6517668,95,True
9953.60398069999,IDAC3 bracket 18,3,18,4,1106262,104762,2086.4085634000003,95,True
9954.583156600012,IDAC3 bracket 19,3,19,4,1106281,104781,2086.7869617,95,True
9955.567080799985,IDAC3 bracket 20,3,20,4,1106224,104724,2085.6517668,95,True
9956.549646300002,IDAC3 bracket 21,3,21,4,1106243,104743,2086.0301651,95,True
9957.531580699986,IDAC3 bracket 22,3,22,4,1106243,104743,2086.0301651,114,True
9958.512321499991,IDAC3 bracket 23,3,23,4,1106262,104762,2086.4085634000003,95,True
9959.50915659999,IDAC3 bracket 24,3,24,4,1106243,104743,2086.0301651,114,True
9960.487753099995,IDAC3 bracket 25,3,25,4,1106243,104743,2086.0301651,114,True
9961.463516299991,IDAC3 bracket 26,3,26,4,1106262,104762,2086.4085634000003,114,True
9962.446512900002,IDAC3 bracket 27,3,27,4,1106281,104781,2086.7869617,114,True
9963.425286200014,IDAC3 bracket 28,3,28,4,1106281,104781,2086.7869617,114,True
9964.412037700007,IDAC3 bracket 29,3,29,4,1106262,104762,2086.4085634000003,114,True
9965.398470799992,IDAC3 bracket 30,3,30,4,1106300,104800,2087.16536,95,True
9966.37642429999,IDAC3 bracket 31,3,31,4,1106262,104762,2086.4085634000003,95,True
9967.361624799989,IDAC3 bracket 32,3,32,4,1106262,104762,2086.4085634000003,114,True
9969.14560270001,IDAC3 sonda 32,3,32,4,1106262,104762,2086.4085634000003,114,True
9970.134751500009,IDAC3 bracket 31,3,31,4,1106243,104743,2086.0301651,95,True
9971.115442500013,IDAC3 bracket 30,3,30,4,1106262,104762,2086.4085634000003,95,True
9972.102756500011,IDAC3 bracket 29,3,29,4,1106262,104762,2086.4085634000003,95,True
9973.0813011,IDAC3 bracket 28,3,28,4,1106243,104743,2086.0301651,133,True
9974.066256899998,IDAC3 bracket 27,3,27,4,1106243,104743,2086.0301651,95,True
9975.048328000004,IDAC3 bracket 26,3,26,4,1106281,104781,2086.7869617,133,True
9976.029841999989,IDAC3 bracket 25,3,25,4,1106262,104762,2086.4085634000003,114,True
9977.01411009999,IDAC3 bracket 24,3,24,4,1106281,104781,2086.7869617,114,True
9977.995658600004,IDAC3 bracket 23,3,23,4,1106300,104800,2087.16536,95,True
9982.566953300004,IDAC3 bracket 22,3,22,4,1106243,104743,2086.0301651,114,True
9983.844073999993,IDAC3 bracket 21,3,21,4,1106262,104762,2086.4085634000003,95,True
9984.830590800004,IDAC3 bracket 20,3,20,4,1106224,104724,2085.6517668,95,True
9985.914662199997,IDAC3 bracket 19,3,19,4,1106262,104762,2086.4085634000003,114,True
9986.901962300006,IDAC3 bracket 18,3,18,4,1106243,104743,2086.0301651,114,True
9987.88881569999,IDAC3 bracket 17,3,17,4,1106281,104781,2086.7869617,114,True
9988.871792399994,IDAC3 bracket 16,3,16,4,1106262,104762,2086.4085634000003,95,True
9989.85247859999,IDAC3 bracket 15,3,15,4,1106281,104781,2086.7869617,95,True
9990.837118099997,IDAC3 bracket 14,3,14,4,1106281,104781,2086.7869617,133,True
9991.818173999985,IDAC3 bracket 13,3,13,4,1106281,104781,2086.7869617,114,True
9992.802615699999,IDAC3 bracket 12,3,12,4,1106262,104762,2086.4085634000003,114,True
9993.784863500012,IDAC3 bracket 11,3,11,4,1106262,104762,2086.4085634000003,95,True
9994.760696699988,IDAC3 bracket 10,3,10,4,1106281,104781,2086.7869617,114,True
9995.740391700005,IDAC3 bracket 9,3,9,4,1106281,104781,2086.7869617,114,True
9996.719964899996,IDAC3 bracket 8,3,8,4,1106262,104762,2086.4085634000003,133,True
9997.698184400011,IDAC3 bracket 7,3,7,4,1106262,104762,2086.4085634000003,133,True
9998.678439999989,IDAC3 bracket 6,3,6,4,1106262,104762,2086.4085634000003,114,True
9999.664822499995,IDAC3 bracket 5,3,5,4,1106243,104743,2086.0301651,114,True
10000.64937910001,IDAC3 bracket 4,3,4,4,1106262,104762,2086.4085634000003,95,True
10001.646322899993,IDAC3 bracket 3,3,3,4,1106262,104762,2086.4085634000003,95,True
10006.28050590001,IDAC3 bracket 2,3,2,4,1106262,104762,2086.4085634000003,95,True
10007.564523000008,IDAC3 bracket 1,3,1,4,1106262,104762,2086.4085634000003,114,True
10008.585350999987,IDAC3 bracket 0,3,0,4,1106243,104743,2086.0301651,95,True
10010.431113500003,IDAC3 restaurado,3,0,4,1106262,104762,2086.4085634000003,95,True
10011.423677000013,IDAC3 bracket -1,3,-1,4,1106262,104762,2086.4085634000003,114,True
10012.410045700002,IDAC3 bracket -2,3,-2,4,1106224,104724,2085.6517668,95,True
10013.394209999999,IDAC3 bracket -3,3,-3,4,1106262,104762,2086.4085634000003,114,True
10014.376320400013,IDAC3 bracket -4,3,-4,4,1106281,104781,2086.7869617,95,True
10015.369360799988,IDAC3 bracket -5,3,-5,4,1106262,104762,2086.4085634000003,114,True
10016.352205500007,IDAC3 bracket -6,3,-6,4,1106262,104762,2086.4085634000003,114,True
10017.333863900014,IDAC3 bracket -7,3,-7,4,1106262,104762,2086.4085634000003,114,True
10018.322099799989,IDAC3 bracket -8,3,-8,4,1106262,104762,2086.4085634000003,133,True
10019.31615269999,IDAC3 bracket -9,3,-9,4,1106262,104762,2086.4085634000003,95,True
10023.98603140001,IDAC3 bracket -10,3,-10,4,1106281,104781,2086.7869617,133,True
10025.263422499993,IDAC3 bracket -11,3,-11,4,1106262,104762,2086.4085634000003,76,True
10026.252179200004,IDAC3 bracket -12,3,-12,4,1106281,104781,2086.7869617,114,True
10027.250351099996,IDAC3 bracket -13,3,-13,4,1106262,104762,2086.4085634000003,114,True
10028.233237600012,IDAC3 bracket -14,3,-14,4,1106243,104743,2086.0301651,114,True
10029.213242400001,IDAC3 bracket -15,3,-15,4,1106262,104762,2086.4085634000003,133,True
10030.232771300012,IDAC3 bracket -16,3,-16,4,1106281,104781,2086.7869617,114,True
10031.216614600009,IDAC3 bracket -17,3,-17,4,1106281,104781,2086.7869617,114,True
10032.191334600007,IDAC3 bracket -18,3,-18,4,1106243,104743,2086.0301651,114,True
10033.174660699995,IDAC3 bracket -19,3,-19,4,1072902,71402,1422.0208114,2670,True
10034.154696000012,IDAC3 bracket -20,3,-20,4,1009902,8402,167.3317114,3356,True
10035.134434000007,IDAC3 bracket -21,3,-21,4,935249,-66251,-1319.4350407,6237,True
10036.119348200009,IDAC3 bracket -22,3,-22,4,761528,-239972,-4779.2103604,8220,False
10037.102572600008,IDAC3 bracket -23,3,-23,4,731067,-270433,-5385.8624981,190,False
10038.084508700005,IDAC3 bracket -24,3,-24,4,731124,-270376,-5384.7273032,152,False
10039.067509699991,IDAC3 bracket -25,3,-25,4,731029,-270471,-5386.619294700001,228,False
10040.055250100006,IDAC3 bracket -26,3,-26,4,731105,-270395,-5385.105701500001,190,False
10041.040961299994,IDAC3 bracket -27,3,-27,4,731124,-270376,-5384.7273032,190,False
10042.025604199996,IDAC3 bracket -28,3,-28,4,731124,-270376,-5384.7273032,190,False
10043.016248900007,IDAC3 bracket -29,3,-29,4,731124,-270376,-5384.7273032,209,False
10043.996574999997,IDAC3 bracket -30,3,-30,4,731105,-270395,-5385.105701500001,190,False
10044.979984300007,IDAC3 bracket -31,3,-31,4,731124,-270376,-5384.7273032,228,False
10045.960569699993,IDAC3 bracket -32,3,-32,4,731086,-270414,-5385.4840998,190,False
10046.957175899995,IDAC3 bracket -33,3,-33,4,731105,-270395,-5385.105701500001,209,False
10047.937901500001,IDAC3 bracket -34,3,-34,4,731124,-270376,-5384.7273032,190,False
10048.917107699992,IDAC3 bracket -35,3,-35,4,731086,-270414,-5385.4840998,209,False
10049.900168299995,IDAC3 bracket -36,3,-36,4,731086,-270414,-5385.4840998,209,False
10050.8915385,IDAC3 bracket -37,3,-37,4,731124,-270376,-5384.7273032,228,False
10055.446357799985,IDAC3 bracket -38,3,-38,4,731048,-270452,-5386.2408964,190,False
10056.773102800013,IDAC3 bracket -39,3,-39,4,731105,-270395,-5385.105701500001,209,False
10057.784964999999,IDAC3 bracket -40,3,-40,4,731124,-270376,-5384.7273032,152,False
10058.768880399992,IDAC3 bracket -41,3,-41,4,731105,-270395,-5385.105701500001,228,False
10059.75791429999,IDAC3 bracket -42,3,-42,4,731163,-270337,-5383.9505909,209,False
10064.411923100008,IDAC3 bracket -43,3,-43,4,731086,-270414,-5385.4840998,209,False
10065.704335899994,IDAC3 bracket -44,3,-44,4,731105,-270395,-5385.105701500001,228,False
10066.710819700005,IDAC3 bracket -45,3,-45,4,731105,-270395,-5385.105701500001,228,False
10067.698147999996,IDAC3 bracket -46,3,-46,4,731067,-270433,-5385.8624981,209,False
10068.684165000013,IDAC3 bracket -47,3,-47,4,731086,-270414,-5385.4840998,267,False
10069.6876644,IDAC3 bracket -48,3,-48,4,731086,-270414,-5385.4840998,190,False
10070.672030599992,IDAC3 bracket -49,3,-49,4,731086,-270414,-5385.4840998,228,False
10071.654679500003,IDAC3 bracket -50,3,-50,4,731048,-270452,-5386.2408964,228,False
10072.631782100012,IDAC3 bracket -51,3,-51,4,731086,-270414,-5385.4840998,209,False
10073.623782899987,IDAC3 bracket -52,3,-52,4,731067,-270433,-5385.8624981,209,False
10074.608133700007,IDAC3 bracket -53,3,-53,4,731086,-270414,-5385.4840998,247,False
10075.587097499985,IDAC3 bracket -54,3,-54,4,731086,-270414,-5385.4840998,209,False
10076.57087689999,IDAC3 bracket -55,3,-55,4,731105,-270395,-5385.105701500001,190,False
10077.634021200007,IDAC3 bracket -56,3,-56,4,731105,-270395,-5385.105701500001,209,False
10080.68544870001,IDAC3 bracket -57,3,-57,4,731086,-270414,-5385.4840998,171,False
10081.66905930001,IDAC3 bracket -58,3,-58,4,731048,-270452,-5386.2408964,209,False
10082.659749000013,IDAC3 bracket -59,3,-59,4,731029,-270471,-5386.619294700001,190,False
10083.642220300011,IDAC3 bracket -60,3,-60,4,731067,-270433,-5385.8624981,209,False
10084.631299200002,IDAC3 bracket -61,3,-61,4,731067,-270433,-5385.8624981,190,False
10085.614099600003,IDAC3 bracket -62,3,-62,4,730991,-270509,-5387.376091300001,171,False
10086.598920499993,IDAC3 bracket -63,3,-63,4,731086,-270414,-5385.4840998,190,False
10087.575793900003,IDAC3 bracket -64,3,-64,4,731029,-270471,-5386.619294700001,133,False
10089.367543300003,IDAC3 sonda -64,3,-64,4,731048,-270452,-5386.2408964,190,False
10090.350389600004,IDAC3 bracket -63,3,-63,4,731029,-270471,-5386.619294700001,190,False
10091.3405126,IDAC3 bracket -62,3,-62,4,731067,-270433,-5385.8624981,171,False
10092.320381700003,IDAC3 bracket -61,3,-61,4,731048,-270452,-5386.2408964,247,False
10093.298130500014,IDAC3 bracket -60,3,-60,4,731029,-270471,-5386.619294700001,247,False
10097.917653799988,IDAC3 bracket -59,3,-59,4,731029,-270471,-5386.619294700001,209,False
10099.210330500006,IDAC3 bracket -58,3,-58,4,731105,-270395,-5385.105701500001,209,False
10100.201539100002,IDAC3 bracket -57,3,-57,4,731048,-270452,-5386.2408964,228,False
10101.189737400011,IDAC3 bracket -56,3,-56,4,731048,-270452,-5386.2408964,228,False
10102.175543199992,IDAC3 bracket -55,3,-55,4,731048,-270452,-5386.2408964,228,False
10103.155852700002,IDAC3 bracket -54,3,-54,4,731086,-270414,-5385.4840998,152,False
10104.135249999992,IDAC3 bracket -53,3,-53,4,731048,-270452,-5386.2408964,190,False
10105.131203600002,IDAC3 bracket -52,3,-52,4,731048,-270452,-5386.2408964,209,False
10106.115830299997,IDAC3 bracket -51,3,-51,4,731010,-270490,-5386.997693,228,False
10107.103941799985,IDAC3 bracket -50,3,-50,4,731010,-270490,-5386.997693,152,False
10108.082712000003,IDAC3 bracket -49,3,-49,4,730972,-270528,-5387.7544896,209,False
10109.06261329999,IDAC3 bracket -48,3,-48,4,730991,-270509,-5387.376091300001,209,False
10110.047819800006,IDAC3 bracket -47,3,-47,4,731029,-270471,-5386.619294700001,190,False
10111.028542099986,IDAC3 bracket -46,3,-46,4,731029,-270471,-5386.619294700001,133,False
10114.090790599992,IDAC3 bracket -45,3,-45,4,731048,-270452,-5386.2408964,171,False
10115.075913500012,IDAC3 bracket -44,3,-44,4,731010,-270490,-5386.997693,190,False
10116.063141799998,IDAC3 bracket -43,3,-43,4,731067,-270433,-5385.8624981,152,False
10117.054490400013,IDAC3 bracket -42,3,-42,4,731048,-270452,-5386.2408964,171,False
10118.033067300013,IDAC3 bracket -41,3,-41,4,731010,-270490,-5386.997693,171,False
10119.016514099989,IDAC3 bracket -40,3,-40,4,731067,-270433,-5385.8624981,152,False
10123.587972500012,IDAC3 bracket -39,3,-39,4,731048,-270452,-5386.2408964,152,False
10124.866777799994,IDAC3 bracket -38,3,-38,4,731029,-270471,-5386.619294700001,133,False
10125.85287229999,IDAC3 bracket -37,3,-37,4,731067,-270433,-5385.8624981,152,False
10126.840160199994,IDAC3 bracket -36,3,-36,4,730991,-270509,-5387.376091300001,247,False
10127.821232799994,IDAC3 bracket -35,3,-35,4,731010,-270490,-5386.997693,190,False
10128.810722900002,IDAC3 bracket -34,3,-34,4,731067,-270433,-5385.8624981,152,False
10129.797775399988,IDAC3 bracket -33,3,-33,4,731029,-270471,-5386.619294700001,209,False
10130.781329799996,IDAC3 bracket -32,3,-32,4,731048,-270452,-5386.2408964,171,False
10131.763717599999,IDAC3 bracket -31,3,-31,4,731010,-270490,-5386.997693,209,False
10132.752031100012,IDAC3 bracket -30,3,-30,4,731048,-270452,-5386.2408964,209,False
10133.731723000004,IDAC3 bracket -29,3,-29,4,731029,-270471,-5386.619294700001,190,False
10134.713796900003,IDAC3 bracket -28,3,-28,4,731029,-270471,-5386.619294700001,209,False
10135.702234600001,IDAC3 bracket -27,3,-27,4,731029,-270471,-5386.619294700001,209,False
10140.276341999997,IDAC3 bracket -26,3,-26,4,731010,-270490,-5386.997693,209,False
10141.58585090001,IDAC3 bracket -25,3,-25,4,731067,-270433,-5385.8624981,171,False
10142.596806199988,IDAC3 bracket -24,3,-24,4,731067,-270433,-5385.8624981,190,False
10143.582423799991,IDAC3 bracket -23,3,-23,4,730991,-270509,-5387.376091300001,190,False
10144.575868199987,IDAC3 bracket -22,3,-22,4,730991,-270509,-5387.376091300001,190,False
10145.555701500009,IDAC3 bracket -21,3,-21,4,731067,-270433,-5385.8624981,209,False
10148.666754800011,IDAC3 bracket -20,3,-20,4,731029,-270471,-5386.619294700001,209,False
10149.649156900006,IDAC3 bracket -19,3,-19,4,731048,-270452,-5386.2408964,171,False
10150.642316699988,IDAC3 bracket -18,3,-18,4,731010,-270490,-5386.997693,228,False
10151.626767300011,IDAC3 bracket -17,3,-17,4,730972,-270528,-5387.7544896,171,False
10152.608637800004,IDAC3 bracket -16,3,-16,4,730991,-270509,-5387.376091300001,190,False
10153.600232700002,IDAC3 bracket -15,3,-15,4,730991,-270509,-5387.376091300001,190,False
10154.581071699999,IDAC3 bracket -14,3,-14,4,731029,-270471,-5386.619294700001,152,False
10155.559196499991,IDAC3 bracket -13,3,-13,4,730972,-270528,-5387.7544896,209,False
10156.550194999989,IDAC3 bracket -12,3,-12,4,731029,-270471,-5386.619294700001,171,False
10157.531689399999,IDAC3 bracket -11,3,-11,4,731067,-270433,-5385.8624981,114,False
10158.511705100012,IDAC3 bracket -10,3,-10,4,731029,-270471,-5386.619294700001,247,False
10159.491759600001,IDAC3 bracket -9,3,-9,4,731048,-270452,-5386.2408964,171,False
10160.475815399986,IDAC3 bracket -8,3,-8,4,731048,-270452,-5386.2408964,171,False
10161.461356399988,IDAC3 bracket -7,3,-7,4,731067,-270433,-5385.8624981,171,False
10162.446564999991,IDAC3 bracket -6,3,-6,4,730991,-270509,-5387.376091300001,228,False
10163.432292100013,IDAC3 bracket -5,3,-5,4,730972,-270528,-5387.7544896,209,False
10164.4116279,IDAC3 bracket -4,3,-4,4,731029,-270471,-5386.619294700001,171,False
10165.39948220001,IDAC3 bracket -3,3,-3,4,731067,-270433,-5385.8624981,133,False
10166.380780100008,IDAC3 bracket -2,3,-2,4,731067,-270433,-5385.8624981,152,False
10167.360100199992,IDAC3 bracket -1,3,-1,4,731029,-270471,-5386.619294700001,209,False
10168.345420700003,IDAC3 bracket 0,3,0,4,731086,-270414,-5385.4840998,190,False
10170.124527899985,IDAC3 restaurado,3,0,4,731010,-270490,-5386.997693,190,False
10171.109037799994,IDAC3 bracket 1,3,1,4,731067,-270433,-5385.8624981,209,False
10172.095449399989,IDAC3 bracket 2,3,2,4,731048,-270452,-5386.2408964,171,False
10173.08185419999,IDAC3 bracket 3,3,3,4,730953,-270547,-5388.1328879,190,False
10174.066499000008,IDAC3 bracket 4,3,4,4,731029,-270471,-5386.619294700001,190,False
10175.059046600014,IDAC3 bracket 5,3,5,4,730972,-270528,-5387.7544896,171,False
10176.043499699997,IDAC3 bracket 6,3,6,4,731029,-270471,-5386.619294700001,171,False
10177.045436699991,IDAC3 bracket 7,3,7,4,731048,-270452,-5386.2408964,209,False
10178.024964699987,IDAC3 bracket 8,3,8,4,731010,-270490,-5386.997693,190,False
10179.010361599998,IDAC3 bracket 9,3,9,4,731010,-270490,-5386.997693,171,False
10179.98931949999,IDAC3 bracket 10,3,10,4,730991,-270509,-5387.376091300001,228,False
10180.972717800003,IDAC3 bracket 11,3,11,4,731029,-270471,-5386.619294700001,209,False
10181.962896599987,IDAC3 bracket 12,3,12,4,731029,-270471,-5386.619294700001,228,False
10182.956962800003,IDAC3 bracket 13,3,13,4,776576,-224924,-4479.5189068,5016,False
10183.940921500005,IDAC3 bracket 14,3,14,4,895519,-105981,-2110.6858017000004,4863,True
10184.926555299986,IDAC3 bracket 15,3,15,4,974311,-27189,-541.4879673,1850,True
10185.910255499999,IDAC3 bracket 16,3,16,4,1024112,22612,450.33380840000007,1983,True
10186.904954099999,IDAC3 bracket 17,3,17,4,1076622,75122,1496.1072154,2384,True
10187.890790400008,IDAC3 bracket 18,3,18,4,1106243,104743,2086.0301651,114,True
10188.875516400003,IDAC3 bracket 19,3,19,4,1106262,104762,2086.4085634000003,133,True
10189.864016900014,IDAC3 bracket 20,3,20,4,1106224,104724,2085.6517668,95,True
10194.529037700006,IDAC3 bracket 21,3,21,4,1106243,104743,2086.0301651,95,True
10195.817172699986,IDAC3 bracket 22,3,22,4,1106243,104743,2086.0301651,114,True
10196.804692300007,IDAC3 bracket 23,3,23,4,1106262,104762,2086.4085634000003,95,True
10197.790615000005,IDAC3 bracket 24,3,24,4,1106243,104743,2086.0301651,76,True
10198.77563399999,IDAC3 bracket 25,3,25,4,1106243,104743,2086.0301651,95,True
10199.75776909999,IDAC3 bracket 26,3,26,4,1106262,104762,2086.4085634000003,114,True
10200.7456465,IDAC3 bracket 27,3,27,4,1106243,104743,2086.0301651,95,True
10201.727488100005,IDAC3 bracket 28,3,28,4,1106243,104743,2086.0301651,114,True
10202.719035499991,IDAC3 bracket 29,3,29,4,1106224,104724,2085.6517668,95,True
10203.706874099997,IDAC3 bracket 30,3,30,4,1106262,104762,2086.4085634000003,114,True
10204.690759799996,IDAC3 bracket 31,3,31,4,1106262,104762,2086.4085634000003,114,True
10205.670871799986,IDAC3 bracket 32,3,32,4,1106224,104724,2085.6517668,95,True
10206.672545700014,IDAC3 bracket 33,3,33,4,1106243,104743,2086.0301651,114,True
10207.655944500002,IDAC3 bracket 34,3,34,4,1106243,104743,2086.0301651,114,True
10208.637990799994,IDAC3 bracket 35,3,35,4,1106243,104743,2086.0301651,133,True
10209.6244458,IDAC3 bracket 36,3,36,4,1106262,104762,2086.4085634000003,114,True
10210.610742599994,IDAC3 bracket 37,3,37,4,1106243,104743,2086.0301651,114,True
10211.59883219999,IDAC3 bracket 38,3,38,4,1106281,104781,2086.7869617,114,True
10212.585353000002,IDAC3 bracket 39,3,39,4,1106262,104762,2086.4085634000003,114,True
10213.567782600003,IDAC3 bracket 40,3,40,4,1106262,104762,2086.4085634000003,95,True
10214.55223609999,IDAC3 bracket 41,3,41,4,1106243,104743,2086.0301651,114,True
10217.62468919999,IDAC3 bracket 42,3,42,4,1106204,104704,2085.2534528,133,True
10218.606362999999,IDAC3 bracket 43,3,43,4,1106300,104800,2087.16536,114,True
10219.595936700003,IDAC3 bracket 44,3,44,4,1106243,104743,2086.0301651,152,True
10220.580188599997,IDAC3 bracket 45,3,45,4,1106243,104743,2086.0301651,114,True
10221.571603499993,IDAC3 bracket 46,3,46,4,1106281,104781,2086.7869617,114,True
10222.554783,IDAC3 bracket 47,3,47,4,1106224,104724,2085.6517668,114,True
10223.538472099986,IDAC3 bracket 48,3,48,4,1106224,104724,2085.6517668,114,True
10224.523349199997,IDAC3 bracket 49,3,49,4,1106243,104743,2086.0301651,95,True
10225.520595999988,IDAC3 bracket 50,3,50,4,1106262,104762,2086.4085634000003,133,True
10226.50786079999,IDAC3 bracket 51,3,51,4,1106262,104762,2086.4085634000003,114,True
10227.502664200001,IDAC3 bracket 52,3,52,4,1106262,104762,2086.4085634000003,133,True
10228.489921400003,IDAC3 bracket 53,3,53,4,1106243,104743,2086.0301651,95,True
10229.483987199987,IDAC3 bracket 54,3,54,4,1106262,104762,2086.4085634000003,133,True
10230.47330079999,IDAC3 bracket 55,3,55,4,1106262,104762,2086.4085634000003,133,True
10231.461209900008,IDAC3 bracket 56,3,56,4,1106262,104762,2086.4085634000003,114,True
10232.449797500012,IDAC3 bracket 57,3,57,4,1106243,104743,2086.0301651,114,True
10233.443692,IDAC3 bracket 58,3,58,4,1106262,104762,2086.4085634000003,133,True
10234.43049150001,IDAC3 bracket 59,3,59,4,1106262,104762,2086.4085634000003,114,True
10235.4123694,IDAC3 bracket 60,3,60,4,1106281,104781,2086.7869617,114,True
10236.399904599995,IDAC3 bracket 61,3,61,4,1106262,104762,2086.4085634000003,114,True
10241.086391899997,IDAC3 bracket 62,3,62,4,1106224,104724,2085.6517668,95,True
10242.379246600001,IDAC3 bracket 63,3,63,4,1106262,104762,2086.4085634000003,114,True
10243.381898199994,IDAC3 bracket 64,3,64,4,1106224,104724,2085.6517668,133,True
10245.183249599999,IDAC3 sonda 64,3,64,4,1106224,104724,2085.6517668,114,True
10246.173159800004,IDAC3 bracket 63,3,63,4,1106224,104724,2085.6517668,133,True
10247.16393390001,IDAC3 bracket 62,3,62,4,1106262,104762,2086.4085634000003,114,True
10251.780566000001,IDAC3 bracket 61,3,61,4,1106243,104743,2086.0301651,152,True
10253.083206799987,IDAC3 bracket 60,3,60,4,1106262,104762,2086.4085634000003,114,True
10254.100411299994,IDAC3 bracket 59,3,59,4,1106224,104724,2085.6517668,114,True
10255.094374600012,IDAC3 bracket 58,3,58,4,1106262,104762,2086.4085634000003,114,True
10256.3025623,IDAC3 bracket 57,3,57,4,1106243,104743,2086.0301651,133,True
10257.299854799989,IDAC3 bracket 56,3,56,4,1106243,104743,2086.0301651,95,True
10258.291291300004,IDAC3 bracket 55,3,55,4,1106243,104743,2086.0301651,114,True
10259.277567200013,IDAC3 bracket 54,3,54,4,1106243,104743,2086.0301651,114,True
10260.268849299988,IDAC3 bracket 53,3,53,4,1106262,104762,2086.4085634000003,95,True
10261.250579099986,IDAC3 bracket 52,3,52,4,1106224,104724,2085.6517668,114,True
10262.240519399988,IDAC3 bracket 51,3,51,4,1106224,104724,2085.6517668,133,True
10263.235380800004,IDAC3 bracket 50,3,50,4,1106243,104743,2086.0301651,95,True
10264.222371799988,IDAC3 bracket 49,3,49,4,1106224,104724,2085.6517668,95,True
10265.206584400003,IDAC3 bracket 48,3,48,4,1106224,104724,2085.6517668,114,True
10266.194059900008,IDAC3 bracket 47,3,47,4,1106224,104724,2085.6517668,114,True
10267.199844999996,IDAC3 bracket 46,3,46,4,1106243,104743,2086.0301651,114,True
10268.18085969999,IDAC3 bracket 45,3,45,4,1106243,104743,2086.0301651,133,True
10269.166210900003,IDAC3 bracket 44,3,44,4,1106243,104743,2086.0301651,114,True
10270.149956700014,IDAC3 bracket 43,3,43,4,1106243,104743,2086.0301651,114,True
10271.136134200002,IDAC3 bracket 42,3,42,4,1106243,104743,2086.0301651,95,True
10272.130162899994,IDAC3 bracket 41,3,41,4,1106224,104724,2085.6517668,152,True
10273.1123218,IDAC3 bracket 40,3,40,4,1106262,104762,2086.4085634000003,133,True
10274.098518399987,IDAC3 bracket 39,3,39,4,1106243,104743,2086.0301651,133,True
10275.206078499992,IDAC3 bracket 38,3,38,4,1106243,104743,2086.0301651,114,True
10276.222386999987,IDAC3 bracket 37,3,37,4,1106243,104743,2086.0301651,133,True
10277.20689609999,IDAC3 bracket 36,3,36,4,1106243,104743,2086.0301651,114,True
10278.195598999999,IDAC3 bracket 35,3,35,4,1106243,104743,2086.0301651,152,True
10279.18856770001,IDAC3 bracket 34,3,34,4,1106262,104762,2086.4085634000003,114,True
10282.264660199988,IDAC3 bracket 33,3,33,4,1106243,104743,2086.0301651,114,True
10283.258306600008,IDAC3 bracket 32,3,32,4,1106262,104762,2086.4085634000003,114,True
10284.261602399987,IDAC3 bracket 31,3,31,4,1106262,104762,2086.4085634000003,114,True
10285.258183500002,IDAC3 bracket 30,3,30,4,1106224,104724,2085.6517668,114,True
10286.250695399998,IDAC3 bracket 29,3,29,4,1106262,104762,2086.4085634000003,114,True
10287.240817599988,IDAC3 bracket 28,3,28,4,1106262,104762,2086.4085634000003,95,True
10291.819077599997,IDAC3 bracket 27,3,27,4,1106262,104762,2086.4085634000003,133,True
10293.126411200006,IDAC3 bracket 26,3,26,4,1106262,104762,2086.4085634000003,95,True
10294.144725899998,IDAC3 bracket 25,3,25,4,1106281,104781,2086.7869617,114,True
10295.132114800013,IDAC3 bracket 24,3,24,4,1106281,104781,2086.7869617,114,True
10296.12848459999,IDAC3 bracket 23,3,23,4,1106262,104762,2086.4085634000003,133,True
10300.810553799995,IDAC3 bracket 22,3,22,4,1106300,104800,2087.16536,133,True
10302.100808899995,IDAC3 bracket 21,3,21,4,1106281,104781,2086.7869617,114,True
10303.090366599994,IDAC3 bracket 20,3,20,4,1106281,104781,2086.7869617,133,True
10304.103598699992,IDAC3 bracket 19,3,19,4,1106319,104819,2087.5437583000003,133,True
10305.099924600014,IDAC3 bracket 18,3,18,4,1106300,104800,2087.16536,114,True
10306.086074899998,IDAC3 bracket 17,3,17,4,1106319,104819,2087.5437583000003,133,True
10307.07508509999,IDAC3 bracket 16,3,16,4,1106281,104781,2086.7869617,133,True
10308.066751200007,IDAC3 bracket 15,3,15,4,1106262,104762,2086.4085634000003,114,True
10309.049482000002,IDAC3 bracket 14,3,14,4,1106262,104762,2086.4085634000003,133,True
10310.051215999993,IDAC3 bracket 13,3,13,4,1106243,104743,2086.0301651,95,True
10311.046371600009,IDAC3 bracket 12,3,12,4,1106224,104724,2085.6517668,76,True
10312.031732600008,IDAC3 bracket 11,3,11,4,1106262,104762,2086.4085634000003,114,True
10313.019598999992,IDAC3 bracket 10,3,10,4,1106262,104762,2086.4085634000003,95,True
10314.00595369999,IDAC3 bracket 9,3,9,4,1106281,104781,2086.7869617,114,True
10317.070632499992,IDAC3 bracket 8,3,8,4,1106281,104781,2086.7869617,133,True
10318.059403899999,IDAC3 bracket 7,3,7,4,1106262,104762,2086.4085634000003,95,True
10319.05192659999,IDAC3 bracket 6,3,6,4,1106262,104762,2086.4085634000003,114,True
10320.035885299993,IDAC3 bracket 5,3,5,4,1106262,104762,2086.4085634000003,95,True
10321.01849670001,IDAC3 bracket 4,3,4,4,1106281,104781,2086.7869617,95,True
10322.007769999997,IDAC3 bracket 3,3,3,4,1106281,104781,2086.7869617,114,True
10325.061357900006,IDAC3 bracket 2,3,2,4,1106300,104800,2087.16536,95,True
10326.05600750001,IDAC3 bracket 1,3,1,4,1106300,104800,2087.16536,95,True
10327.054682799993,IDAC3 bracket 0,3,0,4,1106300,104800,2087.16536,133,True
