gain,strategy,pass,event_index,at,kind,message,codes,tau_s,channel,error_uv,pp_uv,spread_uv,data_json
24,coupled,False,0,2026-09-08T13:23:40,gain_start,"
Autocalibrando x24 desde cero (coupled)","[3, -45, 0, 0]",,,,,,"{""at"":""2026-09-08T13:23:40"",""kind"":""gain_start"",""message"":""\nAutocalibrando x24 desde cero (coupled)""}"
24,coupled,False,1,2026-09-08T13:24:52,observation,    estado neutro: PGAgain=-14.4mV BPo=+0.8mV OPA_SUMo=+48.1mV SUMo=+47.8mV LPo=-257.5mV,"[0, 0, 0, 0]",,0,-14397,1239,649,"{""at"":""2026-09-08T13:24:52"",""kind"":""observation"",""message"":""    estado neutro: PGAgain=-14.4mV BPo=+0.8mV OPA_SUMo=+48.1mV SUMo=+47.8mV LPo=-257.5mV"",""label"":""estado neutro"",""observation"":{""errors_uv"":{""0"":-14397,""1"":804,""2"":48069,""3"":47782,""4"":-257470},""pp_uv"":{""0"":1239,""1"":2975,""2"":629,""3"":648,""4"":95},""spread_uv"":{""0"":649,""1"":134,""2"":763,""3"":801,""4"":19},""samples"":[{""0"":{""mean_uv"":985145,""error_uv"":-14855,""pp_uv"":1487},""1"":{""mean_uv"":1000804,""error_uv"":804,""pp_uv"":2975},""2"":{""mean_uv"":1047630,""error_uv"":47630,""pp_uv"":438},""3"":{""mean_uv"":1047363,""error_uv"":47363,""pp_uv"":724},""4"":{""mean_uv"":742530,""error_uv"":-257470,""pp_uv"":133}},{""0"":{""mean_uv"":985603,""error_uv"":-14397,""pp_uv"":1239},""1"":{""mean_uv"":1000919,""error_uv"":919,""pp_uv"":3070},""2"":{""mean_uv"":1048069,""error_uv"":48069,""pp_uv"":648},""3"":{""mean_uv"":1047782,""error_uv"":47782,""pp_uv"":534},""4"":{""mean_uv"":742511,""error_uv"":-257489,""pp_uv"":95}},{""0"":{""mean_uv"":985794,""error_uv"":-14206,""pp_uv"":1144},""1"":{""mean_uv"":1000785,""error_uv"":785,""pp_uv"":2841},""2"":{""mean_uv"":1048393,""error_uv"":48393,""pp_uv"":629},""3"":{""mean_uv"":1048164,""error_uv"":48164,""pp_uv"":648},""4"":{""mean_uv"":742530,""error_uv"":-257470,""pp_uv"":95}}]},""codes"":[0,0,0,0]}"
24,coupled,False,1,2026-09-08T13:24:52,observation,    estado neutro: PGAgain=-14.4mV BPo=+0.8mV OPA_SUMo=+48.1mV SUMo=+47.8mV LPo=-257.5mV,"[0, 0, 0, 0]",,1,804,2975,134,"{""at"":""2026-09-08T13:24:52"",""kind"":""observation"",""message"":""    estado neutro: PGAgain=-14.4mV BPo=+0.8mV OPA_SUMo=+48.1mV SUMo=+47.8mV LPo=-257.5mV"",""label"":""estado neutro"",""observation"":{""errors_uv"":{""0"":-14397,""1"":804,""2"":48069,""3"":47782,""4"":-257470},""pp_uv"":{""0"":1239,""1"":2975,""2"":629,""3"":648,""4"":95},""spread_uv"":{""0"":649,""1"":134,""2"":763,""3"":801,""4"":19},""samples"":[{""0"":{""mean_uv"":985145,""error_uv"":-14855,""pp_uv"":1487},""1"":{""mean_uv"":1000804,""error_uv"":804,""pp_uv"":2975},""2"":{""mean_uv"":1047630,""error_uv"":47630,""pp_uv"":438},""3"":{""mean_uv"":1047363,""error_uv"":47363,""pp_uv"":724},""4"":{""mean_uv"":742530,""error_uv"":-257470,""pp_uv"":133}},{""0"":{""mean_uv"":985603,""error_uv"":-14397,""pp_uv"":1239},""1"":{""mean_uv"":1000919,""error_uv"":919,""pp_uv"":3070},""2"":{""mean_uv"":1048069,""error_uv"":48069,""pp_uv"":648},""3"":{""mean_uv"":1047782,""error_uv"":47782,""pp_uv"":534},""4"":{""mean_uv"":742511,""error_uv"":-257489,""pp_uv"":95}},{""0"":{""mean_uv"":985794,""error_uv"":-14206,""pp_uv"":1144},""1"":{""mean_uv"":1000785,""error_uv"":785,""pp_uv"":2841},""2"":{""mean_uv"":1048393,""error_uv"":48393,""pp_uv"":629},""3"":{""mean_uv"":1048164,""error_uv"":48164,""pp_uv"":648},""4"":{""mean_uv"":742530,""error_uv"":-257470,""pp_uv"":95}}]},""codes"":[0,0,0,0]}"
24,coupled,False,1,2026-09-08T13:24:52,observation,    estado neutro: PGAgain=-14.4mV BPo=+0.8mV OPA_SUMo=+48.1mV SUMo=+47.8mV LPo=-257.5mV,"[0, 0, 0, 0]",,2,48069,629,763,"{""at"":""2026-09-08T13:24:52"",""kind"":""observation"",""message"":""    estado neutro: PGAgain=-14.4mV BPo=+0.8mV OPA_SUMo=+48.1mV SUMo=+47.8mV LPo=-257.5mV"",""label"":""estado neutro"",""observation"":{""errors_uv"":{""0"":-14397,""1"":804,""2"":48069,""3"":47782,""4"":-257470},""pp_uv"":{""0"":1239,""1"":2975,""2"":629,""3"":648,""4"":95},""spread_uv"":{""0"":649,""1"":134,""2"":763,""3"":801,""4"":19},""samples"":[{""0"":{""mean_uv"":985145,""error_uv"":-14855,""pp_uv"":1487},""1"":{""mean_uv"":1000804,""error_uv"":804,""pp_uv"":2975},""2"":{""mean_uv"":1047630,""error_uv"":47630,""pp_uv"":438},""3"":{""mean_uv"":1047363,""error_uv"":47363,""pp_uv"":724},""4"":{""mean_uv"":742530,""error_uv"":-257470,""pp_uv"":133}},{""0"":{""mean_uv"":985603,""error_uv"":-14397,""pp_uv"":1239},""1"":{""mean_uv"":1000919,""error_uv"":919,""pp_uv"":3070},""2"":{""mean_uv"":1048069,""error_uv"":48069,""pp_uv"":648},""3"":{""mean_uv"":1047782,""error_uv"":47782,""pp_uv"":534},""4"":{""mean_uv"":742511,""error_uv"":-257489,""pp_uv"":95}},{""0"":{""mean_uv"":985794,""error_uv"":-14206,""pp_uv"":1144},""1"":{""mean_uv"":1000785,""error_uv"":785,""pp_uv"":2841},""2"":{""mean_uv"":1048393,""error_uv"":48393,""pp_uv"":629},""3"":{""mean_uv"":1048164,""error_uv"":48164,""pp_uv"":648},""4"":{""mean_uv"":742530,""error_uv"":-257470,""pp_uv"":95}}]},""codes"":[0,0,0,0]}"
24,coupled,False,1,2026-09-08T13:24:52,observation,    estado neutro: PGAgain=-14.4mV BPo=+0.8mV OPA_SUMo=+48.1mV SUMo=+47.8mV LPo=-257.5mV,"[0, 0, 0, 0]",,3,47782,648,801,"{""at"":""2026-09-08T13:24:52"",""kind"":""observation"",""message"":""    estado neutro: PGAgain=-14.4mV BPo=+0.8mV OPA_SUMo=+48.1mV SUMo=+47.8mV LPo=-257.5mV"",""label"":""estado neutro"",""observation"":{""errors_uv"":{""0"":-14397,""1"":804,""2"":48069,""3"":47782,""4"":-257470},""pp_uv"":{""0"":1239,""1"":2975,""2"":629,""3"":648,""4"":95},""spread_uv"":{""0"":649,""1"":134,""2"":763,""3"":801,""4"":19},""samples"":[{""0"":{""mean_uv"":985145,""error_uv"":-14855,""pp_uv"":1487},""1"":{""mean_uv"":1000804,""error_uv"":804,""pp_uv"":2975},""2"":{""mean_uv"":1047630,""error_uv"":47630,""pp_uv"":438},""3"":{""mean_uv"":1047363,""error_uv"":47363,""pp_uv"":724},""4"":{""mean_uv"":742530,""error_uv"":-257470,""pp_uv"":133}},{""0"":{""mean_uv"":985603,""error_uv"":-14397,""pp_uv"":1239},""1"":{""mean_uv"":1000919,""error_uv"":919,""pp_uv"":3070},""2"":{""mean_uv"":1048069,""error_uv"":48069,""pp_uv"":648},""3"":{""mean_uv"":1047782,""error_uv"":47782,""pp_uv"":534},""4"":{""mean_uv"":742511,""error_uv"":-257489,""pp_uv"":95}},{""0"":{""mean_uv"":985794,""error_uv"":-14206,""pp_uv"":1144},""1"":{""mean_uv"":1000785,""error_uv"":785,""pp_uv"":2841},""2"":{""mean_uv"":1048393,""error_uv"":48393,""pp_uv"":629},""3"":{""mean_uv"":1048164,""error_uv"":48164,""pp_uv"":648},""4"":{""mean_uv"":742530,""error_uv"":-257470,""pp_uv"":95}}]},""codes"":[0,0,0,0]}"
24,coupled,False,1,2026-09-08T13:24:52,observation,    estado neutro: PGAgain=-14.4mV BPo=+0.8mV OPA_SUMo=+48.1mV SUMo=+47.8mV LPo=-257.5mV,"[0, 0, 0, 0]",,4,-257470,95,19,"{""at"":""2026-09-08T13:24:52"",""kind"":""observation"",""message"":""    estado neutro: PGAgain=-14.4mV BPo=+0.8mV OPA_SUMo=+48.1mV SUMo=+47.8mV LPo=-257.5mV"",""label"":""estado neutro"",""observation"":{""errors_uv"":{""0"":-14397,""1"":804,""2"":48069,""3"":47782,""4"":-257470},""pp_uv"":{""0"":1239,""1"":2975,""2"":629,""3"":648,""4"":95},""spread_uv"":{""0"":649,""1"":134,""2"":763,""3"":801,""4"":19},""samples"":[{""0"":{""mean_uv"":985145,""error_uv"":-14855,""pp_uv"":1487},""1"":{""mean_uv"":1000804,""error_uv"":804,""pp_uv"":2975},""2"":{""mean_uv"":1047630,""error_uv"":47630,""pp_uv"":438},""3"":{""mean_uv"":1047363,""error_uv"":47363,""pp_uv"":724},""4"":{""mean_uv"":742530,""error_uv"":-257470,""pp_uv"":133}},{""0"":{""mean_uv"":985603,""error_uv"":-14397,""pp_uv"":1239},""1"":{""mean_uv"":1000919,""error_uv"":919,""pp_uv"":3070},""2"":{""mean_uv"":1048069,""error_uv"":48069,""pp_uv"":648},""3"":{""mean_uv"":1047782,""error_uv"":47782,""pp_uv"":534},""4"":{""mean_uv"":742511,""error_uv"":-257489,""pp_uv"":95}},{""0"":{""mean_uv"":985794,""error_uv"":-14206,""pp_uv"":1144},""1"":{""mean_uv"":1000785,""error_uv"":785,""pp_uv"":2841},""2"":{""mean_uv"":1048393,""error_uv"":48393,""pp_uv"":629},""3"":{""mean_uv"":1048164,""error_uv"":48164,""pp_uv"":648},""4"":{""mean_uv"":742530,""error_uv"":-257470,""pp_uv"":95}}]},""codes"":[0,0,0,0]}"
24,coupled,False,2,2026-09-08T13:25:03,observation,    base para estimar tau: PGAgain=-14.0mV BPo=+1.2mV OPA_SUMo=+49.0mV SUMo=+48.7mV LPo=-257.5mV,"[0, 0, 0, 0]",,0,-14016,1392,172,"{""at"":""2026-09-08T13:25:03"",""kind"":""observation"",""message"":""    base para estimar tau: PGAgain=-14.0mV BPo=+1.2mV OPA_SUMo=+49.0mV SUMo=+48.7mV LPo=-257.5mV"",""label"":""base para estimar tau"",""observation"":{""errors_uv"":{""0"":-14016,""1"":1243,""2"":49041,""3"":48736,""4"":-257470},""pp_uv"":{""0"":1392,""1"":2059,""2"":514,""3"":400,""4"":152},""spread_uv"":{""0"":172,""1"":248,""2"":553,""3"":477,""4"":134},""samples"":[{""0"":{""mean_uv"":986099,""error_uv"":-13901,""pp_uv"":1277},""1"":{""mean_uv"":1001148,""error_uv"":1148,""pp_uv"":2346},""2"":{""mean_uv"":1048774,""error_uv"":48774,""pp_uv"":667},""3"":{""mean_uv"":1048526,""error_uv"":48526,""pp_uv"":495},""4"":{""mean_uv"":742530,""error_uv"":-257470,""pp_uv"":133}},{""0"":{""mean_uv"":985927,""error_uv"":-14073,""pp_uv"":1525},""1"":{""mean_uv"":1001396,""error_uv"":1396,""pp_uv"":2021},""2"":{""mean_uv"":1049041,""error_uv"":49041,""pp_uv"":400},""3"":{""mean_uv"":1048736,""error_uv"":48736,""pp_uv"":381},""4"":{""mean_uv"":742454,""error_uv"":-257546,""pp_uv"":152}},{""0"":{""mean_uv"":985984,""error_uv"":-14016,""pp_uv"":1392},""1"":{""mean_uv"":1001243,""error_uv"":1243,""pp_uv"":2059},""2"":{""mean_uv"":1049327,""error_uv"":49327,""pp_uv"":514},""3"":{""mean_uv"":1049003,""error_uv"":49003,""pp_uv"":400},""4"":{""mean_uv"":742588,""error_uv"":-257412,""pp_uv"":152}}]},""codes"":[0,0,0,0]}"
24,coupled,False,2,2026-09-08T13:25:03,observation,    base para estimar tau: PGAgain=-14.0mV BPo=+1.2mV OPA_SUMo=+49.0mV SUMo=+48.7mV LPo=-257.5mV,"[0, 0, 0, 0]",,1,1243,2059,248,"{""at"":""2026-09-08T13:25:03"",""kind"":""observation"",""message"":""    base para estimar tau: PGAgain=-14.0mV BPo=+1.2mV OPA_SUMo=+49.0mV SUMo=+48.7mV LPo=-257.5mV"",""label"":""base para estimar tau"",""observation"":{""errors_uv"":{""0"":-14016,""1"":1243,""2"":49041,""3"":48736,""4"":-257470},""pp_uv"":{""0"":1392,""1"":2059,""2"":514,""3"":400,""4"":152},""spread_uv"":{""0"":172,""1"":248,""2"":553,""3"":477,""4"":134},""samples"":[{""0"":{""mean_uv"":986099,""error_uv"":-13901,""pp_uv"":1277},""1"":{""mean_uv"":1001148,""error_uv"":1148,""pp_uv"":2346},""2"":{""mean_uv"":1048774,""error_uv"":48774,""pp_uv"":667},""3"":{""mean_uv"":1048526,""error_uv"":48526,""pp_uv"":495},""4"":{""mean_uv"":742530,""error_uv"":-257470,""pp_uv"":133}},{""0"":{""mean_uv"":985927,""error_uv"":-14073,""pp_uv"":1525},""1"":{""mean_uv"":1001396,""error_uv"":1396,""pp_uv"":2021},""2"":{""mean_uv"":1049041,""error_uv"":49041,""pp_uv"":400},""3"":{""mean_uv"":1048736,""error_uv"":48736,""pp_uv"":381},""4"":{""mean_uv"":742454,""error_uv"":-257546,""pp_uv"":152}},{""0"":{""mean_uv"":985984,""error_uv"":-14016,""pp_uv"":1392},""1"":{""mean_uv"":1001243,""error_uv"":1243,""pp_uv"":2059},""2"":{""mean_uv"":1049327,""error_uv"":49327,""pp_uv"":514},""3"":{""mean_uv"":1049003,""error_uv"":49003,""pp_uv"":400},""4"":{""mean_uv"":742588,""error_uv"":-257412,""pp_uv"":152}}]},""codes"":[0,0,0,0]}"
24,coupled,False,2,2026-09-08T13:25:03,observation,    base para estimar tau: PGAgain=-14.0mV BPo=+1.2mV OPA_SUMo=+49.0mV SUMo=+48.7mV LPo=-257.5mV,"[0, 0, 0, 0]",,2,49041,514,553,"{""at"":""2026-09-08T13:25:03"",""kind"":""observation"",""message"":""    base para estimar tau: PGAgain=-14.0mV BPo=+1.2mV OPA_SUMo=+49.0mV SUMo=+48.7mV LPo=-257.5mV"",""label"":""base para estimar tau"",""observation"":{""errors_uv"":{""0"":-14016,""1"":1243,""2"":49041,""3"":48736,""4"":-257470},""pp_uv"":{""0"":1392,""1"":2059,""2"":514,""3"":400,""4"":152},""spread_uv"":{""0"":172,""1"":248,""2"":553,""3"":477,""4"":134},""samples"":[{""0"":{""mean_uv"":986099,""error_uv"":-13901,""pp_uv"":1277},""1"":{""mean_uv"":1001148,""error_uv"":1148,""pp_uv"":2346},""2"":{""mean_uv"":1048774,""error_uv"":48774,""pp_uv"":667},""3"":{""mean_uv"":1048526,""error_uv"":48526,""pp_uv"":495},""4"":{""mean_uv"":742530,""error_uv"":-257470,""pp_uv"":133}},{""0"":{""mean_uv"":985927,""error_uv"":-14073,""pp_uv"":1525},""1"":{""mean_uv"":1001396,""error_uv"":1396,""pp_uv"":2021},""2"":{""mean_uv"":1049041,""error_uv"":49041,""pp_uv"":400},""3"":{""mean_uv"":1048736,""error_uv"":48736,""pp_uv"":381},""4"":{""mean_uv"":742454,""error_uv"":-257546,""pp_uv"":152}},{""0"":{""mean_uv"":985984,""error_uv"":-14016,""pp_uv"":1392},""1"":{""mean_uv"":1001243,""error_uv"":1243,""pp_uv"":2059},""2"":{""mean_uv"":1049327,""error_uv"":49327,""pp_uv"":514},""3"":{""mean_uv"":1049003,""error_uv"":49003,""pp_uv"":400},""4"":{""mean_uv"":742588,""error_uv"":-257412,""pp_uv"":152}}]},""codes"":[0,0,0,0]}"
24,coupled,False,2,2026-09-08T13:25:03,observation,    base para estimar tau: PGAgain=-14.0mV BPo=+1.2mV OPA_SUMo=+49.0mV SUMo=+48.7mV LPo=-257.5mV,"[0, 0, 0, 0]",,3,48736,400,477,"{""at"":""2026-09-08T13:25:03"",""kind"":""observation"",""message"":""    base para estimar tau: PGAgain=-14.0mV BPo=+1.2mV OPA_SUMo=+49.0mV SUMo=+48.7mV LPo=-257.5mV"",""label"":""base para estimar tau"",""observation"":{""errors_uv"":{""0"":-14016,""1"":1243,""2"":49041,""3"":48736,""4"":-257470},""pp_uv"":{""0"":1392,""1"":2059,""2"":514,""3"":400,""4"":152},""spread_uv"":{""0"":172,""1"":248,""2"":553,""3"":477,""4"":134},""samples"":[{""0"":{""mean_uv"":986099,""error_uv"":-13901,""pp_uv"":1277},""1"":{""mean_uv"":1001148,""error_uv"":1148,""pp_uv"":2346},""2"":{""mean_uv"":1048774,""error_uv"":48774,""pp_uv"":667},""3"":{""mean_uv"":1048526,""error_uv"":48526,""pp_uv"":495},""4"":{""mean_uv"":742530,""error_uv"":-257470,""pp_uv"":133}},{""0"":{""mean_uv"":985927,""error_uv"":-14073,""pp_uv"":1525},""1"":{""mean_uv"":1001396,""error_uv"":1396,""pp_uv"":2021},""2"":{""mean_uv"":1049041,""error_uv"":49041,""pp_uv"":400},""3"":{""mean_uv"":1048736,""error_uv"":48736,""pp_uv"":381},""4"":{""mean_uv"":742454,""error_uv"":-257546,""pp_uv"":152}},{""0"":{""mean_uv"":985984,""error_uv"":-14016,""pp_uv"":1392},""1"":{""mean_uv"":1001243,""error_uv"":1243,""pp_uv"":2059},""2"":{""mean_uv"":1049327,""error_uv"":49327,""pp_uv"":514},""3"":{""mean_uv"":1049003,""error_uv"":49003,""pp_uv"":400},""4"":{""mean_uv"":742588,""error_uv"":-257412,""pp_uv"":152}}]},""codes"":[0,0,0,0]}"
24,coupled,False,2,2026-09-08T13:25:03,observation,    base para estimar tau: PGAgain=-14.0mV BPo=+1.2mV OPA_SUMo=+49.0mV SUMo=+48.7mV LPo=-257.5mV,"[0, 0, 0, 0]",,4,-257470,152,134,"{""at"":""2026-09-08T13:25:03"",""kind"":""observation"",""message"":""    base para estimar tau: PGAgain=-14.0mV BPo=+1.2mV OPA_SUMo=+49.0mV SUMo=+48.7mV LPo=-257.5mV"",""label"":""base para estimar tau"",""observation"":{""errors_uv"":{""0"":-14016,""1"":1243,""2"":49041,""3"":48736,""4"":-257470},""pp_uv"":{""0"":1392,""1"":2059,""2"":514,""3"":400,""4"":152},""spread_uv"":{""0"":172,""1"":248,""2"":553,""3"":477,""4"":134},""samples"":[{""0"":{""mean_uv"":986099,""error_uv"":-13901,""pp_uv"":1277},""1"":{""mean_uv"":1001148,""error_uv"":1148,""pp_uv"":2346},""2"":{""mean_uv"":1048774,""error_uv"":48774,""pp_uv"":667},""3"":{""mean_uv"":1048526,""error_uv"":48526,""pp_uv"":495},""4"":{""mean_uv"":742530,""error_uv"":-257470,""pp_uv"":133}},{""0"":{""mean_uv"":985927,""error_uv"":-14073,""pp_uv"":1525},""1"":{""mean_uv"":1001396,""error_uv"":1396,""pp_uv"":2021},""2"":{""mean_uv"":1049041,""error_uv"":49041,""pp_uv"":400},""3"":{""mean_uv"":1048736,""error_uv"":48736,""pp_uv"":381},""4"":{""mean_uv"":742454,""error_uv"":-257546,""pp_uv"":152}},{""0"":{""mean_uv"":985984,""error_uv"":-14016,""pp_uv"":1392},""1"":{""mean_uv"":1001243,""error_uv"":1243,""pp_uv"":2059},""2"":{""mean_uv"":1049327,""error_uv"":49327,""pp_uv"":514},""3"":{""mean_uv"":1049003,""error_uv"":49003,""pp_uv"":400},""4"":{""mean_uv"":742588,""error_uv"":-257412,""pp_uv"":152}}]},""codes"":[0,0,0,0]}"
24,coupled,False,3,2026-09-08T13:26:34,tau_measurement,  tau BP medido: 32.00 s,"[3, -45, 0, 0]",32.0,,,,,"{""at"":""2026-09-08T13:26:34"",""kind"":""tau_measurement"",""message"":""  tau BP medido: 32.00 s"",""direction"":1,""delta_code"":60,""points"":[[0.5867459000000963,10971],[5.587484999996377,10303],[10.585195299994666,9445],[15.58395109999401,8758],[20.58772670000326,8014],[25.582053000005544,7518],[30.58460170000035,7232],[35.58551699999953,6641],[40.58448030000727,6526],[45.58348040000419,6107],[50.58363290000125,5592],[55.58495160000166,6069],[60.58342520000588,5306],[65.58530690000043,5115],[70.58270369999809,5096],[75.58311009999306,5077],[80.58324249999714,5229],[85.58336839999538,5172],[90.58241430000635,5001]],""metrics"":{""tau_s"":32.0,""amplitude_uv"":6636.841856746131,""final_uv"":4507.691554745756,""r2"":0.9913343781650736,""residual_rms_uv"":171.5772754211478,""noise_uv"":248,""samples"":19},""tau_s"":32.0}"
24,coupled,False,4,2026-09-08T13:26:45,observation,    tau aceptado; BP restaurado e iniciando control: PGAgain=-14.9mV BPo=-4.9mV OPA_SUMo=+69.1mV SUMo=+68.1mV LPo=-257.5mV,"[0, 0, 0, 0]",,0,-14874,1277,133,"{""at"":""2026-09-08T13:26:45"",""kind"":""observation"",""message"":""    tau aceptado; BP restaurado e iniciando control: PGAgain=-14.9mV BPo=-4.9mV OPA_SUMo=+69.1mV SUMo=+68.1mV LPo=-257.5mV"",""label"":""tau aceptado; BP restaurado e iniciando control"",""observation"":{""errors_uv"":{""0"":-14874,""1"":-4860,""2"":69107,""3"":68134,""4"":-257489},""pp_uv"":{""0"":1277,""1"":2670,""2"":591,""3"":457,""4"":114},""spread_uv"":{""0"":133,""1"":686,""2"":4940,""3"":4788,""4"":76},""samples"":[{""0"":{""mean_uv"":985221,""error_uv"":-14779,""pp_uv"":1277},""1"":{""mean_uv"":994682,""error_uv"":-5318,""pp_uv"":2746},""2"":{""mean_uv"":1071739,""error_uv"":71739,""pp_uv"":381},""3"":{""mean_uv"":1070709,""error_uv"":70709,""pp_uv"":438},""4"":{""mean_uv"":742549,""error_uv"":-257451,""pp_uv"":114}},{""0"":{""mean_uv"":985126,""error_uv"":-14874,""pp_uv"":1277},""1"":{""mean_uv"":995140,""error_uv"":-4860,""pp_uv"":2021},""2"":{""mean_uv"":1069107,""error_uv"":69107,""pp_uv"":591},""3"":{""mean_uv"":1068134,""error_uv"":68134,""pp_uv"":457},""4"":{""mean_uv"":742511,""error_uv"":-257489,""pp_uv"":114}},{""0"":{""mean_uv"":985088,""error_uv"":-14912,""pp_uv"":1335},""1"":{""mean_uv"":995368,""error_uv"":-4632,""pp_uv"":2670},""2"":{""mean_uv"":1066799,""error_uv"":66799,""pp_uv"":782},""3"":{""mean_uv"":1065921,""error_uv"":65921,""pp_uv"":782},""4"":{""mean_uv"":742473,""error_uv"":-257527,""pp_uv"":114}}]},""codes"":[0,0,0,0]}"
24,coupled,False,4,2026-09-08T13:26:45,observation,    tau aceptado; BP restaurado e iniciando control: PGAgain=-14.9mV BPo=-4.9mV OPA_SUMo=+69.1mV SUMo=+68.1mV LPo=-257.5mV,"[0, 0, 0, 0]",,1,-4860,2670,686,"{""at"":""2026-09-08T13:26:45"",""kind"":""observation"",""message"":""    tau aceptado; BP restaurado e iniciando control: PGAgain=-14.9mV BPo=-4.9mV OPA_SUMo=+69.1mV SUMo=+68.1mV LPo=-257.5mV"",""label"":""tau aceptado; BP restaurado e iniciando control"",""observation"":{""errors_uv"":{""0"":-14874,""1"":-4860,""2"":69107,""3"":68134,""4"":-257489},""pp_uv"":{""0"":1277,""1"":2670,""2"":591,""3"":457,""4"":114},""spread_uv"":{""0"":133,""1"":686,""2"":4940,""3"":4788,""4"":76},""samples"":[{""0"":{""mean_uv"":985221,""error_uv"":-14779,""pp_uv"":1277},""1"":{""mean_uv"":994682,""error_uv"":-5318,""pp_uv"":2746},""2"":{""mean_uv"":1071739,""error_uv"":71739,""pp_uv"":381},""3"":{""mean_uv"":1070709,""error_uv"":70709,""pp_uv"":438},""4"":{""mean_uv"":742549,""error_uv"":-257451,""pp_uv"":114}},{""0"":{""mean_uv"":985126,""error_uv"":-14874,""pp_uv"":1277},""1"":{""mean_uv"":995140,""error_uv"":-4860,""pp_uv"":2021},""2"":{""mean_uv"":1069107,""error_uv"":69107,""pp_uv"":591},""3"":{""mean_uv"":1068134,""error_uv"":68134,""pp_uv"":457},""4"":{""mean_uv"":742511,""error_uv"":-257489,""pp_uv"":114}},{""0"":{""mean_uv"":985088,""error_uv"":-14912,""pp_uv"":1335},""1"":{""mean_uv"":995368,""error_uv"":-4632,""pp_uv"":2670},""2"":{""mean_uv"":1066799,""error_uv"":66799,""pp_uv"":782},""3"":{""mean_uv"":1065921,""error_uv"":65921,""pp_uv"":782},""4"":{""mean_uv"":742473,""error_uv"":-257527,""pp_uv"":114}}]},""codes"":[0,0,0,0]}"
24,coupled,False,4,2026-09-08T13:26:45,observation,    tau aceptado; BP restaurado e iniciando control: PGAgain=-14.9mV BPo=-4.9mV OPA_SUMo=+69.1mV SUMo=+68.1mV LPo=-257.5mV,"[0, 0, 0, 0]",,2,69107,591,4940,"{""at"":""2026-09-08T13:26:45"",""kind"":""observation"",""message"":""    tau aceptado; BP restaurado e iniciando control: PGAgain=-14.9mV BPo=-4.9mV OPA_SUMo=+69.1mV SUMo=+68.1mV LPo=-257.5mV"",""label"":""tau aceptado; BP restaurado e iniciando control"",""observation"":{""errors_uv"":{""0"":-14874,""1"":-4860,""2"":69107,""3"":68134,""4"":-257489},""pp_uv"":{""0"":1277,""1"":2670,""2"":591,""3"":457,""4"":114},""spread_uv"":{""0"":133,""1"":686,""2"":4940,""3"":4788,""4"":76},""samples"":[{""0"":{""mean_uv"":985221,""error_uv"":-14779,""pp_uv"":1277},""1"":{""mean_uv"":994682,""error_uv"":-5318,""pp_uv"":2746},""2"":{""mean_uv"":1071739,""error_uv"":71739,""pp_uv"":381},""3"":{""mean_uv"":1070709,""error_uv"":70709,""pp_uv"":438},""4"":{""mean_uv"":742549,""error_uv"":-257451,""pp_uv"":114}},{""0"":{""mean_uv"":985126,""error_uv"":-14874,""pp_uv"":1277},""1"":{""mean_uv"":995140,""error_uv"":-4860,""pp_uv"":2021},""2"":{""mean_uv"":1069107,""error_uv"":69107,""pp_uv"":591},""3"":{""mean_uv"":1068134,""error_uv"":68134,""pp_uv"":457},""4"":{""mean_uv"":742511,""error_uv"":-257489,""pp_uv"":114}},{""0"":{""mean_uv"":985088,""error_uv"":-14912,""pp_uv"":1335},""1"":{""mean_uv"":995368,""error_uv"":-4632,""pp_uv"":2670},""2"":{""mean_uv"":1066799,""error_uv"":66799,""pp_uv"":782},""3"":{""mean_uv"":1065921,""error_uv"":65921,""pp_uv"":782},""4"":{""mean_uv"":742473,""error_uv"":-257527,""pp_uv"":114}}]},""codes"":[0,0,0,0]}"
24,coupled,False,4,2026-09-08T13:26:45,observation,    tau aceptado; BP restaurado e iniciando control: PGAgain=-14.9mV BPo=-4.9mV OPA_SUMo=+69.1mV SUMo=+68.1mV LPo=-257.5mV,"[0, 0, 0, 0]",,3,68134,457,4788,"{""at"":""2026-09-08T13:26:45"",""kind"":""observation"",""message"":""    tau aceptado; BP restaurado e iniciando control: PGAgain=-14.9mV BPo=-4.9mV OPA_SUMo=+69.1mV SUMo=+68.1mV LPo=-257.5mV"",""label"":""tau aceptado; BP restaurado e iniciando control"",""observation"":{""errors_uv"":{""0"":-14874,""1"":-4860,""2"":69107,""3"":68134,""4"":-257489},""pp_uv"":{""0"":1277,""1"":2670,""2"":591,""3"":457,""4"":114},""spread_uv"":{""0"":133,""1"":686,""2"":4940,""3"":4788,""4"":76},""samples"":[{""0"":{""mean_uv"":985221,""error_uv"":-14779,""pp_uv"":1277},""1"":{""mean_uv"":994682,""error_uv"":-5318,""pp_uv"":2746},""2"":{""mean_uv"":1071739,""error_uv"":71739,""pp_uv"":381},""3"":{""mean_uv"":1070709,""error_uv"":70709,""pp_uv"":438},""4"":{""mean_uv"":742549,""error_uv"":-257451,""pp_uv"":114}},{""0"":{""mean_uv"":985126,""error_uv"":-14874,""pp_uv"":1277},""1"":{""mean_uv"":995140,""error_uv"":-4860,""pp_uv"":2021},""2"":{""mean_uv"":1069107,""error_uv"":69107,""pp_uv"":591},""3"":{""mean_uv"":1068134,""error_uv"":68134,""pp_uv"":457},""4"":{""mean_uv"":742511,""error_uv"":-257489,""pp_uv"":114}},{""0"":{""mean_uv"":985088,""error_uv"":-14912,""pp_uv"":1335},""1"":{""mean_uv"":995368,""error_uv"":-4632,""pp_uv"":2670},""2"":{""mean_uv"":1066799,""error_uv"":66799,""pp_uv"":782},""3"":{""mean_uv"":1065921,""error_uv"":65921,""pp_uv"":782},""4"":{""mean_uv"":742473,""error_uv"":-257527,""pp_uv"":114}}]},""codes"":[0,0,0,0]}"
24,coupled,False,4,2026-09-08T13:26:45,observation,    tau aceptado; BP restaurado e iniciando control: PGAgain=-14.9mV BPo=-4.9mV OPA_SUMo=+69.1mV SUMo=+68.1mV LPo=-257.5mV,"[0, 0, 0, 0]",,4,-257489,114,76,"{""at"":""2026-09-08T13:26:45"",""kind"":""observation"",""message"":""    tau aceptado; BP restaurado e iniciando control: PGAgain=-14.9mV BPo=-4.9mV OPA_SUMo=+69.1mV SUMo=+68.1mV LPo=-257.5mV"",""label"":""tau aceptado; BP restaurado e iniciando control"",""observation"":{""errors_uv"":{""0"":-14874,""1"":-4860,""2"":69107,""3"":68134,""4"":-257489},""pp_uv"":{""0"":1277,""1"":2670,""2"":591,""3"":457,""4"":114},""spread_uv"":{""0"":133,""1"":686,""2"":4940,""3"":4788,""4"":76},""samples"":[{""0"":{""mean_uv"":985221,""error_uv"":-14779,""pp_uv"":1277},""1"":{""mean_uv"":994682,""error_uv"":-5318,""pp_uv"":2746},""2"":{""mean_uv"":1071739,""error_uv"":71739,""pp_uv"":381},""3"":{""mean_uv"":1070709,""error_uv"":70709,""pp_uv"":438},""4"":{""mean_uv"":742549,""error_uv"":-257451,""pp_uv"":114}},{""0"":{""mean_uv"":985126,""error_uv"":-14874,""pp_uv"":1277},""1"":{""mean_uv"":995140,""error_uv"":-4860,""pp_uv"":2021},""2"":{""mean_uv"":1069107,""error_uv"":69107,""pp_uv"":591},""3"":{""mean_uv"":1068134,""error_uv"":68134,""pp_uv"":457},""4"":{""mean_uv"":742511,""error_uv"":-257489,""pp_uv"":114}},{""0"":{""mean_uv"":985088,""error_uv"":-14912,""pp_uv"":1335},""1"":{""mean_uv"":995368,""error_uv"":-4632,""pp_uv"":2670},""2"":{""mean_uv"":1066799,""error_uv"":66799,""pp_uv"":782},""3"":{""mean_uv"":1065921,""error_uv"":65921,""pp_uv"":782},""4"":{""mean_uv"":742473,""error_uv"":-257527,""pp_uv"":114}}]},""codes"":[0,0,0,0]}"
24,coupled,False,5,2026-09-08T13:26:56,observation,    PGAout x24: entrada al lazo: PGAgain=-14.1mV BPo=-2.8mV OPA_SUMo=+63.6mV SUMo=+119.4mV LPo=-257.3mV,"[0, 0, 0, 0]",,0,-14092,1430,343,"{""at"":""2026-09-08T13:26:56"",""kind"":""observation"",""message"":""    PGAout x24: entrada al lazo: PGAgain=-14.1mV BPo=-2.8mV OPA_SUMo=+63.6mV SUMo=+119.4mV LPo=-257.3mV"",""label"":""PGAout x24: entrada al lazo"",""observation"":{""errors_uv"":{""0"":-14092,""1"":-2781,""2"":63556,""3"":119384,""4"":-257279},""pp_uv"":{""0"":1430,""1"":2765,""2"":629,""3"":114,""4"":152},""spread_uv"":{""0"":343,""1"":801,""2"":3243,""3"":57,""4"":38},""samples"":[{""0"":{""mean_uv"":985965,""error_uv"":-14035,""pp_uv"":1335},""1"":{""mean_uv"":997047,""error_uv"":-2953,""pp_uv"":3032},""2"":{""mean_uv"":1065292,""error_uv"":65292,""pp_uv"":629},""3"":{""mean_uv"":1119441,""error_uv"":119441,""pp_uv"":76},""4"":{""mean_uv"":742683,""error_uv"":-257317,""pp_uv"":152}},{""0"":{""mean_uv"":985908,""error_uv"":-14092,""pp_uv"":1773},""1"":{""mean_uv"":997219,""error_uv"":-2781,""pp_uv"":2746},""2"":{""mean_uv"":1063556,""error_uv"":63556,""pp_uv"":705},""3"":{""mean_uv"":1119384,""error_uv"":119384,""pp_uv"":114},""4"":{""mean_uv"":742721,""error_uv"":-257279,""pp_uv"":190}},{""0"":{""mean_uv"":985622,""error_uv"":-14378,""pp_uv"":1430},""1"":{""mean_uv"":997848,""error_uv"":-2152,""pp_uv"":2765},""2"":{""mean_uv"":1062049,""error_uv"":62049,""pp_uv"":591},""3"":{""mean_uv"":1119384,""error_uv"":119384,""pp_uv"":133},""4"":{""mean_uv"":742721,""error_uv"":-257279,""pp_uv"":114}}]},""codes"":[0,0,0,0]}"
24,coupled,False,5,2026-09-08T13:26:56,observation,    PGAout x24: entrada al lazo: PGAgain=-14.1mV BPo=-2.8mV OPA_SUMo=+63.6mV SUMo=+119.4mV LPo=-257.3mV,"[0, 0, 0, 0]",,1,-2781,2765,801,"{""at"":""2026-09-08T13:26:56"",""kind"":""observation"",""message"":""    PGAout x24: entrada al lazo: PGAgain=-14.1mV BPo=-2.8mV OPA_SUMo=+63.6mV SUMo=+119.4mV LPo=-257.3mV"",""label"":""PGAout x24: entrada al lazo"",""observation"":{""errors_uv"":{""0"":-14092,""1"":-2781,""2"":63556,""3"":119384,""4"":-257279},""pp_uv"":{""0"":1430,""1"":2765,""2"":629,""3"":114,""4"":152},""spread_uv"":{""0"":343,""1"":801,""2"":3243,""3"":57,""4"":38},""samples"":[{""0"":{""mean_uv"":985965,""error_uv"":-14035,""pp_uv"":1335},""1"":{""mean_uv"":997047,""error_uv"":-2953,""pp_uv"":3032},""2"":{""mean_uv"":1065292,""error_uv"":65292,""pp_uv"":629},""3"":{""mean_uv"":1119441,""error_uv"":119441,""pp_uv"":76},""4"":{""mean_uv"":742683,""error_uv"":-257317,""pp_uv"":152}},{""0"":{""mean_uv"":985908,""error_uv"":-14092,""pp_uv"":1773},""1"":{""mean_uv"":997219,""error_uv"":-2781,""pp_uv"":2746},""2"":{""mean_uv"":1063556,""error_uv"":63556,""pp_uv"":705},""3"":{""mean_uv"":1119384,""error_uv"":119384,""pp_uv"":114},""4"":{""mean_uv"":742721,""error_uv"":-257279,""pp_uv"":190}},{""0"":{""mean_uv"":985622,""error_uv"":-14378,""pp_uv"":1430},""1"":{""mean_uv"":997848,""error_uv"":-2152,""pp_uv"":2765},""2"":{""mean_uv"":1062049,""error_uv"":62049,""pp_uv"":591},""3"":{""mean_uv"":1119384,""error_uv"":119384,""pp_uv"":133},""4"":{""mean_uv"":742721,""error_uv"":-257279,""pp_uv"":114}}]},""codes"":[0,0,0,0]}"
24,coupled,False,5,2026-09-08T13:26:56,observation,    PGAout x24: entrada al lazo: PGAgain=-14.1mV BPo=-2.8mV OPA_SUMo=+63.6mV SUMo=+119.4mV LPo=-257.3mV,"[0, 0, 0, 0]",,2,63556,629,3243,"{""at"":""2026-09-08T13:26:56"",""kind"":""observation"",""message"":""    PGAout x24: entrada al lazo: PGAgain=-14.1mV BPo=-2.8mV OPA_SUMo=+63.6mV SUMo=+119.4mV LPo=-257.3mV"",""label"":""PGAout x24: entrada al lazo"",""observation"":{""errors_uv"":{""0"":-14092,""1"":-2781,""2"":63556,""3"":119384,""4"":-257279},""pp_uv"":{""0"":1430,""1"":2765,""2"":629,""3"":114,""4"":152},""spread_uv"":{""0"":343,""1"":801,""2"":3243,""3"":57,""4"":38},""samples"":[{""0"":{""mean_uv"":985965,""error_uv"":-14035,""pp_uv"":1335},""1"":{""mean_uv"":997047,""error_uv"":-2953,""pp_uv"":3032},""2"":{""mean_uv"":1065292,""error_uv"":65292,""pp_uv"":629},""3"":{""mean_uv"":1119441,""error_uv"":119441,""pp_uv"":76},""4"":{""mean_uv"":742683,""error_uv"":-257317,""pp_uv"":152}},{""0"":{""mean_uv"":985908,""error_uv"":-14092,""pp_uv"":1773},""1"":{""mean_uv"":997219,""error_uv"":-2781,""pp_uv"":2746},""2"":{""mean_uv"":1063556,""error_uv"":63556,""pp_uv"":705},""3"":{""mean_uv"":1119384,""error_uv"":119384,""pp_uv"":114},""4"":{""mean_uv"":742721,""error_uv"":-257279,""pp_uv"":190}},{""0"":{""mean_uv"":985622,""error_uv"":-14378,""pp_uv"":1430},""1"":{""mean_uv"":997848,""error_uv"":-2152,""pp_uv"":2765},""2"":{""mean_uv"":1062049,""error_uv"":62049,""pp_uv"":591},""3"":{""mean_uv"":1119384,""error_uv"":119384,""pp_uv"":133},""4"":{""mean_uv"":742721,""error_uv"":-257279,""pp_uv"":114}}]},""codes"":[0,0,0,0]}"
24,coupled,False,5,2026-09-08T13:26:56,observation,    PGAout x24: entrada al lazo: PGAgain=-14.1mV BPo=-2.8mV OPA_SUMo=+63.6mV SUMo=+119.4mV LPo=-257.3mV,"[0, 0, 0, 0]",,3,119384,114,57,"{""at"":""2026-09-08T13:26:56"",""kind"":""observation"",""message"":""    PGAout x24: entrada al lazo: PGAgain=-14.1mV BPo=-2.8mV OPA_SUMo=+63.6mV SUMo=+119.4mV LPo=-257.3mV"",""label"":""PGAout x24: entrada al lazo"",""observation"":{""errors_uv"":{""0"":-14092,""1"":-2781,""2"":63556,""3"":119384,""4"":-257279},""pp_uv"":{""0"":1430,""1"":2765,""2"":629,""3"":114,""4"":152},""spread_uv"":{""0"":343,""1"":801,""2"":3243,""3"":57,""4"":38},""samples"":[{""0"":{""mean_uv"":985965,""error_uv"":-14035,""pp_uv"":1335},""1"":{""mean_uv"":997047,""error_uv"":-2953,""pp_uv"":3032},""2"":{""mean_uv"":1065292,""error_uv"":65292,""pp_uv"":629},""3"":{""mean_uv"":1119441,""error_uv"":119441,""pp_uv"":76},""4"":{""mean_uv"":742683,""error_uv"":-257317,""pp_uv"":152}},{""0"":{""mean_uv"":985908,""error_uv"":-14092,""pp_uv"":1773},""1"":{""mean_uv"":997219,""error_uv"":-2781,""pp_uv"":2746},""2"":{""mean_uv"":1063556,""error_uv"":63556,""pp_uv"":705},""3"":{""mean_uv"":1119384,""error_uv"":119384,""pp_uv"":114},""4"":{""mean_uv"":742721,""error_uv"":-257279,""pp_uv"":190}},{""0"":{""mean_uv"":985622,""error_uv"":-14378,""pp_uv"":1430},""1"":{""mean_uv"":997848,""error_uv"":-2152,""pp_uv"":2765},""2"":{""mean_uv"":1062049,""error_uv"":62049,""pp_uv"":591},""3"":{""mean_uv"":1119384,""error_uv"":119384,""pp_uv"":133},""4"":{""mean_uv"":742721,""error_uv"":-257279,""pp_uv"":114}}]},""codes"":[0,0,0,0]}"
24,coupled,False,5,2026-09-08T13:26:56,observation,    PGAout x24: entrada al lazo: PGAgain=-14.1mV BPo=-2.8mV OPA_SUMo=+63.6mV SUMo=+119.4mV LPo=-257.3mV,"[0, 0, 0, 0]",,4,-257279,152,38,"{""at"":""2026-09-08T13:26:56"",""kind"":""observation"",""message"":""    PGAout x24: entrada al lazo: PGAgain=-14.1mV BPo=-2.8mV OPA_SUMo=+63.6mV SUMo=+119.4mV LPo=-257.3mV"",""label"":""PGAout x24: entrada al lazo"",""observation"":{""errors_uv"":{""0"":-14092,""1"":-2781,""2"":63556,""3"":119384,""4"":-257279},""pp_uv"":{""0"":1430,""1"":2765,""2"":629,""3"":114,""4"":152},""spread_uv"":{""0"":343,""1"":801,""2"":3243,""3"":57,""4"":38},""samples"":[{""0"":{""mean_uv"":985965,""error_uv"":-14035,""pp_uv"":1335},""1"":{""mean_uv"":997047,""error_uv"":-2953,""pp_uv"":3032},""2"":{""mean_uv"":1065292,""error_uv"":65292,""pp_uv"":629},""3"":{""mean_uv"":1119441,""error_uv"":119441,""pp_uv"":76},""4"":{""mean_uv"":742683,""error_uv"":-257317,""pp_uv"":152}},{""0"":{""mean_uv"":985908,""error_uv"":-14092,""pp_uv"":1773},""1"":{""mean_uv"":997219,""error_uv"":-2781,""pp_uv"":2746},""2"":{""mean_uv"":1063556,""error_uv"":63556,""pp_uv"":705},""3"":{""mean_uv"":1119384,""error_uv"":119384,""pp_uv"":114},""4"":{""mean_uv"":742721,""error_uv"":-257279,""pp_uv"":190}},{""0"":{""mean_uv"":985622,""error_uv"":-14378,""pp_uv"":1430},""1"":{""mean_uv"":997848,""error_uv"":-2152,""pp_uv"":2765},""2"":{""mean_uv"":1062049,""error_uv"":62049,""pp_uv"":591},""3"":{""mean_uv"":1119384,""error_uv"":119384,""pp_uv"":133},""4"":{""mean_uv"":742721,""error_uv"":-257279,""pp_uv"":114}}]},""codes"":[0,0,0,0]}"
24,coupled,False,6,2026-09-08T13:27:11,observation,    IDAC0 rápido -8: PGAgain=-40.2mV BPo=+15.4mV OPA_SUMo=+83.6mV SUMo=+119.5mV LPo=-257.3mV,"[-8, 0, 0, 0]",,0,-40165,2651,58,"{""at"":""2026-09-08T13:27:11"",""kind"":""observation"",""message"":""    IDAC0 rápido -8: PGAgain=-40.2mV BPo=+15.4mV OPA_SUMo=+83.6mV SUMo=+119.5mV LPo=-257.3mV"",""label"":""IDAC0 rápido -8"",""observation"":{""errors_uv"":{""0"":-40165,""1"":15415,""2"":83583,""3"":119461,""4"":-257279},""pp_uv"":{""0"":2651,""1"":2040,""2"":591,""3"":114,""4"":133},""spread_uv"":{""0"":58,""1"":4807,""2"":14743,""3"":39,""4"":57},""samples"":[{""0"":{""mean_uv"":959854,""error_uv"":-40146,""pp_uv"":2288},""1"":{""mean_uv"":1018028,""error_uv"":18028,""pp_uv"":2040},""2"":{""mean_uv"":1075611,""error_uv"":75611,""pp_uv"":553},""3"":{""mean_uv"":1119461,""error_uv"":119461,""pp_uv"":95},""4"":{""mean_uv"":742721,""error_uv"":-257279,""pp_uv"":133}},{""0"":{""mean_uv"":959796,""error_uv"":-40204,""pp_uv"":2651},""1"":{""mean_uv"":1015415,""error_uv"":15415,""pp_uv"":2002},""2"":{""mean_uv"":1083583,""error_uv"":83583,""pp_uv"":591},""3"":{""mean_uv"":1119422,""error_uv"":119422,""pp_uv"":133},""4"":{""mean_uv"":742721,""error_uv"":-257279,""pp_uv"":133}},{""0"":{""mean_uv"":959835,""error_uv"":-40165,""pp_uv"":3051},""1"":{""mean_uv"":1013221,""error_uv"":13221,""pp_uv"":3128},""2"":{""mean_uv"":1090354,""error_uv"":90354,""pp_uv"":648},""3"":{""mean_uv"":1119461,""error_uv"":119461,""pp_uv"":114},""4"":{""mean_uv"":742664,""error_uv"":-257336,""pp_uv"":152}}]},""codes"":[-8,0,0,0]}"
24,coupled,False,6,2026-09-08T13:27:11,observation,    IDAC0 rápido -8: PGAgain=-40.2mV BPo=+15.4mV OPA_SUMo=+83.6mV SUMo=+119.5mV LPo=-257.3mV,"[-8, 0, 0, 0]",,1,15415,2040,4807,"{""at"":""2026-09-08T13:27:11"",""kind"":""observation"",""message"":""    IDAC0 rápido -8: PGAgain=-40.2mV BPo=+15.4mV OPA_SUMo=+83.6mV SUMo=+119.5mV LPo=-257.3mV"",""label"":""IDAC0 rápido -8"",""observation"":{""errors_uv"":{""0"":-40165,""1"":15415,""2"":83583,""3"":119461,""4"":-257279},""pp_uv"":{""0"":2651,""1"":2040,""2"":591,""3"":114,""4"":133},""spread_uv"":{""0"":58,""1"":4807,""2"":14743,""3"":39,""4"":57},""samples"":[{""0"":{""mean_uv"":959854,""error_uv"":-40146,""pp_uv"":2288},""1"":{""mean_uv"":1018028,""error_uv"":18028,""pp_uv"":2040},""2"":{""mean_uv"":1075611,""error_uv"":75611,""pp_uv"":553},""3"":{""mean_uv"":1119461,""error_uv"":119461,""pp_uv"":95},""4"":{""mean_uv"":742721,""error_uv"":-257279,""pp_uv"":133}},{""0"":{""mean_uv"":959796,""error_uv"":-40204,""pp_uv"":2651},""1"":{""mean_uv"":1015415,""error_uv"":15415,""pp_uv"":2002},""2"":{""mean_uv"":1083583,""error_uv"":83583,""pp_uv"":591},""3"":{""mean_uv"":1119422,""error_uv"":119422,""pp_uv"":133},""4"":{""mean_uv"":742721,""error_uv"":-257279,""pp_uv"":133}},{""0"":{""mean_uv"":959835,""error_uv"":-40165,""pp_uv"":3051},""1"":{""mean_uv"":1013221,""error_uv"":13221,""pp_uv"":3128},""2"":{""mean_uv"":1090354,""error_uv"":90354,""pp_uv"":648},""3"":{""mean_uv"":1119461,""error_uv"":119461,""pp_uv"":114},""4"":{""mean_uv"":742664,""error_uv"":-257336,""pp_uv"":152}}]},""codes"":[-8,0,0,0]}"
24,coupled,False,6,2026-09-08T13:27:11,observation,    IDAC0 rápido -8: PGAgain=-40.2mV BPo=+15.4mV OPA_SUMo=+83.6mV SUMo=+119.5mV LPo=-257.3mV,"[-8, 0, 0, 0]",,2,83583,591,14743,"{""at"":""2026-09-08T13:27:11"",""kind"":""observation"",""message"":""    IDAC0 rápido -8: PGAgain=-40.2mV BPo=+15.4mV OPA_SUMo=+83.6mV SUMo=+119.5mV LPo=-257.3mV"",""label"":""IDAC0 rápido -8"",""observation"":{""errors_uv"":{""0"":-40165,""1"":15415,""2"":83583,""3"":119461,""4"":-257279},""pp_uv"":{""0"":2651,""1"":2040,""2"":591,""3"":114,""4"":133},""spread_uv"":{""0"":58,""1"":4807,""2"":14743,""3"":39,""4"":57},""samples"":[{""0"":{""mean_uv"":959854,""error_uv"":-40146,""pp_uv"":2288},""1"":{""mean_uv"":1018028,""error_uv"":18028,""pp_uv"":2040},""2"":{""mean_uv"":1075611,""error_uv"":75611,""pp_uv"":553},""3"":{""mean_uv"":1119461,""error_uv"":119461,""pp_uv"":95},""4"":{""mean_uv"":742721,""error_uv"":-257279,""pp_uv"":133}},{""0"":{""mean_uv"":959796,""error_uv"":-40204,""pp_uv"":2651},""1"":{""mean_uv"":1015415,""error_uv"":15415,""pp_uv"":2002},""2"":{""mean_uv"":1083583,""error_uv"":83583,""pp_uv"":591},""3"":{""mean_uv"":1119422,""error_uv"":119422,""pp_uv"":133},""4"":{""mean_uv"":742721,""error_uv"":-257279,""pp_uv"":133}},{""0"":{""mean_uv"":959835,""error_uv"":-40165,""pp_uv"":3051},""1"":{""mean_uv"":1013221,""error_uv"":13221,""pp_uv"":3128},""2"":{""mean_uv"":1090354,""error_uv"":90354,""pp_uv"":648},""3"":{""mean_uv"":1119461,""error_uv"":119461,""pp_uv"":114},""4"":{""mean_uv"":742664,""error_uv"":-257336,""pp_uv"":152}}]},""codes"":[-8,0,0,0]}"
24,coupled,False,6,2026-09-08T13:27:11,observation,    IDAC0 rápido -8: PGAgain=-40.2mV BPo=+15.4mV OPA_SUMo=+83.6mV SUMo=+119.5mV LPo=-257.3mV,"[-8, 0, 0, 0]",,3,119461,114,39,"{""at"":""2026-09-08T13:27:11"",""kind"":""observation"",""message"":""    IDAC0 rápido -8: PGAgain=-40.2mV BPo=+15.4mV OPA_SUMo=+83.6mV SUMo=+119.5mV LPo=-257.3mV"",""label"":""IDAC0 rápido -8"",""observation"":{""errors_uv"":{""0"":-40165,""1"":15415,""2"":83583,""3"":119461,""4"":-257279},""pp_uv"":{""0"":2651,""1"":2040,""2"":591,""3"":114,""4"":133},""spread_uv"":{""0"":58,""1"":4807,""2"":14743,""3"":39,""4"":57},""samples"":[{""0"":{""mean_uv"":959854,""error_uv"":-40146,""pp_uv"":2288},""1"":{""mean_uv"":1018028,""error_uv"":18028,""pp_uv"":2040},""2"":{""mean_uv"":1075611,""error_uv"":75611,""pp_uv"":553},""3"":{""mean_uv"":1119461,""error_uv"":119461,""pp_uv"":95},""4"":{""mean_uv"":742721,""error_uv"":-257279,""pp_uv"":133}},{""0"":{""mean_uv"":959796,""error_uv"":-40204,""pp_uv"":2651},""1"":{""mean_uv"":1015415,""error_uv"":15415,""pp_uv"":2002},""2"":{""mean_uv"":1083583,""error_uv"":83583,""pp_uv"":591},""3"":{""mean_uv"":1119422,""error_uv"":119422,""pp_uv"":133},""4"":{""mean_uv"":742721,""error_uv"":-257279,""pp_uv"":133}},{""0"":{""mean_uv"":959835,""error_uv"":-40165,""pp_uv"":3051},""1"":{""mean_uv"":1013221,""error_uv"":13221,""pp_uv"":3128},""2"":{""mean_uv"":1090354,""error_uv"":90354,""pp_uv"":648},""3"":{""mean_uv"":1119461,""error_uv"":119461,""pp_uv"":114},""4"":{""mean_uv"":742664,""error_uv"":-257336,""pp_uv"":152}}]},""codes"":[-8,0,0,0]}"
24,coupled,False,6,2026-09-08T13:27:11,observation,    IDAC0 rápido -8: PGAgain=-40.2mV BPo=+15.4mV OPA_SUMo=+83.6mV SUMo=+119.5mV LPo=-257.3mV,"[-8, 0, 0, 0]",,4,-257279,133,57,"{""at"":""2026-09-08T13:27:11"",""kind"":""observation"",""message"":""    IDAC0 rápido -8: PGAgain=-40.2mV BPo=+15.4mV OPA_SUMo=+83.6mV SUMo=+119.5mV LPo=-257.3mV"",""label"":""IDAC0 rápido -8"",""observation"":{""errors_uv"":{""0"":-40165,""1"":15415,""2"":83583,""3"":119461,""4"":-257279},""pp_uv"":{""0"":2651,""1"":2040,""2"":591,""3"":114,""4"":133},""spread_uv"":{""0"":58,""1"":4807,""2"":14743,""3"":39,""4"":57},""samples"":[{""0"":{""mean_uv"":959854,""error_uv"":-40146,""pp_uv"":2288},""1"":{""mean_uv"":1018028,""error_uv"":18028,""pp_uv"":2040},""2"":{""mean_uv"":1075611,""error_uv"":75611,""pp_uv"":553},""3"":{""mean_uv"":1119461,""error_uv"":119461,""pp_uv"":95},""4"":{""mean_uv"":742721,""error_uv"":-257279,""pp_uv"":133}},{""0"":{""mean_uv"":959796,""error_uv"":-40204,""pp_uv"":2651},""1"":{""mean_uv"":1015415,""error_uv"":15415,""pp_uv"":2002},""2"":{""mean_uv"":1083583,""error_uv"":83583,""pp_uv"":591},""3"":{""mean_uv"":1119422,""error_uv"":119422,""pp_uv"":133},""4"":{""mean_uv"":742721,""error_uv"":-257279,""pp_uv"":133}},{""0"":{""mean_uv"":959835,""error_uv"":-40165,""pp_uv"":3051},""1"":{""mean_uv"":1013221,""error_uv"":13221,""pp_uv"":3128},""2"":{""mean_uv"":1090354,""error_uv"":90354,""pp_uv"":648},""3"":{""mean_uv"":1119461,""error_uv"":119461,""pp_uv"":114},""4"":{""mean_uv"":742664,""error_uv"":-257336,""pp_uv"":152}}]},""codes"":[-8,0,0,0]}"
24,coupled,False,7,2026-09-08T13:27:27,observation,    IDAC0 rápido 8: PGAgain=+6.1mV BPo=-25.2mV OPA_SUMo=+57.2mV SUMo=+119.3mV LPo=-257.4mV,"[8, 0, 0, 0]",,0,6126,2136,496,"{""at"":""2026-09-08T13:27:27"",""kind"":""observation"",""message"":""    IDAC0 rápido 8: PGAgain=+6.1mV BPo=-25.2mV OPA_SUMo=+57.2mV SUMo=+119.3mV LPo=-257.4mV"",""label"":""IDAC0 rápido 8"",""observation"":{""errors_uv"":{""0"":6126,""1"":-25231,""2"":57167,""3"":119346,""4"":-257393},""pp_uv"":{""0"":2136,""1"":3108,""2"":743,""3"":114,""4"":114},""spread_uv"":{""0"":496,""1"":7897,""2"":24395,""3"":57,""4"":19},""samples"":[{""0"":{""mean_uv"":1005973,""error_uv"":5973,""pp_uv"":1678},""1"":{""mean_uv"":970363,""error_uv"":-29637,""pp_uv"":3967},""2"":{""mean_uv"":1070137,""error_uv"":70137,""pp_uv"":934},""3"":{""mean_uv"":1119346,""error_uv"":119346,""pp_uv"":114},""4"":{""mean_uv"":742588,""error_uv"":-257412,""pp_uv"":114}},{""0"":{""mean_uv"":1006126,""error_uv"":6126,""pp_uv"":2136},""1"":{""mean_uv"":974769,""error_uv"":-25231,""pp_uv"":3013},""2"":{""mean_uv"":1057167,""error_uv"":57167,""pp_uv"":743},""3"":{""mean_uv"":1119365,""error_uv"":119365,""pp_uv"":133},""4"":{""mean_uv"":742607,""error_uv"":-257393,""pp_uv"":171}},{""0"":{""mean_uv"":1006469,""error_uv"":6469,""pp_uv"":2536},""1"":{""mean_uv"":978260,""error_uv"":-21740,""pp_uv"":3108},""2"":{""mean_uv"":1045742,""error_uv"":45742,""pp_uv"":514},""3"":{""mean_uv"":1119308,""error_uv"":119308,""pp_uv"":114},""4"":{""mean_uv"":742607,""error_uv"":-257393,""pp_uv"":95}}]},""codes"":[8,0,0,0]}"
24,coupled,False,7,2026-09-08T13:27:27,observation,    IDAC0 rápido 8: PGAgain=+6.1mV BPo=-25.2mV OPA_SUMo=+57.2mV SUMo=+119.3mV LPo=-257.4mV,"[8, 0, 0, 0]",,1,-25231,3108,7897,"{""at"":""2026-09-08T13:27:27"",""kind"":""observation"",""message"":""    IDAC0 rápido 8: PGAgain=+6.1mV BPo=-25.2mV OPA_SUMo=+57.2mV SUMo=+119.3mV LPo=-257.4mV"",""label"":""IDAC0 rápido 8"",""observation"":{""errors_uv"":{""0"":6126,""1"":-25231,""2"":57167,""3"":119346,""4"":-257393},""pp_uv"":{""0"":2136,""1"":3108,""2"":743,""3"":114,""4"":114},""spread_uv"":{""0"":496,""1"":7897,""2"":24395,""3"":57,""4"":19},""samples"":[{""0"":{""mean_uv"":1005973,""error_uv"":5973,""pp_uv"":1678},""1"":{""mean_uv"":970363,""error_uv"":-29637,""pp_uv"":3967},""2"":{""mean_uv"":1070137,""error_uv"":70137,""pp_uv"":934},""3"":{""mean_uv"":1119346,""error_uv"":119346,""pp_uv"":114},""4"":{""mean_uv"":742588,""error_uv"":-257412,""pp_uv"":114}},{""0"":{""mean_uv"":1006126,""error_uv"":6126,""pp_uv"":2136},""1"":{""mean_uv"":974769,""error_uv"":-25231,""pp_uv"":3013},""2"":{""mean_uv"":1057167,""error_uv"":57167,""pp_uv"":743},""3"":{""mean_uv"":1119365,""error_uv"":119365,""pp_uv"":133},""4"":{""mean_uv"":742607,""error_uv"":-257393,""pp_uv"":171}},{""0"":{""mean_uv"":1006469,""error_uv"":6469,""pp_uv"":2536},""1"":{""mean_uv"":978260,""error_uv"":-21740,""pp_uv"":3108},""2"":{""mean_uv"":1045742,""error_uv"":45742,""pp_uv"":514},""3"":{""mean_uv"":1119308,""error_uv"":119308,""pp_uv"":114},""4"":{""mean_uv"":742607,""error_uv"":-257393,""pp_uv"":95}}]},""codes"":[8,0,0,0]}"
24,coupled,False,7,2026-09-08T13:27:27,observation,    IDAC0 rápido 8: PGAgain=+6.1mV BPo=-25.2mV OPA_SUMo=+57.2mV SUMo=+119.3mV LPo=-257.4mV,"[8, 0, 0, 0]",,2,57167,743,24395,"{""at"":""2026-09-08T13:27:27"",""kind"":""observation"",""message"":""    IDAC0 rápido 8: PGAgain=+6.1mV BPo=-25.2mV OPA_SUMo=+57.2mV SUMo=+119.3mV LPo=-257.4mV"",""label"":""IDAC0 rápido 8"",""observation"":{""errors_uv"":{""0"":6126,""1"":-25231,""2"":57167,""3"":119346,""4"":-257393},""pp_uv"":{""0"":2136,""1"":3108,""2"":743,""3"":114,""4"":114},""spread_uv"":{""0"":496,""1"":7897,""2"":24395,""3"":57,""4"":19},""samples"":[{""0"":{""mean_uv"":1005973,""error_uv"":5973,""pp_uv"":1678},""1"":{""mean_uv"":970363,""error_uv"":-29637,""pp_uv"":3967},""2"":{""mean_uv"":1070137,""error_uv"":70137,""pp_uv"":934},""3"":{""mean_uv"":1119346,""error_uv"":119346,""pp_uv"":114},""4"":{""mean_uv"":742588,""error_uv"":-257412,""pp_uv"":114}},{""0"":{""mean_uv"":1006126,""error_uv"":6126,""pp_uv"":2136},""1"":{""mean_uv"":974769,""error_uv"":-25231,""pp_uv"":3013},""2"":{""mean_uv"":1057167,""error_uv"":57167,""pp_uv"":743},""3"":{""mean_uv"":1119365,""error_uv"":119365,""pp_uv"":133},""4"":{""mean_uv"":742607,""error_uv"":-257393,""pp_uv"":171}},{""0"":{""mean_uv"":1006469,""error_uv"":6469,""pp_uv"":2536},""1"":{""mean_uv"":978260,""error_uv"":-21740,""pp_uv"":3108},""2"":{""mean_uv"":1045742,""error_uv"":45742,""pp_uv"":514},""3"":{""mean_uv"":1119308,""error_uv"":119308,""pp_uv"":114},""4"":{""mean_uv"":742607,""error_uv"":-257393,""pp_uv"":95}}]},""codes"":[8,0,0,0]}"
24,coupled,False,7,2026-09-08T13:27:27,observation,    IDAC0 rápido 8: PGAgain=+6.1mV BPo=-25.2mV OPA_SUMo=+57.2mV SUMo=+119.3mV LPo=-257.4mV,"[8, 0, 0, 0]",,3,119346,114,57,"{""at"":""2026-09-08T13:27:27"",""kind"":""observation"",""message"":""    IDAC0 rápido 8: PGAgain=+6.1mV BPo=-25.2mV OPA_SUMo=+57.2mV SUMo=+119.3mV LPo=-257.4mV"",""label"":""IDAC0 rápido 8"",""observation"":{""errors_uv"":{""0"":6126,""1"":-25231,""2"":57167,""3"":119346,""4"":-257393},""pp_uv"":{""0"":2136,""1"":3108,""2"":743,""3"":114,""4"":114},""spread_uv"":{""0"":496,""1"":7897,""2"":24395,""3"":57,""4"":19},""samples"":[{""0"":{""mean_uv"":1005973,""error_uv"":5973,""pp_uv"":1678},""1"":{""mean_uv"":970363,""error_uv"":-29637,""pp_uv"":3967},""2"":{""mean_uv"":1070137,""error_uv"":70137,""pp_uv"":934},""3"":{""mean_uv"":1119346,""error_uv"":119346,""pp_uv"":114},""4"":{""mean_uv"":742588,""error_uv"":-257412,""pp_uv"":114}},{""0"":{""mean_uv"":1006126,""error_uv"":6126,""pp_uv"":2136},""1"":{""mean_uv"":974769,""error_uv"":-25231,""pp_uv"":3013},""2"":{""mean_uv"":1057167,""error_uv"":57167,""pp_uv"":743},""3"":{""mean_uv"":1119365,""error_uv"":119365,""pp_uv"":133},""4"":{""mean_uv"":742607,""error_uv"":-257393,""pp_uv"":171}},{""0"":{""mean_uv"":1006469,""error_uv"":6469,""pp_uv"":2536},""1"":{""mean_uv"":978260,""error_uv"":-21740,""pp_uv"":3108},""2"":{""mean_uv"":1045742,""error_uv"":45742,""pp_uv"":514},""3"":{""mean_uv"":1119308,""error_uv"":119308,""pp_uv"":114},""4"":{""mean_uv"":742607,""error_uv"":-257393,""pp_uv"":95}}]},""codes"":[8,0,0,0]}"
24,coupled,False,7,2026-09-08T13:27:27,observation,    IDAC0 rápido 8: PGAgain=+6.1mV BPo=-25.2mV OPA_SUMo=+57.2mV SUMo=+119.3mV LPo=-257.4mV,"[8, 0, 0, 0]",,4,-257393,114,19,"{""at"":""2026-09-08T13:27:27"",""kind"":""observation"",""message"":""    IDAC0 rápido 8: PGAgain=+6.1mV BPo=-25.2mV OPA_SUMo=+57.2mV SUMo=+119.3mV LPo=-257.4mV"",""label"":""IDAC0 rápido 8"",""observation"":{""errors_uv"":{""0"":6126,""1"":-25231,""2"":57167,""3"":119346,""4"":-257393},""pp_uv"":{""0"":2136,""1"":3108,""2"":743,""3"":114,""4"":114},""spread_uv"":{""0"":496,""1"":7897,""2"":24395,""3"":57,""4"":19},""samples"":[{""0"":{""mean_uv"":1005973,""error_uv"":5973,""pp_uv"":1678},""1"":{""mean_uv"":970363,""error_uv"":-29637,""pp_uv"":3967},""2"":{""mean_uv"":1070137,""error_uv"":70137,""pp_uv"":934},""3"":{""mean_uv"":1119346,""error_uv"":119346,""pp_uv"":114},""4"":{""mean_uv"":742588,""error_uv"":-257412,""pp_uv"":114}},{""0"":{""mean_uv"":1006126,""error_uv"":6126,""pp_uv"":2136},""1"":{""mean_uv"":974769,""error_uv"":-25231,""pp_uv"":3013},""2"":{""mean_uv"":1057167,""error_uv"":57167,""pp_uv"":743},""3"":{""mean_uv"":1119365,""error_uv"":119365,""pp_uv"":133},""4"":{""mean_uv"":742607,""error_uv"":-257393,""pp_uv"":171}},{""0"":{""mean_uv"":1006469,""error_uv"":6469,""pp_uv"":2536},""1"":{""mean_uv"":978260,""error_uv"":-21740,""pp_uv"":3108},""2"":{""mean_uv"":1045742,""error_uv"":45742,""pp_uv"":514},""3"":{""mean_uv"":1119308,""error_uv"":119308,""pp_uv"":114},""4"":{""mean_uv"":742607,""error_uv"":-257393,""pp_uv"":95}}]},""codes"":[8,0,0,0]}"
24,coupled,False,8,2026-09-08T13:27:43,observation,    IDAC0 rápido restaurado: PGAgain=-13.9mV BPo=+3.0mV OPA_SUMo=+44.0mV SUMo=+119.4mV LPo=-257.3mV,"[0, 0, 0, 0]",,0,-13901,2651,152,"{""at"":""2026-09-08T13:27:43"",""kind"":""observation"",""message"":""    IDAC0 rápido restaurado: PGAgain=-13.9mV BPo=+3.0mV OPA_SUMo=+44.0mV SUMo=+119.4mV LPo=-257.3mV"",""label"":""IDAC0 rápido restaurado"",""observation"":{""errors_uv"":{""0"":-13901,""1"":2979,""2"":43987,""3"":119403,""4"":-257336},""pp_uv"":{""0"":2651,""1"":3471,""2"":686,""3"":95,""4"":171},""spread_uv"":{""0"":152,""1"":172,""2"":2251,""3"":38,""4"":57},""samples"":[{""0"":{""mean_uv"":986099,""error_uv"":-13901,""pp_uv"":5187},""1"":{""mean_uv"":1003074,""error_uv"":3074,""pp_uv"":3471},""2"":{""mean_uv"":1042747,""error_uv"":42747,""pp_uv"":514},""3"":{""mean_uv"":1119403,""error_uv"":119403,""pp_uv"":95},""4"":{""mean_uv"":742664,""error_uv"":-257336,""pp_uv"":171}},{""0"":{""mean_uv"":986194,""error_uv"":-13806,""pp_uv"":2632},""1"":{""mean_uv"":1002979,""error_uv"":2979,""pp_uv"":3414},""2"":{""mean_uv"":1043987,""error_uv"":43987,""pp_uv"":686},""3"":{""mean_uv"":1119422,""error_uv"":119422,""pp_uv"":95},""4"":{""mean_uv"":742664,""error_uv"":-257336,""pp_uv"":152}},{""0"":{""mean_uv"":986042,""error_uv"":-13958,""pp_uv"":2651},""1"":{""mean_uv"":1002902,""error_uv"":2902,""pp_uv"":3547},""2"":{""mean_uv"":1044998,""error_uv"":44998,""pp_uv"":953},""3"":{""mean_uv"":1119384,""error_uv"":119384,""pp_uv"":95},""4"":{""mean_uv"":742721,""error_uv"":-257279,""pp_uv"":247}}]},""codes"":[0,0,0,0]}"
24,coupled,False,8,2026-09-08T13:27:43,observation,    IDAC0 rápido restaurado: PGAgain=-13.9mV BPo=+3.0mV OPA_SUMo=+44.0mV SUMo=+119.4mV LPo=-257.3mV,"[0, 0, 0, 0]",,1,2979,3471,172,"{""at"":""2026-09-08T13:27:43"",""kind"":""observation"",""message"":""    IDAC0 rápido restaurado: PGAgain=-13.9mV BPo=+3.0mV OPA_SUMo=+44.0mV SUMo=+119.4mV LPo=-257.3mV"",""label"":""IDAC0 rápido restaurado"",""observation"":{""errors_uv"":{""0"":-13901,""1"":2979,""2"":43987,""3"":119403,""4"":-257336},""pp_uv"":{""0"":2651,""1"":3471,""2"":686,""3"":95,""4"":171},""spread_uv"":{""0"":152,""1"":172,""2"":2251,""3"":38,""4"":57},""samples"":[{""0"":{""mean_uv"":986099,""error_uv"":-13901,""pp_uv"":5187},""1"":{""mean_uv"":1003074,""error_uv"":3074,""pp_uv"":3471},""2"":{""mean_uv"":1042747,""error_uv"":42747,""pp_uv"":514},""3"":{""mean_uv"":1119403,""error_uv"":119403,""pp_uv"":95},""4"":{""mean_uv"":742664,""error_uv"":-257336,""pp_uv"":171}},{""0"":{""mean_uv"":986194,""error_uv"":-13806,""pp_uv"":2632},""1"":{""mean_uv"":1002979,""error_uv"":2979,""pp_uv"":3414},""2"":{""mean_uv"":1043987,""error_uv"":43987,""pp_uv"":686},""3"":{""mean_uv"":1119422,""error_uv"":119422,""pp_uv"":95},""4"":{""mean_uv"":742664,""error_uv"":-257336,""pp_uv"":152}},{""0"":{""mean_uv"":986042,""error_uv"":-13958,""pp_uv"":2651},""1"":{""mean_uv"":1002902,""error_uv"":2902,""pp_uv"":3547},""2"":{""mean_uv"":1044998,""error_uv"":44998,""pp_uv"":953},""3"":{""mean_uv"":1119384,""error_uv"":119384,""pp_uv"":95},""4"":{""mean_uv"":742721,""error_uv"":-257279,""pp_uv"":247}}]},""codes"":[0,0,0,0]}"
24,coupled,False,8,2026-09-08T13:27:43,observation,    IDAC0 rápido restaurado: PGAgain=-13.9mV BPo=+3.0mV OPA_SUMo=+44.0mV SUMo=+119.4mV LPo=-257.3mV,"[0, 0, 0, 0]",,2,43987,686,2251,"{""at"":""2026-09-08T13:27:43"",""kind"":""observation"",""message"":""    IDAC0 rápido restaurado: PGAgain=-13.9mV BPo=+3.0mV OPA_SUMo=+44.0mV SUMo=+119.4mV LPo=-257.3mV"",""label"":""IDAC0 rápido restaurado"",""observation"":{""errors_uv"":{""0"":-13901,""1"":2979,""2"":43987,""3"":119403,""4"":-257336},""pp_uv"":{""0"":2651,""1"":3471,""2"":686,""3"":95,""4"":171},""spread_uv"":{""0"":152,""1"":172,""2"":2251,""3"":38,""4"":57},""samples"":[{""0"":{""mean_uv"":986099,""error_uv"":-13901,""pp_uv"":5187},""1"":{""mean_uv"":1003074,""error_uv"":3074,""pp_uv"":3471},""2"":{""mean_uv"":1042747,""error_uv"":42747,""pp_uv"":514},""3"":{""mean_uv"":1119403,""error_uv"":119403,""pp_uv"":95},""4"":{""mean_uv"":742664,""error_uv"":-257336,""pp_uv"":171}},{""0"":{""mean_uv"":986194,""error_uv"":-13806,""pp_uv"":2632},""1"":{""mean_uv"":1002979,""error_uv"":2979,""pp_uv"":3414},""2"":{""mean_uv"":1043987,""error_uv"":43987,""pp_uv"":686},""3"":{""mean_uv"":1119422,""error_uv"":119422,""pp_uv"":95},""4"":{""mean_uv"":742664,""error_uv"":-257336,""pp_uv"":152}},{""0"":{""mean_uv"":986042,""error_uv"":-13958,""pp_uv"":2651},""1"":{""mean_uv"":1002902,""error_uv"":2902,""pp_uv"":3547},""2"":{""mean_uv"":1044998,""error_uv"":44998,""pp_uv"":953},""3"":{""mean_uv"":1119384,""error_uv"":119384,""pp_uv"":95},""4"":{""mean_uv"":742721,""error_uv"":-257279,""pp_uv"":247}}]},""codes"":[0,0,0,0]}"
24,coupled,False,8,2026-09-08T13:27:43,observation,    IDAC0 rápido restaurado: PGAgain=-13.9mV BPo=+3.0mV OPA_SUMo=+44.0mV SUMo=+119.4mV LPo=-257.3mV,"[0, 0, 0, 0]",,3,119403,95,38,"{""at"":""2026-09-08T13:27:43"",""kind"":""observation"",""message"":""    IDAC0 rápido restaurado: PGAgain=-13.9mV BPo=+3.0mV OPA_SUMo=+44.0mV SUMo=+119.4mV LPo=-257.3mV"",""label"":""IDAC0 rápido restaurado"",""observation"":{""errors_uv"":{""0"":-13901,""1"":2979,""2"":43987,""3"":119403,""4"":-257336},""pp_uv"":{""0"":2651,""1"":3471,""2"":686,""3"":95,""4"":171},""spread_uv"":{""0"":152,""1"":172,""2"":2251,""3"":38,""4"":57},""samples"":[{""0"":{""mean_uv"":986099,""error_uv"":-13901,""pp_uv"":5187},""1"":{""mean_uv"":1003074,""error_uv"":3074,""pp_uv"":3471},""2"":{""mean_uv"":1042747,""error_uv"":42747,""pp_uv"":514},""3"":{""mean_uv"":1119403,""error_uv"":119403,""pp_uv"":95},""4"":{""mean_uv"":742664,""error_uv"":-257336,""pp_uv"":171}},{""0"":{""mean_uv"":986194,""error_uv"":-13806,""pp_uv"":2632},""1"":{""mean_uv"":1002979,""error_uv"":2979,""pp_uv"":3414},""2"":{""mean_uv"":1043987,""error_uv"":43987,""pp_uv"":686},""3"":{""mean_uv"":1119422,""error_uv"":119422,""pp_uv"":95},""4"":{""mean_uv"":742664,""error_uv"":-257336,""pp_uv"":152}},{""0"":{""mean_uv"":986042,""error_uv"":-13958,""pp_uv"":2651},""1"":{""mean_uv"":1002902,""error_uv"":2902,""pp_uv"":3547},""2"":{""mean_uv"":1044998,""error_uv"":44998,""pp_uv"":953},""3"":{""mean_uv"":1119384,""error_uv"":119384,""pp_uv"":95},""4"":{""mean_uv"":742721,""error_uv"":-257279,""pp_uv"":247}}]},""codes"":[0,0,0,0]}"
24,coupled,False,8,2026-09-08T13:27:43,observation,    IDAC0 rápido restaurado: PGAgain=-13.9mV BPo=+3.0mV OPA_SUMo=+44.0mV SUMo=+119.4mV LPo=-257.3mV,"[0, 0, 0, 0]",,4,-257336,171,57,"{""at"":""2026-09-08T13:27:43"",""kind"":""observation"",""message"":""    IDAC0 rápido restaurado: PGAgain=-13.9mV BPo=+3.0mV OPA_SUMo=+44.0mV SUMo=+119.4mV LPo=-257.3mV"",""label"":""IDAC0 rápido restaurado"",""observation"":{""errors_uv"":{""0"":-13901,""1"":2979,""2"":43987,""3"":119403,""4"":-257336},""pp_uv"":{""0"":2651,""1"":3471,""2"":686,""3"":95,""4"":171},""spread_uv"":{""0"":152,""1"":172,""2"":2251,""3"":38,""4"":57},""samples"":[{""0"":{""mean_uv"":986099,""error_uv"":-13901,""pp_uv"":5187},""1"":{""mean_uv"":1003074,""error_uv"":3074,""pp_uv"":3471},""2"":{""mean_uv"":1042747,""error_uv"":42747,""pp_uv"":514},""3"":{""mean_uv"":1119403,""error_uv"":119403,""pp_uv"":95},""4"":{""mean_uv"":742664,""error_uv"":-257336,""pp_uv"":171}},{""0"":{""mean_uv"":986194,""error_uv"":-13806,""pp_uv"":2632},""1"":{""mean_uv"":1002979,""error_uv"":2979,""pp_uv"":3414},""2"":{""mean_uv"":1043987,""error_uv"":43987,""pp_uv"":686},""3"":{""mean_uv"":1119422,""error_uv"":119422,""pp_uv"":95},""4"":{""mean_uv"":742664,""error_uv"":-257336,""pp_uv"":152}},{""0"":{""mean_uv"":986042,""error_uv"":-13958,""pp_uv"":2651},""1"":{""mean_uv"":1002902,""error_uv"":2902,""pp_uv"":3547},""2"":{""mean_uv"":1044998,""error_uv"":44998,""pp_uv"":953},""3"":{""mean_uv"":1119384,""error_uv"":119384,""pp_uv"":95},""4"":{""mean_uv"":742721,""error_uv"":-257279,""pp_uv"":247}}]},""codes"":[0,0,0,0]}"
24,coupled,False,9,2026-09-08T13:27:43,fast_identification,    IDAC0->ch0: +2893.2uV/código,"[3, -45, 0, 0]",,,,,,"{""at"":""2026-09-08T13:27:43"",""kind"":""fast_identification"",""message"":""    IDAC0->ch0: +2893.2uV/código"",""stage"":0,""channel"":0,""low"":-8,""high"":8,""slope_uv_per_code"":2893.1875,""effect_uv"":46291.0}"
24,coupled,False,10,2026-09-08T13:27:43,fast_pi,    PI rápido IDAC0 0->3,"[3, -45, 0, 0]",,,,,,"{""at"":""2026-09-08T13:27:43"",""kind"":""fast_pi"",""message"":""    PI rápido IDAC0 0->3"",""cycle"":0,""error_uv"":-13901,""slope_uv_per_code"":2893.1875}"
24,coupled,False,11,2026-09-08T13:27:59,observation,    microajuste rápido: PGAgain=-6.8mV BPo=-4.2mV OPA_SUMo=+38.7mV SUMo=+119.4mV LPo=-257.4mV,"[3, 0, 0, 0]",,0,-6787,2079,439,"{""at"":""2026-09-08T13:27:59"",""kind"":""observation"",""message"":""    microajuste rápido: PGAgain=-6.8mV BPo=-4.2mV OPA_SUMo=+38.7mV SUMo=+119.4mV LPo=-257.4mV"",""label"":""microajuste rápido"",""observation"":{""errors_uv"":{""0"":-6787,""1"":-4212,""2"":38665,""3"":119365,""4"":-257355},""pp_uv"":{""0"":2079,""1"":3280,""2"":476,""3"":114,""4"":114},""spread_uv"":{""0"":439,""1"":839,""2"":4520,""3"":38,""4"":38},""samples"":[{""0"":{""mean_uv"":993366,""error_uv"":-6634,""pp_uv"":2079},""1"":{""mean_uv"":995445,""error_uv"":-4555,""pp_uv"":3242},""2"":{""mean_uv"":1041011,""error_uv"":41011,""pp_uv"":591},""3"":{""mean_uv"":1119365,""error_uv"":119365,""pp_uv"":133},""4"":{""mean_uv"":742645,""error_uv"":-257355,""pp_uv"":114}},{""0"":{""mean_uv"":993213,""error_uv"":-6787,""pp_uv"":2498},""1"":{""mean_uv"":995788,""error_uv"":-4212,""pp_uv"":3433},""2"":{""mean_uv"":1038665,""error_uv"":38665,""pp_uv"":457},""3"":{""mean_uv"":1119384,""error_uv"":119384,""pp_uv"":114},""4"":{""mean_uv"":742683,""error_uv"":-257317,""pp_uv"":133}},{""0"":{""mean_uv"":992927,""error_uv"":-7073,""pp_uv"":2040},""1"":{""mean_uv"":996284,""error_uv"":-3716,""pp_uv"":3280},""2"":{""mean_uv"":1036491,""error_uv"":36491,""pp_uv"":476},""3"":{""mean_uv"":1119346,""error_uv"":119346,""pp_uv"":95},""4"":{""mean_uv"":742645,""error_uv"":-257355,""pp_uv"":95}}]},""codes"":[3,0,0,0]}"
24,coupled,False,11,2026-09-08T13:27:59,observation,    microajuste rápido: PGAgain=-6.8mV BPo=-4.2mV OPA_SUMo=+38.7mV SUMo=+119.4mV LPo=-257.4mV,"[3, 0, 0, 0]",,1,-4212,3280,839,"{""at"":""2026-09-08T13:27:59"",""kind"":""observation"",""message"":""    microajuste rápido: PGAgain=-6.8mV BPo=-4.2mV OPA_SUMo=+38.7mV SUMo=+119.4mV LPo=-257.4mV"",""label"":""microajuste rápido"",""observation"":{""errors_uv"":{""0"":-6787,""1"":-4212,""2"":38665,""3"":119365,""4"":-257355},""pp_uv"":{""0"":2079,""1"":3280,""2"":476,""3"":114,""4"":114},""spread_uv"":{""0"":439,""1"":839,""2"":4520,""3"":38,""4"":38},""samples"":[{""0"":{""mean_uv"":993366,""error_uv"":-6634,""pp_uv"":2079},""1"":{""mean_uv"":995445,""error_uv"":-4555,""pp_uv"":3242},""2"":{""mean_uv"":1041011,""error_uv"":41011,""pp_uv"":591},""3"":{""mean_uv"":1119365,""error_uv"":119365,""pp_uv"":133},""4"":{""mean_uv"":742645,""error_uv"":-257355,""pp_uv"":114}},{""0"":{""mean_uv"":993213,""error_uv"":-6787,""pp_uv"":2498},""1"":{""mean_uv"":995788,""error_uv"":-4212,""pp_uv"":3433},""2"":{""mean_uv"":1038665,""error_uv"":38665,""pp_uv"":457},""3"":{""mean_uv"":1119384,""error_uv"":119384,""pp_uv"":114},""4"":{""mean_uv"":742683,""error_uv"":-257317,""pp_uv"":133}},{""0"":{""mean_uv"":992927,""error_uv"":-7073,""pp_uv"":2040},""1"":{""mean_uv"":996284,""error_uv"":-3716,""pp_uv"":3280},""2"":{""mean_uv"":1036491,""error_uv"":36491,""pp_uv"":476},""3"":{""mean_uv"":1119346,""error_uv"":119346,""pp_uv"":95},""4"":{""mean_uv"":742645,""error_uv"":-257355,""pp_uv"":95}}]},""codes"":[3,0,0,0]}"
24,coupled,False,11,2026-09-08T13:27:59,observation,    microajuste rápido: PGAgain=-6.8mV BPo=-4.2mV OPA_SUMo=+38.7mV SUMo=+119.4mV LPo=-257.4mV,"[3, 0, 0, 0]",,2,38665,476,4520,"{""at"":""2026-09-08T13:27:59"",""kind"":""observation"",""message"":""    microajuste rápido: PGAgain=-6.8mV BPo=-4.2mV OPA_SUMo=+38.7mV SUMo=+119.4mV LPo=-257.4mV"",""label"":""microajuste rápido"",""observation"":{""errors_uv"":{""0"":-6787,""1"":-4212,""2"":38665,""3"":119365,""4"":-257355},""pp_uv"":{""0"":2079,""1"":3280,""2"":476,""3"":114,""4"":114},""spread_uv"":{""0"":439,""1"":839,""2"":4520,""3"":38,""4"":38},""samples"":[{""0"":{""mean_uv"":993366,""error_uv"":-6634,""pp_uv"":2079},""1"":{""mean_uv"":995445,""error_uv"":-4555,""pp_uv"":3242},""2"":{""mean_uv"":1041011,""error_uv"":41011,""pp_uv"":591},""3"":{""mean_uv"":1119365,""error_uv"":119365,""pp_uv"":133},""4"":{""mean_uv"":742645,""error_uv"":-257355,""pp_uv"":114}},{""0"":{""mean_uv"":993213,""error_uv"":-6787,""pp_uv"":2498},""1"":{""mean_uv"":995788,""error_uv"":-4212,""pp_uv"":3433},""2"":{""mean_uv"":1038665,""error_uv"":38665,""pp_uv"":457},""3"":{""mean_uv"":1119384,""error_uv"":119384,""pp_uv"":114},""4"":{""mean_uv"":742683,""error_uv"":-257317,""pp_uv"":133}},{""0"":{""mean_uv"":992927,""error_uv"":-7073,""pp_uv"":2040},""1"":{""mean_uv"":996284,""error_uv"":-3716,""pp_uv"":3280},""2"":{""mean_uv"":1036491,""error_uv"":36491,""pp_uv"":476},""3"":{""mean_uv"":1119346,""error_uv"":119346,""pp_uv"":95},""4"":{""mean_uv"":742645,""error_uv"":-257355,""pp_uv"":95}}]},""codes"":[3,0,0,0]}"
24,coupled,False,11,2026-09-08T13:27:59,observation,    microajuste rápido: PGAgain=-6.8mV BPo=-4.2mV OPA_SUMo=+38.7mV SUMo=+119.4mV LPo=-257.4mV,"[3, 0, 0, 0]",,3,119365,114,38,"{""at"":""2026-09-08T13:27:59"",""kind"":""observation"",""message"":""    microajuste rápido: PGAgain=-6.8mV BPo=-4.2mV OPA_SUMo=+38.7mV SUMo=+119.4mV LPo=-257.4mV"",""label"":""microajuste rápido"",""observation"":{""errors_uv"":{""0"":-6787,""1"":-4212,""2"":38665,""3"":119365,""4"":-257355},""pp_uv"":{""0"":2079,""1"":3280,""2"":476,""3"":114,""4"":114},""spread_uv"":{""0"":439,""1"":839,""2"":4520,""3"":38,""4"":38},""samples"":[{""0"":{""mean_uv"":993366,""error_uv"":-6634,""pp_uv"":2079},""1"":{""mean_uv"":995445,""error_uv"":-4555,""pp_uv"":3242},""2"":{""mean_uv"":1041011,""error_uv"":41011,""pp_uv"":591},""3"":{""mean_uv"":1119365,""error_uv"":119365,""pp_uv"":133},""4"":{""mean_uv"":742645,""error_uv"":-257355,""pp_uv"":114}},{""0"":{""mean_uv"":993213,""error_uv"":-6787,""pp_uv"":2498},""1"":{""mean_uv"":995788,""error_uv"":-4212,""pp_uv"":3433},""2"":{""mean_uv"":1038665,""error_uv"":38665,""pp_uv"":457},""3"":{""mean_uv"":1119384,""error_uv"":119384,""pp_uv"":114},""4"":{""mean_uv"":742683,""error_uv"":-257317,""pp_uv"":133}},{""0"":{""mean_uv"":992927,""error_uv"":-7073,""pp_uv"":2040},""1"":{""mean_uv"":996284,""error_uv"":-3716,""pp_uv"":3280},""2"":{""mean_uv"":1036491,""error_uv"":36491,""pp_uv"":476},""3"":{""mean_uv"":1119346,""error_uv"":119346,""pp_uv"":95},""4"":{""mean_uv"":742645,""error_uv"":-257355,""pp_uv"":95}}]},""codes"":[3,0,0,0]}"
24,coupled,False,11,2026-09-08T13:27:59,observation,    microajuste rápido: PGAgain=-6.8mV BPo=-4.2mV OPA_SUMo=+38.7mV SUMo=+119.4mV LPo=-257.4mV,"[3, 0, 0, 0]",,4,-257355,114,38,"{""at"":""2026-09-08T13:27:59"",""kind"":""observation"",""message"":""    microajuste rápido: PGAgain=-6.8mV BPo=-4.2mV OPA_SUMo=+38.7mV SUMo=+119.4mV LPo=-257.4mV"",""label"":""microajuste rápido"",""observation"":{""errors_uv"":{""0"":-6787,""1"":-4212,""2"":38665,""3"":119365,""4"":-257355},""pp_uv"":{""0"":2079,""1"":3280,""2"":476,""3"":114,""4"":114},""spread_uv"":{""0"":439,""1"":839,""2"":4520,""3"":38,""4"":38},""samples"":[{""0"":{""mean_uv"":993366,""error_uv"":-6634,""pp_uv"":2079},""1"":{""mean_uv"":995445,""error_uv"":-4555,""pp_uv"":3242},""2"":{""mean_uv"":1041011,""error_uv"":41011,""pp_uv"":591},""3"":{""mean_uv"":1119365,""error_uv"":119365,""pp_uv"":133},""4"":{""mean_uv"":742645,""error_uv"":-257355,""pp_uv"":114}},{""0"":{""mean_uv"":993213,""error_uv"":-6787,""pp_uv"":2498},""1"":{""mean_uv"":995788,""error_uv"":-4212,""pp_uv"":3433},""2"":{""mean_uv"":1038665,""error_uv"":38665,""pp_uv"":457},""3"":{""mean_uv"":1119384,""error_uv"":119384,""pp_uv"":114},""4"":{""mean_uv"":742683,""error_uv"":-257317,""pp_uv"":133}},{""0"":{""mean_uv"":992927,""error_uv"":-7073,""pp_uv"":2040},""1"":{""mean_uv"":996284,""error_uv"":-3716,""pp_uv"":3280},""2"":{""mean_uv"":1036491,""error_uv"":36491,""pp_uv"":476},""3"":{""mean_uv"":1119346,""error_uv"":119346,""pp_uv"":95},""4"":{""mean_uv"":742645,""error_uv"":-257355,""pp_uv"":95}}]},""codes"":[3,0,0,0]}"
24,coupled,False,12,2026-09-08T13:28:09,observation,    base para bracket BP->SUM: PGAgain=-7.3mV BPo=-3.6mV OPA_SUMo=+33.5mV SUMo=+119.4mV LPo=-257.4mV,"[3, 0, 0, 0]",,0,-7264,1831,95,"{""at"":""2026-09-08T13:28:09"",""kind"":""observation"",""message"":""    base para bracket BP->SUM: PGAgain=-7.3mV BPo=-3.6mV OPA_SUMo=+33.5mV SUMo=+119.4mV LPo=-257.4mV"",""label"":""base para bracket BP->SUM"",""observation"":{""errors_uv"":{""0"":-7264,""1"":-3563,""2"":33458,""3"":119403,""4"":-257374},""pp_uv"":{""0"":1831,""1"":3643,""2"":553,""3"":114,""4"":133},""spread_uv"":{""0"":95,""1"":725,""2"":3204,""3"":38,""4"":57},""samples"":[{""0"":{""mean_uv"":992755,""error_uv"":-7245,""pp_uv"":1583},""1"":{""mean_uv"":996398,""error_uv"":-3602,""pp_uv"":2689},""2"":{""mean_uv"":1035213,""error_uv"":35213,""pp_uv"":553},""3"":{""mean_uv"":1119422,""error_uv"":119422,""pp_uv"":95},""4"":{""mean_uv"":742683,""error_uv"":-257317,""pp_uv"":133}},{""0"":{""mean_uv"":992660,""error_uv"":-7340,""pp_uv"":1831},""1"":{""mean_uv"":996437,""error_uv"":-3563,""pp_uv"":3643},""2"":{""mean_uv"":1033458,""error_uv"":33458,""pp_uv"":553},""3"":{""mean_uv"":1119384,""error_uv"":119384,""pp_uv"":114},""4"":{""mean_uv"":742626,""error_uv"":-257374,""pp_uv"":133}},{""0"":{""mean_uv"":992736,""error_uv"":-7264,""pp_uv"":1869},""1"":{""mean_uv"":997123,""error_uv"":-2877,""pp_uv"":4291},""2"":{""mean_uv"":1032009,""error_uv"":32009,""pp_uv"":629},""3"":{""mean_uv"":1119403,""error_uv"":119403,""pp_uv"":133},""4"":{""mean_uv"":742626,""error_uv"":-257374,""pp_uv"":171}}]},""codes"":[3,0,0,0]}"
24,coupled,False,12,2026-09-08T13:28:09,observation,    base para bracket BP->SUM: PGAgain=-7.3mV BPo=-3.6mV OPA_SUMo=+33.5mV SUMo=+119.4mV LPo=-257.4mV,"[3, 0, 0, 0]",,1,-3563,3643,725,"{""at"":""2026-09-08T13:28:09"",""kind"":""observation"",""message"":""    base para bracket BP->SUM: PGAgain=-7.3mV BPo=-3.6mV OPA_SUMo=+33.5mV SUMo=+119.4mV LPo=-257.4mV"",""label"":""base para bracket BP->SUM"",""observation"":{""errors_uv"":{""0"":-7264,""1"":-3563,""2"":33458,""3"":119403,""4"":-257374},""pp_uv"":{""0"":1831,""1"":3643,""2"":553,""3"":114,""4"":133},""spread_uv"":{""0"":95,""1"":725,""2"":3204,""3"":38,""4"":57},""samples"":[{""0"":{""mean_uv"":992755,""error_uv"":-7245,""pp_uv"":1583},""1"":{""mean_uv"":996398,""error_uv"":-3602,""pp_uv"":2689},""2"":{""mean_uv"":1035213,""error_uv"":35213,""pp_uv"":553},""3"":{""mean_uv"":1119422,""error_uv"":119422,""pp_uv"":95},""4"":{""mean_uv"":742683,""error_uv"":-257317,""pp_uv"":133}},{""0"":{""mean_uv"":992660,""error_uv"":-7340,""pp_uv"":1831},""1"":{""mean_uv"":996437,""error_uv"":-3563,""pp_uv"":3643},""2"":{""mean_uv"":1033458,""error_uv"":33458,""pp_uv"":553},""3"":{""mean_uv"":1119384,""error_uv"":119384,""pp_uv"":114},""4"":{""mean_uv"":742626,""error_uv"":-257374,""pp_uv"":133}},{""0"":{""mean_uv"":992736,""error_uv"":-7264,""pp_uv"":1869},""1"":{""mean_uv"":997123,""error_uv"":-2877,""pp_uv"":4291},""2"":{""mean_uv"":1032009,""error_uv"":32009,""pp_uv"":629},""3"":{""mean_uv"":1119403,""error_uv"":119403,""pp_uv"":133},""4"":{""mean_uv"":742626,""error_uv"":-257374,""pp_uv"":171}}]},""codes"":[3,0,0,0]}"
24,coupled,False,12,2026-09-08T13:28:09,observation,    base para bracket BP->SUM: PGAgain=-7.3mV BPo=-3.6mV OPA_SUMo=+33.5mV SUMo=+119.4mV LPo=-257.4mV,"[3, 0, 0, 0]",,2,33458,553,3204,"{""at"":""2026-09-08T13:28:09"",""kind"":""observation"",""message"":""    base para bracket BP->SUM: PGAgain=-7.3mV BPo=-3.6mV OPA_SUMo=+33.5mV SUMo=+119.4mV LPo=-257.4mV"",""label"":""base para bracket BP->SUM"",""observation"":{""errors_uv"":{""0"":-7264,""1"":-3563,""2"":33458,""3"":119403,""4"":-257374},""pp_uv"":{""0"":1831,""1"":3643,""2"":553,""3"":114,""4"":133},""spread_uv"":{""0"":95,""1"":725,""2"":3204,""3"":38,""4"":57},""samples"":[{""0"":{""mean_uv"":992755,""error_uv"":-7245,""pp_uv"":1583},""1"":{""mean_uv"":996398,""error_uv"":-3602,""pp_uv"":2689},""2"":{""mean_uv"":1035213,""error_uv"":35213,""pp_uv"":553},""3"":{""mean_uv"":1119422,""error_uv"":119422,""pp_uv"":95},""4"":{""mean_uv"":742683,""error_uv"":-257317,""pp_uv"":133}},{""0"":{""mean_uv"":992660,""error_uv"":-7340,""pp_uv"":1831},""1"":{""mean_uv"":996437,""error_uv"":-3563,""pp_uv"":3643},""2"":{""mean_uv"":1033458,""error_uv"":33458,""pp_uv"":553},""3"":{""mean_uv"":1119384,""error_uv"":119384,""pp_uv"":114},""4"":{""mean_uv"":742626,""error_uv"":-257374,""pp_uv"":133}},{""0"":{""mean_uv"":992736,""error_uv"":-7264,""pp_uv"":1869},""1"":{""mean_uv"":997123,""error_uv"":-2877,""pp_uv"":4291},""2"":{""mean_uv"":1032009,""error_uv"":32009,""pp_uv"":629},""3"":{""mean_uv"":1119403,""error_uv"":119403,""pp_uv"":133},""4"":{""mean_uv"":742626,""error_uv"":-257374,""pp_uv"":171}}]},""codes"":[3,0,0,0]}"
24,coupled,False,12,2026-09-08T13:28:09,observation,    base para bracket BP->SUM: PGAgain=-7.3mV BPo=-3.6mV OPA_SUMo=+33.5mV SUMo=+119.4mV LPo=-257.4mV,"[3, 0, 0, 0]",,3,119403,114,38,"{""at"":""2026-09-08T13:28:09"",""kind"":""observation"",""message"":""    base para bracket BP->SUM: PGAgain=-7.3mV BPo=-3.6mV OPA_SUMo=+33.5mV SUMo=+119.4mV LPo=-257.4mV"",""label"":""base para bracket BP->SUM"",""observation"":{""errors_uv"":{""0"":-7264,""1"":-3563,""2"":33458,""3"":119403,""4"":-257374},""pp_uv"":{""0"":1831,""1"":3643,""2"":553,""3"":114,""4"":133},""spread_uv"":{""0"":95,""1"":725,""2"":3204,""3"":38,""4"":57},""samples"":[{""0"":{""mean_uv"":992755,""error_uv"":-7245,""pp_uv"":1583},""1"":{""mean_uv"":996398,""error_uv"":-3602,""pp_uv"":2689},""2"":{""mean_uv"":1035213,""error_uv"":35213,""pp_uv"":553},""3"":{""mean_uv"":1119422,""error_uv"":119422,""pp_uv"":95},""4"":{""mean_uv"":742683,""error_uv"":-257317,""pp_uv"":133}},{""0"":{""mean_uv"":992660,""error_uv"":-7340,""pp_uv"":1831},""1"":{""mean_uv"":996437,""error_uv"":-3563,""pp_uv"":3643},""2"":{""mean_uv"":1033458,""error_uv"":33458,""pp_uv"":553},""3"":{""mean_uv"":1119384,""error_uv"":119384,""pp_uv"":114},""4"":{""mean_uv"":742626,""error_uv"":-257374,""pp_uv"":133}},{""0"":{""mean_uv"":992736,""error_uv"":-7264,""pp_uv"":1869},""1"":{""mean_uv"":997123,""error_uv"":-2877,""pp_uv"":4291},""2"":{""mean_uv"":1032009,""error_uv"":32009,""pp_uv"":629},""3"":{""mean_uv"":1119403,""error_uv"":119403,""pp_uv"":133},""4"":{""mean_uv"":742626,""error_uv"":-257374,""pp_uv"":171}}]},""codes"":[3,0,0,0]}"
24,coupled,False,12,2026-09-08T13:28:09,observation,    base para bracket BP->SUM: PGAgain=-7.3mV BPo=-3.6mV OPA_SUMo=+33.5mV SUMo=+119.4mV LPo=-257.4mV,"[3, 0, 0, 0]",,4,-257374,133,57,"{""at"":""2026-09-08T13:28:09"",""kind"":""observation"",""message"":""    base para bracket BP->SUM: PGAgain=-7.3mV BPo=-3.6mV OPA_SUMo=+33.5mV SUMo=+119.4mV LPo=-257.4mV"",""label"":""base para bracket BP->SUM"",""observation"":{""errors_uv"":{""0"":-7264,""1"":-3563,""2"":33458,""3"":119403,""4"":-257374},""pp_uv"":{""0"":1831,""1"":3643,""2"":553,""3"":114,""4"":133},""spread_uv"":{""0"":95,""1"":725,""2"":3204,""3"":38,""4"":57},""samples"":[{""0"":{""mean_uv"":992755,""error_uv"":-7245,""pp_uv"":1583},""1"":{""mean_uv"":996398,""error_uv"":-3602,""pp_uv"":2689},""2"":{""mean_uv"":1035213,""error_uv"":35213,""pp_uv"":553},""3"":{""mean_uv"":1119422,""error_uv"":119422,""pp_uv"":95},""4"":{""mean_uv"":742683,""error_uv"":-257317,""pp_uv"":133}},{""0"":{""mean_uv"":992660,""error_uv"":-7340,""pp_uv"":1831},""1"":{""mean_uv"":996437,""error_uv"":-3563,""pp_uv"":3643},""2"":{""mean_uv"":1033458,""error_uv"":33458,""pp_uv"":553},""3"":{""mean_uv"":1119384,""error_uv"":119384,""pp_uv"":114},""4"":{""mean_uv"":742626,""error_uv"":-257374,""pp_uv"":133}},{""0"":{""mean_uv"":992736,""error_uv"":-7264,""pp_uv"":1869},""1"":{""mean_uv"":997123,""error_uv"":-2877,""pp_uv"":4291},""2"":{""mean_uv"":1032009,""error_uv"":32009,""pp_uv"":629},""3"":{""mean_uv"":1119403,""error_uv"":119403,""pp_uv"":133},""4"":{""mean_uv"":742626,""error_uv"":-257374,""pp_uv"":171}}]},""codes"":[3,0,0,0]}"
24,coupled,False,13,2026-09-08T13:28:37,observation,    bracket IDAC1=-12: PGAgain=-7.1mV BPo=-2.9mV OPA_SUMo=+22.2mV SUMo=+119.4mV LPo=-257.4mV,"[3, -12, 0, 0]",,0,-7111,1449,400,"{""at"":""2026-09-08T13:28:37"",""kind"":""observation"",""message"":""    bracket IDAC1=-12: PGAgain=-7.1mV BPo=-2.9mV OPA_SUMo=+22.2mV SUMo=+119.4mV LPo=-257.4mV"",""label"":""bracket IDAC1=-12"",""observation"":{""errors_uv"":{""0"":-7111,""1"":-2858,""2"":22224,""3"":119384,""4"":-257355},""pp_uv"":{""0"":1449,""1"":1811,""2"":381,""3"":95,""4"":133},""spread_uv"":{""0"":400,""1"":972,""2"":1602,""3"":38,""4"":0},""samples"":[{""0"":{""mean_uv"":992794,""error_uv"":-7206,""pp_uv"":1449},""1"":{""mean_uv"":996742,""error_uv"":-3258,""pp_uv"":1449},""2"":{""mean_uv"":1023139,""error_uv"":23139,""pp_uv"":381},""3"":{""mean_uv"":1119403,""error_uv"":119403,""pp_uv"":76},""4"":{""mean_uv"":742645,""error_uv"":-257355,""pp_uv"":95}},{""0"":{""mean_uv"":992889,""error_uv"":-7111,""pp_uv"":1716},""1"":{""mean_uv"":997142,""error_uv"":-2858,""pp_uv"":1811},""2"":{""mean_uv"":1022224,""error_uv"":22224,""pp_uv"":305},""3"":{""mean_uv"":1119384,""error_uv"":119384,""pp_uv"":95},""4"":{""mean_uv"":742645,""error_uv"":-257355,""pp_uv"":152}},{""0"":{""mean_uv"":993194,""error_uv"":-6806,""pp_uv"":1430},""1"":{""mean_uv"":997714,""error_uv"":-2286,""pp_uv"":3128},""2"":{""mean_uv"":1021537,""error_uv"":21537,""pp_uv"":610},""3"":{""mean_uv"":1119365,""error_uv"":119365,""pp_uv"":114},""4"":{""mean_uv"":742645,""error_uv"":-257355,""pp_uv"":133}}]},""codes"":[3,-12,0,0]}"
24,coupled,False,13,2026-09-08T13:28:37,observation,    bracket IDAC1=-12: PGAgain=-7.1mV BPo=-2.9mV OPA_SUMo=+22.2mV SUMo=+119.4mV LPo=-257.4mV,"[3, -12, 0, 0]",,1,-2858,1811,972,"{""at"":""2026-09-08T13:28:37"",""kind"":""observation"",""message"":""    bracket IDAC1=-12: PGAgain=-7.1mV BPo=-2.9mV OPA_SUMo=+22.2mV SUMo=+119.4mV LPo=-257.4mV"",""label"":""bracket IDAC1=-12"",""observation"":{""errors_uv"":{""0"":-7111,""1"":-2858,""2"":22224,""3"":119384,""4"":-257355},""pp_uv"":{""0"":1449,""1"":1811,""2"":381,""3"":95,""4"":133},""spread_uv"":{""0"":400,""1"":972,""2"":1602,""3"":38,""4"":0},""samples"":[{""0"":{""mean_uv"":992794,""error_uv"":-7206,""pp_uv"":1449},""1"":{""mean_uv"":996742,""error_uv"":-3258,""pp_uv"":1449},""2"":{""mean_uv"":1023139,""error_uv"":23139,""pp_uv"":381},""3"":{""mean_uv"":1119403,""error_uv"":119403,""pp_uv"":76},""4"":{""mean_uv"":742645,""error_uv"":-257355,""pp_uv"":95}},{""0"":{""mean_uv"":992889,""error_uv"":-7111,""pp_uv"":1716},""1"":{""mean_uv"":997142,""error_uv"":-2858,""pp_uv"":1811},""2"":{""mean_uv"":1022224,""error_uv"":22224,""pp_uv"":305},""3"":{""mean_uv"":1119384,""error_uv"":119384,""pp_uv"":95},""4"":{""mean_uv"":742645,""error_uv"":-257355,""pp_uv"":152}},{""0"":{""mean_uv"":993194,""error_uv"":-6806,""pp_uv"":1430},""1"":{""mean_uv"":997714,""error_uv"":-2286,""pp_uv"":3128},""2"":{""mean_uv"":1021537,""error_uv"":21537,""pp_uv"":610},""3"":{""mean_uv"":1119365,""error_uv"":119365,""pp_uv"":114},""4"":{""mean_uv"":742645,""error_uv"":-257355,""pp_uv"":133}}]},""codes"":[3,-12,0,0]}"
24,coupled,False,13,2026-09-08T13:28:37,observation,    bracket IDAC1=-12: PGAgain=-7.1mV BPo=-2.9mV OPA_SUMo=+22.2mV SUMo=+119.4mV LPo=-257.4mV,"[3, -12, 0, 0]",,2,22224,381,1602,"{""at"":""2026-09-08T13:28:37"",""kind"":""observation"",""message"":""    bracket IDAC1=-12: PGAgain=-7.1mV BPo=-2.9mV OPA_SUMo=+22.2mV SUMo=+119.4mV LPo=-257.4mV"",""label"":""bracket IDAC1=-12"",""observation"":{""errors_uv"":{""0"":-7111,""1"":-2858,""2"":22224,""3"":119384,""4"":-257355},""pp_uv"":{""0"":1449,""1"":1811,""2"":381,""3"":95,""4"":133},""spread_uv"":{""0"":400,""1"":972,""2"":1602,""3"":38,""4"":0},""samples"":[{""0"":{""mean_uv"":992794,""error_uv"":-7206,""pp_uv"":1449},""1"":{""mean_uv"":996742,""error_uv"":-3258,""pp_uv"":1449},""2"":{""mean_uv"":1023139,""error_uv"":23139,""pp_uv"":381},""3"":{""mean_uv"":1119403,""error_uv"":119403,""pp_uv"":76},""4"":{""mean_uv"":742645,""error_uv"":-257355,""pp_uv"":95}},{""0"":{""mean_uv"":992889,""error_uv"":-7111,""pp_uv"":1716},""1"":{""mean_uv"":997142,""error_uv"":-2858,""pp_uv"":1811},""2"":{""mean_uv"":1022224,""error_uv"":22224,""pp_uv"":305},""3"":{""mean_uv"":1119384,""error_uv"":119384,""pp_uv"":95},""4"":{""mean_uv"":742645,""error_uv"":-257355,""pp_uv"":152}},{""0"":{""mean_uv"":993194,""error_uv"":-6806,""pp_uv"":1430},""1"":{""mean_uv"":997714,""error_uv"":-2286,""pp_uv"":3128},""2"":{""mean_uv"":1021537,""error_uv"":21537,""pp_uv"":610},""3"":{""mean_uv"":1119365,""error_uv"":119365,""pp_uv"":114},""4"":{""mean_uv"":742645,""error_uv"":-257355,""pp_uv"":133}}]},""codes"":[3,-12,0,0]}"
24,coupled,False,13,2026-09-08T13:28:37,observation,    bracket IDAC1=-12: PGAgain=-7.1mV BPo=-2.9mV OPA_SUMo=+22.2mV SUMo=+119.4mV LPo=-257.4mV,"[3, -12, 0, 0]",,3,119384,95,38,"{""at"":""2026-09-08T13:28:37"",""kind"":""observation"",""message"":""    bracket IDAC1=-12: PGAgain=-7.1mV BPo=-2.9mV OPA_SUMo=+22.2mV SUMo=+119.4mV LPo=-257.4mV"",""label"":""bracket IDAC1=-12"",""observation"":{""errors_uv"":{""0"":-7111,""1"":-2858,""2"":22224,""3"":119384,""4"":-257355},""pp_uv"":{""0"":1449,""1"":1811,""2"":381,""3"":95,""4"":133},""spread_uv"":{""0"":400,""1"":972,""2"":1602,""3"":38,""4"":0},""samples"":[{""0"":{""mean_uv"":992794,""error_uv"":-7206,""pp_uv"":1449},""1"":{""mean_uv"":996742,""error_uv"":-3258,""pp_uv"":1449},""2"":{""mean_uv"":1023139,""error_uv"":23139,""pp_uv"":381},""3"":{""mean_uv"":1119403,""error_uv"":119403,""pp_uv"":76},""4"":{""mean_uv"":742645,""error_uv"":-257355,""pp_uv"":95}},{""0"":{""mean_uv"":992889,""error_uv"":-7111,""pp_uv"":1716},""1"":{""mean_uv"":997142,""error_uv"":-2858,""pp_uv"":1811},""2"":{""mean_uv"":1022224,""error_uv"":22224,""pp_uv"":305},""3"":{""mean_uv"":1119384,""error_uv"":119384,""pp_uv"":95},""4"":{""mean_uv"":742645,""error_uv"":-257355,""pp_uv"":152}},{""0"":{""mean_uv"":993194,""error_uv"":-6806,""pp_uv"":1430},""1"":{""mean_uv"":997714,""error_uv"":-2286,""pp_uv"":3128},""2"":{""mean_uv"":1021537,""error_uv"":21537,""pp_uv"":610},""3"":{""mean_uv"":1119365,""error_uv"":119365,""pp_uv"":114},""4"":{""mean_uv"":742645,""error_uv"":-257355,""pp_uv"":133}}]},""codes"":[3,-12,0,0]}"
24,coupled,False,13,2026-09-08T13:28:37,observation,    bracket IDAC1=-12: PGAgain=-7.1mV BPo=-2.9mV OPA_SUMo=+22.2mV SUMo=+119.4mV LPo=-257.4mV,"[3, -12, 0, 0]",,4,-257355,133,0,"{""at"":""2026-09-08T13:28:37"",""kind"":""observation"",""message"":""    bracket IDAC1=-12: PGAgain=-7.1mV BPo=-2.9mV OPA_SUMo=+22.2mV SUMo=+119.4mV LPo=-257.4mV"",""label"":""bracket IDAC1=-12"",""observation"":{""errors_uv"":{""0"":-7111,""1"":-2858,""2"":22224,""3"":119384,""4"":-257355},""pp_uv"":{""0"":1449,""1"":1811,""2"":381,""3"":95,""4"":133},""spread_uv"":{""0"":400,""1"":972,""2"":1602,""3"":38,""4"":0},""samples"":[{""0"":{""mean_uv"":992794,""error_uv"":-7206,""pp_uv"":1449},""1"":{""mean_uv"":996742,""error_uv"":-3258,""pp_uv"":1449},""2"":{""mean_uv"":1023139,""error_uv"":23139,""pp_uv"":381},""3"":{""mean_uv"":1119403,""error_uv"":119403,""pp_uv"":76},""4"":{""mean_uv"":742645,""error_uv"":-257355,""pp_uv"":95}},{""0"":{""mean_uv"":992889,""error_uv"":-7111,""pp_uv"":1716},""1"":{""mean_uv"":997142,""error_uv"":-2858,""pp_uv"":1811},""2"":{""mean_uv"":1022224,""error_uv"":22224,""pp_uv"":305},""3"":{""mean_uv"":1119384,""error_uv"":119384,""pp_uv"":95},""4"":{""mean_uv"":742645,""error_uv"":-257355,""pp_uv"":152}},{""0"":{""mean_uv"":993194,""error_uv"":-6806,""pp_uv"":1430},""1"":{""mean_uv"":997714,""error_uv"":-2286,""pp_uv"":3128},""2"":{""mean_uv"":1021537,""error_uv"":21537,""pp_uv"":610},""3"":{""mean_uv"":1119365,""error_uv"":119365,""pp_uv"":114},""4"":{""mean_uv"":742645,""error_uv"":-257355,""pp_uv"":133}}]},""codes"":[3,-12,0,0]}"
24,coupled,False,14,2026-09-08T13:29:02,observation,    bracket IDAC1=12: PGAgain=-6.4mV BPo=+2.6mV OPA_SUMo=+24.7mV SUMo=+119.4mV LPo=-257.4mV,"[3, 12, 0, 0]",,0,-6405,1869,267,"{""at"":""2026-09-08T13:29:02"",""kind"":""observation"",""message"":""    bracket IDAC1=12: PGAgain=-6.4mV BPo=+2.6mV OPA_SUMo=+24.7mV SUMo=+119.4mV LPo=-257.4mV"",""label"":""bracket IDAC1=12"",""observation"":{""errors_uv"":{""0"":-6405,""1"":2597,""2"":24684,""3"":119403,""4"":-257374},""pp_uv"":{""0"":1869,""1"":2307,""2"":534,""3"":114,""4"":171},""spread_uv"":{""0"":267,""1"":95,""2"":783,""3"":19,""4"":76},""samples"":[{""0"":{""mean_uv"":993709,""error_uv"":-6291,""pp_uv"":2098},""1"":{""mean_uv"":1002597,""error_uv"":2597,""pp_uv"":2307},""2"":{""mean_uv"":1024188,""error_uv"":24188,""pp_uv"":534},""3"":{""mean_uv"":1119403,""error_uv"":119403,""pp_uv"":114},""4"":{""mean_uv"":742626,""error_uv"":-257374,""pp_uv"":171}},{""0"":{""mean_uv"":993595,""error_uv"":-6405,""pp_uv"":1869},""1"":{""mean_uv"":1002521,""error_uv"":2521,""pp_uv"":1888},""2"":{""mean_uv"":1024684,""error_uv"":24684,""pp_uv"":438},""3"":{""mean_uv"":1119422,""error_uv"":119422,""pp_uv"":114},""4"":{""mean_uv"":742626,""error_uv"":-257374,""pp_uv"":171}},{""0"":{""mean_uv"":993442,""error_uv"":-6558,""pp_uv"":1716},""1"":{""mean_uv"":1002616,""error_uv"":2616,""pp_uv"":2784},""2"":{""mean_uv"":1024971,""error_uv"":24971,""pp_uv"":591},""3"":{""mean_uv"":1119403,""error_uv"":119403,""pp_uv"":133},""4"":{""mean_uv"":742702,""error_uv"":-257298,""pp_uv"":133}}]},""codes"":[3,12,0,0]}"
24,coupled,False,14,2026-09-08T13:29:02,observation,    bracket IDAC1=12: PGAgain=-6.4mV BPo=+2.6mV OPA_SUMo=+24.7mV SUMo=+119.4mV LPo=-257.4mV,"[3, 12, 0, 0]",,1,2597,2307,95,"{""at"":""2026-09-08T13:29:02"",""kind"":""observation"",""message"":""    bracket IDAC1=12: PGAgain=-6.4mV BPo=+2.6mV OPA_SUMo=+24.7mV SUMo=+119.4mV LPo=-257.4mV"",""label"":""bracket IDAC1=12"",""observation"":{""errors_uv"":{""0"":-6405,""1"":2597,""2"":24684,""3"":119403,""4"":-257374},""pp_uv"":{""0"":1869,""1"":2307,""2"":534,""3"":114,""4"":171},""spread_uv"":{""0"":267,""1"":95,""2"":783,""3"":19,""4"":76},""samples"":[{""0"":{""mean_uv"":993709,""error_uv"":-6291,""pp_uv"":2098},""1"":{""mean_uv"":1002597,""error_uv"":2597,""pp_uv"":2307},""2"":{""mean_uv"":1024188,""error_uv"":24188,""pp_uv"":534},""3"":{""mean_uv"":1119403,""error_uv"":119403,""pp_uv"":114},""4"":{""mean_uv"":742626,""error_uv"":-257374,""pp_uv"":171}},{""0"":{""mean_uv"":993595,""error_uv"":-6405,""pp_uv"":1869},""1"":{""mean_uv"":1002521,""error_uv"":2521,""pp_uv"":1888},""2"":{""mean_uv"":1024684,""error_uv"":24684,""pp_uv"":438},""3"":{""mean_uv"":1119422,""error_uv"":119422,""pp_uv"":114},""4"":{""mean_uv"":742626,""error_uv"":-257374,""pp_uv"":171}},{""0"":{""mean_uv"":993442,""error_uv"":-6558,""pp_uv"":1716},""1"":{""mean_uv"":1002616,""error_uv"":2616,""pp_uv"":2784},""2"":{""mean_uv"":1024971,""error_uv"":24971,""pp_uv"":591},""3"":{""mean_uv"":1119403,""error_uv"":119403,""pp_uv"":133},""4"":{""mean_uv"":742702,""error_uv"":-257298,""pp_uv"":133}}]},""codes"":[3,12,0,0]}"
24,coupled,False,14,2026-09-08T13:29:02,observation,    bracket IDAC1=12: PGAgain=-6.4mV BPo=+2.6mV OPA_SUMo=+24.7mV SUMo=+119.4mV LPo=-257.4mV,"[3, 12, 0, 0]",,2,24684,534,783,"{""at"":""2026-09-08T13:29:02"",""kind"":""observation"",""message"":""    bracket IDAC1=12: PGAgain=-6.4mV BPo=+2.6mV OPA_SUMo=+24.7mV SUMo=+119.4mV LPo=-257.4mV"",""label"":""bracket IDAC1=12"",""observation"":{""errors_uv"":{""0"":-6405,""1"":2597,""2"":24684,""3"":119403,""4"":-257374},""pp_uv"":{""0"":1869,""1"":2307,""2"":534,""3"":114,""4"":171},""spread_uv"":{""0"":267,""1"":95,""2"":783,""3"":19,""4"":76},""samples"":[{""0"":{""mean_uv"":993709,""error_uv"":-6291,""pp_uv"":2098},""1"":{""mean_uv"":1002597,""error_uv"":2597,""pp_uv"":2307},""2"":{""mean_uv"":1024188,""error_uv"":24188,""pp_uv"":534},""3"":{""mean_uv"":1119403,""error_uv"":119403,""pp_uv"":114},""4"":{""mean_uv"":742626,""error_uv"":-257374,""pp_uv"":171}},{""0"":{""mean_uv"":993595,""error_uv"":-6405,""pp_uv"":1869},""1"":{""mean_uv"":1002521,""error_uv"":2521,""pp_uv"":1888},""2"":{""mean_uv"":1024684,""error_uv"":24684,""pp_uv"":438},""3"":{""mean_uv"":1119422,""error_uv"":119422,""pp_uv"":114},""4"":{""mean_uv"":742626,""error_uv"":-257374,""pp_uv"":171}},{""0"":{""mean_uv"":993442,""error_uv"":-6558,""pp_uv"":1716},""1"":{""mean_uv"":1002616,""error_uv"":2616,""pp_uv"":2784},""2"":{""mean_uv"":1024971,""error_uv"":24971,""pp_uv"":591},""3"":{""mean_uv"":1119403,""error_uv"":119403,""pp_uv"":133},""4"":{""mean_uv"":742702,""error_uv"":-257298,""pp_uv"":133}}]},""codes"":[3,12,0,0]}"
24,coupled,False,14,2026-09-08T13:29:02,observation,    bracket IDAC1=12: PGAgain=-6.4mV BPo=+2.6mV OPA_SUMo=+24.7mV SUMo=+119.4mV LPo=-257.4mV,"[3, 12, 0, 0]",,3,119403,114,19,"{""at"":""2026-09-08T13:29:02"",""kind"":""observation"",""message"":""    bracket IDAC1=12: PGAgain=-6.4mV BPo=+2.6mV OPA_SUMo=+24.7mV SUMo=+119.4mV LPo=-257.4mV"",""label"":""bracket IDAC1=12"",""observation"":{""errors_uv"":{""0"":-6405,""1"":2597,""2"":24684,""3"":119403,""4"":-257374},""pp_uv"":{""0"":1869,""1"":2307,""2"":534,""3"":114,""4"":171},""spread_uv"":{""0"":267,""1"":95,""2"":783,""3"":19,""4"":76},""samples"":[{""0"":{""mean_uv"":993709,""error_uv"":-6291,""pp_uv"":2098},""1"":{""mean_uv"":1002597,""error_uv"":2597,""pp_uv"":2307},""2"":{""mean_uv"":1024188,""error_uv"":24188,""pp_uv"":534},""3"":{""mean_uv"":1119403,""error_uv"":119403,""pp_uv"":114},""4"":{""mean_uv"":742626,""error_uv"":-257374,""pp_uv"":171}},{""0"":{""mean_uv"":993595,""error_uv"":-6405,""pp_uv"":1869},""1"":{""mean_uv"":1002521,""error_uv"":2521,""pp_uv"":1888},""2"":{""mean_uv"":1024684,""error_uv"":24684,""pp_uv"":438},""3"":{""mean_uv"":1119422,""error_uv"":119422,""pp_uv"":114},""4"":{""mean_uv"":742626,""error_uv"":-257374,""pp_uv"":171}},{""0"":{""mean_uv"":993442,""error_uv"":-6558,""pp_uv"":1716},""1"":{""mean_uv"":1002616,""error_uv"":2616,""pp_uv"":2784},""2"":{""mean_uv"":1024971,""error_uv"":24971,""pp_uv"":591},""3"":{""mean_uv"":1119403,""error_uv"":119403,""pp_uv"":133},""4"":{""mean_uv"":742702,""error_uv"":-257298,""pp_uv"":133}}]},""codes"":[3,12,0,0]}"
24,coupled,False,14,2026-09-08T13:29:02,observation,    bracket IDAC1=12: PGAgain=-6.4mV BPo=+2.6mV OPA_SUMo=+24.7mV SUMo=+119.4mV LPo=-257.4mV,"[3, 12, 0, 0]",,4,-257374,171,76,"{""at"":""2026-09-08T13:29:02"",""kind"":""observation"",""message"":""    bracket IDAC1=12: PGAgain=-6.4mV BPo=+2.6mV OPA_SUMo=+24.7mV SUMo=+119.4mV LPo=-257.4mV"",""label"":""bracket IDAC1=12"",""observation"":{""errors_uv"":{""0"":-6405,""1"":2597,""2"":24684,""3"":119403,""4"":-257374},""pp_uv"":{""0"":1869,""1"":2307,""2"":534,""3"":114,""4"":171},""spread_uv"":{""0"":267,""1"":95,""2"":783,""3"":19,""4"":76},""samples"":[{""0"":{""mean_uv"":993709,""error_uv"":-6291,""pp_uv"":2098},""1"":{""mean_uv"":1002597,""error_uv"":2597,""pp_uv"":2307},""2"":{""mean_uv"":1024188,""error_uv"":24188,""pp_uv"":534},""3"":{""mean_uv"":1119403,""error_uv"":119403,""pp_uv"":114},""4"":{""mean_uv"":742626,""error_uv"":-257374,""pp_uv"":171}},{""0"":{""mean_uv"":993595,""error_uv"":-6405,""pp_uv"":1869},""1"":{""mean_uv"":1002521,""error_uv"":2521,""pp_uv"":1888},""2"":{""mean_uv"":1024684,""error_uv"":24684,""pp_uv"":438},""3"":{""mean_uv"":1119422,""error_uv"":119422,""pp_uv"":114},""4"":{""mean_uv"":742626,""error_uv"":-257374,""pp_uv"":171}},{""0"":{""mean_uv"":993442,""error_uv"":-6558,""pp_uv"":1716},""1"":{""mean_uv"":1002616,""error_uv"":2616,""pp_uv"":2784},""2"":{""mean_uv"":1024971,""error_uv"":24971,""pp_uv"":591},""3"":{""mean_uv"":1119403,""error_uv"":119403,""pp_uv"":133},""4"":{""mean_uv"":742702,""error_uv"":-257298,""pp_uv"":133}}]},""codes"":[3,12,0,0]}"
24,coupled,False,15,2026-09-08T13:29:35,observation,    bracket IDAC1=-24: PGAgain=-7.4mV BPo=-3.2mV OPA_SUMo=+15.9mV SUMo=+119.4mV LPo=-257.3mV,"[3, -24, 0, 0]",,0,-7397,2117,649,"{""at"":""2026-09-08T13:29:35"",""kind"":""observation"",""message"":""    bracket IDAC1=-24: PGAgain=-7.4mV BPo=-3.2mV OPA_SUMo=+15.9mV SUMo=+119.4mV LPo=-257.3mV"",""label"":""bracket IDAC1=-24"",""observation"":{""errors_uv"":{""0"":-7397,""1"":-3220,""2"":15949,""3"":119365,""4"":-257317},""pp_uv"":{""0"":2117,""1"":2651,""2"":514,""3"":114,""4"":152},""spread_uv"":{""0"":649,""1"":172,""2"":2480,""3"":38,""4"":57},""samples"":[{""0"":{""mean_uv"":993080,""error_uv"":-6920,""pp_uv"":2117},""1"":{""mean_uv"":996780,""error_uv"":-3220,""pp_uv"":2803},""2"":{""mean_uv"":1016712,""error_uv"":16712,""pp_uv"":514},""3"":{""mean_uv"":1119365,""error_uv"":119365,""pp_uv"":133},""4"":{""mean_uv"":742683,""error_uv"":-257317,""pp_uv"":152}},{""0"":{""mean_uv"":992603,""error_uv"":-7397,""pp_uv"":2040},""1"":{""mean_uv"":996665,""error_uv"":-3335,""pp_uv"":2288},""2"":{""mean_uv"":1015949,""error_uv"":15949,""pp_uv"":514},""3"":{""mean_uv"":1119365,""error_uv"":119365,""pp_uv"":114},""4"":{""mean_uv"":742626,""error_uv"":-257374,""pp_uv"":152}},{""0"":{""mean_uv"":992431,""error_uv"":-7569,""pp_uv"":2651},""1"":{""mean_uv"":996837,""error_uv"":-3163,""pp_uv"":2651},""2"":{""mean_uv"":1014232,""error_uv"":14232,""pp_uv"":629},""3"":{""mean_uv"":1119327,""error_uv"":119327,""pp_uv"":114},""4"":{""mean_uv"":742683,""error_uv"":-257317,""pp_uv"":133}}]},""codes"":[3,-24,0,0]}"
24,coupled,False,15,2026-09-08T13:29:35,observation,    bracket IDAC1=-24: PGAgain=-7.4mV BPo=-3.2mV OPA_SUMo=+15.9mV SUMo=+119.4mV LPo=-257.3mV,"[3, -24, 0, 0]",,1,-3220,2651,172,"{""at"":""2026-09-08T13:29:35"",""kind"":""observation"",""message"":""    bracket IDAC1=-24: PGAgain=-7.4mV BPo=-3.2mV OPA_SUMo=+15.9mV SUMo=+119.4mV LPo=-257.3mV"",""label"":""bracket IDAC1=-24"",""observation"":{""errors_uv"":{""0"":-7397,""1"":-3220,""2"":15949,""3"":119365,""4"":-257317},""pp_uv"":{""0"":2117,""1"":2651,""2"":514,""3"":114,""4"":152},""spread_uv"":{""0"":649,""1"":172,""2"":2480,""3"":38,""4"":57},""samples"":[{""0"":{""mean_uv"":993080,""error_uv"":-6920,""pp_uv"":2117},""1"":{""mean_uv"":996780,""error_uv"":-3220,""pp_uv"":2803},""2"":{""mean_uv"":1016712,""error_uv"":16712,""pp_uv"":514},""3"":{""mean_uv"":1119365,""error_uv"":119365,""pp_uv"":133},""4"":{""mean_uv"":742683,""error_uv"":-257317,""pp_uv"":152}},{""0"":{""mean_uv"":992603,""error_uv"":-7397,""pp_uv"":2040},""1"":{""mean_uv"":996665,""error_uv"":-3335,""pp_uv"":2288},""2"":{""mean_uv"":1015949,""error_uv"":15949,""pp_uv"":514},""3"":{""mean_uv"":1119365,""error_uv"":119365,""pp_uv"":114},""4"":{""mean_uv"":742626,""error_uv"":-257374,""pp_uv"":152}},{""0"":{""mean_uv"":992431,""error_uv"":-7569,""pp_uv"":2651},""1"":{""mean_uv"":996837,""error_uv"":-3163,""pp_uv"":2651},""2"":{""mean_uv"":1014232,""error_uv"":14232,""pp_uv"":629},""3"":{""mean_uv"":1119327,""error_uv"":119327,""pp_uv"":114},""4"":{""mean_uv"":742683,""error_uv"":-257317,""pp_uv"":133}}]},""codes"":[3,-24,0,0]}"
24,coupled,False,15,2026-09-08T13:29:35,observation,    bracket IDAC1=-24: PGAgain=-7.4mV BPo=-3.2mV OPA_SUMo=+15.9mV SUMo=+119.4mV LPo=-257.3mV,"[3, -24, 0, 0]",,2,15949,514,2480,"{""at"":""2026-09-08T13:29:35"",""kind"":""observation"",""message"":""    bracket IDAC1=-24: PGAgain=-7.4mV BPo=-3.2mV OPA_SUMo=+15.9mV SUMo=+119.4mV LPo=-257.3mV"",""label"":""bracket IDAC1=-24"",""observation"":{""errors_uv"":{""0"":-7397,""1"":-3220,""2"":15949,""3"":119365,""4"":-257317},""pp_uv"":{""0"":2117,""1"":2651,""2"":514,""3"":114,""4"":152},""spread_uv"":{""0"":649,""1"":172,""2"":2480,""3"":38,""4"":57},""samples"":[{""0"":{""mean_uv"":993080,""error_uv"":-6920,""pp_uv"":2117},""1"":{""mean_uv"":996780,""error_uv"":-3220,""pp_uv"":2803},""2"":{""mean_uv"":1016712,""error_uv"":16712,""pp_uv"":514},""3"":{""mean_uv"":1119365,""error_uv"":119365,""pp_uv"":133},""4"":{""mean_uv"":742683,""error_uv"":-257317,""pp_uv"":152}},{""0"":{""mean_uv"":992603,""error_uv"":-7397,""pp_uv"":2040},""1"":{""mean_uv"":996665,""error_uv"":-3335,""pp_uv"":2288},""2"":{""mean_uv"":1015949,""error_uv"":15949,""pp_uv"":514},""3"":{""mean_uv"":1119365,""error_uv"":119365,""pp_uv"":114},""4"":{""mean_uv"":742626,""error_uv"":-257374,""pp_uv"":152}},{""0"":{""mean_uv"":992431,""error_uv"":-7569,""pp_uv"":2651},""1"":{""mean_uv"":996837,""error_uv"":-3163,""pp_uv"":2651},""2"":{""mean_uv"":1014232,""error_uv"":14232,""pp_uv"":629},""3"":{""mean_uv"":1119327,""error_uv"":119327,""pp_uv"":114},""4"":{""mean_uv"":742683,""error_uv"":-257317,""pp_uv"":133}}]},""codes"":[3,-24,0,0]}"
24,coupled,False,15,2026-09-08T13:29:35,observation,    bracket IDAC1=-24: PGAgain=-7.4mV BPo=-3.2mV OPA_SUMo=+15.9mV SUMo=+119.4mV LPo=-257.3mV,"[3, -24, 0, 0]",,3,119365,114,38,"{""at"":""2026-09-08T13:29:35"",""kind"":""observation"",""message"":""    bracket IDAC1=-24: PGAgain=-7.4mV BPo=-3.2mV OPA_SUMo=+15.9mV SUMo=+119.4mV LPo=-257.3mV"",""label"":""bracket IDAC1=-24"",""observation"":{""errors_uv"":{""0"":-7397,""1"":-3220,""2"":15949,""3"":119365,""4"":-257317},""pp_uv"":{""0"":2117,""1"":2651,""2"":514,""3"":114,""4"":152},""spread_uv"":{""0"":649,""1"":172,""2"":2480,""3"":38,""4"":57},""samples"":[{""0"":{""mean_uv"":993080,""error_uv"":-6920,""pp_uv"":2117},""1"":{""mean_uv"":996780,""error_uv"":-3220,""pp_uv"":2803},""2"":{""mean_uv"":1016712,""error_uv"":16712,""pp_uv"":514},""3"":{""mean_uv"":1119365,""error_uv"":119365,""pp_uv"":133},""4"":{""mean_uv"":742683,""error_uv"":-257317,""pp_uv"":152}},{""0"":{""mean_uv"":992603,""error_uv"":-7397,""pp_uv"":2040},""1"":{""mean_uv"":996665,""error_uv"":-3335,""pp_uv"":2288},""2"":{""mean_uv"":1015949,""error_uv"":15949,""pp_uv"":514},""3"":{""mean_uv"":1119365,""error_uv"":119365,""pp_uv"":114},""4"":{""mean_uv"":742626,""error_uv"":-257374,""pp_uv"":152}},{""0"":{""mean_uv"":992431,""error_uv"":-7569,""pp_uv"":2651},""1"":{""mean_uv"":996837,""error_uv"":-3163,""pp_uv"":2651},""2"":{""mean_uv"":1014232,""error_uv"":14232,""pp_uv"":629},""3"":{""mean_uv"":1119327,""error_uv"":119327,""pp_uv"":114},""4"":{""mean_uv"":742683,""error_uv"":-257317,""pp_uv"":133}}]},""codes"":[3,-24,0,0]}"
24,coupled,False,15,2026-09-08T13:29:35,observation,    bracket IDAC1=-24: PGAgain=-7.4mV BPo=-3.2mV OPA_SUMo=+15.9mV SUMo=+119.4mV LPo=-257.3mV,"[3, -24, 0, 0]",,4,-257317,152,57,"{""at"":""2026-09-08T13:29:35"",""kind"":""observation"",""message"":""    bracket IDAC1=-24: PGAgain=-7.4mV BPo=-3.2mV OPA_SUMo=+15.9mV SUMo=+119.4mV LPo=-257.3mV"",""label"":""bracket IDAC1=-24"",""observation"":{""errors_uv"":{""0"":-7397,""1"":-3220,""2"":15949,""3"":119365,""4"":-257317},""pp_uv"":{""0"":2117,""1"":2651,""2"":514,""3"":114,""4"":152},""spread_uv"":{""0"":649,""1"":172,""2"":2480,""3"":38,""4"":57},""samples"":[{""0"":{""mean_uv"":993080,""error_uv"":-6920,""pp_uv"":2117},""1"":{""mean_uv"":996780,""error_uv"":-3220,""pp_uv"":2803},""2"":{""mean_uv"":1016712,""error_uv"":16712,""pp_uv"":514},""3"":{""mean_uv"":1119365,""error_uv"":119365,""pp_uv"":133},""4"":{""mean_uv"":742683,""error_uv"":-257317,""pp_uv"":152}},{""0"":{""mean_uv"":992603,""error_uv"":-7397,""pp_uv"":2040},""1"":{""mean_uv"":996665,""error_uv"":-3335,""pp_uv"":2288},""2"":{""mean_uv"":1015949,""error_uv"":15949,""pp_uv"":514},""3"":{""mean_uv"":1119365,""error_uv"":119365,""pp_uv"":114},""4"":{""mean_uv"":742626,""error_uv"":-257374,""pp_uv"":152}},{""0"":{""mean_uv"":992431,""error_uv"":-7569,""pp_uv"":2651},""1"":{""mean_uv"":996837,""error_uv"":-3163,""pp_uv"":2651},""2"":{""mean_uv"":1014232,""error_uv"":14232,""pp_uv"":629},""3"":{""mean_uv"":1119327,""error_uv"":119327,""pp_uv"":114},""4"":{""mean_uv"":742683,""error_uv"":-257317,""pp_uv"":133}}]},""codes"":[3,-24,0,0]}"
24,coupled,False,16,2026-09-08T13:30:09,observation,    bracket IDAC1=24: PGAgain=-7.2mV BPo=+3.7mV OPA_SUMo=+26.2mV SUMo=+119.4mV LPo=-257.3mV,"[3, 24, 0, 0]",,0,-7187,1945,287,"{""at"":""2026-09-08T13:30:09"",""kind"":""observation"",""message"":""    bracket IDAC1=24: PGAgain=-7.2mV BPo=+3.7mV OPA_SUMo=+26.2mV SUMo=+119.4mV LPo=-257.3mV"",""label"":""bracket IDAC1=24"",""observation"":{""errors_uv"":{""0"":-7187,""1"":3665,""2"":26191,""3"":119365,""4"":-257336},""pp_uv"":{""0"":1945,""1"":2937,""2"":553,""3"":152,""4"":133},""spread_uv"":{""0"":287,""1"":534,""2"":1621,""3"":19,""4"":57},""samples"":[{""0"":{""mean_uv"":992774,""error_uv"":-7226,""pp_uv"":1506},""1"":{""mean_uv"":1004066,""error_uv"":4066,""pp_uv"":2937},""2"":{""mean_uv"":1025276,""error_uv"":25276,""pp_uv"":514},""3"":{""mean_uv"":1119365,""error_uv"":119365,""pp_uv"":152},""4"":{""mean_uv"":742702,""error_uv"":-257298,""pp_uv"":95}},{""0"":{""mean_uv"":993061,""error_uv"":-6939,""pp_uv"":1945},""1"":{""mean_uv"":1003665,""error_uv"":3665,""pp_uv"":2174},""2"":{""mean_uv"":1026191,""error_uv"":26191,""pp_uv"":553},""3"":{""mean_uv"":1119384,""error_uv"":119384,""pp_uv"":152},""4"":{""mean_uv"":742645,""error_uv"":-257355,""pp_uv"":133}},{""0"":{""mean_uv"":992813,""error_uv"":-7187,""pp_uv"":2155},""1"":{""mean_uv"":1003532,""error_uv"":3532,""pp_uv"":3032},""2"":{""mean_uv"":1026897,""error_uv"":26897,""pp_uv"":667},""3"":{""mean_uv"":1119365,""error_uv"":119365,""pp_uv"":95},""4"":{""mean_uv"":742664,""error_uv"":-257336,""pp_uv"":152}}]},""codes"":[3,24,0,0]}"
24,coupled,False,16,2026-09-08T13:30:09,observation,    bracket IDAC1=24: PGAgain=-7.2mV BPo=+3.7mV OPA_SUMo=+26.2mV SUMo=+119.4mV LPo=-257.3mV,"[3, 24, 0, 0]",,1,3665,2937,534,"{""at"":""2026-09-08T13:30:09"",""kind"":""observation"",""message"":""    bracket IDAC1=24: PGAgain=-7.2mV BPo=+3.7mV OPA_SUMo=+26.2mV SUMo=+119.4mV LPo=-257.3mV"",""label"":""bracket IDAC1=24"",""observation"":{""errors_uv"":{""0"":-7187,""1"":3665,""2"":26191,""3"":119365,""4"":-257336},""pp_uv"":{""0"":1945,""1"":2937,""2"":553,""3"":152,""4"":133},""spread_uv"":{""0"":287,""1"":534,""2"":1621,""3"":19,""4"":57},""samples"":[{""0"":{""mean_uv"":992774,""error_uv"":-7226,""pp_uv"":1506},""1"":{""mean_uv"":1004066,""error_uv"":4066,""pp_uv"":2937},""2"":{""mean_uv"":1025276,""error_uv"":25276,""pp_uv"":514},""3"":{""mean_uv"":1119365,""error_uv"":119365,""pp_uv"":152},""4"":{""mean_uv"":742702,""error_uv"":-257298,""pp_uv"":95}},{""0"":{""mean_uv"":993061,""error_uv"":-6939,""pp_uv"":1945},""1"":{""mean_uv"":1003665,""error_uv"":3665,""pp_uv"":2174},""2"":{""mean_uv"":1026191,""error_uv"":26191,""pp_uv"":553},""3"":{""mean_uv"":1119384,""error_uv"":119384,""pp_uv"":152},""4"":{""mean_uv"":742645,""error_uv"":-257355,""pp_uv"":133}},{""0"":{""mean_uv"":992813,""error_uv"":-7187,""pp_uv"":2155},""1"":{""mean_uv"":1003532,""error_uv"":3532,""pp_uv"":3032},""2"":{""mean_uv"":1026897,""error_uv"":26897,""pp_uv"":667},""3"":{""mean_uv"":1119365,""error_uv"":119365,""pp_uv"":95},""4"":{""mean_uv"":742664,""error_uv"":-257336,""pp_uv"":152}}]},""codes"":[3,24,0,0]}"
24,coupled,False,16,2026-09-08T13:30:09,observation,    bracket IDAC1=24: PGAgain=-7.2mV BPo=+3.7mV OPA_SUMo=+26.2mV SUMo=+119.4mV LPo=-257.3mV,"[3, 24, 0, 0]",,2,26191,553,1621,"{""at"":""2026-09-08T13:30:09"",""kind"":""observation"",""message"":""    bracket IDAC1=24: PGAgain=-7.2mV BPo=+3.7mV OPA_SUMo=+26.2mV SUMo=+119.4mV LPo=-257.3mV"",""label"":""bracket IDAC1=24"",""observation"":{""errors_uv"":{""0"":-7187,""1"":3665,""2"":26191,""3"":119365,""4"":-257336},""pp_uv"":{""0"":1945,""1"":2937,""2"":553,""3"":152,""4"":133},""spread_uv"":{""0"":287,""1"":534,""2"":1621,""3"":19,""4"":57},""samples"":[{""0"":{""mean_uv"":992774,""error_uv"":-7226,""pp_uv"":1506},""1"":{""mean_uv"":1004066,""error_uv"":4066,""pp_uv"":2937},""2"":{""mean_uv"":1025276,""error_uv"":25276,""pp_uv"":514},""3"":{""mean_uv"":1119365,""error_uv"":119365,""pp_uv"":152},""4"":{""mean_uv"":742702,""error_uv"":-257298,""pp_uv"":95}},{""0"":{""mean_uv"":993061,""error_uv"":-6939,""pp_uv"":1945},""1"":{""mean_uv"":1003665,""error_uv"":3665,""pp_uv"":2174},""2"":{""mean_uv"":1026191,""error_uv"":26191,""pp_uv"":553},""3"":{""mean_uv"":1119384,""error_uv"":119384,""pp_uv"":152},""4"":{""mean_uv"":742645,""error_uv"":-257355,""pp_uv"":133}},{""0"":{""mean_uv"":992813,""error_uv"":-7187,""pp_uv"":2155},""1"":{""mean_uv"":1003532,""error_uv"":3532,""pp_uv"":3032},""2"":{""mean_uv"":1026897,""error_uv"":26897,""pp_uv"":667},""3"":{""mean_uv"":1119365,""error_uv"":119365,""pp_uv"":95},""4"":{""mean_uv"":742664,""error_uv"":-257336,""pp_uv"":152}}]},""codes"":[3,24,0,0]}"
24,coupled,False,16,2026-09-08T13:30:09,observation,    bracket IDAC1=24: PGAgain=-7.2mV BPo=+3.7mV OPA_SUMo=+26.2mV SUMo=+119.4mV LPo=-257.3mV,"[3, 24, 0, 0]",,3,119365,152,19,"{""at"":""2026-09-08T13:30:09"",""kind"":""observation"",""message"":""    bracket IDAC1=24: PGAgain=-7.2mV BPo=+3.7mV OPA_SUMo=+26.2mV SUMo=+119.4mV LPo=-257.3mV"",""label"":""bracket IDAC1=24"",""observation"":{""errors_uv"":{""0"":-7187,""1"":3665,""2"":26191,""3"":119365,""4"":-257336},""pp_uv"":{""0"":1945,""1"":2937,""2"":553,""3"":152,""4"":133},""spread_uv"":{""0"":287,""1"":534,""2"":1621,""3"":19,""4"":57},""samples"":[{""0"":{""mean_uv"":992774,""error_uv"":-7226,""pp_uv"":1506},""1"":{""mean_uv"":1004066,""error_uv"":4066,""pp_uv"":2937},""2"":{""mean_uv"":1025276,""error_uv"":25276,""pp_uv"":514},""3"":{""mean_uv"":1119365,""error_uv"":119365,""pp_uv"":152},""4"":{""mean_uv"":742702,""error_uv"":-257298,""pp_uv"":95}},{""0"":{""mean_uv"":993061,""error_uv"":-6939,""pp_uv"":1945},""1"":{""mean_uv"":1003665,""error_uv"":3665,""pp_uv"":2174},""2"":{""mean_uv"":1026191,""error_uv"":26191,""pp_uv"":553},""3"":{""mean_uv"":1119384,""error_uv"":119384,""pp_uv"":152},""4"":{""mean_uv"":742645,""error_uv"":-257355,""pp_uv"":133}},{""0"":{""mean_uv"":992813,""error_uv"":-7187,""pp_uv"":2155},""1"":{""mean_uv"":1003532,""error_uv"":3532,""pp_uv"":3032},""2"":{""mean_uv"":1026897,""error_uv"":26897,""pp_uv"":667},""3"":{""mean_uv"":1119365,""error_uv"":119365,""pp_uv"":95},""4"":{""mean_uv"":742664,""error_uv"":-257336,""pp_uv"":152}}]},""codes"":[3,24,0,0]}"
24,coupled,False,16,2026-09-08T13:30:09,observation,    bracket IDAC1=24: PGAgain=-7.2mV BPo=+3.7mV OPA_SUMo=+26.2mV SUMo=+119.4mV LPo=-257.3mV,"[3, 24, 0, 0]",,4,-257336,133,57,"{""at"":""2026-09-08T13:30:09"",""kind"":""observation"",""message"":""    bracket IDAC1=24: PGAgain=-7.2mV BPo=+3.7mV OPA_SUMo=+26.2mV SUMo=+119.4mV LPo=-257.3mV"",""label"":""bracket IDAC1=24"",""observation"":{""errors_uv"":{""0"":-7187,""1"":3665,""2"":26191,""3"":119365,""4"":-257336},""pp_uv"":{""0"":1945,""1"":2937,""2"":553,""3"":152,""4"":133},""spread_uv"":{""0"":287,""1"":534,""2"":1621,""3"":19,""4"":57},""samples"":[{""0"":{""mean_uv"":992774,""error_uv"":-7226,""pp_uv"":1506},""1"":{""mean_uv"":1004066,""error_uv"":4066,""pp_uv"":2937},""2"":{""mean_uv"":1025276,""error_uv"":25276,""pp_uv"":514},""3"":{""mean_uv"":1119365,""error_uv"":119365,""pp_uv"":152},""4"":{""mean_uv"":742702,""error_uv"":-257298,""pp_uv"":95}},{""0"":{""mean_uv"":993061,""error_uv"":-6939,""pp_uv"":1945},""1"":{""mean_uv"":1003665,""error_uv"":3665,""pp_uv"":2174},""2"":{""mean_uv"":1026191,""error_uv"":26191,""pp_uv"":553},""3"":{""mean_uv"":1119384,""error_uv"":119384,""pp_uv"":152},""4"":{""mean_uv"":742645,""error_uv"":-257355,""pp_uv"":133}},{""0"":{""mean_uv"":992813,""error_uv"":-7187,""pp_uv"":2155},""1"":{""mean_uv"":1003532,""error_uv"":3532,""pp_uv"":3032},""2"":{""mean_uv"":1026897,""error_uv"":26897,""pp_uv"":667},""3"":{""mean_uv"":1119365,""error_uv"":119365,""pp_uv"":95},""4"":{""mean_uv"":742664,""error_uv"":-257336,""pp_uv"":152}}]},""codes"":[3,24,0,0]}"
24,coupled,False,17,2026-09-08T13:30:43,observation,    bracket IDAC1=-48: PGAgain=-6.9mV BPo=-6.7mV OPA_SUMo=+9.5mV SUMo=+119.4mV LPo=-257.4mV,"[3, -48, 0, 0]",,0,-6863,1373,210,"{""at"":""2026-09-08T13:30:43"",""kind"":""observation"",""message"":""    bracket IDAC1=-48: PGAgain=-6.9mV BPo=-6.7mV OPA_SUMo=+9.5mV SUMo=+119.4mV LPo=-257.4mV"",""label"":""bracket IDAC1=-48"",""observation"":{""errors_uv"":{""0"":-6863,""1"":-6730,""2"":9502,""3"":119365,""4"":-257355},""pp_uv"":{""0"":1373,""1"":2326,""2"":572,""3"":95,""4"":114},""spread_uv"":{""0"":210,""1"":1259,""2"":2518,""3"":38,""4"":76},""samples"":[{""0"":{""mean_uv"":992984,""error_uv"":-7016,""pp_uv"":1373},""1"":{""mean_uv"":992584,""error_uv"":-7416,""pp_uv"":2689},""2"":{""mean_uv"":1010837,""error_uv"":10837,""pp_uv"":572},""3"":{""mean_uv"":1119403,""error_uv"":119403,""pp_uv"":114},""4"":{""mean_uv"":742702,""error_uv"":-257298,""pp_uv"":114}},{""0"":{""mean_uv"":993194,""error_uv"":-6806,""pp_uv"":915},""1"":{""mean_uv"":993270,""error_uv"":-6730,""pp_uv"":2326},""2"":{""mean_uv"":1009502,""error_uv"":9502,""pp_uv"":743},""3"":{""mean_uv"":1119365,""error_uv"":119365,""pp_uv"":95},""4"":{""mean_uv"":742626,""error_uv"":-257374,""pp_uv"":114}},{""0"":{""mean_uv"":993137,""error_uv"":-6863,""pp_uv"":1487},""1"":{""mean_uv"":993843,""error_uv"":-6157,""pp_uv"":1811},""2"":{""mean_uv"":1008319,""error_uv"":8319,""pp_uv"":514},""3"":{""mean_uv"":1119365,""error_uv"":119365,""pp_uv"":95},""4"":{""mean_uv"":742645,""error_uv"":-257355,""pp_uv"":171}}]},""codes"":[3,-48,0,0]}"
24,coupled,False,17,2026-09-08T13:30:43,observation,    bracket IDAC1=-48: PGAgain=-6.9mV BPo=-6.7mV OPA_SUMo=+9.5mV SUMo=+119.4mV LPo=-257.4mV,"[3, -48, 0, 0]",,1,-6730,2326,1259,"{""at"":""2026-09-08T13:30:43"",""kind"":""observation"",""message"":""    bracket IDAC1=-48: PGAgain=-6.9mV BPo=-6.7mV OPA_SUMo=+9.5mV SUMo=+119.4mV LPo=-257.4mV"",""label"":""bracket IDAC1=-48"",""observation"":{""errors_uv"":{""0"":-6863,""1"":-6730,""2"":9502,""3"":119365,""4"":-257355},""pp_uv"":{""0"":1373,""1"":2326,""2"":572,""3"":95,""4"":114},""spread_uv"":{""0"":210,""1"":1259,""2"":2518,""3"":38,""4"":76},""samples"":[{""0"":{""mean_uv"":992984,""error_uv"":-7016,""pp_uv"":1373},""1"":{""mean_uv"":992584,""error_uv"":-7416,""pp_uv"":2689},""2"":{""mean_uv"":1010837,""error_uv"":10837,""pp_uv"":572},""3"":{""mean_uv"":1119403,""error_uv"":119403,""pp_uv"":114},""4"":{""mean_uv"":742702,""error_uv"":-257298,""pp_uv"":114}},{""0"":{""mean_uv"":993194,""error_uv"":-6806,""pp_uv"":915},""1"":{""mean_uv"":993270,""error_uv"":-6730,""pp_uv"":2326},""2"":{""mean_uv"":1009502,""error_uv"":9502,""pp_uv"":743},""3"":{""mean_uv"":1119365,""error_uv"":119365,""pp_uv"":95},""4"":{""mean_uv"":742626,""error_uv"":-257374,""pp_uv"":114}},{""0"":{""mean_uv"":993137,""error_uv"":-6863,""pp_uv"":1487},""1"":{""mean_uv"":993843,""error_uv"":-6157,""pp_uv"":1811},""2"":{""mean_uv"":1008319,""error_uv"":8319,""pp_uv"":514},""3"":{""mean_uv"":1119365,""error_uv"":119365,""pp_uv"":95},""4"":{""mean_uv"":742645,""error_uv"":-257355,""pp_uv"":171}}]},""codes"":[3,-48,0,0]}"
24,coupled,False,17,2026-09-08T13:30:43,observation,    bracket IDAC1=-48: PGAgain=-6.9mV BPo=-6.7mV OPA_SUMo=+9.5mV SUMo=+119.4mV LPo=-257.4mV,"[3, -48, 0, 0]",,2,9502,572,2518,"{""at"":""2026-09-08T13:30:43"",""kind"":""observation"",""message"":""    bracket IDAC1=-48: PGAgain=-6.9mV BPo=-6.7mV OPA_SUMo=+9.5mV SUMo=+119.4mV LPo=-257.4mV"",""label"":""bracket IDAC1=-48"",""observation"":{""errors_uv"":{""0"":-6863,""1"":-6730,""2"":9502,""3"":119365,""4"":-257355},""pp_uv"":{""0"":1373,""1"":2326,""2"":572,""3"":95,""4"":114},""spread_uv"":{""0"":210,""1"":1259,""2"":2518,""3"":38,""4"":76},""samples"":[{""0"":{""mean_uv"":992984,""error_uv"":-7016,""pp_uv"":1373},""1"":{""mean_uv"":992584,""error_uv"":-7416,""pp_uv"":2689},""2"":{""mean_uv"":1010837,""error_uv"":10837,""pp_uv"":572},""3"":{""mean_uv"":1119403,""error_uv"":119403,""pp_uv"":114},""4"":{""mean_uv"":742702,""error_uv"":-257298,""pp_uv"":114}},{""0"":{""mean_uv"":993194,""error_uv"":-6806,""pp_uv"":915},""1"":{""mean_uv"":993270,""error_uv"":-6730,""pp_uv"":2326},""2"":{""mean_uv"":1009502,""error_uv"":9502,""pp_uv"":743},""3"":{""mean_uv"":1119365,""error_uv"":119365,""pp_uv"":95},""4"":{""mean_uv"":742626,""error_uv"":-257374,""pp_uv"":114}},{""0"":{""mean_uv"":993137,""error_uv"":-6863,""pp_uv"":1487},""1"":{""mean_uv"":993843,""error_uv"":-6157,""pp_uv"":1811},""2"":{""mean_uv"":1008319,""error_uv"":8319,""pp_uv"":514},""3"":{""mean_uv"":1119365,""error_uv"":119365,""pp_uv"":95},""4"":{""mean_uv"":742645,""error_uv"":-257355,""pp_uv"":171}}]},""codes"":[3,-48,0,0]}"
24,coupled,False,17,2026-09-08T13:30:43,observation,    bracket IDAC1=-48: PGAgain=-6.9mV BPo=-6.7mV OPA_SUMo=+9.5mV SUMo=+119.4mV LPo=-257.4mV,"[3, -48, 0, 0]",,3,119365,95,38,"{""at"":""2026-09-08T13:30:43"",""kind"":""observation"",""message"":""    bracket IDAC1=-48: PGAgain=-6.9mV BPo=-6.7mV OPA_SUMo=+9.5mV SUMo=+119.4mV LPo=-257.4mV"",""label"":""bracket IDAC1=-48"",""observation"":{""errors_uv"":{""0"":-6863,""1"":-6730,""2"":9502,""3"":119365,""4"":-257355},""pp_uv"":{""0"":1373,""1"":2326,""2"":572,""3"":95,""4"":114},""spread_uv"":{""0"":210,""1"":1259,""2"":2518,""3"":38,""4"":76},""samples"":[{""0"":{""mean_uv"":992984,""error_uv"":-7016,""pp_uv"":1373},""1"":{""mean_uv"":992584,""error_uv"":-7416,""pp_uv"":2689},""2"":{""mean_uv"":1010837,""error_uv"":10837,""pp_uv"":572},""3"":{""mean_uv"":1119403,""error_uv"":119403,""pp_uv"":114},""4"":{""mean_uv"":742702,""error_uv"":-257298,""pp_uv"":114}},{""0"":{""mean_uv"":993194,""error_uv"":-6806,""pp_uv"":915},""1"":{""mean_uv"":993270,""error_uv"":-6730,""pp_uv"":2326},""2"":{""mean_uv"":1009502,""error_uv"":9502,""pp_uv"":743},""3"":{""mean_uv"":1119365,""error_uv"":119365,""pp_uv"":95},""4"":{""mean_uv"":742626,""error_uv"":-257374,""pp_uv"":114}},{""0"":{""mean_uv"":993137,""error_uv"":-6863,""pp_uv"":1487},""1"":{""mean_uv"":993843,""error_uv"":-6157,""pp_uv"":1811},""2"":{""mean_uv"":1008319,""error_uv"":8319,""pp_uv"":514},""3"":{""mean_uv"":1119365,""error_uv"":119365,""pp_uv"":95},""4"":{""mean_uv"":742645,""error_uv"":-257355,""pp_uv"":171}}]},""codes"":[3,-48,0,0]}"
24,coupled,False,17,2026-09-08T13:30:43,observation,    bracket IDAC1=-48: PGAgain=-6.9mV BPo=-6.7mV OPA_SUMo=+9.5mV SUMo=+119.4mV LPo=-257.4mV,"[3, -48, 0, 0]",,4,-257355,114,76,"{""at"":""2026-09-08T13:30:43"",""kind"":""observation"",""message"":""    bracket IDAC1=-48: PGAgain=-6.9mV BPo=-6.7mV OPA_SUMo=+9.5mV SUMo=+119.4mV LPo=-257.4mV"",""label"":""bracket IDAC1=-48"",""observation"":{""errors_uv"":{""0"":-6863,""1"":-6730,""2"":9502,""3"":119365,""4"":-257355},""pp_uv"":{""0"":1373,""1"":2326,""2"":572,""3"":95,""4"":114},""spread_uv"":{""0"":210,""1"":1259,""2"":2518,""3"":38,""4"":76},""samples"":[{""0"":{""mean_uv"":992984,""error_uv"":-7016,""pp_uv"":1373},""1"":{""mean_uv"":992584,""error_uv"":-7416,""pp_uv"":2689},""2"":{""mean_uv"":1010837,""error_uv"":10837,""pp_uv"":572},""3"":{""mean_uv"":1119403,""error_uv"":119403,""pp_uv"":114},""4"":{""mean_uv"":742702,""error_uv"":-257298,""pp_uv"":114}},{""0"":{""mean_uv"":993194,""error_uv"":-6806,""pp_uv"":915},""1"":{""mean_uv"":993270,""error_uv"":-6730,""pp_uv"":2326},""2"":{""mean_uv"":1009502,""error_uv"":9502,""pp_uv"":743},""3"":{""mean_uv"":1119365,""error_uv"":119365,""pp_uv"":95},""4"":{""mean_uv"":742626,""error_uv"":-257374,""pp_uv"":114}},{""0"":{""mean_uv"":993137,""error_uv"":-6863,""pp_uv"":1487},""1"":{""mean_uv"":993843,""error_uv"":-6157,""pp_uv"":1811},""2"":{""mean_uv"":1008319,""error_uv"":8319,""pp_uv"":514},""3"":{""mean_uv"":1119365,""error_uv"":119365,""pp_uv"":95},""4"":{""mean_uv"":742645,""error_uv"":-257355,""pp_uv"":171}}]},""codes"":[3,-48,0,0]}"
24,coupled,False,18,2026-09-08T13:31:19,observation,    bracket IDAC1=48: PGAgain=-6.5mV BPo=+8.5mV OPA_SUMo=+29.7mV SUMo=+119.4mV LPo=-257.3mV,"[3, 48, 0, 0]",,0,-6520,2040,534,"{""at"":""2026-09-08T13:31:19"",""kind"":""observation"",""message"":""    bracket IDAC1=48: PGAgain=-6.5mV BPo=+8.5mV OPA_SUMo=+29.7mV SUMo=+119.4mV LPo=-257.3mV"",""label"":""bracket IDAC1=48"",""observation"":{""errors_uv"":{""0"":-6520,""1"":8491,""2"":29739,""3"":119365,""4"":-257317},""pp_uv"":{""0"":2040,""1"":3318,""2"":553,""3"":114,""4"":114},""spread_uv"":{""0"":534,""1"":1239,""2"":3433,""3"":19,""4"":57},""samples"":[{""0"":{""mean_uv"":993709,""error_uv"":-6291,""pp_uv"":1659},""1"":{""mean_uv"":1009387,""error_uv"":9387,""pp_uv"":3318},""2"":{""mean_uv"":1027927,""error_uv"":27927,""pp_uv"":553},""3"":{""mean_uv"":1119365,""error_uv"":119365,""pp_uv"":95},""4"":{""mean_uv"":742683,""error_uv"":-257317,""pp_uv"":95}},{""0"":{""mean_uv"":993480,""error_uv"":-6520,""pp_uv"":2040},""1"":{""mean_uv"":1008491,""error_uv"":8491,""pp_uv"":3833},""2"":{""mean_uv"":1029739,""error_uv"":29739,""pp_uv"":591},""3"":{""mean_uv"":1119365,""error_uv"":119365,""pp_uv"":114},""4"":{""mean_uv"":742683,""error_uv"":-257317,""pp_uv"":171}},{""0"":{""mean_uv"":993175,""error_uv"":-6825,""pp_uv"":2498},""1"":{""mean_uv"":1008148,""error_uv"":8148,""pp_uv"":2670},""2"":{""mean_uv"":1031360,""error_uv"":31360,""pp_uv"":514},""3"":{""mean_uv"":1119384,""error_uv"":119384,""pp_uv"":133},""4"":{""mean_uv"":742626,""error_uv"":-257374,""pp_uv"":114}}]},""codes"":[3,48,0,0]}"
24,coupled,False,18,2026-09-08T13:31:19,observation,    bracket IDAC1=48: PGAgain=-6.5mV BPo=+8.5mV OPA_SUMo=+29.7mV SUMo=+119.4mV LPo=-257.3mV,"[3, 48, 0, 0]",,1,8491,3318,1239,"{""at"":""2026-09-08T13:31:19"",""kind"":""observation"",""message"":""    bracket IDAC1=48: PGAgain=-6.5mV BPo=+8.5mV OPA_SUMo=+29.7mV SUMo=+119.4mV LPo=-257.3mV"",""label"":""bracket IDAC1=48"",""observation"":{""errors_uv"":{""0"":-6520,""1"":8491,""2"":29739,""3"":119365,""4"":-257317},""pp_uv"":{""0"":2040,""1"":3318,""2"":553,""3"":114,""4"":114},""spread_uv"":{""0"":534,""1"":1239,""2"":3433,""3"":19,""4"":57},""samples"":[{""0"":{""mean_uv"":993709,""error_uv"":-6291,""pp_uv"":1659},""1"":{""mean_uv"":1009387,""error_uv"":9387,""pp_uv"":3318},""2"":{""mean_uv"":1027927,""error_uv"":27927,""pp_uv"":553},""3"":{""mean_uv"":1119365,""error_uv"":119365,""pp_uv"":95},""4"":{""mean_uv"":742683,""error_uv"":-257317,""pp_uv"":95}},{""0"":{""mean_uv"":993480,""error_uv"":-6520,""pp_uv"":2040},""1"":{""mean_uv"":1008491,""error_uv"":8491,""pp_uv"":3833},""2"":{""mean_uv"":1029739,""error_uv"":29739,""pp_uv"":591},""3"":{""mean_uv"":1119365,""error_uv"":119365,""pp_uv"":114},""4"":{""mean_uv"":742683,""error_uv"":-257317,""pp_uv"":171}},{""0"":{""mean_uv"":993175,""error_uv"":-6825,""pp_uv"":2498},""1"":{""mean_uv"":1008148,""error_uv"":8148,""pp_uv"":2670},""2"":{""mean_uv"":1031360,""error_uv"":31360,""pp_uv"":514},""3"":{""mean_uv"":1119384,""error_uv"":119384,""pp_uv"":133},""4"":{""mean_uv"":742626,""error_uv"":-257374,""pp_uv"":114}}]},""codes"":[3,48,0,0]}"
24,coupled,False,18,2026-09-08T13:31:19,observation,    bracket IDAC1=48: PGAgain=-6.5mV BPo=+8.5mV OPA_SUMo=+29.7mV SUMo=+119.4mV LPo=-257.3mV,"[3, 48, 0, 0]",,2,29739,553,3433,"{""at"":""2026-09-08T13:31:19"",""kind"":""observation"",""message"":""    bracket IDAC1=48: PGAgain=-6.5mV BPo=+8.5mV OPA_SUMo=+29.7mV SUMo=+119.4mV LPo=-257.3mV"",""label"":""bracket IDAC1=48"",""observation"":{""errors_uv"":{""0"":-6520,""1"":8491,""2"":29739,""3"":119365,""4"":-257317},""pp_uv"":{""0"":2040,""1"":3318,""2"":553,""3"":114,""4"":114},""spread_uv"":{""0"":534,""1"":1239,""2"":3433,""3"":19,""4"":57},""samples"":[{""0"":{""mean_uv"":993709,""error_uv"":-6291,""pp_uv"":1659},""1"":{""mean_uv"":1009387,""error_uv"":9387,""pp_uv"":3318},""2"":{""mean_uv"":1027927,""error_uv"":27927,""pp_uv"":553},""3"":{""mean_uv"":1119365,""error_uv"":119365,""pp_uv"":95},""4"":{""mean_uv"":742683,""error_uv"":-257317,""pp_uv"":95}},{""0"":{""mean_uv"":993480,""error_uv"":-6520,""pp_uv"":2040},""1"":{""mean_uv"":1008491,""error_uv"":8491,""pp_uv"":3833},""2"":{""mean_uv"":1029739,""error_uv"":29739,""pp_uv"":591},""3"":{""mean_uv"":1119365,""error_uv"":119365,""pp_uv"":114},""4"":{""mean_uv"":742683,""error_uv"":-257317,""pp_uv"":171}},{""0"":{""mean_uv"":993175,""error_uv"":-6825,""pp_uv"":2498},""1"":{""mean_uv"":1008148,""error_uv"":8148,""pp_uv"":2670},""2"":{""mean_uv"":1031360,""error_uv"":31360,""pp_uv"":514},""3"":{""mean_uv"":1119384,""error_uv"":119384,""pp_uv"":133},""4"":{""mean_uv"":742626,""error_uv"":-257374,""pp_uv"":114}}]},""codes"":[3,48,0,0]}"
24,coupled,False,18,2026-09-08T13:31:19,observation,    bracket IDAC1=48: PGAgain=-6.5mV BPo=+8.5mV OPA_SUMo=+29.7mV SUMo=+119.4mV LPo=-257.3mV,"[3, 48, 0, 0]",,3,119365,114,19,"{""at"":""2026-09-08T13:31:19"",""kind"":""observation"",""message"":""    bracket IDAC1=48: PGAgain=-6.5mV BPo=+8.5mV OPA_SUMo=+29.7mV SUMo=+119.4mV LPo=-257.3mV"",""label"":""bracket IDAC1=48"",""observation"":{""errors_uv"":{""0"":-6520,""1"":8491,""2"":29739,""3"":119365,""4"":-257317},""pp_uv"":{""0"":2040,""1"":3318,""2"":553,""3"":114,""4"":114},""spread_uv"":{""0"":534,""1"":1239,""2"":3433,""3"":19,""4"":57},""samples"":[{""0"":{""mean_uv"":993709,""error_uv"":-6291,""pp_uv"":1659},""1"":{""mean_uv"":1009387,""error_uv"":9387,""pp_uv"":3318},""2"":{""mean_uv"":1027927,""error_uv"":27927,""pp_uv"":553},""3"":{""mean_uv"":1119365,""error_uv"":119365,""pp_uv"":95},""4"":{""mean_uv"":742683,""error_uv"":-257317,""pp_uv"":95}},{""0"":{""mean_uv"":993480,""error_uv"":-6520,""pp_uv"":2040},""1"":{""mean_uv"":1008491,""error_uv"":8491,""pp_uv"":3833},""2"":{""mean_uv"":1029739,""error_uv"":29739,""pp_uv"":591},""3"":{""mean_uv"":1119365,""error_uv"":119365,""pp_uv"":114},""4"":{""mean_uv"":742683,""error_uv"":-257317,""pp_uv"":171}},{""0"":{""mean_uv"":993175,""error_uv"":-6825,""pp_uv"":2498},""1"":{""mean_uv"":1008148,""error_uv"":8148,""pp_uv"":2670},""2"":{""mean_uv"":1031360,""error_uv"":31360,""pp_uv"":514},""3"":{""mean_uv"":1119384,""error_uv"":119384,""pp_uv"":133},""4"":{""mean_uv"":742626,""error_uv"":-257374,""pp_uv"":114}}]},""codes"":[3,48,0,0]}"
24,coupled,False,18,2026-09-08T13:31:19,observation,    bracket IDAC1=48: PGAgain=-6.5mV BPo=+8.5mV OPA_SUMo=+29.7mV SUMo=+119.4mV LPo=-257.3mV,"[3, 48, 0, 0]",,4,-257317,114,57,"{""at"":""2026-09-08T13:31:19"",""kind"":""observation"",""message"":""    bracket IDAC1=48: PGAgain=-6.5mV BPo=+8.5mV OPA_SUMo=+29.7mV SUMo=+119.4mV LPo=-257.3mV"",""label"":""bracket IDAC1=48"",""observation"":{""errors_uv"":{""0"":-6520,""1"":8491,""2"":29739,""3"":119365,""4"":-257317},""pp_uv"":{""0"":2040,""1"":3318,""2"":553,""3"":114,""4"":114},""spread_uv"":{""0"":534,""1"":1239,""2"":3433,""3"":19,""4"":57},""samples"":[{""0"":{""mean_uv"":993709,""error_uv"":-6291,""pp_uv"":1659},""1"":{""mean_uv"":1009387,""error_uv"":9387,""pp_uv"":3318},""2"":{""mean_uv"":1027927,""error_uv"":27927,""pp_uv"":553},""3"":{""mean_uv"":1119365,""error_uv"":119365,""pp_uv"":95},""4"":{""mean_uv"":742683,""error_uv"":-257317,""pp_uv"":95}},{""0"":{""mean_uv"":993480,""error_uv"":-6520,""pp_uv"":2040},""1"":{""mean_uv"":1008491,""error_uv"":8491,""pp_uv"":3833},""2"":{""mean_uv"":1029739,""error_uv"":29739,""pp_uv"":591},""3"":{""mean_uv"":1119365,""error_uv"":119365,""pp_uv"":114},""4"":{""mean_uv"":742683,""error_uv"":-257317,""pp_uv"":171}},{""0"":{""mean_uv"":993175,""error_uv"":-6825,""pp_uv"":2498},""1"":{""mean_uv"":1008148,""error_uv"":8148,""pp_uv"":2670},""2"":{""mean_uv"":1031360,""error_uv"":31360,""pp_uv"":514},""3"":{""mean_uv"":1119384,""error_uv"":119384,""pp_uv"":133},""4"":{""mean_uv"":742626,""error_uv"":-257374,""pp_uv"":114}}]},""codes"":[3,48,0,0]}"
24,coupled,False,19,2026-09-08T13:32:08,observation,    bracket IDAC1=-72: PGAgain=-7.7mV BPo=-10.9mV OPA_SUMo=+2.5mV SUMo=+64.1mV LPo=-257.5mV,"[3, -72, 0, 0]",,0,-7664,1716,343,"{""at"":""2026-09-08T13:32:08"",""kind"":""observation"",""message"":""    bracket IDAC1=-72: PGAgain=-7.7mV BPo=-10.9mV OPA_SUMo=+2.5mV SUMo=+64.1mV LPo=-257.5mV"",""label"":""bracket IDAC1=-72"",""observation"":{""errors_uv"":{""0"":-7664,""1"":-10945,""2"":2483,""3"":64052,""4"":-257527},""pp_uv"":{""0"":1716,""1"":3490,""2"":667,""3"":13790,""4"":152},""spread_uv"":{""0"":343,""1"":1698,""2"":5932,""3"":118904,""4"":353985},""samples"":[{""0"":{""mean_uv"":992336,""error_uv"":-7664,""pp_uv"":1716},""1"":{""mean_uv"":988540,""error_uv"":-11460,""pp_uv"":3700},""2"":{""mean_uv"":1004657,""error_uv"":4657,""pp_uv"":686},""3"":{""mean_uv"":1103916,""error_uv"":103916,""pp_uv"":12969},""4"":{""mean_uv"":742473,""error_uv"":-257527,""pp_uv"":114}},{""0"":{""mean_uv"":992069,""error_uv"":-7931,""pp_uv"":1926},""1"":{""mean_uv"":989055,""error_uv"":-10945,""pp_uv"":3490},""2"":{""mean_uv"":1002483,""error_uv"":2483,""pp_uv"":667},""3"":{""mean_uv"":1064052,""error_uv"":64052,""pp_uv"":13790},""4"":{""mean_uv"":742473,""error_uv"":-257527,""pp_uv"":152}},{""0"":{""mean_uv"":992412,""error_uv"":-7588,""pp_uv"":1525},""1"":{""mean_uv"":990238,""error_uv"":-9762,""pp_uv"":2384},""2"":{""mean_uv"":998725,""error_uv"":-1275,""pp_uv"":648},""3"":{""mean_uv"":985012,""error_uv"":-14988,""pp_uv"":16021},""4"":{""mean_uv"":1096458,""error_uv"":96458,""pp_uv"":15621}}]},""codes"":[3,-72,0,0]}"
24,coupled,False,19,2026-09-08T13:32:08,observation,    bracket IDAC1=-72: PGAgain=-7.7mV BPo=-10.9mV OPA_SUMo=+2.5mV SUMo=+64.1mV LPo=-257.5mV,"[3, -72, 0, 0]",,1,-10945,3490,1698,"{""at"":""2026-09-08T13:32:08"",""kind"":""observation"",""message"":""    bracket IDAC1=-72: PGAgain=-7.7mV BPo=-10.9mV OPA_SUMo=+2.5mV SUMo=+64.1mV LPo=-257.5mV"",""label"":""bracket IDAC1=-72"",""observation"":{""errors_uv"":{""0"":-7664,""1"":-10945,""2"":2483,""3"":64052,""4"":-257527},""pp_uv"":{""0"":1716,""1"":3490,""2"":667,""3"":13790,""4"":152},""spread_uv"":{""0"":343,""1"":1698,""2"":5932,""3"":118904,""4"":353985},""samples"":[{""0"":{""mean_uv"":992336,""error_uv"":-7664,""pp_uv"":1716},""1"":{""mean_uv"":988540,""error_uv"":-11460,""pp_uv"":3700},""2"":{""mean_uv"":1004657,""error_uv"":4657,""pp_uv"":686},""3"":{""mean_uv"":1103916,""error_uv"":103916,""pp_uv"":12969},""4"":{""mean_uv"":742473,""error_uv"":-257527,""pp_uv"":114}},{""0"":{""mean_uv"":992069,""error_uv"":-7931,""pp_uv"":1926},""1"":{""mean_uv"":989055,""error_uv"":-10945,""pp_uv"":3490},""2"":{""mean_uv"":1002483,""error_uv"":2483,""pp_uv"":667},""3"":{""mean_uv"":1064052,""error_uv"":64052,""pp_uv"":13790},""4"":{""mean_uv"":742473,""error_uv"":-257527,""pp_uv"":152}},{""0"":{""mean_uv"":992412,""error_uv"":-7588,""pp_uv"":1525},""1"":{""mean_uv"":990238,""error_uv"":-9762,""pp_uv"":2384},""2"":{""mean_uv"":998725,""error_uv"":-1275,""pp_uv"":648},""3"":{""mean_uv"":985012,""error_uv"":-14988,""pp_uv"":16021},""4"":{""mean_uv"":1096458,""error_uv"":96458,""pp_uv"":15621}}]},""codes"":[3,-72,0,0]}"
24,coupled,False,19,2026-09-08T13:32:08,observation,    bracket IDAC1=-72: PGAgain=-7.7mV BPo=-10.9mV OPA_SUMo=+2.5mV SUMo=+64.1mV LPo=-257.5mV,"[3, -72, 0, 0]",,2,2483,667,5932,"{""at"":""2026-09-08T13:32:08"",""kind"":""observation"",""message"":""    bracket IDAC1=-72: PGAgain=-7.7mV BPo=-10.9mV OPA_SUMo=+2.5mV SUMo=+64.1mV LPo=-257.5mV"",""label"":""bracket IDAC1=-72"",""observation"":{""errors_uv"":{""0"":-7664,""1"":-10945,""2"":2483,""3"":64052,""4"":-257527},""pp_uv"":{""0"":1716,""1"":3490,""2"":667,""3"":13790,""4"":152},""spread_uv"":{""0"":343,""1"":1698,""2"":5932,""3"":118904,""4"":353985},""samples"":[{""0"":{""mean_uv"":992336,""error_uv"":-7664,""pp_uv"":1716},""1"":{""mean_uv"":988540,""error_uv"":-11460,""pp_uv"":3700},""2"":{""mean_uv"":1004657,""error_uv"":4657,""pp_uv"":686},""3"":{""mean_uv"":1103916,""error_uv"":103916,""pp_uv"":12969},""4"":{""mean_uv"":742473,""error_uv"":-257527,""pp_uv"":114}},{""0"":{""mean_uv"":992069,""error_uv"":-7931,""pp_uv"":1926},""1"":{""mean_uv"":989055,""error_uv"":-10945,""pp_uv"":3490},""2"":{""mean_uv"":1002483,""error_uv"":2483,""pp_uv"":667},""3"":{""mean_uv"":1064052,""error_uv"":64052,""pp_uv"":13790},""4"":{""mean_uv"":742473,""error_uv"":-257527,""pp_uv"":152}},{""0"":{""mean_uv"":992412,""error_uv"":-7588,""pp_uv"":1525},""1"":{""mean_uv"":990238,""error_uv"":-9762,""pp_uv"":2384},""2"":{""mean_uv"":998725,""error_uv"":-1275,""pp_uv"":648},""3"":{""mean_uv"":985012,""error_uv"":-14988,""pp_uv"":16021},""4"":{""mean_uv"":1096458,""error_uv"":96458,""pp_uv"":15621}}]},""codes"":[3,-72,0,0]}"
24,coupled,False,19,2026-09-08T13:32:08,observation,    bracket IDAC1=-72: PGAgain=-7.7mV BPo=-10.9mV OPA_SUMo=+2.5mV SUMo=+64.1mV LPo=-257.5mV,"[3, -72, 0, 0]",,3,64052,13790,118904,"{""at"":""2026-09-08T13:32:08"",""kind"":""observation"",""message"":""    bracket IDAC1=-72: PGAgain=-7.7mV BPo=-10.9mV OPA_SUMo=+2.5mV SUMo=+64.1mV LPo=-257.5mV"",""label"":""bracket IDAC1=-72"",""observation"":{""errors_uv"":{""0"":-7664,""1"":-10945,""2"":2483,""3"":64052,""4"":-257527},""pp_uv"":{""0"":1716,""1"":3490,""2"":667,""3"":13790,""4"":152},""spread_uv"":{""0"":343,""1"":1698,""2"":5932,""3"":118904,""4"":353985},""samples"":[{""0"":{""mean_uv"":992336,""error_uv"":-7664,""pp_uv"":1716},""1"":{""mean_uv"":988540,""error_uv"":-11460,""pp_uv"":3700},""2"":{""mean_uv"":1004657,""error_uv"":4657,""pp_uv"":686},""3"":{""mean_uv"":1103916,""error_uv"":103916,""pp_uv"":12969},""4"":{""mean_uv"":742473,""error_uv"":-257527,""pp_uv"":114}},{""0"":{""mean_uv"":992069,""error_uv"":-7931,""pp_uv"":1926},""1"":{""mean_uv"":989055,""error_uv"":-10945,""pp_uv"":3490},""2"":{""mean_uv"":1002483,""error_uv"":2483,""pp_uv"":667},""3"":{""mean_uv"":1064052,""error_uv"":64052,""pp_uv"":13790},""4"":{""mean_uv"":742473,""error_uv"":-257527,""pp_uv"":152}},{""0"":{""mean_uv"":992412,""error_uv"":-7588,""pp_uv"":1525},""1"":{""mean_uv"":990238,""error_uv"":-9762,""pp_uv"":2384},""2"":{""mean_uv"":998725,""error_uv"":-1275,""pp_uv"":648},""3"":{""mean_uv"":985012,""error_uv"":-14988,""pp_uv"":16021},""4"":{""mean_uv"":1096458,""error_uv"":96458,""pp_uv"":15621}}]},""codes"":[3,-72,0,0]}"
24,coupled,False,19,2026-09-08T13:32:08,observation,    bracket IDAC1=-72: PGAgain=-7.7mV BPo=-10.9mV OPA_SUMo=+2.5mV SUMo=+64.1mV LPo=-257.5mV,"[3, -72, 0, 0]",,4,-257527,152,353985,"{""at"":""2026-09-08T13:32:08"",""kind"":""observation"",""message"":""    bracket IDAC1=-72: PGAgain=-7.7mV BPo=-10.9mV OPA_SUMo=+2.5mV SUMo=+64.1mV LPo=-257.5mV"",""label"":""bracket IDAC1=-72"",""observation"":{""errors_uv"":{""0"":-7664,""1"":-10945,""2"":2483,""3"":64052,""4"":-257527},""pp_uv"":{""0"":1716,""1"":3490,""2"":667,""3"":13790,""4"":152},""spread_uv"":{""0"":343,""1"":1698,""2"":5932,""3"":118904,""4"":353985},""samples"":[{""0"":{""mean_uv"":992336,""error_uv"":-7664,""pp_uv"":1716},""1"":{""mean_uv"":988540,""error_uv"":-11460,""pp_uv"":3700},""2"":{""mean_uv"":1004657,""error_uv"":4657,""pp_uv"":686},""3"":{""mean_uv"":1103916,""error_uv"":103916,""pp_uv"":12969},""4"":{""mean_uv"":742473,""error_uv"":-257527,""pp_uv"":114}},{""0"":{""mean_uv"":992069,""error_uv"":-7931,""pp_uv"":1926},""1"":{""mean_uv"":989055,""error_uv"":-10945,""pp_uv"":3490},""2"":{""mean_uv"":1002483,""error_uv"":2483,""pp_uv"":667},""3"":{""mean_uv"":1064052,""error_uv"":64052,""pp_uv"":13790},""4"":{""mean_uv"":742473,""error_uv"":-257527,""pp_uv"":152}},{""0"":{""mean_uv"":992412,""error_uv"":-7588,""pp_uv"":1525},""1"":{""mean_uv"":990238,""error_uv"":-9762,""pp_uv"":2384},""2"":{""mean_uv"":998725,""error_uv"":-1275,""pp_uv"":648},""3"":{""mean_uv"":985012,""error_uv"":-14988,""pp_uv"":16021},""4"":{""mean_uv"":1096458,""error_uv"":96458,""pp_uv"":15621}}]},""codes"":[3,-72,0,0]}"
24,coupled,False,20,2026-09-08T13:32:53,observation,    bracket IDAC1=72: PGAgain=-6.2mV BPo=+12.3mV OPA_SUMo=+35.1mV SUMo=+119.3mV LPo=-257.4mV,"[3, 72, 0, 0]",,0,-6196,1869,210,"{""at"":""2026-09-08T13:32:53"",""kind"":""observation"",""message"":""    bracket IDAC1=72: PGAgain=-6.2mV BPo=+12.3mV OPA_SUMo=+35.1mV SUMo=+119.3mV LPo=-257.4mV"",""label"":""bracket IDAC1=72"",""observation"":{""errors_uv"":{""0"":-6196,""1"":12268,""2"":35060,""3"":119346,""4"":-257374},""pp_uv"":{""0"":1869,""1"":3128,""2"":629,""3"":114,""4"":152},""spread_uv"":{""0"":210,""1"":1793,""2"":4749,""3"":57,""4"":57},""samples"":[{""0"":{""mean_uv"":993976,""error_uv"":-6024,""pp_uv"":1869},""1"":{""mean_uv"":1013126,""error_uv"":13126,""pp_uv"":3242},""2"":{""mean_uv"":1032505,""error_uv"":32505,""pp_uv"":629},""3"":{""mean_uv"":1119403,""error_uv"":119403,""pp_uv"":114},""4"":{""mean_uv"":742588,""error_uv"":-257412,""pp_uv"":152}},{""0"":{""mean_uv"":993804,""error_uv"":-6196,""pp_uv"":1831},""1"":{""mean_uv"":1012268,""error_uv"":12268,""pp_uv"":2994},""2"":{""mean_uv"":1035060,""error_uv"":35060,""pp_uv"":705},""3"":{""mean_uv"":1119346,""error_uv"":119346,""pp_uv"":114},""4"":{""mean_uv"":742626,""error_uv"":-257374,""pp_uv"":133}},{""0"":{""mean_uv"":993766,""error_uv"":-6234,""pp_uv"":1907},""1"":{""mean_uv"":1011333,""error_uv"":11333,""pp_uv"":3128},""2"":{""mean_uv"":1037254,""error_uv"":37254,""pp_uv"":514},""3"":{""mean_uv"":1119346,""error_uv"":119346,""pp_uv"":76},""4"":{""mean_uv"":742645,""error_uv"":-257355,""pp_uv"":152}}]},""codes"":[3,72,0,0]}"
24,coupled,False,20,2026-09-08T13:32:53,observation,    bracket IDAC1=72: PGAgain=-6.2mV BPo=+12.3mV OPA_SUMo=+35.1mV SUMo=+119.3mV LPo=-257.4mV,"[3, 72, 0, 0]",,1,12268,3128,1793,"{""at"":""2026-09-08T13:32:53"",""kind"":""observation"",""message"":""    bracket IDAC1=72: PGAgain=-6.2mV BPo=+12.3mV OPA_SUMo=+35.1mV SUMo=+119.3mV LPo=-257.4mV"",""label"":""bracket IDAC1=72"",""observation"":{""errors_uv"":{""0"":-6196,""1"":12268,""2"":35060,""3"":119346,""4"":-257374},""pp_uv"":{""0"":1869,""1"":3128,""2"":629,""3"":114,""4"":152},""spread_uv"":{""0"":210,""1"":1793,""2"":4749,""3"":57,""4"":57},""samples"":[{""0"":{""mean_uv"":993976,""error_uv"":-6024,""pp_uv"":1869},""1"":{""mean_uv"":1013126,""error_uv"":13126,""pp_uv"":3242},""2"":{""mean_uv"":1032505,""error_uv"":32505,""pp_uv"":629},""3"":{""mean_uv"":1119403,""error_uv"":119403,""pp_uv"":114},""4"":{""mean_uv"":742588,""error_uv"":-257412,""pp_uv"":152}},{""0"":{""mean_uv"":993804,""error_uv"":-6196,""pp_uv"":1831},""1"":{""mean_uv"":1012268,""error_uv"":12268,""pp_uv"":2994},""2"":{""mean_uv"":1035060,""error_uv"":35060,""pp_uv"":705},""3"":{""mean_uv"":1119346,""error_uv"":119346,""pp_uv"":114},""4"":{""mean_uv"":742626,""error_uv"":-257374,""pp_uv"":133}},{""0"":{""mean_uv"":993766,""error_uv"":-6234,""pp_uv"":1907},""1"":{""mean_uv"":1011333,""error_uv"":11333,""pp_uv"":3128},""2"":{""mean_uv"":1037254,""error_uv"":37254,""pp_uv"":514},""3"":{""mean_uv"":1119346,""error_uv"":119346,""pp_uv"":76},""4"":{""mean_uv"":742645,""error_uv"":-257355,""pp_uv"":152}}]},""codes"":[3,72,0,0]}"
24,coupled,False,20,2026-09-08T13:32:53,observation,    bracket IDAC1=72: PGAgain=-6.2mV BPo=+12.3mV OPA_SUMo=+35.1mV SUMo=+119.3mV LPo=-257.4mV,"[3, 72, 0, 0]",,2,35060,629,4749,"{""at"":""2026-09-08T13:32:53"",""kind"":""observation"",""message"":""    bracket IDAC1=72: PGAgain=-6.2mV BPo=+12.3mV OPA_SUMo=+35.1mV SUMo=+119.3mV LPo=-257.4mV"",""label"":""bracket IDAC1=72"",""observation"":{""errors_uv"":{""0"":-6196,""1"":12268,""2"":35060,""3"":119346,""4"":-257374},""pp_uv"":{""0"":1869,""1"":3128,""2"":629,""3"":114,""4"":152},""spread_uv"":{""0"":210,""1"":1793,""2"":4749,""3"":57,""4"":57},""samples"":[{""0"":{""mean_uv"":993976,""error_uv"":-6024,""pp_uv"":1869},""1"":{""mean_uv"":1013126,""error_uv"":13126,""pp_uv"":3242},""2"":{""mean_uv"":1032505,""error_uv"":32505,""pp_uv"":629},""3"":{""mean_uv"":1119403,""error_uv"":119403,""pp_uv"":114},""4"":{""mean_uv"":742588,""error_uv"":-257412,""pp_uv"":152}},{""0"":{""mean_uv"":993804,""error_uv"":-6196,""pp_uv"":1831},""1"":{""mean_uv"":1012268,""error_uv"":12268,""pp_uv"":2994},""2"":{""mean_uv"":1035060,""error_uv"":35060,""pp_uv"":705},""3"":{""mean_uv"":1119346,""error_uv"":119346,""pp_uv"":114},""4"":{""mean_uv"":742626,""error_uv"":-257374,""pp_uv"":133}},{""0"":{""mean_uv"":993766,""error_uv"":-6234,""pp_uv"":1907},""1"":{""mean_uv"":1011333,""error_uv"":11333,""pp_uv"":3128},""2"":{""mean_uv"":1037254,""error_uv"":37254,""pp_uv"":514},""3"":{""mean_uv"":1119346,""error_uv"":119346,""pp_uv"":76},""4"":{""mean_uv"":742645,""error_uv"":-257355,""pp_uv"":152}}]},""codes"":[3,72,0,0]}"
24,coupled,False,20,2026-09-08T13:32:53,observation,    bracket IDAC1=72: PGAgain=-6.2mV BPo=+12.3mV OPA_SUMo=+35.1mV SUMo=+119.3mV LPo=-257.4mV,"[3, 72, 0, 0]",,3,119346,114,57,"{""at"":""2026-09-08T13:32:53"",""kind"":""observation"",""message"":""    bracket IDAC1=72: PGAgain=-6.2mV BPo=+12.3mV OPA_SUMo=+35.1mV SUMo=+119.3mV LPo=-257.4mV"",""label"":""bracket IDAC1=72"",""observation"":{""errors_uv"":{""0"":-6196,""1"":12268,""2"":35060,""3"":119346,""4"":-257374},""pp_uv"":{""0"":1869,""1"":3128,""2"":629,""3"":114,""4"":152},""spread_uv"":{""0"":210,""1"":1793,""2"":4749,""3"":57,""4"":57},""samples"":[{""0"":{""mean_uv"":993976,""error_uv"":-6024,""pp_uv"":1869},""1"":{""mean_uv"":1013126,""error_uv"":13126,""pp_uv"":3242},""2"":{""mean_uv"":1032505,""error_uv"":32505,""pp_uv"":629},""3"":{""mean_uv"":1119403,""error_uv"":119403,""pp_uv"":114},""4"":{""mean_uv"":742588,""error_uv"":-257412,""pp_uv"":152}},{""0"":{""mean_uv"":993804,""error_uv"":-6196,""pp_uv"":1831},""1"":{""mean_uv"":1012268,""error_uv"":12268,""pp_uv"":2994},""2"":{""mean_uv"":1035060,""error_uv"":35060,""pp_uv"":705},""3"":{""mean_uv"":1119346,""error_uv"":119346,""pp_uv"":114},""4"":{""mean_uv"":742626,""error_uv"":-257374,""pp_uv"":133}},{""0"":{""mean_uv"":993766,""error_uv"":-6234,""pp_uv"":1907},""1"":{""mean_uv"":1011333,""error_uv"":11333,""pp_uv"":3128},""2"":{""mean_uv"":1037254,""error_uv"":37254,""pp_uv"":514},""3"":{""mean_uv"":1119346,""error_uv"":119346,""pp_uv"":76},""4"":{""mean_uv"":742645,""error_uv"":-257355,""pp_uv"":152}}]},""codes"":[3,72,0,0]}"
24,coupled,False,20,2026-09-08T13:32:53,observation,    bracket IDAC1=72: PGAgain=-6.2mV BPo=+12.3mV OPA_SUMo=+35.1mV SUMo=+119.3mV LPo=-257.4mV,"[3, 72, 0, 0]",,4,-257374,152,57,"{""at"":""2026-09-08T13:32:53"",""kind"":""observation"",""message"":""    bracket IDAC1=72: PGAgain=-6.2mV BPo=+12.3mV OPA_SUMo=+35.1mV SUMo=+119.3mV LPo=-257.4mV"",""label"":""bracket IDAC1=72"",""observation"":{""errors_uv"":{""0"":-6196,""1"":12268,""2"":35060,""3"":119346,""4"":-257374},""pp_uv"":{""0"":1869,""1"":3128,""2"":629,""3"":114,""4"":152},""spread_uv"":{""0"":210,""1"":1793,""2"":4749,""3"":57,""4"":57},""samples"":[{""0"":{""mean_uv"":993976,""error_uv"":-6024,""pp_uv"":1869},""1"":{""mean_uv"":1013126,""error_uv"":13126,""pp_uv"":3242},""2"":{""mean_uv"":1032505,""error_uv"":32505,""pp_uv"":629},""3"":{""mean_uv"":1119403,""error_uv"":119403,""pp_uv"":114},""4"":{""mean_uv"":742588,""error_uv"":-257412,""pp_uv"":152}},{""0"":{""mean_uv"":993804,""error_uv"":-6196,""pp_uv"":1831},""1"":{""mean_uv"":1012268,""error_uv"":12268,""pp_uv"":2994},""2"":{""mean_uv"":1035060,""error_uv"":35060,""pp_uv"":705},""3"":{""mean_uv"":1119346,""error_uv"":119346,""pp_uv"":114},""4"":{""mean_uv"":742626,""error_uv"":-257374,""pp_uv"":133}},{""0"":{""mean_uv"":993766,""error_uv"":-6234,""pp_uv"":1907},""1"":{""mean_uv"":1011333,""error_uv"":11333,""pp_uv"":3128},""2"":{""mean_uv"":1037254,""error_uv"":37254,""pp_uv"":514},""3"":{""mean_uv"":1119346,""error_uv"":119346,""pp_uv"":76},""4"":{""mean_uv"":742645,""error_uv"":-257355,""pp_uv"":152}}]},""codes"":[3,72,0,0]}"
24,coupled,False,21,2026-09-08T13:33:50,observation,    bracket IDAC1=-120: PGAgain=-8.0mV BPo=-18.0mV OPA_SUMo=-11.1mV SUMo=-251.6mV LPo=+120.6mV,"[3, -120, 0, 0]",,0,-8046,2593,191,"{""at"":""2026-09-08T13:33:50"",""kind"":""observation"",""message"":""    bracket IDAC1=-120: PGAgain=-8.0mV BPo=-18.0mV OPA_SUMo=-11.1mV SUMo=-251.6mV LPo=+120.6mV"",""label"":""bracket IDAC1=-120"",""observation"":{""errors_uv"":{""0"":-8046,""1"":-17964,""2"":-11078,""3"":-251576,""4"":120586},""pp_uv"":{""0"":2593,""1"":3204,""2"":495,""3"":190,""4"":114},""spread_uv"":{""0"":191,""1"":1717,""2"":5303,""3"":38,""4"":38},""samples"":[{""0"":{""mean_uv"":991954,""error_uv"":-8046,""pp_uv"":2593},""1"":{""mean_uv"":981311,""error_uv"":-18689,""pp_uv"":2937},""2"":{""mean_uv"":991783,""error_uv"":-8217,""pp_uv"":495},""3"":{""mean_uv"":748424,""error_uv"":-251576,""pp_uv"":95},""4"":{""mean_uv"":1120624,""error_uv"":120624,""pp_uv"":114}},{""0"":{""mean_uv"":991954,""error_uv"":-8046,""pp_uv"":2613},""1"":{""mean_uv"":982036,""error_uv"":-17964,""pp_uv"":3318},""2"":{""mean_uv"":988922,""error_uv"":-11078,""pp_uv"":553},""3"":{""mean_uv"":748443,""error_uv"":-251557,""pp_uv"":247},""4"":{""mean_uv"":1120586,""error_uv"":120586,""pp_uv"":133}},{""0"":{""mean_uv"":992145,""error_uv"":-7855,""pp_uv"":2212},""1"":{""mean_uv"":983028,""error_uv"":-16972,""pp_uv"":3204},""2"":{""mean_uv"":986480,""error_uv"":-13520,""pp_uv"":495},""3"":{""mean_uv"":748405,""error_uv"":-251595,""pp_uv"":190},""4"":{""mean_uv"":1120586,""error_uv"":120586,""pp_uv"":95}}]},""codes"":[3,-120,0,0]}"
24,coupled,False,21,2026-09-08T13:33:50,observation,    bracket IDAC1=-120: PGAgain=-8.0mV BPo=-18.0mV OPA_SUMo=-11.1mV SUMo=-251.6mV LPo=+120.6mV,"[3, -120, 0, 0]",,1,-17964,3204,1717,"{""at"":""2026-09-08T13:33:50"",""kind"":""observation"",""message"":""    bracket IDAC1=-120: PGAgain=-8.0mV BPo=-18.0mV OPA_SUMo=-11.1mV SUMo=-251.6mV LPo=+120.6mV"",""label"":""bracket IDAC1=-120"",""observation"":{""errors_uv"":{""0"":-8046,""1"":-17964,""2"":-11078,""3"":-251576,""4"":120586},""pp_uv"":{""0"":2593,""1"":3204,""2"":495,""3"":190,""4"":114},""spread_uv"":{""0"":191,""1"":1717,""2"":5303,""3"":38,""4"":38},""samples"":[{""0"":{""mean_uv"":991954,""error_uv"":-8046,""pp_uv"":2593},""1"":{""mean_uv"":981311,""error_uv"":-18689,""pp_uv"":2937},""2"":{""mean_uv"":991783,""error_uv"":-8217,""pp_uv"":495},""3"":{""mean_uv"":748424,""error_uv"":-251576,""pp_uv"":95},""4"":{""mean_uv"":1120624,""error_uv"":120624,""pp_uv"":114}},{""0"":{""mean_uv"":991954,""error_uv"":-8046,""pp_uv"":2613},""1"":{""mean_uv"":982036,""error_uv"":-17964,""pp_uv"":3318},""2"":{""mean_uv"":988922,""error_uv"":-11078,""pp_uv"":553},""3"":{""mean_uv"":748443,""error_uv"":-251557,""pp_uv"":247},""4"":{""mean_uv"":1120586,""error_uv"":120586,""pp_uv"":133}},{""0"":{""mean_uv"":992145,""error_uv"":-7855,""pp_uv"":2212},""1"":{""mean_uv"":983028,""error_uv"":-16972,""pp_uv"":3204},""2"":{""mean_uv"":986480,""error_uv"":-13520,""pp_uv"":495},""3"":{""mean_uv"":748405,""error_uv"":-251595,""pp_uv"":190},""4"":{""mean_uv"":1120586,""error_uv"":120586,""pp_uv"":95}}]},""codes"":[3,-120,0,0]}"
24,coupled,False,21,2026-09-08T13:33:50,observation,    bracket IDAC1=-120: PGAgain=-8.0mV BPo=-18.0mV OPA_SUMo=-11.1mV SUMo=-251.6mV LPo=+120.6mV,"[3, -120, 0, 0]",,2,-11078,495,5303,"{""at"":""2026-09-08T13:33:50"",""kind"":""observation"",""message"":""    bracket IDAC1=-120: PGAgain=-8.0mV BPo=-18.0mV OPA_SUMo=-11.1mV SUMo=-251.6mV LPo=+120.6mV"",""label"":""bracket IDAC1=-120"",""observation"":{""errors_uv"":{""0"":-8046,""1"":-17964,""2"":-11078,""3"":-251576,""4"":120586},""pp_uv"":{""0"":2593,""1"":3204,""2"":495,""3"":190,""4"":114},""spread_uv"":{""0"":191,""1"":1717,""2"":5303,""3"":38,""4"":38},""samples"":[{""0"":{""mean_uv"":991954,""error_uv"":-8046,""pp_uv"":2593},""1"":{""mean_uv"":981311,""error_uv"":-18689,""pp_uv"":2937},""2"":{""mean_uv"":991783,""error_uv"":-8217,""pp_uv"":495},""3"":{""mean_uv"":748424,""error_uv"":-251576,""pp_uv"":95},""4"":{""mean_uv"":1120624,""error_uv"":120624,""pp_uv"":114}},{""0"":{""mean_uv"":991954,""error_uv"":-8046,""pp_uv"":2613},""1"":{""mean_uv"":982036,""error_uv"":-17964,""pp_uv"":3318},""2"":{""mean_uv"":988922,""error_uv"":-11078,""pp_uv"":553},""3"":{""mean_uv"":748443,""error_uv"":-251557,""pp_uv"":247},""4"":{""mean_uv"":1120586,""error_uv"":120586,""pp_uv"":133}},{""0"":{""mean_uv"":992145,""error_uv"":-7855,""pp_uv"":2212},""1"":{""mean_uv"":983028,""error_uv"":-16972,""pp_uv"":3204},""2"":{""mean_uv"":986480,""error_uv"":-13520,""pp_uv"":495},""3"":{""mean_uv"":748405,""error_uv"":-251595,""pp_uv"":190},""4"":{""mean_uv"":1120586,""error_uv"":120586,""pp_uv"":95}}]},""codes"":[3,-120,0,0]}"
24,coupled,False,21,2026-09-08T13:33:50,observation,    bracket IDAC1=-120: PGAgain=-8.0mV BPo=-18.0mV OPA_SUMo=-11.1mV SUMo=-251.6mV LPo=+120.6mV,"[3, -120, 0, 0]",,3,-251576,190,38,"{""at"":""2026-09-08T13:33:50"",""kind"":""observation"",""message"":""    bracket IDAC1=-120: PGAgain=-8.0mV BPo=-18.0mV OPA_SUMo=-11.1mV SUMo=-251.6mV LPo=+120.6mV"",""label"":""bracket IDAC1=-120"",""observation"":{""errors_uv"":{""0"":-8046,""1"":-17964,""2"":-11078,""3"":-251576,""4"":120586},""pp_uv"":{""0"":2593,""1"":3204,""2"":495,""3"":190,""4"":114},""spread_uv"":{""0"":191,""1"":1717,""2"":5303,""3"":38,""4"":38},""samples"":[{""0"":{""mean_uv"":991954,""error_uv"":-8046,""pp_uv"":2593},""1"":{""mean_uv"":981311,""error_uv"":-18689,""pp_uv"":2937},""2"":{""mean_uv"":991783,""error_uv"":-8217,""pp_uv"":495},""3"":{""mean_uv"":748424,""error_uv"":-251576,""pp_uv"":95},""4"":{""mean_uv"":1120624,""error_uv"":120624,""pp_uv"":114}},{""0"":{""mean_uv"":991954,""error_uv"":-8046,""pp_uv"":2613},""1"":{""mean_uv"":982036,""error_uv"":-17964,""pp_uv"":3318},""2"":{""mean_uv"":988922,""error_uv"":-11078,""pp_uv"":553},""3"":{""mean_uv"":748443,""error_uv"":-251557,""pp_uv"":247},""4"":{""mean_uv"":1120586,""error_uv"":120586,""pp_uv"":133}},{""0"":{""mean_uv"":992145,""error_uv"":-7855,""pp_uv"":2212},""1"":{""mean_uv"":983028,""error_uv"":-16972,""pp_uv"":3204},""2"":{""mean_uv"":986480,""error_uv"":-13520,""pp_uv"":495},""3"":{""mean_uv"":748405,""error_uv"":-251595,""pp_uv"":190},""4"":{""mean_uv"":1120586,""error_uv"":120586,""pp_uv"":95}}]},""codes"":[3,-120,0,0]}"
24,coupled,False,21,2026-09-08T13:33:50,observation,    bracket IDAC1=-120: PGAgain=-8.0mV BPo=-18.0mV OPA_SUMo=-11.1mV SUMo=-251.6mV LPo=+120.6mV,"[3, -120, 0, 0]",,4,120586,114,38,"{""at"":""2026-09-08T13:33:50"",""kind"":""observation"",""message"":""    bracket IDAC1=-120: PGAgain=-8.0mV BPo=-18.0mV OPA_SUMo=-11.1mV SUMo=-251.6mV LPo=+120.6mV"",""label"":""bracket IDAC1=-120"",""observation"":{""errors_uv"":{""0"":-8046,""1"":-17964,""2"":-11078,""3"":-251576,""4"":120586},""pp_uv"":{""0"":2593,""1"":3204,""2"":495,""3"":190,""4"":114},""spread_uv"":{""0"":191,""1"":1717,""2"":5303,""3"":38,""4"":38},""samples"":[{""0"":{""mean_uv"":991954,""error_uv"":-8046,""pp_uv"":2593},""1"":{""mean_uv"":981311,""error_uv"":-18689,""pp_uv"":2937},""2"":{""mean_uv"":991783,""error_uv"":-8217,""pp_uv"":495},""3"":{""mean_uv"":748424,""error_uv"":-251576,""pp_uv"":95},""4"":{""mean_uv"":1120624,""error_uv"":120624,""pp_uv"":114}},{""0"":{""mean_uv"":991954,""error_uv"":-8046,""pp_uv"":2613},""1"":{""mean_uv"":982036,""error_uv"":-17964,""pp_uv"":3318},""2"":{""mean_uv"":988922,""error_uv"":-11078,""pp_uv"":553},""3"":{""mean_uv"":748443,""error_uv"":-251557,""pp_uv"":247},""4"":{""mean_uv"":1120586,""error_uv"":120586,""pp_uv"":133}},{""0"":{""mean_uv"":992145,""error_uv"":-7855,""pp_uv"":2212},""1"":{""mean_uv"":983028,""error_uv"":-16972,""pp_uv"":3204},""2"":{""mean_uv"":986480,""error_uv"":-13520,""pp_uv"":495},""3"":{""mean_uv"":748405,""error_uv"":-251595,""pp_uv"":190},""4"":{""mean_uv"":1120586,""error_uv"":120586,""pp_uv"":95}}]},""codes"":[3,-120,0,0]}"
24,coupled,False,22,2026-09-08T13:33:53,scalar_newton,"    Newton BP->SUM [0,-120]->-39","[3, -45, 0, 0]",,,,,,"{""at"":""2026-09-08T13:33:53"",""kind"":""scalar_newton"",""message"":""    Newton BP->SUM [0,-120]->-39"",""bracket_codes"":[0,-120],""bracket_errors_uv"":[119403.0,-251576.0],""slope_uv_per_code"":3091.491666666667,""constrained_by_crossing"":true}"
24,coupled,False,23,2026-09-08T13:34:07,observation,    inicio PI BP->SUM: PGAgain=-7.6mV BPo=-2.5mV OPA_SUMo=-1.8mV SUMo=-28.2mV LPo=+87.2mV,"[3, -39, 0, 0]",,0,-7607,2174,38,"{""at"":""2026-09-08T13:34:07"",""kind"":""observation"",""message"":""    inicio PI BP->SUM: PGAgain=-7.6mV BPo=-2.5mV OPA_SUMo=-1.8mV SUMo=-28.2mV LPo=+87.2mV"",""label"":""inicio PI BP->SUM"",""observation"":{""errors_uv"":{""0"":-7607,""1"":-2495,""2"":-1847,""3"":-28206,""4"":87188},""pp_uv"":{""0"":2174,""1"":2670,""2"":591,""3"":25043,""4"":20503},""spread_uv"":{""0"":38,""1"":667,""2"":2022,""3"":65632,""4"":135117},""samples"":[{""0"":{""mean_uv"":992393,""error_uv"":-7607,""pp_uv"":1468},""1"":{""mean_uv"":997905,""error_uv"":-2095,""pp_uv"":2670},""2"":{""mean_uv"":997028,""error_uv"":-2972,""pp_uv"":591},""3"":{""mean_uv"":934429,""error_uv"":-65571,""pp_uv"":25043},""4"":{""mean_uv"":1120624,""error_uv"":120624,""pp_uv"":114}},{""0"":{""mean_uv"":992374,""error_uv"":-7626,""pp_uv"":2174},""1"":{""mean_uv"":997505,""error_uv"":-2495,""pp_uv"":3204},""2"":{""mean_uv"":998153,""error_uv"":-1847,""pp_uv"":667},""3"":{""mean_uv"":971794,""error_uv"":-28206,""pp_uv"":26054},""4"":{""mean_uv"":1087188,""error_uv"":87188,""pp_uv"":20637}},{""0"":{""mean_uv"":992412,""error_uv"":-7588,""pp_uv"":2231},""1"":{""mean_uv"":997238,""error_uv"":-2762,""pp_uv"":2002},""2"":{""mean_uv"":999050,""error_uv"":-950,""pp_uv"":572},""3"":{""mean_uv"":1000061,""error_uv"":61,""pp_uv"":7457},""4"":{""mean_uv"":985507,""error_uv"":-14493,""pp_uv"":20503}}]},""codes"":[3,-39,0,0]}"
24,coupled,False,23,2026-09-08T13:34:07,observation,    inicio PI BP->SUM: PGAgain=-7.6mV BPo=-2.5mV OPA_SUMo=-1.8mV SUMo=-28.2mV LPo=+87.2mV,"[3, -39, 0, 0]",,1,-2495,2670,667,"{""at"":""2026-09-08T13:34:07"",""kind"":""observation"",""message"":""    inicio PI BP->SUM: PGAgain=-7.6mV BPo=-2.5mV OPA_SUMo=-1.8mV SUMo=-28.2mV LPo=+87.2mV"",""label"":""inicio PI BP->SUM"",""observation"":{""errors_uv"":{""0"":-7607,""1"":-2495,""2"":-1847,""3"":-28206,""4"":87188},""pp_uv"":{""0"":2174,""1"":2670,""2"":591,""3"":25043,""4"":20503},""spread_uv"":{""0"":38,""1"":667,""2"":2022,""3"":65632,""4"":135117},""samples"":[{""0"":{""mean_uv"":992393,""error_uv"":-7607,""pp_uv"":1468},""1"":{""mean_uv"":997905,""error_uv"":-2095,""pp_uv"":2670},""2"":{""mean_uv"":997028,""error_uv"":-2972,""pp_uv"":591},""3"":{""mean_uv"":934429,""error_uv"":-65571,""pp_uv"":25043},""4"":{""mean_uv"":1120624,""error_uv"":120624,""pp_uv"":114}},{""0"":{""mean_uv"":992374,""error_uv"":-7626,""pp_uv"":2174},""1"":{""mean_uv"":997505,""error_uv"":-2495,""pp_uv"":3204},""2"":{""mean_uv"":998153,""error_uv"":-1847,""pp_uv"":667},""3"":{""mean_uv"":971794,""error_uv"":-28206,""pp_uv"":26054},""4"":{""mean_uv"":1087188,""error_uv"":87188,""pp_uv"":20637}},{""0"":{""mean_uv"":992412,""error_uv"":-7588,""pp_uv"":2231},""1"":{""mean_uv"":997238,""error_uv"":-2762,""pp_uv"":2002},""2"":{""mean_uv"":999050,""error_uv"":-950,""pp_uv"":572},""3"":{""mean_uv"":1000061,""error_uv"":61,""pp_uv"":7457},""4"":{""mean_uv"":985507,""error_uv"":-14493,""pp_uv"":20503}}]},""codes"":[3,-39,0,0]}"
24,coupled,False,23,2026-09-08T13:34:07,observation,    inicio PI BP->SUM: PGAgain=-7.6mV BPo=-2.5mV OPA_SUMo=-1.8mV SUMo=-28.2mV LPo=+87.2mV,"[3, -39, 0, 0]",,2,-1847,591,2022,"{""at"":""2026-09-08T13:34:07"",""kind"":""observation"",""message"":""    inicio PI BP->SUM: PGAgain=-7.6mV BPo=-2.5mV OPA_SUMo=-1.8mV SUMo=-28.2mV LPo=+87.2mV"",""label"":""inicio PI BP->SUM"",""observation"":{""errors_uv"":{""0"":-7607,""1"":-2495,""2"":-1847,""3"":-28206,""4"":87188},""pp_uv"":{""0"":2174,""1"":2670,""2"":591,""3"":25043,""4"":20503},""spread_uv"":{""0"":38,""1"":667,""2"":2022,""3"":65632,""4"":135117},""samples"":[{""0"":{""mean_uv"":992393,""error_uv"":-7607,""pp_uv"":1468},""1"":{""mean_uv"":997905,""error_uv"":-2095,""pp_uv"":2670},""2"":{""mean_uv"":997028,""error_uv"":-2972,""pp_uv"":591},""3"":{""mean_uv"":934429,""error_uv"":-65571,""pp_uv"":25043},""4"":{""mean_uv"":1120624,""error_uv"":120624,""pp_uv"":114}},{""0"":{""mean_uv"":992374,""error_uv"":-7626,""pp_uv"":2174},""1"":{""mean_uv"":997505,""error_uv"":-2495,""pp_uv"":3204},""2"":{""mean_uv"":998153,""error_uv"":-1847,""pp_uv"":667},""3"":{""mean_uv"":971794,""error_uv"":-28206,""pp_uv"":26054},""4"":{""mean_uv"":1087188,""error_uv"":87188,""pp_uv"":20637}},{""0"":{""mean_uv"":992412,""error_uv"":-7588,""pp_uv"":2231},""1"":{""mean_uv"":997238,""error_uv"":-2762,""pp_uv"":2002},""2"":{""mean_uv"":999050,""error_uv"":-950,""pp_uv"":572},""3"":{""mean_uv"":1000061,""error_uv"":61,""pp_uv"":7457},""4"":{""mean_uv"":985507,""error_uv"":-14493,""pp_uv"":20503}}]},""codes"":[3,-39,0,0]}"
24,coupled,False,23,2026-09-08T13:34:07,observation,    inicio PI BP->SUM: PGAgain=-7.6mV BPo=-2.5mV OPA_SUMo=-1.8mV SUMo=-28.2mV LPo=+87.2mV,"[3, -39, 0, 0]",,3,-28206,25043,65632,"{""at"":""2026-09-08T13:34:07"",""kind"":""observation"",""message"":""    inicio PI BP->SUM: PGAgain=-7.6mV BPo=-2.5mV OPA_SUMo=-1.8mV SUMo=-28.2mV LPo=+87.2mV"",""label"":""inicio PI BP->SUM"",""observation"":{""errors_uv"":{""0"":-7607,""1"":-2495,""2"":-1847,""3"":-28206,""4"":87188},""pp_uv"":{""0"":2174,""1"":2670,""2"":591,""3"":25043,""4"":20503},""spread_uv"":{""0"":38,""1"":667,""2"":2022,""3"":65632,""4"":135117},""samples"":[{""0"":{""mean_uv"":992393,""error_uv"":-7607,""pp_uv"":1468},""1"":{""mean_uv"":997905,""error_uv"":-2095,""pp_uv"":2670},""2"":{""mean_uv"":997028,""error_uv"":-2972,""pp_uv"":591},""3"":{""mean_uv"":934429,""error_uv"":-65571,""pp_uv"":25043},""4"":{""mean_uv"":1120624,""error_uv"":120624,""pp_uv"":114}},{""0"":{""mean_uv"":992374,""error_uv"":-7626,""pp_uv"":2174},""1"":{""mean_uv"":997505,""error_uv"":-2495,""pp_uv"":3204},""2"":{""mean_uv"":998153,""error_uv"":-1847,""pp_uv"":667},""3"":{""mean_uv"":971794,""error_uv"":-28206,""pp_uv"":26054},""4"":{""mean_uv"":1087188,""error_uv"":87188,""pp_uv"":20637}},{""0"":{""mean_uv"":992412,""error_uv"":-7588,""pp_uv"":2231},""1"":{""mean_uv"":997238,""error_uv"":-2762,""pp_uv"":2002},""2"":{""mean_uv"":999050,""error_uv"":-950,""pp_uv"":572},""3"":{""mean_uv"":1000061,""error_uv"":61,""pp_uv"":7457},""4"":{""mean_uv"":985507,""error_uv"":-14493,""pp_uv"":20503}}]},""codes"":[3,-39,0,0]}"
24,coupled,False,23,2026-09-08T13:34:07,observation,    inicio PI BP->SUM: PGAgain=-7.6mV BPo=-2.5mV OPA_SUMo=-1.8mV SUMo=-28.2mV LPo=+87.2mV,"[3, -39, 0, 0]",,4,87188,20503,135117,"{""at"":""2026-09-08T13:34:07"",""kind"":""observation"",""message"":""    inicio PI BP->SUM: PGAgain=-7.6mV BPo=-2.5mV OPA_SUMo=-1.8mV SUMo=-28.2mV LPo=+87.2mV"",""label"":""inicio PI BP->SUM"",""observation"":{""errors_uv"":{""0"":-7607,""1"":-2495,""2"":-1847,""3"":-28206,""4"":87188},""pp_uv"":{""0"":2174,""1"":2670,""2"":591,""3"":25043,""4"":20503},""spread_uv"":{""0"":38,""1"":667,""2"":2022,""3"":65632,""4"":135117},""samples"":[{""0"":{""mean_uv"":992393,""error_uv"":-7607,""pp_uv"":1468},""1"":{""mean_uv"":997905,""error_uv"":-2095,""pp_uv"":2670},""2"":{""mean_uv"":997028,""error_uv"":-2972,""pp_uv"":591},""3"":{""mean_uv"":934429,""error_uv"":-65571,""pp_uv"":25043},""4"":{""mean_uv"":1120624,""error_uv"":120624,""pp_uv"":114}},{""0"":{""mean_uv"":992374,""error_uv"":-7626,""pp_uv"":2174},""1"":{""mean_uv"":997505,""error_uv"":-2495,""pp_uv"":3204},""2"":{""mean_uv"":998153,""error_uv"":-1847,""pp_uv"":667},""3"":{""mean_uv"":971794,""error_uv"":-28206,""pp_uv"":26054},""4"":{""mean_uv"":1087188,""error_uv"":87188,""pp_uv"":20637}},{""0"":{""mean_uv"":992412,""error_uv"":-7588,""pp_uv"":2231},""1"":{""mean_uv"":997238,""error_uv"":-2762,""pp_uv"":2002},""2"":{""mean_uv"":999050,""error_uv"":-950,""pp_uv"":572},""3"":{""mean_uv"":1000061,""error_uv"":61,""pp_uv"":7457},""4"":{""mean_uv"":985507,""error_uv"":-14493,""pp_uv"":20503}}]},""codes"":[3,-39,0,0]}"
24,coupled,False,24,2026-09-08T13:34:30,observation,    PI BP->SUM asentando: PGAgain=-7.3mV BPo=-2.4mV OPA_SUMo=+0.7mV SUMo=+30.1mV LPo=-257.5mV,"[3, -39, 0, 0]",,0,-7264,1296,858,"{""at"":""2026-09-08T13:34:30"",""kind"":""observation"",""message"":""    PI BP->SUM asentando: PGAgain=-7.3mV BPo=-2.4mV OPA_SUMo=+0.7mV SUMo=+30.1mV LPo=-257.5mV"",""label"":""PI BP->SUM asentando"",""observation"":{""errors_uv"":{""0"":-7264,""1"":-2438,""2"":728,""3"":30120,""4"":-257489},""pp_uv"":{""0"":1296,""1"":2269,""2"":476,""3"":10337,""4"":152},""spread_uv"":{""0"":858,""1"":1087,""2"":1507,""3"":31814,""4"":76},""samples"":[{""0"":{""mean_uv"":993156,""error_uv"":-6844,""pp_uv"":4501},""1"":{""mean_uv"":997619,""error_uv"":-2381,""pp_uv"":2269},""2"":{""mean_uv"":1000404,""error_uv"":404,""pp_uv"":419},""3"":{""mean_uv"":1021614,""error_uv"":21614,""pp_uv"":8296},""4"":{""mean_uv"":742511,""error_uv"":-257489,""pp_uv"":114}},{""0"":{""mean_uv"":992736,""error_uv"":-7264,""pp_uv"":915},""1"":{""mean_uv"":997562,""error_uv"":-2438,""pp_uv"":2593},""2"":{""mean_uv"":1000728,""error_uv"":728,""pp_uv"":495},""3"":{""mean_uv"":1030120,""error_uv"":30120,""pp_uv"":10337},""4"":{""mean_uv"":742530,""error_uv"":-257470,""pp_uv"":152}},{""0"":{""mean_uv"":992298,""error_uv"":-7702,""pp_uv"":1296},""1"":{""mean_uv"":996532,""error_uv"":-3468,""pp_uv"":1945},""2"":{""mean_uv"":1001911,""error_uv"":1911,""pp_uv"":476},""3"":{""mean_uv"":1053428,""error_uv"":53428,""pp_uv"":15392},""4"":{""mean_uv"":742454,""error_uv"":-257546,""pp_uv"":247}}]},""codes"":[3,-39,0,0]}"
24,coupled,False,24,2026-09-08T13:34:30,observation,    PI BP->SUM asentando: PGAgain=-7.3mV BPo=-2.4mV OPA_SUMo=+0.7mV SUMo=+30.1mV LPo=-257.5mV,"[3, -39, 0, 0]",,1,-2438,2269,1087,"{""at"":""2026-09-08T13:34:30"",""kind"":""observation"",""message"":""    PI BP->SUM asentando: PGAgain=-7.3mV BPo=-2.4mV OPA_SUMo=+0.7mV SUMo=+30.1mV LPo=-257.5mV"",""label"":""PI BP->SUM asentando"",""observation"":{""errors_uv"":{""0"":-7264,""1"":-2438,""2"":728,""3"":30120,""4"":-257489},""pp_uv"":{""0"":1296,""1"":2269,""2"":476,""3"":10337,""4"":152},""spread_uv"":{""0"":858,""1"":1087,""2"":1507,""3"":31814,""4"":76},""samples"":[{""0"":{""mean_uv"":993156,""error_uv"":-6844,""pp_uv"":4501},""1"":{""mean_uv"":997619,""error_uv"":-2381,""pp_uv"":2269},""2"":{""mean_uv"":1000404,""error_uv"":404,""pp_uv"":419},""3"":{""mean_uv"":1021614,""error_uv"":21614,""pp_uv"":8296},""4"":{""mean_uv"":742511,""error_uv"":-257489,""pp_uv"":114}},{""0"":{""mean_uv"":992736,""error_uv"":-7264,""pp_uv"":915},""1"":{""mean_uv"":997562,""error_uv"":-2438,""pp_uv"":2593},""2"":{""mean_uv"":1000728,""error_uv"":728,""pp_uv"":495},""3"":{""mean_uv"":1030120,""error_uv"":30120,""pp_uv"":10337},""4"":{""mean_uv"":742530,""error_uv"":-257470,""pp_uv"":152}},{""0"":{""mean_uv"":992298,""error_uv"":-7702,""pp_uv"":1296},""1"":{""mean_uv"":996532,""error_uv"":-3468,""pp_uv"":1945},""2"":{""mean_uv"":1001911,""error_uv"":1911,""pp_uv"":476},""3"":{""mean_uv"":1053428,""error_uv"":53428,""pp_uv"":15392},""4"":{""mean_uv"":742454,""error_uv"":-257546,""pp_uv"":247}}]},""codes"":[3,-39,0,0]}"
24,coupled,False,24,2026-09-08T13:34:30,observation,    PI BP->SUM asentando: PGAgain=-7.3mV BPo=-2.4mV OPA_SUMo=+0.7mV SUMo=+30.1mV LPo=-257.5mV,"[3, -39, 0, 0]",,2,728,476,1507,"{""at"":""2026-09-08T13:34:30"",""kind"":""observation"",""message"":""    PI BP->SUM asentando: PGAgain=-7.3mV BPo=-2.4mV OPA_SUMo=+0.7mV SUMo=+30.1mV LPo=-257.5mV"",""label"":""PI BP->SUM asentando"",""observation"":{""errors_uv"":{""0"":-7264,""1"":-2438,""2"":728,""3"":30120,""4"":-257489},""pp_uv"":{""0"":1296,""1"":2269,""2"":476,""3"":10337,""4"":152},""spread_uv"":{""0"":858,""1"":1087,""2"":1507,""3"":31814,""4"":76},""samples"":[{""0"":{""mean_uv"":993156,""error_uv"":-6844,""pp_uv"":4501},""1"":{""mean_uv"":997619,""error_uv"":-2381,""pp_uv"":2269},""2"":{""mean_uv"":1000404,""error_uv"":404,""pp_uv"":419},""3"":{""mean_uv"":1021614,""error_uv"":21614,""pp_uv"":8296},""4"":{""mean_uv"":742511,""error_uv"":-257489,""pp_uv"":114}},{""0"":{""mean_uv"":992736,""error_uv"":-7264,""pp_uv"":915},""1"":{""mean_uv"":997562,""error_uv"":-2438,""pp_uv"":2593},""2"":{""mean_uv"":1000728,""error_uv"":728,""pp_uv"":495},""3"":{""mean_uv"":1030120,""error_uv"":30120,""pp_uv"":10337},""4"":{""mean_uv"":742530,""error_uv"":-257470,""pp_uv"":152}},{""0"":{""mean_uv"":992298,""error_uv"":-7702,""pp_uv"":1296},""1"":{""mean_uv"":996532,""error_uv"":-3468,""pp_uv"":1945},""2"":{""mean_uv"":1001911,""error_uv"":1911,""pp_uv"":476},""3"":{""mean_uv"":1053428,""error_uv"":53428,""pp_uv"":15392},""4"":{""mean_uv"":742454,""error_uv"":-257546,""pp_uv"":247}}]},""codes"":[3,-39,0,0]}"
24,coupled,False,24,2026-09-08T13:34:30,observation,    PI BP->SUM asentando: PGAgain=-7.3mV BPo=-2.4mV OPA_SUMo=+0.7mV SUMo=+30.1mV LPo=-257.5mV,"[3, -39, 0, 0]",,3,30120,10337,31814,"{""at"":""2026-09-08T13:34:30"",""kind"":""observation"",""message"":""    PI BP->SUM asentando: PGAgain=-7.3mV BPo=-2.4mV OPA_SUMo=+0.7mV SUMo=+30.1mV LPo=-257.5mV"",""label"":""PI BP->SUM asentando"",""observation"":{""errors_uv"":{""0"":-7264,""1"":-2438,""2"":728,""3"":30120,""4"":-257489},""pp_uv"":{""0"":1296,""1"":2269,""2"":476,""3"":10337,""4"":152},""spread_uv"":{""0"":858,""1"":1087,""2"":1507,""3"":31814,""4"":76},""samples"":[{""0"":{""mean_uv"":993156,""error_uv"":-6844,""pp_uv"":4501},""1"":{""mean_uv"":997619,""error_uv"":-2381,""pp_uv"":2269},""2"":{""mean_uv"":1000404,""error_uv"":404,""pp_uv"":419},""3"":{""mean_uv"":1021614,""error_uv"":21614,""pp_uv"":8296},""4"":{""mean_uv"":742511,""error_uv"":-257489,""pp_uv"":114}},{""0"":{""mean_uv"":992736,""error_uv"":-7264,""pp_uv"":915},""1"":{""mean_uv"":997562,""error_uv"":-2438,""pp_uv"":2593},""2"":{""mean_uv"":1000728,""error_uv"":728,""pp_uv"":495},""3"":{""mean_uv"":1030120,""error_uv"":30120,""pp_uv"":10337},""4"":{""mean_uv"":742530,""error_uv"":-257470,""pp_uv"":152}},{""0"":{""mean_uv"":992298,""error_uv"":-7702,""pp_uv"":1296},""1"":{""mean_uv"":996532,""error_uv"":-3468,""pp_uv"":1945},""2"":{""mean_uv"":1001911,""error_uv"":1911,""pp_uv"":476},""3"":{""mean_uv"":1053428,""error_uv"":53428,""pp_uv"":15392},""4"":{""mean_uv"":742454,""error_uv"":-257546,""pp_uv"":247}}]},""codes"":[3,-39,0,0]}"
24,coupled,False,24,2026-09-08T13:34:30,observation,    PI BP->SUM asentando: PGAgain=-7.3mV BPo=-2.4mV OPA_SUMo=+0.7mV SUMo=+30.1mV LPo=-257.5mV,"[3, -39, 0, 0]",,4,-257489,152,76,"{""at"":""2026-09-08T13:34:30"",""kind"":""observation"",""message"":""    PI BP->SUM asentando: PGAgain=-7.3mV BPo=-2.4mV OPA_SUMo=+0.7mV SUMo=+30.1mV LPo=-257.5mV"",""label"":""PI BP->SUM asentando"",""observation"":{""errors_uv"":{""0"":-7264,""1"":-2438,""2"":728,""3"":30120,""4"":-257489},""pp_uv"":{""0"":1296,""1"":2269,""2"":476,""3"":10337,""4"":152},""spread_uv"":{""0"":858,""1"":1087,""2"":1507,""3"":31814,""4"":76},""samples"":[{""0"":{""mean_uv"":993156,""error_uv"":-6844,""pp_uv"":4501},""1"":{""mean_uv"":997619,""error_uv"":-2381,""pp_uv"":2269},""2"":{""mean_uv"":1000404,""error_uv"":404,""pp_uv"":419},""3"":{""mean_uv"":1021614,""error_uv"":21614,""pp_uv"":8296},""4"":{""mean_uv"":742511,""error_uv"":-257489,""pp_uv"":114}},{""0"":{""mean_uv"":992736,""error_uv"":-7264,""pp_uv"":915},""1"":{""mean_uv"":997562,""error_uv"":-2438,""pp_uv"":2593},""2"":{""mean_uv"":1000728,""error_uv"":728,""pp_uv"":495},""3"":{""mean_uv"":1030120,""error_uv"":30120,""pp_uv"":10337},""4"":{""mean_uv"":742530,""error_uv"":-257470,""pp_uv"":152}},{""0"":{""mean_uv"":992298,""error_uv"":-7702,""pp_uv"":1296},""1"":{""mean_uv"":996532,""error_uv"":-3468,""pp_uv"":1945},""2"":{""mean_uv"":1001911,""error_uv"":1911,""pp_uv"":476},""3"":{""mean_uv"":1053428,""error_uv"":53428,""pp_uv"":15392},""4"":{""mean_uv"":742454,""error_uv"":-257546,""pp_uv"":247}}]},""codes"":[3,-39,0,0]}"
24,coupled,False,25,2026-09-08T13:34:30,shared_pi_micro,    micro PI BP->SUM -39->-41,"[3, -45, 0, 0]",,,,,,"{""at"":""2026-09-08T13:34:30"",""kind"":""shared_pi_micro"",""message"":""    micro PI BP->SUM -39->-41"",""cycle"":0,""error_uv"":30120,""slope_uv_per_code"":3091.491666666667,""integral"":-9.742869542480841}"
24,coupled,False,26,2026-09-08T13:34:55,observation,    PI BP->SUM asentando: PGAgain=-7.0mV BPo=-3.1mV OPA_SUMo=+1.9mV SUMo=+55.5mV LPo=-257.5mV,"[3, -41, 0, 0]",,0,-6959,1983,400,"{""at"":""2026-09-08T13:34:55"",""kind"":""observation"",""message"":""    PI BP->SUM asentando: PGAgain=-7.0mV BPo=-3.1mV OPA_SUMo=+1.9mV SUMo=+55.5mV LPo=-257.5mV"",""label"":""PI BP->SUM asentando"",""observation"":{""errors_uv"":{""0"":-6959,""1"":-3125,""2"":1930,""3"":55450,""4"":-257489},""pp_uv"":{""0"":1983,""1"":2422,""2"":495,""3"":9822,""4"":152},""spread_uv"":{""0"":400,""1"":152,""2"":515,""3"":9765,""4"":114},""samples"":[{""0"":{""mean_uv"":993251,""error_uv"":-6749,""pp_uv"":2059},""1"":{""mean_uv"":996742,""error_uv"":-3258,""pp_uv"":3204},""2"":{""mean_uv"":1001529,""error_uv"":1529,""pp_uv"":457},""3"":{""mean_uv"":1046524,""error_uv"":46524,""pp_uv"":9727},""4"":{""mean_uv"":742511,""error_uv"":-257489,""pp_uv"":152}},{""0"":{""mean_uv"":993041,""error_uv"":-6959,""pp_uv"":1983},""1"":{""mean_uv"":996875,""error_uv"":-3125,""pp_uv"":2212},""2"":{""mean_uv"":1001930,""error_uv"":1930,""pp_uv"":495},""3"":{""mean_uv"":1055450,""error_uv"":55450,""pp_uv"":9822},""4"":{""mean_uv"":742454,""error_uv"":-257546,""pp_uv"":171}},{""0"":{""mean_uv"":992851,""error_uv"":-7149,""pp_uv"":1564},""1"":{""mean_uv"":996894,""error_uv"":-3106,""pp_uv"":2422},""2"":{""mean_uv"":1002044,""error_uv"":2044,""pp_uv"":801},""3"":{""mean_uv"":1056289,""error_uv"":56289,""pp_uv"":13561},""4"":{""mean_uv"":742568,""error_uv"":-257432,""pp_uv"":133}}]},""codes"":[3,-41,0,0]}"
24,coupled,False,26,2026-09-08T13:34:55,observation,    PI BP->SUM asentando: PGAgain=-7.0mV BPo=-3.1mV OPA_SUMo=+1.9mV SUMo=+55.5mV LPo=-257.5mV,"[3, -41, 0, 0]",,1,-3125,2422,152,"{""at"":""2026-09-08T13:34:55"",""kind"":""observation"",""message"":""    PI BP->SUM asentando: PGAgain=-7.0mV BPo=-3.1mV OPA_SUMo=+1.9mV SUMo=+55.5mV LPo=-257.5mV"",""label"":""PI BP->SUM asentando"",""observation"":{""errors_uv"":{""0"":-6959,""1"":-3125,""2"":1930,""3"":55450,""4"":-257489},""pp_uv"":{""0"":1983,""1"":2422,""2"":495,""3"":9822,""4"":152},""spread_uv"":{""0"":400,""1"":152,""2"":515,""3"":9765,""4"":114},""samples"":[{""0"":{""mean_uv"":993251,""error_uv"":-6749,""pp_uv"":2059},""1"":{""mean_uv"":996742,""error_uv"":-3258,""pp_uv"":3204},""2"":{""mean_uv"":1001529,""error_uv"":1529,""pp_uv"":457},""3"":{""mean_uv"":1046524,""error_uv"":46524,""pp_uv"":9727},""4"":{""mean_uv"":742511,""error_uv"":-257489,""pp_uv"":152}},{""0"":{""mean_uv"":993041,""error_uv"":-6959,""pp_uv"":1983},""1"":{""mean_uv"":996875,""error_uv"":-3125,""pp_uv"":2212},""2"":{""mean_uv"":1001930,""error_uv"":1930,""pp_uv"":495},""3"":{""mean_uv"":1055450,""error_uv"":55450,""pp_uv"":9822},""4"":{""mean_uv"":742454,""error_uv"":-257546,""pp_uv"":171}},{""0"":{""mean_uv"":992851,""error_uv"":-7149,""pp_uv"":1564},""1"":{""mean_uv"":996894,""error_uv"":-3106,""pp_uv"":2422},""2"":{""mean_uv"":1002044,""error_uv"":2044,""pp_uv"":801},""3"":{""mean_uv"":1056289,""error_uv"":56289,""pp_uv"":13561},""4"":{""mean_uv"":742568,""error_uv"":-257432,""pp_uv"":133}}]},""codes"":[3,-41,0,0]}"
24,coupled,False,26,2026-09-08T13:34:55,observation,    PI BP->SUM asentando: PGAgain=-7.0mV BPo=-3.1mV OPA_SUMo=+1.9mV SUMo=+55.5mV LPo=-257.5mV,"[3, -41, 0, 0]",,2,1930,495,515,"{""at"":""2026-09-08T13:34:55"",""kind"":""observation"",""message"":""    PI BP->SUM asentando: PGAgain=-7.0mV BPo=-3.1mV OPA_SUMo=+1.9mV SUMo=+55.5mV LPo=-257.5mV"",""label"":""PI BP->SUM asentando"",""observation"":{""errors_uv"":{""0"":-6959,""1"":-3125,""2"":1930,""3"":55450,""4"":-257489},""pp_uv"":{""0"":1983,""1"":2422,""2"":495,""3"":9822,""4"":152},""spread_uv"":{""0"":400,""1"":152,""2"":515,""3"":9765,""4"":114},""samples"":[{""0"":{""mean_uv"":993251,""error_uv"":-6749,""pp_uv"":2059},""1"":{""mean_uv"":996742,""error_uv"":-3258,""pp_uv"":3204},""2"":{""mean_uv"":1001529,""error_uv"":1529,""pp_uv"":457},""3"":{""mean_uv"":1046524,""error_uv"":46524,""pp_uv"":9727},""4"":{""mean_uv"":742511,""error_uv"":-257489,""pp_uv"":152}},{""0"":{""mean_uv"":993041,""error_uv"":-6959,""pp_uv"":1983},""1"":{""mean_uv"":996875,""error_uv"":-3125,""pp_uv"":2212},""2"":{""mean_uv"":1001930,""error_uv"":1930,""pp_uv"":495},""3"":{""mean_uv"":1055450,""error_uv"":55450,""pp_uv"":9822},""4"":{""mean_uv"":742454,""error_uv"":-257546,""pp_uv"":171}},{""0"":{""mean_uv"":992851,""error_uv"":-7149,""pp_uv"":1564},""1"":{""mean_uv"":996894,""error_uv"":-3106,""pp_uv"":2422},""2"":{""mean_uv"":1002044,""error_uv"":2044,""pp_uv"":801},""3"":{""mean_uv"":1056289,""error_uv"":56289,""pp_uv"":13561},""4"":{""mean_uv"":742568,""error_uv"":-257432,""pp_uv"":133}}]},""codes"":[3,-41,0,0]}"
24,coupled,False,26,2026-09-08T13:34:55,observation,    PI BP->SUM asentando: PGAgain=-7.0mV BPo=-3.1mV OPA_SUMo=+1.9mV SUMo=+55.5mV LPo=-257.5mV,"[3, -41, 0, 0]",,3,55450,9822,9765,"{""at"":""2026-09-08T13:34:55"",""kind"":""observation"",""message"":""    PI BP->SUM asentando: PGAgain=-7.0mV BPo=-3.1mV OPA_SUMo=+1.9mV SUMo=+55.5mV LPo=-257.5mV"",""label"":""PI BP->SUM asentando"",""observation"":{""errors_uv"":{""0"":-6959,""1"":-3125,""2"":1930,""3"":55450,""4"":-257489},""pp_uv"":{""0"":1983,""1"":2422,""2"":495,""3"":9822,""4"":152},""spread_uv"":{""0"":400,""1"":152,""2"":515,""3"":9765,""4"":114},""samples"":[{""0"":{""mean_uv"":993251,""error_uv"":-6749,""pp_uv"":2059},""1"":{""mean_uv"":996742,""error_uv"":-3258,""pp_uv"":3204},""2"":{""mean_uv"":1001529,""error_uv"":1529,""pp_uv"":457},""3"":{""mean_uv"":1046524,""error_uv"":46524,""pp_uv"":9727},""4"":{""mean_uv"":742511,""error_uv"":-257489,""pp_uv"":152}},{""0"":{""mean_uv"":993041,""error_uv"":-6959,""pp_uv"":1983},""1"":{""mean_uv"":996875,""error_uv"":-3125,""pp_uv"":2212},""2"":{""mean_uv"":1001930,""error_uv"":1930,""pp_uv"":495},""3"":{""mean_uv"":1055450,""error_uv"":55450,""pp_uv"":9822},""4"":{""mean_uv"":742454,""error_uv"":-257546,""pp_uv"":171}},{""0"":{""mean_uv"":992851,""error_uv"":-7149,""pp_uv"":1564},""1"":{""mean_uv"":996894,""error_uv"":-3106,""pp_uv"":2422},""2"":{""mean_uv"":1002044,""error_uv"":2044,""pp_uv"":801},""3"":{""mean_uv"":1056289,""error_uv"":56289,""pp_uv"":13561},""4"":{""mean_uv"":742568,""error_uv"":-257432,""pp_uv"":133}}]},""codes"":[3,-41,0,0]}"
24,coupled,False,26,2026-09-08T13:34:55,observation,    PI BP->SUM asentando: PGAgain=-7.0mV BPo=-3.1mV OPA_SUMo=+1.9mV SUMo=+55.5mV LPo=-257.5mV,"[3, -41, 0, 0]",,4,-257489,152,114,"{""at"":""2026-09-08T13:34:55"",""kind"":""observation"",""message"":""    PI BP->SUM asentando: PGAgain=-7.0mV BPo=-3.1mV OPA_SUMo=+1.9mV SUMo=+55.5mV LPo=-257.5mV"",""label"":""PI BP->SUM asentando"",""observation"":{""errors_uv"":{""0"":-6959,""1"":-3125,""2"":1930,""3"":55450,""4"":-257489},""pp_uv"":{""0"":1983,""1"":2422,""2"":495,""3"":9822,""4"":152},""spread_uv"":{""0"":400,""1"":152,""2"":515,""3"":9765,""4"":114},""samples"":[{""0"":{""mean_uv"":993251,""error_uv"":-6749,""pp_uv"":2059},""1"":{""mean_uv"":996742,""error_uv"":-3258,""pp_uv"":3204},""2"":{""mean_uv"":1001529,""error_uv"":1529,""pp_uv"":457},""3"":{""mean_uv"":1046524,""error_uv"":46524,""pp_uv"":9727},""4"":{""mean_uv"":742511,""error_uv"":-257489,""pp_uv"":152}},{""0"":{""mean_uv"":993041,""error_uv"":-6959,""pp_uv"":1983},""1"":{""mean_uv"":996875,""error_uv"":-3125,""pp_uv"":2212},""2"":{""mean_uv"":1001930,""error_uv"":1930,""pp_uv"":495},""3"":{""mean_uv"":1055450,""error_uv"":55450,""pp_uv"":9822},""4"":{""mean_uv"":742454,""error_uv"":-257546,""pp_uv"":171}},{""0"":{""mean_uv"":992851,""error_uv"":-7149,""pp_uv"":1564},""1"":{""mean_uv"":996894,""error_uv"":-3106,""pp_uv"":2422},""2"":{""mean_uv"":1002044,""error_uv"":2044,""pp_uv"":801},""3"":{""mean_uv"":1056289,""error_uv"":56289,""pp_uv"":13561},""4"":{""mean_uv"":742568,""error_uv"":-257432,""pp_uv"":133}}]},""codes"":[3,-41,0,0]}"
24,coupled,False,27,2026-09-08T13:34:55,shared_pi_micro,    micro PI BP->SUM -41->-45,"[3, -45, 0, 0]",,,,,,"{""at"":""2026-09-08T13:34:55"",""kind"":""shared_pi_micro"",""message"":""    micro PI BP->SUM -41->-45"",""cycle"":1,""error_uv"":55450,""slope_uv_per_code"":3091.491666666667,""integral"":-12.0}"
24,coupled,False,28,2026-09-08T13:35:11,observation,    verificación BP->SUM durante 2tau: PGAgain=-7.6mV BPo=-4.4mV OPA_SUMo=+1.4mV SUMo=+41.6mV LPo=-257.5mV,"[3, -45, 0, 0]",,0,-7588,2460,229,"{""at"":""2026-09-08T13:35:11"",""kind"":""observation"",""message"":""    verificación BP->SUM durante 2tau: PGAgain=-7.6mV BPo=-4.4mV OPA_SUMo=+1.4mV SUMo=+41.6mV LPo=-257.5mV"",""label"":""verificación BP->SUM durante 2tau"",""observation"":{""errors_uv"":{""0"":-7588,""1"":-4384,""2"":1377,""3"":41603,""4"":-257489},""pp_uv"":{""0"":2460,""1"":3070,""2"":686,""3"":12130,""4"":247},""spread_uv"":{""0"":229,""1"":840,""2"":248,""3"":3815,""4"":76},""samples"":[{""0"":{""mean_uv"":992546,""error_uv"":-7454,""pp_uv"":1716},""1"":{""mean_uv"":995941,""error_uv"":-4059,""pp_uv"":3128},""2"":{""mean_uv"":1001472,""error_uv"":1472,""pp_uv"":686},""3"":{""mean_uv"":1043701,""error_uv"":43701,""pp_uv"":14533},""4"":{""mean_uv"":742511,""error_uv"":-257489,""pp_uv"":247}},{""0"":{""mean_uv"":992317,""error_uv"":-7683,""pp_uv"":2460},""1"":{""mean_uv"":995616,""error_uv"":-4384,""pp_uv"":3070},""2"":{""mean_uv"":1001377,""error_uv"":1377,""pp_uv"":1049},""3"":{""mean_uv"":1041603,""error_uv"":41603,""pp_uv"":12130},""4"":{""mean_uv"":742511,""error_uv"":-257489,""pp_uv"":133}},{""0"":{""mean_uv"":992412,""error_uv"":-7588,""pp_uv"":2727},""1"":{""mean_uv"":995101,""error_uv"":-4899,""pp_uv"":2441},""2"":{""mean_uv"":1001224,""error_uv"":1224,""pp_uv"":534},""3"":{""mean_uv"":1039886,""error_uv"":39886,""pp_uv"":9365},""4"":{""mean_uv"":742435,""error_uv"":-257565,""pp_uv"":247}}]},""codes"":[3,-45,0,0]}"
24,coupled,False,28,2026-09-08T13:35:11,observation,    verificación BP->SUM durante 2tau: PGAgain=-7.6mV BPo=-4.4mV OPA_SUMo=+1.4mV SUMo=+41.6mV LPo=-257.5mV,"[3, -45, 0, 0]",,1,-4384,3070,840,"{""at"":""2026-09-08T13:35:11"",""kind"":""observation"",""message"":""    verificación BP->SUM durante 2tau: PGAgain=-7.6mV BPo=-4.4mV OPA_SUMo=+1.4mV SUMo=+41.6mV LPo=-257.5mV"",""label"":""verificación BP->SUM durante 2tau"",""observation"":{""errors_uv"":{""0"":-7588,""1"":-4384,""2"":1377,""3"":41603,""4"":-257489},""pp_uv"":{""0"":2460,""1"":3070,""2"":686,""3"":12130,""4"":247},""spread_uv"":{""0"":229,""1"":840,""2"":248,""3"":3815,""4"":76},""samples"":[{""0"":{""mean_uv"":992546,""error_uv"":-7454,""pp_uv"":1716},""1"":{""mean_uv"":995941,""error_uv"":-4059,""pp_uv"":3128},""2"":{""mean_uv"":1001472,""error_uv"":1472,""pp_uv"":686},""3"":{""mean_uv"":1043701,""error_uv"":43701,""pp_uv"":14533},""4"":{""mean_uv"":742511,""error_uv"":-257489,""pp_uv"":247}},{""0"":{""mean_uv"":992317,""error_uv"":-7683,""pp_uv"":2460},""1"":{""mean_uv"":995616,""error_uv"":-4384,""pp_uv"":3070},""2"":{""mean_uv"":1001377,""error_uv"":1377,""pp_uv"":1049},""3"":{""mean_uv"":1041603,""error_uv"":41603,""pp_uv"":12130},""4"":{""mean_uv"":742511,""error_uv"":-257489,""pp_uv"":133}},{""0"":{""mean_uv"":992412,""error_uv"":-7588,""pp_uv"":2727},""1"":{""mean_uv"":995101,""error_uv"":-4899,""pp_uv"":2441},""2"":{""mean_uv"":1001224,""error_uv"":1224,""pp_uv"":534},""3"":{""mean_uv"":1039886,""error_uv"":39886,""pp_uv"":9365},""4"":{""mean_uv"":742435,""error_uv"":-257565,""pp_uv"":247}}]},""codes"":[3,-45,0,0]}"
24,coupled,False,28,2026-09-08T13:35:11,observation,    verificación BP->SUM durante 2tau: PGAgain=-7.6mV BPo=-4.4mV OPA_SUMo=+1.4mV SUMo=+41.6mV LPo=-257.5mV,"[3, -45, 0, 0]",,2,1377,686,248,"{""at"":""2026-09-08T13:35:11"",""kind"":""observation"",""message"":""    verificación BP->SUM durante 2tau: PGAgain=-7.6mV BPo=-4.4mV OPA_SUMo=+1.4mV SUMo=+41.6mV LPo=-257.5mV"",""label"":""verificación BP->SUM durante 2tau"",""observation"":{""errors_uv"":{""0"":-7588,""1"":-4384,""2"":1377,""3"":41603,""4"":-257489},""pp_uv"":{""0"":2460,""1"":3070,""2"":686,""3"":12130,""4"":247},""spread_uv"":{""0"":229,""1"":840,""2"":248,""3"":3815,""4"":76},""samples"":[{""0"":{""mean_uv"":992546,""error_uv"":-7454,""pp_uv"":1716},""1"":{""mean_uv"":995941,""error_uv"":-4059,""pp_uv"":3128},""2"":{""mean_uv"":1001472,""error_uv"":1472,""pp_uv"":686},""3"":{""mean_uv"":1043701,""error_uv"":43701,""pp_uv"":14533},""4"":{""mean_uv"":742511,""error_uv"":-257489,""pp_uv"":247}},{""0"":{""mean_uv"":992317,""error_uv"":-7683,""pp_uv"":2460},""1"":{""mean_uv"":995616,""error_uv"":-4384,""pp_uv"":3070},""2"":{""mean_uv"":1001377,""error_uv"":1377,""pp_uv"":1049},""3"":{""mean_uv"":1041603,""error_uv"":41603,""pp_uv"":12130},""4"":{""mean_uv"":742511,""error_uv"":-257489,""pp_uv"":133}},{""0"":{""mean_uv"":992412,""error_uv"":-7588,""pp_uv"":2727},""1"":{""mean_uv"":995101,""error_uv"":-4899,""pp_uv"":2441},""2"":{""mean_uv"":1001224,""error_uv"":1224,""pp_uv"":534},""3"":{""mean_uv"":1039886,""error_uv"":39886,""pp_uv"":9365},""4"":{""mean_uv"":742435,""error_uv"":-257565,""pp_uv"":247}}]},""codes"":[3,-45,0,0]}"
24,coupled,False,28,2026-09-08T13:35:11,observation,    verificación BP->SUM durante 2tau: PGAgain=-7.6mV BPo=-4.4mV OPA_SUMo=+1.4mV SUMo=+41.6mV LPo=-257.5mV,"[3, -45, 0, 0]",,3,41603,12130,3815,"{""at"":""2026-09-08T13:35:11"",""kind"":""observation"",""message"":""    verificación BP->SUM durante 2tau: PGAgain=-7.6mV BPo=-4.4mV OPA_SUMo=+1.4mV SUMo=+41.6mV LPo=-257.5mV"",""label"":""verificación BP->SUM durante 2tau"",""observation"":{""errors_uv"":{""0"":-7588,""1"":-4384,""2"":1377,""3"":41603,""4"":-257489},""pp_uv"":{""0"":2460,""1"":3070,""2"":686,""3"":12130,""4"":247},""spread_uv"":{""0"":229,""1"":840,""2"":248,""3"":3815,""4"":76},""samples"":[{""0"":{""mean_uv"":992546,""error_uv"":-7454,""pp_uv"":1716},""1"":{""mean_uv"":995941,""error_uv"":-4059,""pp_uv"":3128},""2"":{""mean_uv"":1001472,""error_uv"":1472,""pp_uv"":686},""3"":{""mean_uv"":1043701,""error_uv"":43701,""pp_uv"":14533},""4"":{""mean_uv"":742511,""error_uv"":-257489,""pp_uv"":247}},{""0"":{""mean_uv"":992317,""error_uv"":-7683,""pp_uv"":2460},""1"":{""mean_uv"":995616,""error_uv"":-4384,""pp_uv"":3070},""2"":{""mean_uv"":1001377,""error_uv"":1377,""pp_uv"":1049},""3"":{""mean_uv"":1041603,""error_uv"":41603,""pp_uv"":12130},""4"":{""mean_uv"":742511,""error_uv"":-257489,""pp_uv"":133}},{""0"":{""mean_uv"":992412,""error_uv"":-7588,""pp_uv"":2727},""1"":{""mean_uv"":995101,""error_uv"":-4899,""pp_uv"":2441},""2"":{""mean_uv"":1001224,""error_uv"":1224,""pp_uv"":534},""3"":{""mean_uv"":1039886,""error_uv"":39886,""pp_uv"":9365},""4"":{""mean_uv"":742435,""error_uv"":-257565,""pp_uv"":247}}]},""codes"":[3,-45,0,0]}"
24,coupled,False,28,2026-09-08T13:35:11,observation,    verificación BP->SUM durante 2tau: PGAgain=-7.6mV BPo=-4.4mV OPA_SUMo=+1.4mV SUMo=+41.6mV LPo=-257.5mV,"[3, -45, 0, 0]",,4,-257489,247,76,"{""at"":""2026-09-08T13:35:11"",""kind"":""observation"",""message"":""    verificación BP->SUM durante 2tau: PGAgain=-7.6mV BPo=-4.4mV OPA_SUMo=+1.4mV SUMo=+41.6mV LPo=-257.5mV"",""label"":""verificación BP->SUM durante 2tau"",""observation"":{""errors_uv"":{""0"":-7588,""1"":-4384,""2"":1377,""3"":41603,""4"":-257489},""pp_uv"":{""0"":2460,""1"":3070,""2"":686,""3"":12130,""4"":247},""spread_uv"":{""0"":229,""1"":840,""2"":248,""3"":3815,""4"":76},""samples"":[{""0"":{""mean_uv"":992546,""error_uv"":-7454,""pp_uv"":1716},""1"":{""mean_uv"":995941,""error_uv"":-4059,""pp_uv"":3128},""2"":{""mean_uv"":1001472,""error_uv"":1472,""pp_uv"":686},""3"":{""mean_uv"":1043701,""error_uv"":43701,""pp_uv"":14533},""4"":{""mean_uv"":742511,""error_uv"":-257489,""pp_uv"":247}},{""0"":{""mean_uv"":992317,""error_uv"":-7683,""pp_uv"":2460},""1"":{""mean_uv"":995616,""error_uv"":-4384,""pp_uv"":3070},""2"":{""mean_uv"":1001377,""error_uv"":1377,""pp_uv"":1049},""3"":{""mean_uv"":1041603,""error_uv"":41603,""pp_uv"":12130},""4"":{""mean_uv"":742511,""error_uv"":-257489,""pp_uv"":133}},{""0"":{""mean_uv"":992412,""error_uv"":-7588,""pp_uv"":2727},""1"":{""mean_uv"":995101,""error_uv"":-4899,""pp_uv"":2441},""2"":{""mean_uv"":1001224,""error_uv"":1224,""pp_uv"":534},""3"":{""mean_uv"":1039886,""error_uv"":39886,""pp_uv"":9365},""4"":{""mean_uv"":742435,""error_uv"":-257565,""pp_uv"":247}}]},""codes"":[3,-45,0,0]}"
24,coupled,False,29,2026-09-08T13:35:11,closed_loop_window,    BP->SUM 2tau terminó: +41.6mV,"[3, -45, 0, 0]",,,,,,"{""at"":""2026-09-08T13:35:11"",""kind"":""closed_loop_window"",""message"":""    BP->SUM 2tau terminó: +41.6mV"",""stages"":[1],""cycles"":2,""window_s"":64.0,""final_error_uv"":41603}"
24,coupled,False,30,2026-09-08T13:35:11,gain_fail,FAIL x24: PI BP->SUM no convergió en 2tau,"[3, -45, 0, 0]",,,,,,"{""at"":""2026-09-08T13:35:11"",""kind"":""gain_fail"",""message"":""FAIL x24: PI BP->SUM no convergió en 2tau""}"
24,coupled,False,31,2026-09-08T13:36:27,observation,    estado neutro: PGAgain=-14.9mV BPo=+1.7mV OPA_SUMo=+44.3mV SUMo=+44.1mV LPo=-257.5mV,"[0, 0, 0, 0]",,0,-14855,1564,306,"{""at"":""2026-09-08T13:36:27"",""kind"":""observation"",""message"":""    estado neutro: PGAgain=-14.9mV BPo=+1.7mV OPA_SUMo=+44.3mV SUMo=+44.1mV LPo=-257.5mV"",""label"":""estado neutro"",""observation"":{""errors_uv"":{""0"":-14855,""1"":1720,""2"":44311,""3"":44063,""4"":-257489},""pp_uv"":{""0"":1564,""1"":2021,""2"":438,""3"":476,""4"":171},""spread_uv"":{""0"":306,""1"":763,""2"":1755,""3"":1774,""4"":95},""samples"":[{""0"":{""mean_uv"":984973,""error_uv"":-15027,""pp_uv"":1106},""1"":{""mean_uv"":1002292,""error_uv"":2292,""pp_uv"":1792},""2"":{""mean_uv"":1043376,""error_uv"":43376,""pp_uv"":305},""3"":{""mean_uv"":1043090,""error_uv"":43090,""pp_uv"":400},""4"":{""mean_uv"":742530,""error_uv"":-257470,""pp_uv"":209}},{""0"":{""mean_uv"":985145,""error_uv"":-14855,""pp_uv"":1564},""1"":{""mean_uv"":1001720,""error_uv"":1720,""pp_uv"":2021},""2"":{""mean_uv"":1044311,""error_uv"":44311,""pp_uv"":438},""3"":{""mean_uv"":1044063,""error_uv"":44063,""pp_uv"":476},""4"":{""mean_uv"":742511,""error_uv"":-257489,""pp_uv"":133}},{""0"":{""mean_uv"":985279,""error_uv"":-14721,""pp_uv"":1583},""1"":{""mean_uv"":1001529,""error_uv"":1529,""pp_uv"":2861},""2"":{""mean_uv"":1045131,""error_uv"":45131,""pp_uv"":610},""3"":{""mean_uv"":1044864,""error_uv"":44864,""pp_uv"":534},""4"":{""mean_uv"":742435,""error_uv"":-257565,""pp_uv"":171}}]},""codes"":[0,0,0,0]}"
24,coupled,False,31,2026-09-08T13:36:27,observation,    estado neutro: PGAgain=-14.9mV BPo=+1.7mV OPA_SUMo=+44.3mV SUMo=+44.1mV LPo=-257.5mV,"[0, 0, 0, 0]",,1,1720,2021,763,"{""at"":""2026-09-08T13:36:27"",""kind"":""observation"",""message"":""    estado neutro: PGAgain=-14.9mV BPo=+1.7mV OPA_SUMo=+44.3mV SUMo=+44.1mV LPo=-257.5mV"",""label"":""estado neutro"",""observation"":{""errors_uv"":{""0"":-14855,""1"":1720,""2"":44311,""3"":44063,""4"":-257489},""pp_uv"":{""0"":1564,""1"":2021,""2"":438,""3"":476,""4"":171},""spread_uv"":{""0"":306,""1"":763,""2"":1755,""3"":1774,""4"":95},""samples"":[{""0"":{""mean_uv"":984973,""error_uv"":-15027,""pp_uv"":1106},""1"":{""mean_uv"":1002292,""error_uv"":2292,""pp_uv"":1792},""2"":{""mean_uv"":1043376,""error_uv"":43376,""pp_uv"":305},""3"":{""mean_uv"":1043090,""error_uv"":43090,""pp_uv"":400},""4"":{""mean_uv"":742530,""error_uv"":-257470,""pp_uv"":209}},{""0"":{""mean_uv"":985145,""error_uv"":-14855,""pp_uv"":1564},""1"":{""mean_uv"":1001720,""error_uv"":1720,""pp_uv"":2021},""2"":{""mean_uv"":1044311,""error_uv"":44311,""pp_uv"":438},""3"":{""mean_uv"":1044063,""error_uv"":44063,""pp_uv"":476},""4"":{""mean_uv"":742511,""error_uv"":-257489,""pp_uv"":133}},{""0"":{""mean_uv"":985279,""error_uv"":-14721,""pp_uv"":1583},""1"":{""mean_uv"":1001529,""error_uv"":1529,""pp_uv"":2861},""2"":{""mean_uv"":1045131,""error_uv"":45131,""pp_uv"":610},""3"":{""mean_uv"":1044864,""error_uv"":44864,""pp_uv"":534},""4"":{""mean_uv"":742435,""error_uv"":-257565,""pp_uv"":171}}]},""codes"":[0,0,0,0]}"
24,coupled,False,31,2026-09-08T13:36:27,observation,    estado neutro: PGAgain=-14.9mV BPo=+1.7mV OPA_SUMo=+44.3mV SUMo=+44.1mV LPo=-257.5mV,"[0, 0, 0, 0]",,2,44311,438,1755,"{""at"":""2026-09-08T13:36:27"",""kind"":""observation"",""message"":""    estado neutro: PGAgain=-14.9mV BPo=+1.7mV OPA_SUMo=+44.3mV SUMo=+44.1mV LPo=-257.5mV"",""label"":""estado neutro"",""observation"":{""errors_uv"":{""0"":-14855,""1"":1720,""2"":44311,""3"":44063,""4"":-257489},""pp_uv"":{""0"":1564,""1"":2021,""2"":438,""3"":476,""4"":171},""spread_uv"":{""0"":306,""1"":763,""2"":1755,""3"":1774,""4"":95},""samples"":[{""0"":{""mean_uv"":984973,""error_uv"":-15027,""pp_uv"":1106},""1"":{""mean_uv"":1002292,""error_uv"":2292,""pp_uv"":1792},""2"":{""mean_uv"":1043376,""error_uv"":43376,""pp_uv"":305},""3"":{""mean_uv"":1043090,""error_uv"":43090,""pp_uv"":400},""4"":{""mean_uv"":742530,""error_uv"":-257470,""pp_uv"":209}},{""0"":{""mean_uv"":985145,""error_uv"":-14855,""pp_uv"":1564},""1"":{""mean_uv"":1001720,""error_uv"":1720,""pp_uv"":2021},""2"":{""mean_uv"":1044311,""error_uv"":44311,""pp_uv"":438},""3"":{""mean_uv"":1044063,""error_uv"":44063,""pp_uv"":476},""4"":{""mean_uv"":742511,""error_uv"":-257489,""pp_uv"":133}},{""0"":{""mean_uv"":985279,""error_uv"":-14721,""pp_uv"":1583},""1"":{""mean_uv"":1001529,""error_uv"":1529,""pp_uv"":2861},""2"":{""mean_uv"":1045131,""error_uv"":45131,""pp_uv"":610},""3"":{""mean_uv"":1044864,""error_uv"":44864,""pp_uv"":534},""4"":{""mean_uv"":742435,""error_uv"":-257565,""pp_uv"":171}}]},""codes"":[0,0,0,0]}"
24,coupled,False,31,2026-09-08T13:36:27,observation,    estado neutro: PGAgain=-14.9mV BPo=+1.7mV OPA_SUMo=+44.3mV SUMo=+44.1mV LPo=-257.5mV,"[0, 0, 0, 0]",,3,44063,476,1774,"{""at"":""2026-09-08T13:36:27"",""kind"":""observation"",""message"":""    estado neutro: PGAgain=-14.9mV BPo=+1.7mV OPA_SUMo=+44.3mV SUMo=+44.1mV LPo=-257.5mV"",""label"":""estado neutro"",""observation"":{""errors_uv"":{""0"":-14855,""1"":1720,""2"":44311,""3"":44063,""4"":-257489},""pp_uv"":{""0"":1564,""1"":2021,""2"":438,""3"":476,""4"":171},""spread_uv"":{""0"":306,""1"":763,""2"":1755,""3"":1774,""4"":95},""samples"":[{""0"":{""mean_uv"":984973,""error_uv"":-15027,""pp_uv"":1106},""1"":{""mean_uv"":1002292,""error_uv"":2292,""pp_uv"":1792},""2"":{""mean_uv"":1043376,""error_uv"":43376,""pp_uv"":305},""3"":{""mean_uv"":1043090,""error_uv"":43090,""pp_uv"":400},""4"":{""mean_uv"":742530,""error_uv"":-257470,""pp_uv"":209}},{""0"":{""mean_uv"":985145,""error_uv"":-14855,""pp_uv"":1564},""1"":{""mean_uv"":1001720,""error_uv"":1720,""pp_uv"":2021},""2"":{""mean_uv"":1044311,""error_uv"":44311,""pp_uv"":438},""3"":{""mean_uv"":1044063,""error_uv"":44063,""pp_uv"":476},""4"":{""mean_uv"":742511,""error_uv"":-257489,""pp_uv"":133}},{""0"":{""mean_uv"":985279,""error_uv"":-14721,""pp_uv"":1583},""1"":{""mean_uv"":1001529,""error_uv"":1529,""pp_uv"":2861},""2"":{""mean_uv"":1045131,""error_uv"":45131,""pp_uv"":610},""3"":{""mean_uv"":1044864,""error_uv"":44864,""pp_uv"":534},""4"":{""mean_uv"":742435,""error_uv"":-257565,""pp_uv"":171}}]},""codes"":[0,0,0,0]}"
24,coupled,False,31,2026-09-08T13:36:27,observation,    estado neutro: PGAgain=-14.9mV BPo=+1.7mV OPA_SUMo=+44.3mV SUMo=+44.1mV LPo=-257.5mV,"[0, 0, 0, 0]",,4,-257489,171,95,"{""at"":""2026-09-08T13:36:27"",""kind"":""observation"",""message"":""    estado neutro: PGAgain=-14.9mV BPo=+1.7mV OPA_SUMo=+44.3mV SUMo=+44.1mV LPo=-257.5mV"",""label"":""estado neutro"",""observation"":{""errors_uv"":{""0"":-14855,""1"":1720,""2"":44311,""3"":44063,""4"":-257489},""pp_uv"":{""0"":1564,""1"":2021,""2"":438,""3"":476,""4"":171},""spread_uv"":{""0"":306,""1"":763,""2"":1755,""3"":1774,""4"":95},""samples"":[{""0"":{""mean_uv"":984973,""error_uv"":-15027,""pp_uv"":1106},""1"":{""mean_uv"":1002292,""error_uv"":2292,""pp_uv"":1792},""2"":{""mean_uv"":1043376,""error_uv"":43376,""pp_uv"":305},""3"":{""mean_uv"":1043090,""error_uv"":43090,""pp_uv"":400},""4"":{""mean_uv"":742530,""error_uv"":-257470,""pp_uv"":209}},{""0"":{""mean_uv"":985145,""error_uv"":-14855,""pp_uv"":1564},""1"":{""mean_uv"":1001720,""error_uv"":1720,""pp_uv"":2021},""2"":{""mean_uv"":1044311,""error_uv"":44311,""pp_uv"":438},""3"":{""mean_uv"":1044063,""error_uv"":44063,""pp_uv"":476},""4"":{""mean_uv"":742511,""error_uv"":-257489,""pp_uv"":133}},{""0"":{""mean_uv"":985279,""error_uv"":-14721,""pp_uv"":1583},""1"":{""mean_uv"":1001529,""error_uv"":1529,""pp_uv"":2861},""2"":{""mean_uv"":1045131,""error_uv"":45131,""pp_uv"":610},""3"":{""mean_uv"":1044864,""error_uv"":44864,""pp_uv"":534},""4"":{""mean_uv"":742435,""error_uv"":-257565,""pp_uv"":171}}]},""codes"":[0,0,0,0]}"
24,coupled,False,32,2026-09-08T13:37:43,observation,    estado neutro: PGAgain=-14.8mV BPo=+0.6mV OPA_SUMo=+48.0mV SUMo=+47.7mV LPo=-257.5mV,"[0, 0, 0, 0]",,0,-14798,2269,134,"{""at"":""2026-09-08T13:37:43"",""kind"":""observation"",""message"":""    estado neutro: PGAgain=-14.8mV BPo=+0.6mV OPA_SUMo=+48.0mV SUMo=+47.7mV LPo=-257.5mV"",""label"":""estado neutro"",""observation"":{""errors_uv"":{""0"":-14798,""1"":633,""2"":48011,""3"":47687,""4"":-257489},""pp_uv"":{""0"":2269,""1"":2841,""2"":438,""3"":400,""4"":114},""spread_uv"":{""0"":134,""1"":286,""2"":801,""3"":859,""4"":114},""samples"":[{""0"":{""mean_uv"":985202,""error_uv"":-14798,""pp_uv"":2498},""1"":{""mean_uv"":1000862,""error_uv"":862,""pp_uv"":2841},""2"":{""mean_uv"":1047573,""error_uv"":47573,""pp_uv"":400},""3"":{""mean_uv"":1047210,""error_uv"":47210,""pp_uv"":534},""4"":{""mean_uv"":742511,""error_uv"":-257489,""pp_uv"":114}},{""0"":{""mean_uv"":985145,""error_uv"":-14855,""pp_uv"":2174},""1"":{""mean_uv"":1000633,""error_uv"":633,""pp_uv"":2593},""2"":{""mean_uv"":1048011,""error_uv"":48011,""pp_uv"":534},""3"":{""mean_uv"":1047687,""error_uv"":47687,""pp_uv"":400},""4"":{""mean_uv"":742530,""error_uv"":-257470,""pp_uv"":114}},{""0"":{""mean_uv"":985279,""error_uv"":-14721,""pp_uv"":2269},""1"":{""mean_uv"":1000576,""error_uv"":576,""pp_uv"":2841},""2"":{""mean_uv"":1048374,""error_uv"":48374,""pp_uv"":438},""3"":{""mean_uv"":1048069,""error_uv"":48069,""pp_uv"":343},""4"":{""mean_uv"":742416,""error_uv"":-257584,""pp_uv"":190}}]},""codes"":[0,0,0,0]}"
24,coupled,False,32,2026-09-08T13:37:43,observation,    estado neutro: PGAgain=-14.8mV BPo=+0.6mV OPA_SUMo=+48.0mV SUMo=+47.7mV LPo=-257.5mV,"[0, 0, 0, 0]",,1,633,2841,286,"{""at"":""2026-09-08T13:37:43"",""kind"":""observation"",""message"":""    estado neutro: PGAgain=-14.8mV BPo=+0.6mV OPA_SUMo=+48.0mV SUMo=+47.7mV LPo=-257.5mV"",""label"":""estado neutro"",""observation"":{""errors_uv"":{""0"":-14798,""1"":633,""2"":48011,""3"":47687,""4"":-257489},""pp_uv"":{""0"":2269,""1"":2841,""2"":438,""3"":400,""4"":114},""spread_uv"":{""0"":134,""1"":286,""2"":801,""3"":859,""4"":114},""samples"":[{""0"":{""mean_uv"":985202,""error_uv"":-14798,""pp_uv"":2498},""1"":{""mean_uv"":1000862,""error_uv"":862,""pp_uv"":2841},""2"":{""mean_uv"":1047573,""error_uv"":47573,""pp_uv"":400},""3"":{""mean_uv"":1047210,""error_uv"":47210,""pp_uv"":534},""4"":{""mean_uv"":742511,""error_uv"":-257489,""pp_uv"":114}},{""0"":{""mean_uv"":985145,""error_uv"":-14855,""pp_uv"":2174},""1"":{""mean_uv"":1000633,""error_uv"":633,""pp_uv"":2593},""2"":{""mean_uv"":1048011,""error_uv"":48011,""pp_uv"":534},""3"":{""mean_uv"":1047687,""error_uv"":47687,""pp_uv"":400},""4"":{""mean_uv"":742530,""error_uv"":-257470,""pp_uv"":114}},{""0"":{""mean_uv"":985279,""error_uv"":-14721,""pp_uv"":2269},""1"":{""mean_uv"":1000576,""error_uv"":576,""pp_uv"":2841},""2"":{""mean_uv"":1048374,""error_uv"":48374,""pp_uv"":438},""3"":{""mean_uv"":1048069,""error_uv"":48069,""pp_uv"":343},""4"":{""mean_uv"":742416,""error_uv"":-257584,""pp_uv"":190}}]},""codes"":[0,0,0,0]}"
24,coupled,False,32,2026-09-08T13:37:43,observation,    estado neutro: PGAgain=-14.8mV BPo=+0.6mV OPA_SUMo=+48.0mV SUMo=+47.7mV LPo=-257.5mV,"[0, 0, 0, 0]",,2,48011,438,801,"{""at"":""2026-09-08T13:37:43"",""kind"":""observation"",""message"":""    estado neutro: PGAgain=-14.8mV BPo=+0.6mV OPA_SUMo=+48.0mV SUMo=+47.7mV LPo=-257.5mV"",""label"":""estado neutro"",""observation"":{""errors_uv"":{""0"":-14798,""1"":633,""2"":48011,""3"":47687,""4"":-257489},""pp_uv"":{""0"":2269,""1"":2841,""2"":438,""3"":400,""4"":114},""spread_uv"":{""0"":134,""1"":286,""2"":801,""3"":859,""4"":114},""samples"":[{""0"":{""mean_uv"":985202,""error_uv"":-14798,""pp_uv"":2498},""1"":{""mean_uv"":1000862,""error_uv"":862,""pp_uv"":2841},""2"":{""mean_uv"":1047573,""error_uv"":47573,""pp_uv"":400},""3"":{""mean_uv"":1047210,""error_uv"":47210,""pp_uv"":534},""4"":{""mean_uv"":742511,""error_uv"":-257489,""pp_uv"":114}},{""0"":{""mean_uv"":985145,""error_uv"":-14855,""pp_uv"":2174},""1"":{""mean_uv"":1000633,""error_uv"":633,""pp_uv"":2593},""2"":{""mean_uv"":1048011,""error_uv"":48011,""pp_uv"":534},""3"":{""mean_uv"":1047687,""error_uv"":47687,""pp_uv"":400},""4"":{""mean_uv"":742530,""error_uv"":-257470,""pp_uv"":114}},{""0"":{""mean_uv"":985279,""error_uv"":-14721,""pp_uv"":2269},""1"":{""mean_uv"":1000576,""error_uv"":576,""pp_uv"":2841},""2"":{""mean_uv"":1048374,""error_uv"":48374,""pp_uv"":438},""3"":{""mean_uv"":1048069,""error_uv"":48069,""pp_uv"":343},""4"":{""mean_uv"":742416,""error_uv"":-257584,""pp_uv"":190}}]},""codes"":[0,0,0,0]}"
24,coupled,False,32,2026-09-08T13:37:43,observation,    estado neutro: PGAgain=-14.8mV BPo=+0.6mV OPA_SUMo=+48.0mV SUMo=+47.7mV LPo=-257.5mV,"[0, 0, 0, 0]",,3,47687,400,859,"{""at"":""2026-09-08T13:37:43"",""kind"":""observation"",""message"":""    estado neutro: PGAgain=-14.8mV BPo=+0.6mV OPA_SUMo=+48.0mV SUMo=+47.7mV LPo=-257.5mV"",""label"":""estado neutro"",""observation"":{""errors_uv"":{""0"":-14798,""1"":633,""2"":48011,""3"":47687,""4"":-257489},""pp_uv"":{""0"":2269,""1"":2841,""2"":438,""3"":400,""4"":114},""spread_uv"":{""0"":134,""1"":286,""2"":801,""3"":859,""4"":114},""samples"":[{""0"":{""mean_uv"":985202,""error_uv"":-14798,""pp_uv"":2498},""1"":{""mean_uv"":1000862,""error_uv"":862,""pp_uv"":2841},""2"":{""mean_uv"":1047573,""error_uv"":47573,""pp_uv"":400},""3"":{""mean_uv"":1047210,""error_uv"":47210,""pp_uv"":534},""4"":{""mean_uv"":742511,""error_uv"":-257489,""pp_uv"":114}},{""0"":{""mean_uv"":985145,""error_uv"":-14855,""pp_uv"":2174},""1"":{""mean_uv"":1000633,""error_uv"":633,""pp_uv"":2593},""2"":{""mean_uv"":1048011,""error_uv"":48011,""pp_uv"":534},""3"":{""mean_uv"":1047687,""error_uv"":47687,""pp_uv"":400},""4"":{""mean_uv"":742530,""error_uv"":-257470,""pp_uv"":114}},{""0"":{""mean_uv"":985279,""error_uv"":-14721,""pp_uv"":2269},""1"":{""mean_uv"":1000576,""error_uv"":576,""pp_uv"":2841},""2"":{""mean_uv"":1048374,""error_uv"":48374,""pp_uv"":438},""3"":{""mean_uv"":1048069,""error_uv"":48069,""pp_uv"":343},""4"":{""mean_uv"":742416,""error_uv"":-257584,""pp_uv"":190}}]},""codes"":[0,0,0,0]}"
24,coupled,False,32,2026-09-08T13:37:43,observation,    estado neutro: PGAgain=-14.8mV BPo=+0.6mV OPA_SUMo=+48.0mV SUMo=+47.7mV LPo=-257.5mV,"[0, 0, 0, 0]",,4,-257489,114,114,"{""at"":""2026-09-08T13:37:43"",""kind"":""observation"",""message"":""    estado neutro: PGAgain=-14.8mV BPo=+0.6mV OPA_SUMo=+48.0mV SUMo=+47.7mV LPo=-257.5mV"",""label"":""estado neutro"",""observation"":{""errors_uv"":{""0"":-14798,""1"":633,""2"":48011,""3"":47687,""4"":-257489},""pp_uv"":{""0"":2269,""1"":2841,""2"":438,""3"":400,""4"":114},""spread_uv"":{""0"":134,""1"":286,""2"":801,""3"":859,""4"":114},""samples"":[{""0"":{""mean_uv"":985202,""error_uv"":-14798,""pp_uv"":2498},""1"":{""mean_uv"":1000862,""error_uv"":862,""pp_uv"":2841},""2"":{""mean_uv"":1047573,""error_uv"":47573,""pp_uv"":400},""3"":{""mean_uv"":1047210,""error_uv"":47210,""pp_uv"":534},""4"":{""mean_uv"":742511,""error_uv"":-257489,""pp_uv"":114}},{""0"":{""mean_uv"":985145,""error_uv"":-14855,""pp_uv"":2174},""1"":{""mean_uv"":1000633,""error_uv"":633,""pp_uv"":2593},""2"":{""mean_uv"":1048011,""error_uv"":48011,""pp_uv"":534},""3"":{""mean_uv"":1047687,""error_uv"":47687,""pp_uv"":400},""4"":{""mean_uv"":742530,""error_uv"":-257470,""pp_uv"":114}},{""0"":{""mean_uv"":985279,""error_uv"":-14721,""pp_uv"":2269},""1"":{""mean_uv"":1000576,""error_uv"":576,""pp_uv"":2841},""2"":{""mean_uv"":1048374,""error_uv"":48374,""pp_uv"":438},""3"":{""mean_uv"":1048069,""error_uv"":48069,""pp_uv"":343},""4"":{""mean_uv"":742416,""error_uv"":-257584,""pp_uv"":190}}]},""codes"":[0,0,0,0]}"
