t_s,pasada,idac0,idac1,idac2,fase,posicion,asentamiento_incompleto,ch,tap,media_banco_uv,pp_banco_uv,ok,valido,clavado,real_mv_vs_vref
101.805,0,17,0,0,abba_idac0,A1,False,0,PGAgain,996456.0,4653.0,True,True,False,-100.45479079999966
102.454,0,17,0,0,abba_idac0,A1,False,2,OPA_SUMo,1009883.0,724.0,True,True,False,166.95331310000077
104.659,0,21,0,0,abba_idac0,B1,False,0,PGAgain,1006240.0,3356.0,True,True,False,94.40041800000019
105.307,0,21,0,0,abba_idac0,B1,False,2,OPA_SUMo,1001529.0,839.0,True,True,False,0.5775552999999276
107.508,0,21,0,0,abba_idac0,B2,False,0,PGAgain,1006546.0,4310.0,True,True,False,100.49462220000099
108.16,0,21,0,0,abba_idac0,B2,False,2,OPA_SUMo,992469.0,724.0,True,True,False,-179.858686699999
110.359,0,17,0,0,abba_idac0,A2,False,0,PGAgain,996360.0,4253.0,True,True,False,-102.36669799999973
111.006,0,17,0,0,abba_idac0,A2,False,2,OPA_SUMo,986709.0,553.0,True,True,False,-294.5731187000011
113.205,0,15,0,0,abba_idac0,A1,False,0,PGAgain,990924.0,11672.0,True,True,False,-210.62844320000045
113.854,0,15,0,0,abba_idac0,A1,False,2,OPA_SUMo,984477.0,1373.0,True,True,False,-339.0249611000005
116.056,0,23,0,0,abba_idac0,B1,False,0,PGAgain,1010608.0,12378.0,True,True,False,181.39219559999896
116.707,0,23,0,0,abba_idac0,B1,False,2,OPA_SUMo,977630.0,1506.0,True,True,False,-475.38775900000013
122.371,0,23,0,0,abba_idac0,B2,False,0,PGAgain,1011390.0,14553.0,True,True,False,196.96627299999975
123.636,0,23,0,0,abba_idac0,B2,False,2,OPA_SUMo,957126.0,1544.0,True,True,False,-883.7392718000006
125.838,0,15,0,0,abba_idac0,A2,False,0,PGAgain,991172.0,13580.0,True,True,False,-205.6893495999995
126.49,0,15,0,0,abba_idac0,A2,False,2,OPA_SUMo,955066.0,1926.0,True,True,False,-924.7656137999994
190.832,1,19,-255,0,referencia,,False,0,PGAgain,1000804.0,9727.0,True,True,False,-13.861327200000526
191.478,1,19,-255,0,referencia,,False,1,BPo,956707.0,17642.0,True,True,False,-892.0839501000002
195.64,1,19,-255,0,referencia,,False,2,OPA_SUMo,1026096.0,1182.0,True,True,False,489.8465572000001
196.898,1,19,-255,0,referencia,,False,3,SUMo,1024284.0,1239.0,True,True,False,453.75930880000215
197.526,1,19,-255,0,referencia,,False,4,LPo,732212.0,209.0,True,False,True,-5363.0590216
199.729,1,19,-255,-255,malla,,False,0,PGAgain,1000003.0,12302.0,True,True,False,-29.81380289999915
200.378,1,19,-255,-255,malla,,False,1,BPo,959224.0,14038.0,True,True,False,-841.9561331999992
201.024,1,19,-255,-255,malla,,False,2,OPA_SUMo,956497.0,1449.0,True,True,False,-896.2662471000009
201.674,1,19,-255,-255,malla,,False,3,SUMo,955924.0,1888.0,True,True,False,-907.6779432000005
202.322,1,19,-255,-255,malla,,False,4,LPo,732192.0,190.0,True,False,True,-5363.4573356
204.526,1,19,-255,-128,malla,,False,0,PGAgain,1000823.0,15735.0,True,True,False,-13.482928900000417
205.176,1,19,-255,-128,malla,,False,1,BPo,960311.0,12512.0,True,True,False,-820.3077672999993
205.826,1,19,-255,-128,malla,,False,2,OPA_SUMo,987911.0,1068.0,True,True,False,-270.6344473000011
206.476,1,19,-255,-128,malla,,False,3,SUMo,987491.0,1564.0,True,True,False,-278.99904130000033
207.122,1,19,-255,-128,malla,,False,4,LPo,732154.0,190.0,True,False,True,-5364.214132200001
209.325,1,19,-255,-64,malla,,False,0,PGAgain,1001167.0,12798.0,True,True,False,-6.631928099999403
209.973,1,19,-255,-64,malla,,False,1,BPo,960655.0,19569.0,True,True,False,-813.4567665000006
210.623,1,19,-255,-64,malla,,False,2,OPA_SUMo,1002502.0,1430.0,True,True,False,19.95553139999906
211.272,1,19,-255,-64,malla,,False,3,SUMo,1002120.0,1621.0,True,True,False,12.347734000000091
211.916,1,19,-255,-64,malla,,False,4,LPo,732135.0,152.0,True,False,True,-5364.5925305
214.113,1,19,-255,0,malla,,False,0,PGAgain,1001052.0,10032.0,True,True,False,-8.922233599999585
214.759,1,19,-255,0,malla,,False,1,BPo,960540.0,11272.0,True,True,False,-815.7470720000008
215.403,1,19,-255,0,malla,,False,2,OPA_SUMo,1017246.0,1449.0,True,True,False,313.5926121999996
216.052,1,19,-255,0,malla,,False,3,SUMo,1016845.0,1068.0,True,True,False,305.60641650000053
216.701,1,19,-255,0,malla,,False,4,LPo,732173.0,209.0,True,False,True,-5363.8357339
218.901,1,19,-255,64,malla,,False,0,PGAgain,1000843.0,11291.0,True,True,False,-13.08461490000078
219.551,1,19,-255,64,malla,,False,1,BPo,960311.0,13465.0,True,True,False,-820.3077672999993
220.2,1,19,-255,64,malla,,False,2,OPA_SUMo,1032371.0,1125.0,True,True,False,614.817574700002
224.275,1,19,-255,64,malla,,False,3,SUMo,1032066.0,762.0,True,True,False,608.7432862000006
225.554,1,19,-255,64,malla,,False,4,LPo,732173.0,190.0,True,False,True,-5363.8357339
227.754,1,19,-255,128,malla,,False,0,PGAgain,1001300.0,9975.0,True,True,False,-3.983140000000906
228.402,1,19,-255,128,malla,,False,1,BPo,961112.0,12817.0,True,True,False,-804.3552916000007
229.049,1,19,-255,128,malla,,False,2,OPA_SUMo,1047573.0,1239.0,True,True,False,917.5760461000019
229.697,1,19,-255,128,malla,,False,3,SUMo,1047058.0,1468.0,True,True,False,907.3194606
230.345,1,19,-255,128,malla,,False,4,LPo,732154.0,190.0,True,False,True,-5364.214132200001
232.549,1,19,-255,255,malla,,False,0,PGAgain,1001682.0,7953.0,True,True,False,3.624657400000326
233.195,1,19,-255,255,malla,,False,1,BPo,960178.0,19416.0,True,True,False,-822.9565554000001
233.842,1,19,-255,255,malla,,False,2,OPA_SUMo,1078510.0,1525.0,True,True,False,1533.7080569999998
234.492,1,19,-255,255,malla,,False,3,SUMo,1077785.0,1010.0,True,True,False,1519.2691745000018
235.14,1,19,-255,255,malla,,False,4,LPo,732097.0,267.0,True,False,True,-5365.349327100001
237.342,1,19,-255,-72,abba,A1,False,0,PGAgain,1001243.0,12607.0,True,True,False,-5.118334899998968
237.987,1,19,-255,-72,abba,A1,False,1,BPo,962467.0,14095.0,True,True,False,-777.3695181000004
238.635,1,19,-255,-72,abba,A1,False,2,OPA_SUMo,994014.0,1411.0,True,True,False,-149.08893019999982
239.281,1,19,-255,-72,abba,A1,False,3,SUMo,993785.0,1468.0,True,True,False,-153.64962550000064
239.927,1,19,-255,-72,abba,A1,False,4,LPo,732154.0,190.0,True,False,True,-5364.214132200001
242.133,1,19,-255,-56,abba,B1,False,0,PGAgain,1000499.0,10833.0,True,True,False,-19.93561569999953
242.785,1,19,-255,-56,abba,B1,False,1,BPo,962715.0,15048.0,True,True,False,-772.4304244999994
243.436,1,19,-255,-56,abba,B1,False,2,OPA_SUMo,997562.0,1354.0,True,True,False,-78.42802659999977
244.089,1,19,-255,-56,abba,B1,False,3,SUMo,997276.0,1163.0,True,True,False,-84.12391680000093
244.742,1,19,-255,-56,abba,B1,False,4,LPo,732135.0,228.0,True,False,True,-5364.5925305
246.948,1,19,-255,-56,abba,B2,False,0,PGAgain,1000537.0,11863.0,True,True,False,-19.178819099999313
247.6,1,19,-255,-56,abba,B2,False,1,BPo,962696.0,17623.0,True,True,False,-772.8088227999995
248.251,1,19,-255,-56,abba,B2,False,2,OPA_SUMo,997104.0,1277.0,True,True,False,-87.54941719999917
252.323,1,19,-255,-56,abba,B2,False,3,SUMo,997219.0,1449.0,True,True,False,-85.259111699999
253.587,1,19,-255,-56,abba,B2,False,4,LPo,732154.0,267.0,True,False,True,-5364.214132200001
255.793,1,19,-255,-72,abba,A2,False,0,PGAgain,1000747.0,10128.0,True,True,False,-14.996522100000853
256.441,1,19,-255,-72,abba,A2,False,1,BPo,961875.0,13504.0,True,True,False,-789.1596125000001
257.093,1,19,-255,-72,abba,A2,False,2,OPA_SUMo,992870.0,1068.0,True,True,False,-171.8724909999999
257.742,1,19,-255,-72,abba,A2,False,3,SUMo,992679.0,1735.0,True,True,False,-175.67638970000053
258.387,1,19,-255,-72,abba,A2,False,4,LPo,732135.0,247.0,True,False,True,-5364.5925305
260.585,1,19,-255,-68,abba,A1,False,0,PGAgain,1000671.0,9555.0,True,True,False,-16.510115299999022
261.23,1,19,-255,-68,abba,A1,False,1,BPo,962047.0,11196.0,True,True,False,-785.7341120999995
261.88,1,19,-255,-68,abba,A1,False,2,OPA_SUMo,993404.0,1487.0,True,True,False,-161.23750720000007
262.531,1,19,-255,-68,abba,A1,False,3,SUMo,993251.0,1239.0,True,True,False,-164.28460930000048
263.182,1,19,-255,-68,abba,A1,False,4,LPo,732135.0,190.0,True,False,True,-5364.5925305
265.387,1,19,-255,-60,abba,B1,False,0,PGAgain,1000957.0,13694.0,True,True,False,-10.814225100000128
266.028,1,19,-255,-60,abba,B1,False,1,BPo,962600.0,12283.0,True,True,False,-774.7207299999995
266.68,1,19,-255,-60,abba,B1,False,2,OPA_SUMo,995235.0,1163.0,True,True,False,-124.77186049999973
267.331,1,19,-255,-60,abba,B1,False,3,SUMo,995006.0,1506.0,True,True,False,-129.33255580000056
271.454,1,19,-255,-60,abba,B1,False,4,LPo,732135.0,209.0,True,False,True,-5364.5925305
274.264,1,19,-255,-60,abba,B2,False,0,PGAgain,1000671.0,7953.0,True,True,False,-16.510115299999022
274.913,1,19,-255,-60,abba,B2,False,1,BPo,963420.0,15640.0,True,True,False,-758.3898560000008
275.563,1,19,-255,-60,abba,B2,False,2,OPA_SUMo,993747.0,934.0,True,True,False,-154.40642210000087
276.215,1,19,-255,-60,abba,B2,False,3,SUMo,993537.0,1602.0,True,True,False,-158.5887190999993
276.866,1,19,-255,-60,abba,B2,False,4,LPo,732154.0,286.0,True,False,True,-5364.214132200001
279.069,1,19,-255,-68,abba,A2,False,0,PGAgain,1000576.0,8087.0,True,True,False,-18.402106799999565
279.718,1,19,-255,-68,abba,A2,False,1,BPo,963344.0,17833.0,True,True,False,-759.903449199999
280.37,1,19,-255,-68,abba,A2,False,2,OPA_SUMo,991516.0,1468.0,True,True,False,-198.83834880000074
281.02,1,19,-255,-68,abba,A2,False,3,SUMo,991363.0,839.0,True,True,False,-201.8854508999989
281.669,1,19,-255,-68,abba,A2,False,4,LPo,732116.0,247.0,True,False,True,-5364.9709288
283.872,1,19,-255,-66,abba,A1,False,0,PGAgain,1000556.0,11367.0,True,True,False,-18.800420799999205
284.524,1,19,-255,-66,abba,A1,False,1,BPo,963497.0,8335.0,True,True,False,-756.8563471000009
285.171,1,19,-255,-66,abba,A1,False,2,OPA_SUMo,991973.0,1373.0,True,True,False,-189.7368739000009
285.821,1,19,-255,-66,abba,A1,False,3,SUMo,991706.0,1487.0,True,True,False,-195.05436579999966
286.471,1,19,-255,-66,abba,A1,False,4,LPo,732173.0,171.0,True,False,True,-5363.8357339
292.088,1,19,-255,-62,abba,B1,False,0,PGAgain,1000614.0,15716.0,True,True,False,-17.645310199999347
293.352,1,19,-255,-62,abba,B1,False,1,BPo,962924.0,16345.0,True,True,False,-768.2680432000004
294.004,1,19,-255,-62,abba,B1,False,2,OPA_SUMo,992183.0,1373.0,True,True,False,-185.55457690000014
294.654,1,19,-255,-62,abba,B1,False,3,SUMo,991897.0,1163.0,True,True,False,-191.25046709999904
295.305,1,19,-255,-62,abba,B1,False,4,LPo,732173.0,247.0,True,False,True,-5363.8357339
297.51,1,19,-255,-62,abba,B2,False,0,PGAgain,1001033.0,10547.0,True,True,False,-9.300631899999692
298.163,1,19,-255,-62,abba,B2,False,1,BPo,962886.0,9689.0,True,True,False,-769.0248398000007
302.289,1,19,-255,-62,abba,B2,False,2,OPA_SUMo,992870.0,1296.0,True,True,False,-171.8724909999999
303.549,1,19,-255,-62,abba,B2,False,3,SUMo,992813.0,1449.0,True,True,False,-173.00768590000024
304.201,1,19,-255,-62,abba,B2,False,4,LPo,732154.0,190.0,True,False,True,-5364.214132200001
306.406,1,19,-255,-66,abba,A2,False,0,PGAgain,1000995.0,11196.0,True,True,False,-10.05742849999991
307.053,1,19,-255,-66,abba,A2,False,1,BPo,962963.0,17986.0,True,True,False,-767.4913309000008
307.702,1,19,-255,-66,abba,A2,False,2,OPA_SUMo,991878.0,1087.0,True,True,False,-191.62886539999917
308.352,1,19,-255,-66,abba,A2,False,3,SUMo,991592.0,972.0,True,True,False,-197.32475560000032
312.519,1,19,-255,-66,abba,A2,False,4,LPo,732116.0,228.0,True,False,True,-5364.9709288
377.875,1,19,-192,0,referencia,,False,0,PGAgain,1000804.0,9269.0,True,True,False,-13.861327200000526
378.525,1,19,-192,0,referencia,,False,1,BPo,968856.0,16765.0,True,True,False,-650.1281108000002
379.176,1,19,-192,0,referencia,,False,2,OPA_SUMo,988502.0,1201.0,True,True,False,-258.86426860000097
379.827,1,19,-192,0,referencia,,False,3,SUMo,988311.0,1449.0,True,True,False,-262.6681672999993
380.458,1,19,-192,0,referencia,,False,4,LPo,732173.0,171.0,True,False,True,-5363.8357339
382.66,1,19,-192,-255,malla,,False,0,PGAgain,1000003.0,10147.0,True,True,False,-29.81380289999915
386.832,1,19,-192,-255,malla,,False,1,BPo,969161.0,9517.0,True,True,False,-644.0538223000011
388.078,1,19,-192,-255,malla,,False,2,OPA_SUMo,887928.0,3471.0,True,True,False,-2261.8658804
388.726,1,19,-192,-255,malla,,False,3,SUMo,887641.0,2651.0,True,True,False,-2267.581686300001
389.377,1,19,-192,-255,malla,,False,4,LPo,732097.0,228.0,True,False,True,-5365.349327100001
391.577,1,19,-192,-128,malla,,False,0,PGAgain,1000614.0,14152.0,True,True,False,-17.645310199999347
392.23,1,19,-192,-128,malla,,False,1,BPo,968704.0,12664.0,True,True,False,-653.155297200001
392.875,1,19,-192,-128,malla,,False,2,OPA_SUMo,954971.0,2079.0,True,True,False,-926.6576053
393.526,1,19,-192,-128,malla,,False,3,SUMo,954647.0,1716.0,True,True,False,-933.1102920999991
397.589,1,19,-192,-128,malla,,False,4,LPo,732135.0,190.0,True,False,True,-5364.5925305
400.403,1,19,-192,-64,malla,,False,0,PGAgain,1001243.0,15525.0,True,True,False,-5.118334899998968
401.05,1,19,-192,-64,malla,,False,1,BPo,968418.0,12798.0,True,True,False,-658.8511874
401.698,1,19,-192,-64,malla,,False,2,OPA_SUMo,972023.0,1335.0,True,True,False,-587.0550888999995
402.35,1,19,-192,-64,malla,,False,3,SUMo,971927.0,1792.0,True,True,False,-588.9669960999996
403.0,1,19,-192,-64,malla,,False,4,LPo,732078.0,247.0,True,False,True,-5365.727725400001
405.202,1,19,-192,0,malla,,False,0,PGAgain,1001377.0,13046.0,True,True,False,-2.449631100000942
405.852,1,19,-192,0,malla,,False,1,BPo,969142.0,12931.0,True,True,False,-644.432220599999
406.501,1,19,-192,0,malla,,False,2,OPA_SUMo,988178.0,1487.0,True,True,False,-265.31695540000004
407.151,1,19,-192,0,malla,,False,3,SUMo,987987.0,1583.0,True,True,False,-269.12085410000066
407.801,1,19,-192,0,malla,,False,4,LPo,732021.0,190.0,True,False,True,-5366.862920300001
410.007,1,19,-192,64,malla,,False,0,PGAgain,1001605.0,7972.0,True,True,False,2.0911485000003625
410.656,1,19,-192,64,malla,,False,1,BPo,969028.0,15392.0,True,True,False,-646.7026103999997
411.308,1,19,-192,64,malla,,False,2,OPA_SUMo,1004467.0,1239.0,True,True,False,59.089881899999696
411.957,1,19,-192,64,malla,,False,3,SUMo,1004276.0,1392.0,True,True,False,55.28598319999908
412.607,1,19,-192,64,malla,,False,4,LPo,732192.0,171.0,True,False,True,-5363.4573356
414.812,1,19,-192,128,malla,,False,0,PGAgain,1001415.0,7324.0,True,True,False,-1.6928345000007246
415.464,1,19,-192,128,malla,,False,1,BPo,969543.0,17433.0,True,True,False,-636.4460248999999
416.115,1,19,-192,128,malla,,False,2,OPA_SUMo,1020545.0,1087.0,True,True,False,379.2945064999992
416.762,1,19,-192,128,malla,,False,3,SUMo,1020202.0,1258.0,True,True,False,372.46342139999996
417.413,1,19,-192,128,malla,,False,4,LPo,732116.0,190.0,True,False,True,-5364.9709288
419.614,1,19,-192,255,malla,,False,0,PGAgain,1001567.0,7953.0,True,True,False,1.334351900000145
420.263,1,19,-192,255,malla,,False,1,BPo,967998.0,15964.0,True,True,False,-667.2157813999991
420.914,1,19,-192,255,malla,,False,2,OPA_SUMo,1052379.0,1373.0,True,True,False,1013.2909002999982
421.563,1,19,-192,255,malla,,False,3,SUMo,1051959.0,1525.0,True,True,False,1004.9263063000012
422.216,1,19,-192,255,malla,,False,4,LPo,732116.0,190.0,True,False,True,-5364.9709288
424.421,1,19,-192,56,abba,A1,False,0,PGAgain,1001358.0,9117.0,True,True,False,-2.828029400001051
425.073,1,19,-192,56,abba,A1,False,1,BPo,968723.0,14305.0,True,True,False,-652.7768989000009
425.721,1,19,-192,56,abba,A1,False,2,OPA_SUMo,1001224.0,1239.0,True,True,False,-5.496733199999077
426.37,1,19,-192,56,abba,A1,False,3,SUMo,1000862.0,1640.0,True,True,False,-12.70621660000067
427.018,1,19,-192,56,abba,A1,False,4,LPo,732154.0,190.0,True,False,True,-5364.214132200001
429.225,1,19,-192,72,abba,B1,False,0,PGAgain,1001663.0,8678.0,True,True,False,3.2462591000002177
429.873,1,19,-192,72,abba,B1,False,1,BPo,968875.0,16899.0,True,True,False,-649.7497125
430.525,1,19,-192,72,abba,B1,False,2,OPA_SUMo,1005096.0,1487.0,True,True,False,71.61685720000007
434.635,1,19,-192,72,abba,B1,False,3,SUMo,1005611.0,1811.0,True,True,False,81.8734426999998
435.916,1,19,-192,72,abba,B1,False,4,LPo,732078.0,171.0,True,False,True,-5365.727725400001
438.12,1,19,-192,72,abba,B2,False,0,PGAgain,1002006.0,9346.0,True,True,False,10.07734419999944
438.771,1,19,-192,72,abba,B2,False,1,BPo,969238.0,16155.0,True,True,False,-642.5203133999989
439.417,1,19,-192,72,abba,B2,False,2,OPA_SUMo,1005535.0,1220.0,True,True,False,80.35984949999937
440.067,1,19,-192,72,abba,B2,False,3,SUMo,1005363.0,1564.0,True,True,False,76.93434910000113
440.718,1,19,-192,72,abba,B2,False,4,LPo,732154.0,152.0,True,False,True,-5364.214132200001
442.921,1,19,-192,56,abba,A2,False,0,PGAgain,1001377.0,7972.0,True,True,False,-2.449631100000942
443.569,1,19,-192,56,abba,A2,False,1,BPo,969371.0,16613.0,True,True,False,-639.8715253000004
444.218,1,19,-192,56,abba,A2,False,2,OPA_SUMo,1001167.0,1163.0,True,True,False,-6.631928099999403
444.868,1,19,-192,56,abba,A2,False,3,SUMo,1000938.0,1335.0,True,True,False,-11.192623400000237
445.517,1,19,-192,56,abba,A2,False,4,LPo,732116.0,247.0,True,False,True,-5364.9709288
447.716,1,19,-192,60,abba,A1,False,0,PGAgain,1001186.0,9937.0,True,True,False,-6.253529799999294
448.366,1,19,-192,60,abba,A1,False,1,BPo,968799.0,15716.0,True,True,False,-651.2633057000005
449.017,1,19,-192,60,abba,A1,False,2,OPA_SUMo,1002006.0,1411.0,True,True,False,10.07734419999944
449.667,1,19,-192,60,abba,A1,False,3,SUMo,1001853.0,1144.0,True,True,False,7.0302420999990405
453.797,1,19,-192,60,abba,A1,False,4,LPo,732154.0,209.0,True,False,True,-5364.214132200001
456.611,1,19,-192,68,abba,B1,False,0,PGAgain,1001224.0,11558.0,True,True,False,-5.496733199999077
457.259,1,19,-192,68,abba,B1,False,1,BPo,969696.0,14953.0,True,True,False,-633.3989227999995
457.907,1,19,-192,68,abba,B1,False,2,OPA_SUMo,1002807.0,1201.0,True,True,False,26.029819900000327
458.557,1,19,-192,68,abba,B1,False,3,SUMo,1002578.0,1525.0,True,True,False,21.469124599999493
459.208,1,19,-192,68,abba,B1,False,4,LPo,732135.0,209.0,True,False,True,-5364.5925305
461.411,1,19,-192,68,abba,B2,False,0,PGAgain,1001472.0,9040.0,True,True,False,-0.5576396000003985
462.057,1,19,-192,68,abba,B2,False,1,BPo,968990.0,16269.0,True,True,False,-647.4594069999998
462.708,1,19,-192,68,abba,B2,False,2,OPA_SUMo,1002731.0,991.0,True,True,False,24.516226699999894
463.36,1,19,-192,68,abba,B2,False,3,SUMo,1002578.0,1487.0,True,True,False,21.469124599999493
464.009,1,19,-192,68,abba,B2,False,4,LPo,732154.0,171.0,True,False,True,-5364.214132200001
466.212,1,19,-192,60,abba,A2,False,0,PGAgain,1001720.0,9250.0,True,True,False,4.381454000000543
466.861,1,19,-192,60,abba,A2,False,1,BPo,969810.0,17299.0,True,True,False,-631.1285330000011
467.513,1,19,-192,60,abba,A2,False,2,OPA_SUMo,1000709.0,1277.0,True,True,False,-15.753318700001069
468.162,1,19,-192,60,abba,A2,False,3,SUMo,1000480.0,1525.0,True,True,False,-20.314013999999638
468.813,1,19,-192,60,abba,A2,False,4,LPo,732097.0,133.0,True,False,True,-5365.349327100001
471.018,1,19,-192,62,abba,A1,False,0,PGAgain,1001377.0,14934.0,True,True,False,-2.449631100000942
471.666,1,19,-192,62,abba,A1,False,1,BPo,969753.0,17223.0,True,True,False,-632.2637278999991
472.317,1,19,-192,62,abba,A1,False,2,OPA_SUMo,1001300.0,1125.0,True,True,False,-3.983140000000906
472.969,1,19,-192,62,abba,A1,False,3,SUMo,1001129.0,1697.0,True,True,False,-7.38872469999962
473.62,1,19,-192,62,abba,A1,False,4,LPo,732097.0,267.0,True,False,True,-5365.349327100001
475.821,1,19,-192,66,abba,B1,False,0,PGAgain,1000843.0,8907.0,True,True,False,-13.08461490000078
476.471,1,19,-192,66,abba,B1,False,1,BPo,969905.0,17127.0,True,True,False,-629.2365415000006
477.12,1,19,-192,66,abba,B1,False,2,OPA_SUMo,1002407.0,1335.0,True,True,False,18.06353990000078
477.769,1,19,-192,66,abba,B1,False,3,SUMo,1002235.0,1220.0,True,True,False,14.638039500000273
481.897,1,19,-192,66,abba,B1,False,4,LPo,732135.0,171.0,True,False,True,-5364.5925305
484.708,1,19,-192,66,abba,B2,False,0,PGAgain,1000995.0,10643.0,True,True,False,-10.05742849999991
485.358,1,19,-192,66,abba,B2,False,1,BPo,969295.0,17528.0,True,True,False,-641.3851185000009
486.008,1,19,-192,66,abba,B2,False,2,OPA_SUMo,1001434.0,1258.0,True,True,False,-1.314436200000616
486.658,1,19,-192,66,abba,B2,False,3,SUMo,1001129.0,1640.0,True,True,False,-7.38872469999962
487.309,1,19,-192,66,abba,B2,False,4,LPo,732154.0,152.0,True,False,True,-5364.214132200001
493.037,1,19,-192,62,abba,A2,False,0,PGAgain,1001625.0,9746.0,True,True,False,2.4894625
494.282,1,19,-192,62,abba,A2,False,1,BPo,969905.0,14495.0,True,True,False,-629.2365415000006
494.933,1,19,-192,62,abba,A2,False,2,OPA_SUMo,1001529.0,1125.0,True,True,False,0.5775552999999276
495.585,1,19,-192,62,abba,A2,False,3,SUMo,1001205.0,1029.0,True,True,False,-5.875131499999185
496.237,1,19,-192,62,abba,A2,False,4,LPo,732192.0,190.0,True,False,True,-5363.4573356
559.156,1,19,-128,0,referencia,,False,0,PGAgain,1001644.0,3814.0,True,True,False,2.8678608000001087
559.805,1,19,-128,0,referencia,,False,1,BPo,974578.0,4482.0,True,True,False,-536.1704754000006
560.454,1,19,-128,0,referencia,,False,2,OPA_SUMo,966567.0,762.0,True,True,False,-695.7151480999999
561.105,1,19,-128,0,referencia,,False,3,SUMo,966377.0,667.0,True,True,False,-699.499131100001
561.753,1,19,-128,0,referencia,,False,4,LPo,732116.0,190.0,True,False,True,-5364.9709288
563.956,1,19,-128,-255,malla,,False,0,PGAgain,1000137.0,5760.0,True,True,False,-27.145099100001126
564.606,1,19,-128,-255,malla,,False,1,BPo,976104.0,5493.0,True,True,False,-505.7791171999992
565.258,1,19,-128,-255,malla,,False,2,OPA_SUMo,830726.0,2193.0,True,False,False,-3401.0837518000003
565.909,1,19,-128,-255,malla,,False,3,SUMo,831413.0,1773.0,True,False,False,-3387.4016659
566.558,1,19,-128,-255,malla,,False,4,LPo,846099.0,2975.0,True,False,False,-3094.9196956999995
568.761,1,19,-128,-128,malla,,False,0,PGAgain,1000747.0,4444.0,True,True,False,-14.996522100000853
569.413,1,19,-128,-128,malla,,False,1,BPo,975570.0,4711.0,True,True,False,-516.414100999999
570.066,1,19,-128,-128,malla,,False,2,OPA_SUMo,912322.0,2174.0,True,True,False,-1776.0422946
570.714,1,19,-128,-128,malla,,False,3,SUMo,912036.0,1831.0,True,True,False,-1781.7381848000011
571.367,1,19,-128,-128,malla,,False,4,LPo,732116.0,171.0,True,False,True,-5364.9709288
573.571,1,19,-128,-64,malla,,False,0,PGAgain,1000766.0,4577.0,True,True,False,-14.618123800000744
574.221,1,19,-128,-64,malla,,False,1,BPo,975437.0,6351.0,True,True,False,-519.0628890999998
574.87,1,19,-128,-64,malla,,False,2,OPA_SUMo,945949.0,1525.0,True,True,False,-1106.3370507000009
575.518,1,19,-128,-64,malla,,False,3,SUMo,945529.0,1201.0,True,True,False,-1114.7016447
576.17,1,19,-128,-64,malla,,False,4,LPo,732192.0,152.0,True,False,True,-5363.4573356
578.373,1,19,-128,0,malla,,False,0,PGAgain,1001091.0,3528.0,True,True,False,-8.145521299999837
579.025,1,19,-128,0,malla,,False,1,BPo,974597.0,5092.0,True,True,False,-535.7920771000005
579.678,1,19,-128,0,malla,,False,2,OPA_SUMo,965805.0,667.0,True,True,False,-710.890911500001
580.329,1,19,-128,0,malla,,False,3,SUMo,965538.0,667.0,True,True,False,-716.2084033999998
580.979,1,19,-128,0,malla,,False,4,LPo,732192.0,171.0,True,False,True,-5363.4573356
583.185,1,19,-128,64,malla,,False,0,PGAgain,1001396.0,4577.0,True,True,False,-2.0712328000008333
583.835,1,19,-128,64,malla,,False,1,BPo,975379.0,4329.0,True,True,False,-520.2179996999996
584.487,1,19,-128,64,malla,,False,2,OPA_SUMo,982246.0,705.0,True,True,False,-383.4568878000004
585.139,1,19,-128,64,malla,,False,3,SUMo,981998.0,934.0,True,True,False,-388.3959813999991
585.791,1,19,-128,64,malla,,False,4,LPo,732097.0,190.0,True,False,True,-5365.349327100001
587.995,1,19,-128,128,malla,,False,0,PGAgain,1002159.0,4005.0,True,True,False,13.124446299999837
588.647,1,19,-128,128,malla,,False,1,BPo,974979.0,4386.0,True,True,False,-528.1842796999993
592.719,1,19,-128,128,malla,,False,2,OPA_SUMo,998840.0,782.0,True,True,False,-52.97576199999937
593.983,1,19,-128,128,malla,,False,3,SUMo,998668.0,610.0,True,True,False,-56.40126239999988
594.632,1,19,-128,128,malla,,False,4,LPo,732154.0,171.0,True,False,True,-5364.214132200001
596.835,1,19,-128,255,malla,,False,0,PGAgain,1002235.0,3776.0,True,True,False,14.638039500000273
597.487,1,19,-128,255,malla,,False,1,BPo,974388.0,7095.0,True,True,False,-539.9544583999993
598.137,1,19,-128,255,malla,,False,2,OPA_SUMo,1030941.0,896.0,True,True,False,586.3381237000007
598.787,1,19,-128,255,malla,,False,3,SUMo,1030578.0,705.0,True,True,False,579.1087245999995
602.858,1,19,-128,255,malla,,False,4,LPo,732078.0,190.0,True,False,True,-5365.727725400001
605.65,1,19,-128,120,abba,A1,False,0,PGAgain,1001167.0,3433.0,True,True,False,-6.631928099999403
606.302,1,19,-128,120,abba,A1,False,1,BPo,974979.0,4119.0,True,True,False,-528.1842796999993
606.954,1,19,-128,120,abba,A1,False,2,OPA_SUMo,996189.0,534.0,True,True,False,-105.77228270000072
607.605,1,19,-128,120,abba,A1,False,3,SUMo,995883.0,782.0,True,True,False,-111.86648689999924
608.235,1,19,-128,120,abba,A1,False,4,LPo,732173.0,133.0,True,False,True,-5363.8357339
610.442,1,19,-128,136,abba,B1,False,0,PGAgain,1001281.0,3414.0,True,True,False,-4.361538300001015
611.095,1,19,-128,136,abba,B1,False,1,BPo,975170.0,5455.0,True,True,False,-524.3803810000009
611.747,1,19,-128,136,abba,B1,False,2,OPA_SUMo,1000118.0,705.0,True,True,False,-27.52349739999897
612.399,1,19,-128,136,abba,B1,False,3,SUMo,999774.0,648.0,True,True,False,-34.374498199999984
613.046,1,19,-128,136,abba,B1,False,4,LPo,732192.0,190.0,True,False,True,-5363.4573356
615.25,1,19,-128,136,abba,B2,False,0,PGAgain,1001644.0,3471.0,True,True,False,2.8678608000001087
615.9,1,19,-128,136,abba,B2,False,1,BPo,974445.0,4749.0,True,True,False,-538.819263499999
616.551,1,19,-128,136,abba,B2,False,2,OPA_SUMo,999717.0,743.0,True,True,False,-35.50969310000031
617.205,1,19,-128,136,abba,B2,False,3,SUMo,999546.0,877.0,True,True,False,-38.915277799999025
617.857,1,19,-128,136,abba,B2,False,4,LPo,732135.0,114.0,True,False,True,-5364.5925305
620.064,1,19,-128,120,abba,A2,False,0,PGAgain,1001605.0,4291.0,True,True,False,2.0911485000003625
620.715,1,19,-128,120,abba,A2,False,1,BPo,975532.0,5493.0,True,True,False,-517.1708975999992
621.368,1,19,-128,120,abba,A2,False,2,OPA_SUMo,995292.0,858.0,True,True,False,-123.6366655999994
622.021,1,19,-128,120,abba,A2,False,3,SUMo,995121.0,839.0,True,True,False,-127.04225030000039
622.671,1,19,-128,120,abba,A2,False,4,LPo,732116.0,190.0,True,False,True,-5364.9709288
624.879,1,19,-128,124,abba,A1,False,0,PGAgain,1001415.0,4234.0,True,True,False,-1.6928345000007246
625.532,1,19,-128,124,abba,A1,False,1,BPo,975189.0,8945.0,True,True,False,-524.0019827000008
626.182,1,19,-128,124,abba,A1,False,2,OPA_SUMo,996208.0,553.0,True,True,False,-105.3938844000006
626.833,1,19,-128,124,abba,A1,False,3,SUMo,995979.0,820.0,True,True,False,-109.95457969999917
627.481,1,19,-128,124,abba,A1,False,4,LPo,732135.0,133.0,True,False,True,-5364.5925305
629.686,1,19,-128,132,abba,B1,False,0,PGAgain,1001205.0,4119.0,True,True,False,-5.875131499999185
630.339,1,19,-128,132,abba,B1,False,1,BPo,975341.0,7495.0,True,True,False,-520.9747962999999
630.992,1,19,-128,132,abba,B1,False,2,OPA_SUMo,998058.0,553.0,True,True,False,-68.54983940000015
631.641,1,19,-128,132,abba,B1,False,3,SUMo,997886.0,476.0,True,True,False,-71.97533980000065
632.294,1,19,-128,132,abba,B1,False,4,LPo,732116.0,171.0,True,False,True,-5364.9709288
634.499,1,19,-128,132,abba,B2,False,0,PGAgain,1001358.0,2841.0,True,True,False,-2.828029400001051
635.149,1,19,-128,132,abba,B2,False,1,BPo,974750.0,4558.0,True,True,False,-532.7449750000001
635.801,1,19,-128,132,abba,B2,False,2,OPA_SUMo,997886.0,1239.0,True,True,False,-71.97533980000065
639.928,1,19,-128,132,abba,B2,False,3,SUMo,998363.0,686.0,True,True,False,-62.47555089999888
641.173,1,19,-128,132,abba,B2,False,4,LPo,732116.0,133.0,True,False,True,-5364.9709288
643.378,1,19,-128,124,abba,A2,False,0,PGAgain,1001415.0,3223.0,True,True,False,-1.6928345000007246
644.029,1,19,-128,124,abba,A2,False,1,BPo,974750.0,4768.0,True,True,False,-532.7449750000001
644.682,1,19,-128,124,abba,A2,False,2,OPA_SUMo,996456.0,801.0,True,True,False,-100.45479079999966
645.334,1,19,-128,124,abba,A2,False,3,SUMo,996112.0,762.0,True,True,False,-107.30579160000067
645.987,1,19,-128,124,abba,A2,False,4,LPo,732116.0,152.0,True,False,True,-5364.9709288
648.193,1,19,-128,126,abba,A1,False,0,PGAgain,1001739.0,3070.0,True,True,False,4.759852300000652
648.845,1,19,-128,126,abba,A1,False,1,BPo,975189.0,3852.0,True,True,False,-524.0019827000008
649.498,1,19,-128,126,abba,A1,False,2,OPA_SUMo,996608.0,724.0,True,True,False,-97.42760440000106
650.149,1,19,-128,126,abba,A1,False,3,SUMo,996360.0,801.0,True,True,False,-102.36669799999973
650.78,1,19,-128,126,abba,A1,False,4,LPo,732116.0,114.0,True,False,True,-5364.9709288
652.982,1,19,-128,130,abba,B1,False,0,PGAgain,1001853.0,3662.0,True,True,False,7.0302420999990405
653.635,1,19,-128,130,abba,B1,False,1,BPo,975685.0,4806.0,True,True,False,-514.1237955000012
654.287,1,19,-128,130,abba,B1,False,2,OPA_SUMo,997428.0,572.0,True,True,False,-81.09673040000006
654.941,1,19,-128,130,abba,B1,False,3,SUMo,997257.0,629.0,True,True,False,-84.50231510000104
659.055,1,19,-128,130,abba,B1,False,4,LPo,732135.0,114.0,True,False,True,-5364.5925305
661.89,1,19,-128,130,abba,B2,False,0,PGAgain,1002025.0,4119.0,True,True,False,10.455742499999548
662.541,1,19,-128,130,abba,B2,False,1,BPo,975704.0,4234.0,True,True,False,-513.745397200001
663.192,1,19,-128,130,abba,B2,False,2,OPA_SUMo,996150.0,476.0,True,True,False,-106.54899500000046
663.842,1,19,-128,130,abba,B2,False,3,SUMo,995864.0,514.0,True,True,False,-112.24488519999936
664.492,1,19,-128,130,abba,B2,False,4,LPo,732078.0,152.0,True,False,True,-5365.727725400001
666.694,1,19,-128,126,abba,A2,False,0,PGAgain,1001625.0,3547.0,True,True,False,2.4894625
667.342,1,19,-128,126,abba,A2,False,1,BPo,975723.0,4501.0,True,True,False,-513.3669989000009
667.994,1,19,-128,126,abba,A2,False,2,OPA_SUMo,995216.0,629.0,True,True,False,-125.15025879999985
668.645,1,19,-128,126,abba,A2,False,3,SUMo,995006.0,801.0,True,True,False,-129.33255580000056
669.295,1,19,-128,126,abba,A2,False,4,LPo,732154.0,171.0,True,False,True,-5364.214132200001
732.218,1,19,-64,0,referencia,,False,0,PGAgain,1001510.0,12378.0,True,True,False,0.19915699999981887
732.868,1,19,-64,0,referencia,,False,1,BPo,980415.0,17509.0,True,True,False,-419.9225345000007
733.514,1,19,-64,0,referencia,,False,2,OPA_SUMo,936660.0,3395.0,True,True,False,-1291.3339880000008
734.167,1,19,-64,0,referencia,,False,3,SUMo,936126.0,2250.0,True,True,False,-1301.9689718000006
734.816,1,19,-64,0,referencia,,False,4,LPo,732135.0,228.0,True,False,True,-5364.5925305
737.022,1,19,-64,-255,malla,,False,0,PGAgain,1000423.0,15563.0,True,True,False,-21.449208899999967
737.669,1,19,-64,-255,malla,,False,1,BPo,981502.0,18558.0,True,True,False,-398.27416860000096
738.319,1,19,-64,-255,malla,,False,2,OPA_SUMo,773868.0,3566.0,True,False,False,-4533.450622399999
738.968,1,19,-64,-255,malla,,False,3,SUMo,775184.0,3585.0,True,False,False,-4507.2415612
739.618,1,19,-64,-255,malla,,False,4,LPo,1004791.0,6999.0,True,True,False,65.54256870000107
741.82,1,19,-64,-128,malla,,False,0,PGAgain,1001415.0,18043.0,True,True,False,-1.6928345000007246
742.467,1,19,-64,-128,malla,,False,1,BPo,981693.0,13008.0,True,True,False,-394.47026990000035
743.116,1,19,-64,-128,malla,,False,2,OPA_SUMo,858993.0,3871.0,True,False,False,-2838.126659899999
743.765,1,19,-64,-128,malla,,False,3,SUMo,858936.0,4463.0,True,False,False,-2839.2618547999996
744.416,1,19,-64,-128,malla,,False,4,LPo,732231.0,286.0,True,False,True,-5362.680623300001
746.614,1,19,-64,-64,malla,,False,0,PGAgain,1001243.0,13542.0,True,True,False,-5.118334899998968
750.734,1,19,-64,-64,malla,,False,1,BPo,980758.0,14247.0,True,True,False,-413.09144939999925
751.975,1,19,-64,-64,malla,,False,2,OPA_SUMo,900115.0,3242.0,True,True,False,-2019.1532445
752.622,1,19,-64,-64,malla,,False,3,SUMo,899734.0,3643.0,True,True,False,-2026.7411261999994
753.273,1,19,-64,-64,malla,,False,4,LPo,732231.0,247.0,True,False,True,-5362.680623300001
755.479,1,19,-64,0,malla,,False,0,PGAgain,1001167.0,11196.0,True,True,False,-6.631928099999403
756.128,1,19,-64,0,malla,,False,1,BPo,981025.0,14648.0,True,True,False,-407.77395750000045
756.778,1,19,-64,0,malla,,False,2,OPA_SUMo,935707.0,2899.0,True,True,False,-1310.3136501000001
757.425,1,19,-64,0,malla,,False,3,SUMo,935134.0,1964.0,True,True,False,-1321.7253461999999
758.07,1,19,-64,0,malla,,False,4,LPo,732269.0,228.0,True,False,True,-5361.9238267
760.271,1,19,-64,64,malla,,False,0,PGAgain,1001262.0,10986.0,True,True,False,-4.739936600001124
760.92,1,19,-64,64,malla,,False,1,BPo,980587.0,15029.0,True,True,False,-416.49703410000023
761.572,1,19,-64,64,malla,,False,2,OPA_SUMo,960197.0,1487.0,True,True,False,-822.5781571
762.221,1,19,-64,64,malla,,False,3,SUMo,959892.0,1564.0,True,True,False,-828.6524455999989
762.872,1,19,-64,64,malla,,False,4,LPo,732231.0,171.0,True,False,True,-5362.680623300001
765.076,1,19,-64,128,malla,,False,0,PGAgain,1001853.0,11157.0,True,True,False,7.0302420999990405
765.723,1,19,-64,128,malla,,False,1,BPo,980529.0,12092.0,True,True,False,-417.6521447000001
769.844,1,19,-64,128,malla,,False,2,OPA_SUMo,976848.0,1354.0,True,True,False,-490.9618364000009
771.093,1,19,-64,128,malla,,False,3,SUMo,976676.0,1125.0,True,True,False,-494.38733679999916
771.727,1,19,-64,128,malla,,False,4,LPo,732173.0,171.0,True,False,True,-5363.8357339
773.935,1,19,-64,255,malla,,False,0,PGAgain,1002120.0,10890.0,True,True,False,12.347734000000091
774.588,1,19,-64,255,malla,,False,1,BPo,980854.0,16002.0,True,True,False,-411.17954219999916
775.234,1,19,-64,255,malla,,False,2,OPA_SUMo,1009006.0,1525.0,True,True,False,149.48724419999945
775.885,1,19,-64,255,malla,,False,3,SUMo,1008720.0,1373.0,True,True,False,143.79135400000055
779.991,1,19,-64,255,malla,,False,4,LPo,732135.0,190.0,True,False,True,-5364.5925305
782.832,1,19,-64,239,abba,A1,False,0,PGAgain,1002025.0,9365.0,True,True,False,10.455742499999548
783.481,1,19,-64,239,abba,A1,False,1,BPo,981235.0,10433.0,True,True,False,-403.59166049999976
784.135,1,19,-64,239,abba,A1,False,2,OPA_SUMo,1002902.0,1335.0,True,True,False,27.92181140000087
784.779,1,19,-64,239,abba,A1,False,3,SUMo,1002712.0,1239.0,True,True,False,24.137828399999783
785.43,1,19,-64,239,abba,A1,False,4,LPo,732078.0,190.0,True,False,True,-5365.727725400001
787.632,1,19,-64,255,abba,B1,False,0,PGAgain,1001758.0,6217.0,True,True,False,5.138250600000761
788.281,1,19,-64,255,abba,B1,False,1,BPo,981216.0,12931.0,True,True,False,-403.97005879999983
788.931,1,19,-64,255,abba,B1,False,2,OPA_SUMo,1006755.0,877.0,True,True,False,104.65700349999992
789.581,1,19,-64,255,abba,B1,False,3,SUMo,1006469.0,1106.0,True,True,False,98.96111330000102
790.23,1,19,-64,255,abba,B1,False,4,LPo,732040.0,228.0,True,False,True,-5366.484522000001
792.437,1,19,-64,255,abba,B2,False,0,PGAgain,1002006.0,10414.0,True,True,False,10.07734419999944
793.088,1,19,-64,255,abba,B2,False,1,BPo,980758.0,10166.0,True,True,False,-413.09144939999925
793.739,1,19,-64,255,abba,B2,False,2,OPA_SUMo,1006603.0,1163.0,True,True,False,101.62981709999904
794.39,1,19,-64,255,abba,B2,False,3,SUMo,1006278.0,1163.0,True,True,False,95.1572146000004
795.037,1,19,-64,255,abba,B2,False,4,LPo,732116.0,228.0,True,False,True,-5364.9709288
797.239,1,19,-64,239,abba,A2,False,0,PGAgain,1001682.0,9136.0,True,True,False,3.624657400000326
797.887,1,19,-64,239,abba,A2,False,1,BPo,980911.0,14915.0,True,True,False,-410.0443473000011
798.537,1,19,-64,239,abba,A2,False,2,OPA_SUMo,1002273.0,934.0,True,True,False,15.39483610000049
799.184,1,19,-64,239,abba,A2,False,3,SUMo,1002063.0,1239.0,True,True,False,11.212539099999765
799.834,1,19,-64,239,abba,A2,False,4,LPo,732097.0,247.0,True,False,True,-5365.349327100001
802.035,1,19,-64,243,abba,A1,False,0,PGAgain,1002349.0,7095.0,True,True,False,16.908429300000925
802.683,1,19,-64,243,abba,A1,False,1,BPo,980968.0,16555.0,True,True,False,-408.9091524000008
803.334,1,19,-64,243,abba,A1,False,2,OPA_SUMo,1003189.0,1201.0,True,True,False,33.6376172999993
803.987,1,19,-64,243,abba,A1,False,3,SUMo,1002902.0,1220.0,True,True,False,27.92181140000087
804.635,1,19,-64,243,abba,A1,False,4,LPo,732154.0,267.0,True,False,True,-5364.214132200001
806.838,1,19,-64,251,abba,B1,False,0,PGAgain,1002273.0,13866.0,True,True,False,15.39483610000049
807.488,1,19,-64,251,abba,B1,False,1,BPo,981502.0,14362.0,True,True,False,-398.27416860000096
808.138,1,19,-64,251,abba,B1,False,2,OPA_SUMo,1005039.0,1258.0,True,True,False,70.48166229999975
808.785,1,19,-64,251,abba,B1,False,3,SUMo,1004886.0,1163.0,True,True,False,67.43456019999935
809.434,1,19,-64,251,abba,B1,False,4,LPo,732135.0,228.0,True,False,True,-5364.5925305
811.637,1,19,-64,251,abba,B2,False,0,PGAgain,1002330.0,13370.0,True,True,False,16.530031000000815
812.284,1,19,-64,251,abba,B2,False,1,BPo,981445.0,10013.0,True,True,False,-399.409363499999
812.933,1,19,-64,251,abba,B2,False,2,OPA_SUMo,1004962.0,1373.0,True,True,False,68.94815339999978
817.037,1,19,-64,251,abba,B2,False,3,SUMo,1005401.0,1239.0,True,True,False,77.69114569999908
818.314,1,19,-64,251,abba,B2,False,4,LPo,732116.0,228.0,True,False,True,-5364.9709288
820.518,1,19,-64,243,abba,A2,False,0,PGAgain,1001911.0,12321.0,True,True,False,8.185352699998896
821.169,1,19,-64,243,abba,A2,False,1,BPo,981178.0,10452.0,True,True,False,-404.7268554000001
821.819,1,19,-64,243,abba,A2,False,2,OPA_SUMo,1003589.0,1659.0,True,True,False,41.60389730000111
822.465,1,19,-64,243,abba,A2,False,3,SUMo,1003360.0,1316.0,True,True,False,37.04320200000027
823.112,1,19,-64,243,abba,A2,False,4,LPo,732135.0,286.0,True,False,True,-5364.5925305
825.318,1,19,-64,245,abba,A1,False,0,PGAgain,1002025.0,13236.0,True,True,False,10.455742499999548
825.967,1,19,-64,245,abba,A1,False,1,BPo,980873.0,11482.0,True,True,False,-410.8011438999991
826.619,1,19,-64,245,abba,A1,False,2,OPA_SUMo,1003913.0,934.0,True,True,False,48.05658410000022
827.27,1,19,-64,245,abba,A1,False,3,SUMo,1003551.0,1411.0,True,True,False,40.84710070000089
827.922,1,19,-64,245,abba,A1,False,4,LPo,732059.0,247.0,True,False,True,-5366.106123700001
830.127,1,19,-64,249,abba,B1,False,0,PGAgain,1001892.0,11863.0,True,True,False,7.806954400001051
830.774,1,19,-64,249,abba,B1,False,1,BPo,980644.0,12207.0,True,True,False,-415.3618391999999
831.421,1,19,-64,249,abba,B1,False,2,OPA_SUMo,1004695.0,1163.0,True,True,False,63.630661500001
832.069,1,19,-64,249,abba,B1,False,3,SUMo,1004447.0,1525.0,True,True,False,58.69156790000006
836.175,1,19,-64,249,abba,B1,False,4,LPo,732097.0,228.0,True,False,True,-5365.349327100001
838.987,1,19,-64,249,abba,B2,False,0,PGAgain,1002025.0,11997.0,True,True,False,10.455742499999548
839.634,1,19,-64,249,abba,B2,False,1,BPo,981140.0,9422.0,True,True,False,-405.4836520000003
840.282,1,19,-64,249,abba,B2,False,2,OPA_SUMo,1003456.0,1525.0,True,True,False,38.955109200000344
840.927,1,19,-64,249,abba,B2,False,3,SUMo,1003303.0,1335.0,True,True,False,35.90800709999995
841.575,1,19,-64,249,abba,B2,False,4,LPo,732097.0,228.0,True,False,True,-5365.349327100001
843.782,1,19,-64,245,abba,A2,False,0,PGAgain,1002197.0,12722.0,True,True,False,13.881242900000055
847.848,1,19,-64,245,abba,A2,False,1,BPo,980911.0,12550.0,True,True,False,-410.0443473000011
849.11,1,19,-64,245,abba,A2,False,2,OPA_SUMo,1003475.0,1583.0,True,True,False,39.33350750000046
849.76,1,19,-64,245,abba,A2,False,3,SUMo,1003322.0,1277.0,True,True,False,36.286405400000056
850.385,1,19,-64,245,abba,A2,False,4,LPo,732040.0,247.0,True,False,True,-5366.484522000001
913.306,1,19,0,0,referencia,,False,0,PGAgain,1001129.0,8964.0,True,True,False,-7.38872469999962
913.961,1,19,0,0,referencia,,False,1,BPo,986843.0,13637.0,True,True,False,-291.9044149000008
914.615,1,19,0,0,referencia,,False,2,OPA_SUMo,885028.0,2880.0,True,True,False,-2319.6214103999996
915.268,1,19,0,0,referencia,,False,3,SUMo,884284.0,3013.0,True,True,False,-2334.4386912000004
915.919,1,19,0,0,referencia,,False,4,LPo,732154.0,209.0,True,False,True,-5364.214132200001
921.576,1,19,0,-255,malla,,False,0,PGAgain,1000423.0,10623.0,True,True,False,-21.449208899999967
922.836,1,19,0,-255,malla,,False,1,BPo,986976.0,11997.0,True,True,False,-289.2556268
923.486,1,19,0,-255,malla,,False,2,OPA_SUMo,732231.0,629.0,True,False,False,-5362.680623300001
924.137,1,19,0,-255,malla,,False,3,SUMo,737590.0,228.0,True,False,True,-5255.952386999999
924.787,1,19,0,-255,malla,,False,4,LPo,1062870.0,286.0,True,True,True,1222.2265089999978
926.99,1,19,0,-128,malla,,False,0,PGAgain,1000480.0,6809.0,True,True,False,-20.314013999999638
927.637,1,19,0,-128,malla,,False,1,BPo,987091.0,13732.0,True,True,False,-286.96532129999986
928.286,1,19,0,-128,malla,,False,2,OPA_SUMo,803794.0,3185.0,True,False,False,-3937.4533842000005
928.937,1,19,0,-128,malla,,False,3,SUMo,804214.0,3356.0,True,False,False,-3929.088790199999
929.586,1,19,0,-128,malla,,False,4,LPo,930671.0,10681.0,True,True,False,-1410.609115299999
931.79,1,19,0,-64,malla,,False,0,PGAgain,1001281.0,8277.0,True,True,False,-4.361538300001015
932.437,1,19,0,-64,malla,,False,1,BPo,986881.0,15830.0,True,True,False,-291.1476183000006
933.086,1,19,0,-64,malla,,False,2,OPA_SUMo,844936.0,3108.0,True,False,False,-3118.0816547999993
933.736,1,19,0,-64,malla,,False,3,SUMo,844650.0,4577.0,True,False,False,-3123.777545000001
934.384,1,19,0,-64,malla,,False,4,LPo,732116.0,267.0,True,False,True,-5364.9709288
936.586,1,19,0,0,malla,,False,0,PGAgain,1001663.0,7743.0,True,True,False,3.2462591000002177
937.237,1,19,0,0,malla,,False,1,BPo,987167.0,16822.0,True,True,False,-285.4517280999994
937.884,1,19,0,0,malla,,False,2,OPA_SUMo,884399.0,2822.0,True,True,False,-2332.1483857000003
938.536,1,19,0,0,malla,,False,3,SUMo,884132.0,3337.0,True,True,False,-2337.465877600001
939.162,1,19,0,0,malla,,False,4,LPo,732116.0,152.0,True,False,True,-5364.9709288
941.367,1,19,0,64,malla,,False,0,PGAgain,1001453.0,10414.0,True,True,False,-0.9360379000005072
942.015,1,19,0,64,malla,,False,1,BPo,987071.0,15010.0,True,True,False,-287.3636352999995
942.666,1,19,0,64,malla,,False,2,OPA_SUMo,922622.0,2403.0,True,True,False,-1570.910584600001
943.316,1,19,0,64,malla,,False,3,SUMo,922298.0,2155.0,True,True,False,-1577.3632714
943.965,1,19,0,64,malla,,False,4,LPo,732135.0,209.0,True,False,True,-5364.5925305
946.169,1,19,0,128,malla,,False,0,PGAgain,1001605.0,10776.0,True,True,False,2.0911485000003625
946.819,1,19,0,128,malla,,False,1,BPo,986499.0,12283.0,True,True,False,-298.75541569999956
947.469,1,19,0,128,malla,,False,2,OPA_SUMo,952568.0,1373.0,True,True,False,-974.5150324000003
948.12,1,19,0,128,malla,,False,3,SUMo,952301.0,1811.0,True,True,False,-979.8325242999991
948.77,1,19,0,128,malla,,False,4,LPo,732097.0,171.0,True,False,True,-5365.349327100001
950.972,1,19,0,255,malla,,False,0,PGAgain,1002120.0,12416.0,True,True,False,12.347734000000091
951.622,1,19,0,255,malla,,False,1,BPo,986366.0,14038.0,True,True,False,-301.4042038000003
952.272,1,19,0,255,malla,,False,2,OPA_SUMo,986289.0,1201.0,True,True,False,-302.93771270000025
952.924,1,19,0,255,malla,,False,3,SUMo,985965.0,1335.0,True,True,False,-309.3903994999994
953.571,1,19,0,255,malla,,False,4,LPo,732097.0,209.0,True,False,True,-5365.349327100001
955.774,1,19,0,239,abba,A1,False,0,PGAgain,1002502.0,12798.0,True,True,False,19.95553139999906
956.424,1,19,0,239,abba,A1,False,1,BPo,986804.0,11425.0,True,True,False,-292.68112720000056
957.071,1,19,0,239,abba,A1,False,2,OPA_SUMo,981521.0,1220.0,True,True,False,-397.89577030000083
957.72,1,19,0,239,abba,A1,False,3,SUMo,981235.0,1316.0,True,True,False,-403.59166049999976
958.347,1,19,0,239,abba,A1,False,4,LPo,732059.0,171.0,True,False,True,-5366.106123700001
960.55,1,19,0,255,abba,B1,False,0,PGAgain,1002445.0,12035.0,True,True,False,18.820336500000998
961.197,1,19,0,255,abba,B1,False,1,BPo,987091.0,13370.0,True,True,False,-286.96532129999986
961.846,1,19,0,255,abba,B1,False,2,OPA_SUMo,985202.0,953.0,True,True,False,-324.58607860000006
962.498,1,19,0,255,abba,B1,False,3,SUMo,984954.0,1621.0,True,True,False,-329.525172200001
963.144,1,19,0,255,abba,B1,False,4,LPo,732116.0,228.0,True,False,True,-5364.9709288
965.346,1,19,0,255,abba,B2,False,0,PGAgain,1001644.0,13332.0,True,True,False,2.8678608000001087
965.996,1,19,0,255,abba,B2,False,1,BPo,987339.0,13065.0,True,True,False,-282.0262276999989
966.642,1,19,0,255,abba,B2,False,2,OPA_SUMo,984802.0,1487.0,True,True,False,-332.5523585999996
967.29,1,19,0,255,abba,B2,False,3,SUMo,984592.0,1201.0,True,True,False,-336.73465560000034
967.94,1,19,0,255,abba,B2,False,4,LPo,732078.0,171.0,True,False,True,-5365.727725400001
970.141,1,19,0,239,abba,A2,False,0,PGAgain,1002025.0,11196.0,True,True,False,10.455742499999548
970.79,1,19,0,239,abba,A2,False,1,BPo,987300.0,11806.0,True,True,False,-282.80294000000094
971.436,1,19,0,239,abba,A2,False,2,OPA_SUMo,980339.0,953.0,True,True,False,-421.4361276999989
972.084,1,19,0,239,abba,A2,False,3,SUMo,979976.0,1087.0,True,True,False,-428.66552680000007
972.734,1,19,0,239,abba,A2,False,4,LPo,732059.0,247.0,True,False,True,-5366.106123700001
974.937,1,19,0,243,abba,A1,False,0,PGAgain,1002178.0,11672.0,True,True,False,13.502844599999946
975.584,1,19,0,243,abba,A1,False,1,BPo,986804.0,14514.0,True,True,False,-292.68112720000056
976.231,1,19,0,243,abba,A1,False,2,OPA_SUMo,981025.0,858.0,True,True,False,-407.77395750000045
976.882,1,19,0,243,abba,A1,False,3,SUMo,980701.0,1335.0,True,True,False,-414.2266442999996
977.53,1,19,0,243,abba,A1,False,4,LPo,732078.0,228.0,True,False,True,-5365.727725400001
979.735,1,19,0,251,abba,B1,False,0,PGAgain,1002082.0,12378.0,True,True,False,11.590937399999873
980.385,1,19,0,251,abba,B1,False,1,BPo,987854.0,12931.0,True,True,False,-271.76964219999917
981.036,1,19,0,251,abba,B1,False,2,OPA_SUMo,982799.0,743.0,True,True,False,-372.44350570000046
981.684,1,19,0,251,abba,B1,False,3,SUMo,982608.0,1506.0,True,True,False,-376.2474044000011
982.334,1,19,0,251,abba,B1,False,4,LPo,731983.0,228.0,True,False,True,-5367.619716900002
984.54,1,19,0,251,abba,B2,False,0,PGAgain,1002502.0,13599.0,True,True,False,19.95553139999906
985.189,1,19,0,251,abba,B2,False,1,BPo,987510.0,12683.0,True,True,False,-278.6206430000002
985.842,1,19,0,251,abba,B2,False,2,OPA_SUMo,982532.0,972.0,True,True,False,-377.76099759999926
986.489,1,19,0,251,abba,B2,False,3,SUMo,982284.0,1354.0,True,True,False,-382.7000912000002
987.139,1,19,0,251,abba,B2,False,4,LPo,731983.0,209.0,True,False,True,-5367.619716900002
989.344,1,19,0,243,abba,A2,False,0,PGAgain,1001758.0,16231.0,True,True,False,5.138250600000761
989.993,1,19,0,243,abba,A2,False,1,BPo,987644.0,12359.0,True,True,False,-275.9519391999999
990.644,1,19,0,243,abba,A2,False,2,OPA_SUMo,980339.0,1773.0,True,True,False,-421.4361276999989
991.295,1,19,0,243,abba,A2,False,3,SUMo,980167.0,1525.0,True,True,False,-424.86162809999945
991.941,1,19,0,243,abba,A2,False,4,LPo,732021.0,209.0,True,False,True,-5366.862920300001
994.143,1,19,0,245,abba,A1,False,0,PGAgain,1001300.0,12130.0,True,True,False,-3.983140000000906
994.794,1,19,0,245,abba,A1,False,1,BPo,987873.0,10185.0,True,True,False,-271.3912438999991
995.447,1,19,0,245,abba,A1,False,2,OPA_SUMo,980606.0,1544.0,True,True,False,-416.1186358000001
996.098,1,19,0,245,abba,A1,False,3,SUMo,980415.0,820.0,True,True,False,-419.9225345000007
996.749,1,19,0,245,abba,A1,False,4,LPo,732040.0,247.0,True,False,True,-5366.484522000001
998.956,1,19,0,249,abba,B1,False,0,PGAgain,1001911.0,10280.0,True,True,False,8.185352699998896
999.608,1,19,0,249,abba,B1,False,1,BPo,988025.0,9117.0,True,True,False,-268.36405750000046
1000.261,1,19,0,249,abba,B1,False,2,OPA_SUMo,981597.0,1525.0,True,True,False,-396.38217710000043
1000.913,1,19,0,249,abba,B1,False,3,SUMo,981311.0,934.0,True,True,False,-402.0780672999993
1001.563,1,19,0,249,abba,B1,False,4,LPo,732021.0,209.0,True,False,True,-5366.862920300001
1003.77,1,19,0,249,abba,B2,False,0,PGAgain,1001987.0,10166.0,True,True,False,9.69894589999933
1004.422,1,19,0,249,abba,B2,False,1,BPo,987472.0,16746.0,True,True,False,-279.3774396000004
1005.075,1,19,0,249,abba,B2,False,2,OPA_SUMo,981369.0,896.0,True,True,False,-400.9229566999995
1005.727,1,19,0,249,abba,B2,False,3,SUMo,981178.0,1125.0,True,True,False,-404.7268554000001
1006.378,1,19,0,249,abba,B2,False,4,LPo,732078.0,171.0,True,False,True,-5365.727725400001
1010.541,1,19,0,245,abba,A2,False,0,PGAgain,1002044.0,12702.0,True,True,False,10.834140799999657
1011.192,1,19,0,245,abba,A2,False,1,BPo,987758.0,12359.0,True,True,False,-273.68154939999926
1011.848,1,19,0,245,abba,A2,False,2,OPA_SUMo,979709.0,1468.0,True,True,False,-433.9830187000011
1012.499,1,19,0,245,abba,A2,False,3,SUMo,979652.0,1125.0,True,True,False,-435.11821359999914
1013.152,1,19,0,245,abba,A2,False,4,LPo,732097.0,228.0,True,False,True,-5365.349327100001
1076.075,1,19,64,0,referencia,,False,0,PGAgain,1000633.0,14152.0,True,True,False,-17.26691189999924
1076.726,1,19,64,0,referencia,,False,1,BPo,992240.0,9880.0,True,True,False,-184.41938199999984
1077.379,1,19,64,0,referencia,,False,2,OPA_SUMo,831317.0,4177.0,True,False,False,-3389.3135731
1078.03,1,19,64,0,referencia,,False,3,SUMo,831069.0,3356.0,True,False,False,-3394.252666700001
1078.679,1,19,64,0,referencia,,False,4,LPo,787296.0,16040.0,True,False,False,-4266.022602799999
1080.883,1,19,64,-255,malla,,False,0,PGAgain,1000461.0,8010.0,True,True,False,-20.69241229999975
1081.534,1,19,64,-255,malla,,False,1,BPo,993347.0,14801.0,True,True,False,-162.3727021000004
1082.182,1,19,64,-255,malla,,False,2,OPA_SUMo,732116.0,209.0,True,False,True,-5364.9709288
1082.828,1,19,64,-255,malla,,False,3,SUMo,737514.0,190.0,True,False,True,-5257.4659802
1083.478,1,19,64,-255,malla,,False,4,LPo,1056919.0,286.0,True,True,True,1103.708178300002
1085.686,1,19,64,-128,malla,,False,0,PGAgain,1000556.0,11043.0,True,True,False,-18.800420799999205
1086.337,1,19,64,-128,malla,,False,1,BPo,992946.0,13847.0,True,True,False,-170.35889779999948
1086.989,1,19,64,-128,malla,,False,2,OPA_SUMo,745658.0,3395.0,True,False,False,-5095.2725194
1087.641,1,19,64,-128,malla,,False,3,SUMo,747661.0,3852.0,True,False,False,-5055.381372300001
1091.708,1,19,64,-128,malla,,False,4,LPo,1047382.0,4940.0,True,True,False,913.7721474000012
1094.522,1,19,64,-64,malla,,False,0,PGAgain,1001319.0,8869.0,True,True,False,-3.604741700000797
1095.175,1,19,64,-64,malla,,False,1,BPo,993404.0,14019.0,True,True,False,-161.23750720000007
1095.823,1,19,64,-64,malla,,False,2,OPA_SUMo,787887.0,3452.0,True,False,False,-4254.252424100001
1096.471,1,19,64,-64,malla,,False,3,SUMo,788764.0,2937.0,True,False,False,-4236.7863552
1097.119,1,19,64,-64,malla,,False,4,LPo,964412.0,5874.0,True,True,False,-738.6334815999993
1099.317,1,19,64,0,malla,,False,0,PGAgain,1001510.0,9632.0,True,True,False,0.19915699999981887
1099.967,1,19,64,0,malla,,False,1,BPo,992965.0,16059.0,True,True,False,-169.98049949999938
1100.616,1,19,64,0,malla,,False,2,OPA_SUMo,830039.0,2441.0,True,False,False,-3414.7658377000002
1101.265,1,19,64,0,malla,,False,3,SUMo,830059.0,3700.0,True,False,False,-3414.3675237000007
1101.911,1,19,64,0,malla,,False,4,LPo,789985.0,9727.0,True,False,False,-4212.4692855
1104.111,1,19,64,64,malla,,False,0,PGAgain,1001338.0,11253.0,True,True,False,-3.2263434000006885
1104.761,1,19,64,64,malla,,False,1,BPo,993156.0,9536.0,True,True,False,-166.176600800001
1105.41,1,19,64,64,malla,,False,2,OPA_SUMo,870857.0,4062.0,True,False,False,-2601.8467951000007
1106.059,1,19,64,64,malla,,False,3,SUMo,870666.0,2593.0,True,False,False,-2605.650693799999
1106.705,1,19,64,64,malla,,False,4,LPo,732059.0,247.0,True,False,True,-5366.106123700001
1108.905,1,19,64,128,malla,,False,0,PGAgain,1001625.0,8525.0,True,True,False,2.4894625
1109.556,1,19,64,128,malla,,False,1,BPo,992431.0,15945.0,True,True,False,-180.61548329999923
1110.205,1,19,64,128,malla,,False,2,OPA_SUMo,909862.0,2784.0,True,True,False,-1825.0349166000008
1110.855,1,19,64,128,malla,,False,3,SUMo,909137.0,3471.0,True,True,False,-1839.4737991000013
1111.504,1,19,64,128,malla,,False,4,LPo,732021.0,228.0,True,False,True,-5366.862920300001
1113.708,1,19,64,255,malla,,False,0,PGAgain,1002464.0,8258.0,True,True,False,19.198734800001105
1114.357,1,19,64,255,malla,,False,1,BPo,992336.0,15678.0,True,True,False,-182.50747479999976
1115.008,1,19,64,255,malla,,False,2,OPA_SUMo,964508.0,953.0,True,True,False,-736.7215743999993
1115.658,1,19,64,255,malla,,False,3,SUMo,964260.0,1525.0,True,True,False,-741.6606680000002
1116.307,1,19,64,255,malla,,False,4,LPo,732021.0,171.0,True,False,True,-5366.862920300001
1118.51,1,19,64,239,abba,A1,False,0,PGAgain,1002616.0,13046.0,True,True,False,22.22592119999971
1119.159,1,19,64,239,abba,A1,False,1,BPo,993022.0,10013.0,True,True,False,-168.84530459999905
1119.806,1,19,64,239,abba,A1,False,2,OPA_SUMo,959548.0,1735.0,True,True,False,-835.5034464
1120.455,1,19,64,239,abba,A1,False,3,SUMo,959339.0,1029.0,True,True,False,-839.6658276999989
1121.084,1,19,64,239,abba,A1,False,4,LPo,732021.0,247.0,True,False,True,-5366.862920300001
1123.286,1,19,64,255,abba,B1,False,0,PGAgain,1002159.0,10166.0,True,True,False,13.124446299999837
1123.934,1,19,64,255,abba,B1,False,1,BPo,993385.0,14972.0,True,True,False,-161.6159055000002
1124.584,1,19,64,255,abba,B1,False,2,OPA_SUMo,963363.0,1239.0,True,True,False,-759.525050899999
1125.236,1,19,64,255,abba,B1,False,3,SUMo,963172.0,1296.0,True,True,False,-763.3289495999995
1125.887,1,19,64,255,abba,B1,False,4,LPo,732078.0,228.0,True,False,True,-5365.727725400001
1128.087,1,19,64,255,abba,B2,False,0,PGAgain,1001605.0,14114.0,True,True,False,2.0911485000003625
1128.735,1,19,64,255,abba,B2,False,1,BPo,993251.0,13713.0,True,True,False,-164.28460930000048
1129.385,1,19,64,255,abba,B2,False,2,OPA_SUMo,962924.0,1449.0,True,True,False,-768.2680432000004
1130.033,1,19,64,255,abba,B2,False,3,SUMo,962753.0,1335.0,True,True,False,-771.6736278999992
1130.681,1,19,64,255,abba,B2,False,4,LPo,732040.0,286.0,True,False,True,-5366.484522000001
1132.881,1,19,64,239,abba,A2,False,0,PGAgain,1002140.0,7877.0,True,True,False,12.746047999999728
1133.532,1,19,64,239,abba,A2,False,1,BPo,993099.0,17070.0,True,True,False,-167.3117956999991
1134.184,1,19,64,239,abba,A2,False,2,OPA_SUMo,958156.0,1678.0,True,True,False,-863.2261008000011
1134.836,1,19,64,239,abba,A2,False,3,SUMo,957832.0,1716.0,True,True,False,-869.6787876000002
1135.487,1,19,64,239,abba,A2,False,4,LPo,731945.0,209.0,True,False,True,-5368.376513499999
1137.69,1,19,64,243,abba,A1,False,0,PGAgain,1002521.0,15697.0,True,True,False,20.333929699999167
1138.337,1,19,64,243,abba,A1,False,1,BPo,992851.0,10738.0,True,True,False,-172.25088930000004
1138.988,1,19,64,243,abba,A1,False,2,OPA_SUMo,958786.0,1945.0,True,True,False,-850.6792098000011
1139.64,1,19,64,243,abba,A1,False,3,SUMo,958614.0,1525.0,True,True,False,-854.1047101999994
1140.29,1,19,64,243,abba,A1,False,4,LPo,731983.0,286.0,True,False,True,-5367.619716900002
1142.489,1,19,64,251,abba,B1,False,0,PGAgain,1002655.0,9460.0,True,True,False,23.002633499999458
1146.653,1,19,64,251,abba,B1,False,1,BPo,993671.0,15716.0,True,True,False,-155.92001529999902
1147.916,1,19,64,251,abba,B1,False,2,OPA_SUMo,961666.0,1239.0,True,True,False,-793.321993799999
1148.564,1,19,64,251,abba,B1,False,3,SUMo,961380.0,1583.0,True,True,False,-799.0178840000001
1149.21,1,19,64,251,abba,B1,False,4,LPo,731945.0,209.0,True,False,True,-5368.376513499999
1151.414,1,19,64,251,abba,B2,False,0,PGAgain,1001987.0,12741.0,True,True,False,9.69894589999933
1152.06,1,19,64,251,abba,B2,False,1,BPo,993347.0,11253.0,True,True,False,-162.3727021000004
1152.71,1,19,64,251,abba,B2,False,2,OPA_SUMo,961284.0,1602.0,True,True,False,-800.9297912000002
1153.355,1,19,64,251,abba,B2,False,3,SUMo,960979.0,1258.0,True,True,False,-807.0040796999992
1154.004,1,19,64,251,abba,B2,False,4,LPo,732040.0,247.0,True,False,True,-5366.484522000001
1156.208,1,19,64,243,abba,A2,False,0,PGAgain,1001911.0,7610.0,True,True,False,8.185352699998896
1156.856,1,19,64,243,abba,A2,False,1,BPo,993385.0,14610.0,True,True,False,-161.6159055000002
1157.506,1,19,64,243,abba,A2,False,2,OPA_SUMo,958786.0,1144.0,True,True,False,-850.6792098000011
1158.158,1,19,64,243,abba,A2,False,3,SUMo,958595.0,1506.0,True,True,False,-854.4831084999995
1158.809,1,19,64,243,abba,A2,False,4,LPo,731983.0,228.0,True,False,True,-5367.619716900002
1161.014,1,19,64,245,abba,A1,False,0,PGAgain,1002044.0,11196.0,True,True,False,10.834140799999657
1161.663,1,19,64,245,abba,A1,False,1,BPo,993194.0,19130.0,True,True,False,-165.4198042000008
1162.313,1,19,64,245,abba,A1,False,2,OPA_SUMo,959072.0,1525.0,True,True,False,-844.9833196
1162.962,1,19,64,245,abba,A1,False,3,SUMo,958824.0,1926.0,True,True,False,-849.922413200001
1163.611,1,19,64,245,abba,A1,False,4,LPo,732002.0,228.0,True,False,True,-5367.241318600001
1165.814,1,19,64,249,abba,B1,False,0,PGAgain,1002025.0,15506.0,True,True,False,10.455742499999548
1166.464,1,19,64,249,abba,B1,False,1,BPo,992832.0,12016.0,True,True,False,-172.62928760000014
1167.111,1,19,64,249,abba,B1,False,2,OPA_SUMo,959835.0,2098.0,True,True,False,-829.7876404999993
1167.763,1,19,64,249,abba,B1,False,3,SUMo,959663.0,1316.0,True,True,False,-833.2131408999999
1168.413,1,19,64,249,abba,B1,False,4,LPo,731964.0,267.0,True,False,True,-5367.998115199999
1170.614,1,19,64,249,abba,B2,False,0,PGAgain,1002235.0,9288.0,True,True,False,14.638039500000273
1174.74,1,19,64,249,abba,B2,False,1,BPo,993251.0,15029.0,True,True,False,-164.28460930000048
1175.999,1,19,64,249,abba,B2,False,2,OPA_SUMo,960655.0,1544.0,True,True,False,-813.4567665000006
1176.649,1,19,64,249,abba,B2,False,3,SUMo,960388.0,1583.0,True,True,False,-818.7742583999993
1177.298,1,19,64,249,abba,B2,False,4,LPo,732078.0,190.0,True,False,True,-5365.727725400001
1179.5,1,19,64,245,abba,A2,False,0,PGAgain,1002521.0,11405.0,True,True,False,20.333929699999167
1180.151,1,19,64,245,abba,A2,False,1,BPo,993690.0,13160.0,True,True,False,-155.54161699999892
1180.799,1,19,64,245,abba,A2,False,2,OPA_SUMo,959205.0,1659.0,True,True,False,-842.3345314999992
1181.45,1,19,64,245,abba,A2,False,3,SUMo,959014.0,1525.0,True,True,False,-846.1384301999999
1182.1,1,19,64,245,abba,A2,False,4,LPo,732002.0,267.0,True,False,True,-5367.241318600001
1244.984,1,19,128,0,referencia,,False,0,PGAgain,1001262.0,16155.0,True,True,False,-4.739936600001124
1245.635,1,19,128,0,referencia,,False,1,BPo,998821.0,13771.0,True,True,False,-53.35416029999948
1246.285,1,19,128,0,referencia,,False,2,OPA_SUMo,776138.0,3929.0,True,False,False,-4488.241983399999
1246.932,1,19,128,0,referencia,,False,3,SUMo,776672.0,3318.0,True,False,False,-4477.6069996
1247.583,1,19,128,0,referencia,,False,4,LPo,981807.0,6141.0,True,True,False,-392.1998800999997
1249.787,1,19,128,-255,malla,,False,0,PGAgain,1000785.0,15048.0,True,True,False,-14.239725500000635
1250.44,1,19,128,-255,malla,,False,1,BPo,998420.0,11653.0,True,True,False,-61.34035600000082
1251.091,1,19,128,-255,malla,,False,2,OPA_SUMo,732154.0,247.0,True,False,True,-5364.214132200001
1251.74,1,19,128,-255,malla,,False,3,SUMo,737438.0,209.0,True,False,True,-5258.979573400001
1252.39,1,19,128,-255,malla,,False,4,LPo,1051082.0,267.0,True,True,True,987.4602374000021
1256.54,1,19,128,-128,malla,,False,0,PGAgain,1001071.0,13427.0,True,True,False,-8.543835299999476
1257.186,1,19,128,-128,malla,,False,1,BPo,998573.0,9250.0,True,True,False,-58.29325390000042
1257.831,1,19,128,-128,malla,,False,2,OPA_SUMo,732154.0,267.0,True,False,True,-5364.214132200001
1258.478,1,19,128,-128,malla,,False,3,SUMo,737457.0,209.0,True,False,True,-5258.601175100001
1259.129,1,19,128,-128,malla,,False,4,LPo,1050815.0,247.0,True,True,True,982.1427455000012
1261.328,1,19,128,-64,malla,,False,0,PGAgain,1000671.0,17700.0,True,True,False,-16.510115299999022
1261.979,1,19,128,-64,malla,,False,1,BPo,998458.0,11882.0,True,True,False,-60.5835594000006
1262.625,1,19,128,-64,malla,,False,2,OPA_SUMo,735797.0,3013.0,True,False,False,-5291.6612371
1263.273,1,19,128,-64,malla,,False,3,SUMo,739250.0,2307.0,True,False,False,-5222.892325000001
1263.92,1,19,128,-64,malla,,False,4,LPo,1048126.0,2155.0,True,True,False,928.5894281999996
1266.118,1,19,128,0,malla,,False,0,PGAgain,1001281.0,8773.0,True,True,False,-4.361538300001015
1266.764,1,19,128,0,malla,,False,1,BPo,998287.0,16555.0,True,True,False,-63.989144099999315
1267.411,1,19,128,0,malla,,False,2,OPA_SUMo,778961.0,3395.0,True,False,False,-4432.0199623
1268.06,1,19,128,0,malla,,False,3,SUMo,779914.0,5149.0,True,False,False,-4413.0403002
1268.708,1,19,128,0,malla,,False,4,LPo,976161.0,3471.0,True,True,False,-504.6439223000011
1270.912,1,19,128,64,malla,,False,0,PGAgain,1001644.0,14381.0,True,True,False,2.8678608000001087
1275.033,1,19,128,64,malla,,False,1,BPo,997753.0,10662.0,True,True,False,-74.62412789999915
1276.295,1,19,128,64,malla,,False,2,OPA_SUMo,822124.0,3986.0,True,False,False,-3572.3986032
1276.943,1,19,128,64,malla,,False,3,SUMo,822181.0,4100.0,True,False,False,-3571.2634082999994
1277.593,1,19,128,64,malla,,False,4,LPo,814819.0,13561.0,True,False,False,-3717.882791700001
1279.792,1,19,128,128,malla,,False,0,PGAgain,1001701.0,9822.0,True,True,False,4.003055700000435
1280.438,1,19,128,128,malla,,False,1,BPo,997829.0,15621.0,True,True,False,-73.11053470000098
1281.087,1,19,128,128,malla,,False,2,OPA_SUMo,862274.0,2861.0,True,False,False,-2772.7832482000003
1285.206,1,19,128,128,malla,,False,3,SUMo,860195.0,3356.0,True,False,False,-2814.187988499999
1286.464,1,19,128,128,malla,,False,4,LPo,732040.0,152.0,True,False,True,-5366.484522000001
1288.663,1,19,128,255,malla,,False,0,PGAgain,1002445.0,11329.0,True,True,False,18.820336500000998
1289.312,1,19,128,255,malla,,False,1,BPo,998573.0,15964.0,True,True,False,-58.29325390000042
1289.961,1,19,128,255,malla,,False,2,OPA_SUMo,935821.0,2803.0,True,True,False,-1308.0432602999995
1290.613,1,19,128,255,malla,,False,3,SUMo,935268.0,3032.0,True,True,False,-1319.0566423999994
1291.263,1,19,128,255,malla,,False,4,LPo,731964.0,305.0,True,False,False,-5367.998115199999
1293.468,1,19,128,239,abba,A1,False,0,PGAgain,1002159.0,10395.0,True,True,False,13.124446299999837
1294.115,1,19,128,239,abba,A1,False,1,BPo,998802.0,15830.0,True,True,False,-53.732558599999585
1294.766,1,19,128,239,abba,A1,False,2,OPA_SUMo,925426.0,2536.0,True,True,False,-1515.0669617999993
1295.411,1,19,128,239,abba,A1,False,3,SUMo,924892.0,3318.0,True,True,False,-1525.7019455999991
1296.059,1,19,128,239,abba,A1,False,4,LPo,731925.0,190.0,True,False,True,-5368.774827500001
1298.262,1,19,128,255,abba,B1,False,0,PGAgain,1002235.0,11005.0,True,True,False,14.638039500000273
1298.914,1,19,128,255,abba,B1,False,1,BPo,998516.0,10890.0,True,True,False,-59.428448800000744
1299.561,1,19,128,255,abba,B1,False,2,OPA_SUMo,932674.0,2784.0,True,True,False,-1370.7179682000005
1300.211,1,19,128,255,abba,B1,False,3,SUMo,931987.0,1945.0,True,True,False,-1384.4000541000007
1304.375,1,19,128,255,abba,B1,False,4,LPo,731945.0,190.0,True,False,True,-5368.376513499999
1307.213,1,19,128,255,abba,B2,False,0,PGAgain,1002941.0,13580.0,True,True,False,28.698523700000617
1307.863,1,19,128,255,abba,B2,False,1,BPo,999431.0,14972.0,True,True,False,-41.205583299999205
1308.512,1,19,128,255,abba,B2,False,2,OPA_SUMo,928363.0,4100.0,True,True,False,-1456.574550899999
1309.159,1,19,128,255,abba,B2,False,3,SUMo,928325.0,2193.0,True,True,False,-1457.331347499999
1309.811,1,19,128,255,abba,B2,False,4,LPo,731945.0,190.0,True,False,True,-5368.376513499999
1312.013,1,19,128,239,abba,A2,False,0,PGAgain,1001644.0,10318.0,True,True,False,2.8678608000001087
1316.073,1,19,128,239,abba,A2,False,1,BPo,998859.0,5054.0,True,True,False,-52.59736369999926
1317.336,1,19,128,239,abba,A2,False,2,OPA_SUMo,920734.0,2040.0,True,True,False,-1608.5114261999993
1317.985,1,19,128,239,abba,A2,False,3,SUMo,920677.0,1678.0,True,True,False,-1609.6466210999997
1318.635,1,19,128,239,abba,A2,False,4,LPo,731925.0,209.0,True,False,True,-5368.774827500001
1320.837,1,19,128,243,abba,A1,False,0,PGAgain,1001987.0,4138.0,True,True,False,9.69894589999933
1321.486,1,19,128,243,abba,A1,False,1,BPo,999469.0,5359.0,True,True,False,-40.44878669999899
1322.136,1,19,128,243,abba,A1,False,2,OPA_SUMo,922374.0,1373.0,True,True,False,-1575.8496781999995
1326.195,1,19,128,243,abba,A1,False,3,SUMo,922393.0,2231.0,True,True,False,-1575.4712798999994
1327.479,1,19,128,243,abba,A1,False,4,LPo,731945.0,209.0,True,False,True,-5368.376513499999
1329.68,1,19,128,251,abba,B1,False,0,PGAgain,1002044.0,2651.0,True,True,False,10.834140799999657
1330.33,1,19,128,251,abba,B1,False,1,BPo,998630.0,3299.0,True,True,False,-57.158059000000094
1330.977,1,19,128,251,abba,B1,False,2,OPA_SUMo,926532.0,1220.0,True,True,False,-1493.0401975999994
1331.627,1,19,128,251,abba,B1,False,3,SUMo,925941.0,1220.0,True,True,False,-1504.8103762999995
1332.259,1,19,128,251,abba,B1,False,4,LPo,731964.0,114.0,True,False,True,-5367.998115199999
1334.459,1,19,128,251,abba,B2,False,0,PGAgain,1002311.0,2956.0,True,True,False,16.151632700000707
1335.109,1,19,128,251,abba,B2,False,1,BPo,999259.0,4005.0,True,True,False,-44.631083699999714
1335.761,1,19,128,251,abba,B2,False,2,OPA_SUMo,925731.0,1487.0,True,True,False,-1508.9926733000002
1336.413,1,19,128,251,abba,B2,False,3,SUMo,925102.0,1602.0,True,True,False,-1521.5196486000007
1337.06,1,19,128,251,abba,B2,False,4,LPo,731925.0,95.0,True,False,True,-5368.774827500001
1339.266,1,19,128,243,abba,A2,False,0,PGAgain,1002006.0,3337.0,True,True,False,10.07734419999944
1339.915,1,19,128,243,abba,A2,False,1,BPo,999717.0,3414.0,True,True,False,-35.50969310000031
1340.561,1,19,128,243,abba,A2,False,2,OPA_SUMo,920677.0,1697.0,True,True,False,-1609.6466210999997
1341.209,1,19,128,243,abba,A2,False,3,SUMo,920333.0,1773.0,True,True,False,-1616.4976219000007
1345.283,1,19,128,243,abba,A2,False,4,LPo,731964.0,133.0,True,False,True,-5367.998115199999
1348.097,1,19,128,245,abba,A1,False,0,PGAgain,1002388.0,3604.0,True,True,False,17.68514160000067
1348.743,1,19,128,245,abba,A1,False,1,BPo,999412.0,4158.0,True,True,False,-41.58398159999931
1349.393,1,19,128,245,abba,A1,False,2,OPA_SUMo,921516.0,1869.0,True,True,False,-1592.9373488000008
1350.043,1,19,128,245,abba,A1,False,3,SUMo,921249.0,1850.0,True,True,False,-1598.2548406999997
1350.695,1,19,128,245,abba,A1,False,4,LPo,731964.0,152.0,True,False,True,-5367.998115199999
1356.41,1,19,128,249,abba,B1,False,0,PGAgain,1001949.0,3471.0,True,True,False,8.942149299999112
1357.665,1,19,128,249,abba,B1,False,1,BPo,999565.0,4634.0,True,True,False,-38.53687949999892
1358.313,1,19,128,249,abba,B1,False,2,OPA_SUMo,925426.0,1430.0,True,True,False,-1515.0669617999993
1358.963,1,19,128,249,abba,B1,False,3,SUMo,924930.0,1430.0,True,True,False,-1524.945149000001
1359.612,1,19,128,249,abba,B1,False,4,LPo,731906.0,209.0,True,False,True,-5369.153225800002
1361.814,1,19,128,249,abba,B2,False,0,PGAgain,1001968.0,3452.0,True,True,False,9.320547599999221
1362.465,1,19,128,249,abba,B2,False,1,BPo,998954.0,3757.0,True,True,False,-50.70537220000098
1366.629,1,19,128,249,abba,B2,False,2,OPA_SUMo,924987.0,1544.0,True,True,False,-1523.8099541000008
1367.892,1,19,128,249,abba,B2,False,3,SUMo,924854.0,1354.0,True,True,False,-1526.4587421999993
1368.544,1,19,128,249,abba,B2,False,4,LPo,731925.0,190.0,True,False,True,-5368.774827500001
1370.746,1,19,128,245,abba,A2,False,0,PGAgain,1001873.0,2975.0,True,True,False,7.428556100000942
1371.394,1,19,128,245,abba,A2,False,1,BPo,998954.0,4997.0,True,True,False,-50.70537220000098
1372.045,1,19,128,245,abba,A2,False,2,OPA_SUMo,922775.0,2193.0,True,True,False,-1567.8634825000006
1372.693,1,19,128,245,abba,A2,False,3,SUMo,922183.0,1773.0,True,True,False,-1579.6535769000002
1373.345,1,19,128,245,abba,A2,False,4,LPo,731925.0,190.0,True,False,True,-5368.774827500001
1436.25,1,19,192,0,referencia,,False,0,PGAgain,1001987.0,2746.0,True,True,False,9.69894589999933
1436.902,1,19,192,0,referencia,,False,1,BPo,1004333.0,5149.0,True,True,False,56.4211780999994
1437.554,1,19,192,0,referencia,,False,2,OPA_SUMo,732994.0,1983.0,True,False,False,-5347.4849441999995
1438.202,1,19,192,0,referencia,,False,3,SUMo,737342.0,495.0,True,False,False,-5260.8914806
1438.849,1,19,192,0,referencia,,False,4,LPo,1044654.0,629.0,True,True,False,859.4421178
1441.053,1,19,192,-255,malla,,False,0,PGAgain,1001338.0,2689.0,True,True,False,-3.2263434000006885
1441.702,1,19,192,-255,malla,,False,1,BPo,1005039.0,4386.0,True,True,False,70.48166229999975
1442.354,1,19,192,-255,malla,,False,2,OPA_SUMo,732002.0,228.0,True,False,True,-5367.241318600001
1443.001,1,19,192,-255,malla,,False,3,SUMo,737247.0,228.0,True,False,True,-5262.783472100001
1443.649,1,19,192,-255,malla,,False,4,LPo,1044692.0,305.0,True,True,False,860.1989144000001
1449.269,1,19,192,-128,malla,,False,0,PGAgain,1001491.0,3414.0,True,True,False,-0.17924130000028982
1450.529,1,19,192,-128,malla,,False,1,BPo,1004276.0,4100.0,True,True,False,55.28598319999908
1451.178,1,19,192,-128,malla,,False,2,OPA_SUMo,731945.0,171.0,True,False,True,-5368.376513499999
1451.827,1,19,192,-128,malla,,False,3,SUMo,737266.0,190.0,True,False,True,-5262.405073800001
1452.474,1,19,192,-128,malla,,False,4,LPo,1044406.0,267.0,True,True,True,854.503024199999
1454.672,1,19,192,-64,malla,,False,0,PGAgain,1001033.0,4272.0,True,True,False,-9.300631899999692
1455.32,1,19,192,-64,malla,,False,1,BPo,1004276.0,6713.0,True,True,False,55.28598319999908
1455.968,1,19,192,-64,malla,,False,2,OPA_SUMo,731945.0,228.0,True,False,True,-5368.376513499999
1456.613,1,19,192,-64,malla,,False,3,SUMo,737228.0,247.0,True,False,True,-5263.161870400001
1457.258,1,19,192,-64,malla,,False,4,LPo,1044197.0,286.0,True,True,True,850.3406428999979
1459.46,1,19,192,0,malla,,False,0,PGAgain,1000900.0,10662.0,True,True,False,-11.949420000000453
1460.107,1,19,192,0,malla,,False,1,BPo,1003894.0,19512.0,True,True,False,47.67818580000011
1460.758,1,19,192,0,malla,,False,2,OPA_SUMo,732860.0,2498.0,True,False,False,-5350.153648
1461.403,1,19,192,0,malla,,False,3,SUMo,737495.0,1220.0,True,False,False,-5257.8443785
1462.052,1,19,192,0,malla,,False,4,LPo,1043262.0,1125.0,True,True,False,831.719463399999
1464.256,1,19,192,64,malla,,False,0,PGAgain,1001892.0,14076.0,True,True,False,7.806954400001051
1468.319,1,19,192,64,malla,,False,1,BPo,1003837.0,16555.0,True,True,False,46.542990899999786
1469.575,1,19,192,64,malla,,False,2,OPA_SUMo,767669.0,4653.0,True,False,False,-4656.9080467
1470.222,1,19,192,64,malla,,False,3,SUMo,768623.0,5722.0,True,False,False,-4637.908468899999
1470.869,1,19,192,64,malla,,False,4,LPo,989208.0,8468.0,True,True,False,-244.8037844000006
1473.072,1,19,192,128,malla,,False,0,PGAgain,1002159.0,15583.0,True,True,False,13.124446299999837
1473.724,1,19,192,128,malla,,False,1,BPo,1004104.0,21305.0,True,True,False,51.86048280000084
1474.373,1,19,192,128,malla,,False,2,OPA_SUMo,809993.0,5187.0,True,False,False,-3813.995959899999
1478.493,1,19,192,128,malla,,False,3,SUMo,807132.0,4348.0,True,False,False,-3870.9747776000013
1479.754,1,19,192,128,malla,,False,4,LPo,870609.0,17662.0,True,False,False,-2606.7858886999993
1481.961,1,19,192,255,malla,,False,0,PGAgain,1002273.0,18062.0,True,True,False,15.39483610000049
1482.609,1,19,192,255,malla,,False,1,BPo,1003894.0,18882.0,True,True,False,47.67818580000011
1483.259,1,19,192,255,malla,,False,2,OPA_SUMo,887985.0,4692.0,True,True,False,-2260.7306854999997
1483.905,1,19,192,255,malla,,False,3,SUMo,887737.0,4425.0,True,True,False,-2265.6697791000006
1484.551,1,19,192,255,malla,,False,4,LPo,731773.0,228.0,True,False,True,-5371.8020139
1486.753,1,19,192,239,abba,A1,False,0,PGAgain,1001930.0,15201.0,True,True,False,8.563750999999003
1487.401,1,19,192,239,abba,A1,False,1,BPo,1004028.0,15487.0,True,True,False,50.3468896000004
1488.05,1,19,192,239,abba,A1,False,2,OPA_SUMo,875701.0,3662.0,True,False,False,-2505.3751442999996
1488.7,1,19,192,239,abba,A1,False,3,SUMo,875167.0,4634.0,True,False,False,-2516.0101280999997
1489.326,1,19,192,239,abba,A1,False,4,LPo,731811.0,228.0,True,False,True,-5371.045217299999
1491.527,1,19,192,255,abba,B1,False,0,PGAgain,1002311.0,15125.0,True,True,False,16.151632700000707
1492.178,1,19,192,255,abba,B1,False,1,BPo,1004028.0,19836.0,True,True,False,50.3468896000004
1492.825,1,19,192,255,abba,B1,False,2,OPA_SUMo,883865.0,4196.0,True,True,False,-2342.7833695
1493.474,1,19,192,255,abba,B1,False,3,SUMo,883274.0,5187.0,True,True,False,-2354.5535482
1494.12,1,19,192,255,abba,B1,False,4,LPo,731849.0,362.0,True,False,False,-5370.2884207
1496.326,1,19,192,255,abba,B2,False,0,PGAgain,1002559.0,14820.0,True,True,False,21.090726299999385
1496.973,1,19,192,255,abba,B2,False,1,BPo,1004562.0,21095.0,True,True,False,60.98187340000024
1497.62,1,19,192,255,abba,B2,False,2,OPA_SUMo,882034.0,5111.0,True,True,False,-2379.2490162000004
1498.272,1,19,192,255,abba,B2,False,3,SUMo,881690.0,4291.0,True,True,False,-2386.100016999999
1498.922,1,19,192,255,abba,B2,False,4,LPo,731773.0,209.0,True,False,True,-5371.8020139
1501.124,1,19,192,239,abba,A2,False,0,PGAgain,1002693.0,19226.0,True,True,False,23.759430099999676
1501.769,1,19,192,239,abba,A2,False,1,BPo,1004772.0,17757.0,True,True,False,65.16417040000097
1502.417,1,19,192,239,abba,A2,False,2,OPA_SUMo,870151.0,3910.0,True,False,False,-2615.907279300001
1503.066,1,19,192,239,abba,A2,False,3,SUMo,869865.0,4787.0,True,False,False,-2621.6031695
1503.713,1,19,192,239,abba,A2,False,4,LPo,731811.0,228.0,True,False,True,-5371.045217299999
1505.913,1,19,192,243,abba,A1,False,0,PGAgain,1002140.0,11024.0,True,True,False,12.746047999999728
1506.561,1,19,192,243,abba,A1,False,1,BPo,1005039.0,19187.0,True,True,False,70.48166229999975
1507.209,1,19,192,243,abba,A1,False,2,OPA_SUMo,871467.0,4978.0,True,False,False,-2589.6982181000003
1507.86,1,19,192,243,abba,A1,False,3,SUMo,871391.0,3833.0,True,False,False,-2591.211811300001
1508.51,1,19,192,243,abba,A1,False,4,LPo,731792.0,267.0,True,False,True,-5371.4236156
1510.711,1,19,192,251,abba,B1,False,0,PGAgain,1002044.0,11405.0,True,True,False,10.834140799999657
1511.361,1,19,192,251,abba,B1,False,1,BPo,1004524.0,14610.0,True,True,False,60.22507680000002
1512.011,1,19,192,251,abba,B1,False,2,OPA_SUMo,875740.0,4615.0,True,False,False,-2504.598432
1512.661,1,19,192,251,abba,B1,False,3,SUMo,875244.0,4196.0,True,False,False,-2514.4766191999997
1513.309,1,19,192,251,abba,B1,False,4,LPo,731811.0,228.0,True,False,True,-5371.045217299999
1515.509,1,19,192,251,abba,B2,False,0,PGAgain,1002330.0,15048.0,True,True,False,16.530031000000815
1516.159,1,19,192,251,abba,B2,False,1,BPo,1004333.0,13446.0,True,True,False,56.4211780999994
1516.809,1,19,192,251,abba,B2,False,2,OPA_SUMo,874633.0,4367.0,True,False,False,-2526.6451118999994
1517.456,1,19,192,251,abba,B2,False,3,SUMo,874137.0,4596.0,True,False,False,-2536.523299100001
1518.107,1,19,192,251,abba,B2,False,4,LPo,731792.0,247.0,True,False,True,-5371.4236156
1520.309,1,19,192,243,abba,A2,False,0,PGAgain,1002368.0,15201.0,True,True,False,17.286827600001033
1520.955,1,19,192,243,abba,A2,False,1,BPo,1005458.0,17013.0,True,True,False,78.82634059999941
1521.601,1,19,192,243,abba,A2,False,2,OPA_SUMo,868606.0,3471.0,True,False,False,-2646.6770358000003
1522.252,1,19,192,243,abba,A2,False,3,SUMo,868473.0,4863.0,True,False,False,-2649.325823900001
1522.898,1,19,192,243,abba,A2,False,4,LPo,731811.0,228.0,True,False,True,-5371.045217299999
1525.101,1,19,192,245,abba,A1,False,0,PGAgain,1002769.0,15792.0,True,True,False,25.27302330000011
1525.75,1,19,192,245,abba,A1,False,1,BPo,1005382.0,17814.0,True,True,False,77.31274739999897
1526.398,1,19,192,245,abba,A1,False,2,OPA_SUMo,869159.0,2727.0,True,False,False,-2635.6636537000004
1527.044,1,19,192,245,abba,A1,False,3,SUMo,869045.0,4882.0,True,False,False,-2637.934043500001
1527.675,1,19,192,245,abba,A1,False,4,LPo,731773.0,190.0,True,False,True,-5371.8020139
1533.297,1,19,192,249,abba,B1,False,0,PGAgain,1002273.0,14343.0,True,True,False,15.39483610000049
1534.537,1,19,192,249,abba,B1,False,1,BPo,1005382.0,15621.0,True,True,False,77.31274739999897
1535.188,1,19,192,249,abba,B1,False,2,OPA_SUMo,869293.0,4444.0,True,False,False,-2632.9949499
1535.839,1,19,192,249,abba,B1,False,3,SUMo,869216.0,2498.0,True,False,False,-2634.5284588
1536.49,1,19,192,249,abba,B1,False,4,LPo,731849.0,209.0,True,False,True,-5370.2884207
1538.693,1,19,192,249,abba,B2,False,0,PGAgain,1001987.0,11253.0,True,True,False,9.69894589999933
1539.342,1,19,192,249,abba,B2,False,1,BPo,1004886.0,18615.0,True,True,False,67.43456019999935
1539.991,1,19,192,249,abba,B2,False,2,OPA_SUMo,869140.0,4539.0,True,False,False,-2636.0420520000002
1540.639,1,19,192,249,abba,B2,False,3,SUMo,868949.0,4138.0,True,False,False,-2639.845950700001
1541.289,1,19,192,249,abba,B2,False,4,LPo,731830.0,209.0,True,False,True,-5370.666818999999
1543.491,1,19,192,245,abba,A2,False,0,PGAgain,1002120.0,13332.0,True,True,False,12.347734000000091
1544.141,1,19,192,245,abba,A2,False,1,BPo,1005191.0,13236.0,True,True,False,73.50884870000063
1544.788,1,19,192,245,abba,A2,False,2,OPA_SUMo,866603.0,4920.0,True,False,False,-2686.568182900001
1545.437,1,19,192,245,abba,A2,False,3,SUMo,866317.0,4825.0,True,False,False,-2692.2640731
1546.087,1,19,192,245,abba,A2,False,4,LPo,731830.0,209.0,True,False,True,-5370.666818999999
1608.989,1,19,255,0,referencia,,False,0,PGAgain,1001873.0,16670.0,True,True,False,7.428556100000942
1609.639,1,19,255,0,referencia,,False,1,BPo,1010169.0,11138.0,True,True,False,172.64920329999967
1610.287,1,19,255,0,referencia,,False,2,OPA_SUMo,732059.0,247.0,True,False,True,-5366.106123700001
1610.935,1,19,255,0,referencia,,False,3,SUMo,737228.0,228.0,True,False,True,-5263.161870400001
1615.0,1,19,255,0,referencia,,False,4,LPo,1039047.0,324.0,True,True,False,747.7747879000005
1617.794,1,19,255,-255,malla,,False,0,PGAgain,1000995.0,12702.0,True,True,False,-10.05742849999991
1618.442,1,19,255,-255,malla,,False,1,BPo,1010341.0,14553.0,True,True,False,176.07470370000019
1619.088,1,19,255,-255,malla,,False,2,OPA_SUMo,732021.0,228.0,True,False,True,-5366.862920300001
1619.738,1,19,255,-255,malla,,False,3,SUMo,737247.0,267.0,True,False,True,-5262.783472100001
1620.39,1,19,255,-255,malla,,False,4,LPo,1038875.0,324.0,True,True,False,744.3492875000001
1622.591,1,19,255,-128,malla,,False,0,PGAgain,1000823.0,8640.0,True,True,False,-13.482928900000417
1623.238,1,19,255,-128,malla,,False,1,BPo,1010494.0,17089.0,True,True,False,179.12180580000057
1623.886,1,19,255,-128,malla,,False,2,OPA_SUMo,732059.0,190.0,True,False,True,-5366.106123700001
1624.534,1,19,255,-128,malla,,False,3,SUMo,737285.0,247.0,True,False,True,-5262.026675500001
1625.184,1,19,255,-128,malla,,False,4,LPo,1038742.0,305.0,True,True,False,741.7004993999993
1627.389,1,19,255,-64,malla,,False,0,PGAgain,1001472.0,11768.0,True,True,False,-0.5576396000003985
1628.035,1,19,255,-64,malla,,False,1,BPo,1009311.0,16803.0,True,True,False,155.56153270000073
1628.686,1,19,255,-64,malla,,False,2,OPA_SUMo,732078.0,171.0,True,False,True,-5365.727725400001
1629.336,1,19,255,-64,malla,,False,3,SUMo,737247.0,171.0,True,False,True,-5262.783472100001
1629.985,1,19,255,-64,malla,,False,4,LPo,1038570.0,286.0,True,True,True,738.2749989999987
1632.189,1,19,255,0,malla,,False,0,PGAgain,1001968.0,9346.0,True,True,False,9.320547599999221
1632.836,1,19,255,0,malla,,False,1,BPo,1009941.0,16880.0,True,True,False,168.10842370000063
1633.485,1,19,255,0,malla,,False,2,OPA_SUMo,732002.0,228.0,True,False,True,-5367.241318600001
1634.134,1,19,255,0,malla,,False,3,SUMo,737228.0,209.0,True,False,True,-5263.161870400001
1634.784,1,19,255,0,malla,,False,4,LPo,1038398.0,305.0,True,True,False,734.8494985999982
1636.987,1,19,255,64,malla,,False,0,PGAgain,1002349.0,9994.0,True,True,False,16.908429300000925
1637.635,1,19,255,64,malla,,False,1,BPo,1009979.0,11920.0,True,True,False,168.86522030000083
1638.283,1,19,255,64,malla,,False,2,OPA_SUMo,732021.0,572.0,True,False,False,-5366.862920300001
1638.932,1,19,255,64,malla,,False,3,SUMo,737228.0,247.0,True,False,True,-5263.161870400001
1643.049,1,19,255,64,malla,,False,4,LPo,1038246.0,267.0,True,True,True,731.8223122000019
1645.882,1,19,255,128,malla,,False,0,PGAgain,1002254.0,10662.0,True,True,False,15.01643780000038
1646.532,1,19,255,128,malla,,False,1,BPo,1009883.0,15716.0,True,True,False,166.95331310000077
1647.182,1,19,255,128,malla,,False,2,OPA_SUMo,752792.0,3204.0,True,False,False,-4953.1939156
1647.828,1,19,255,128,malla,,False,3,SUMo,754356.0,2937.0,True,False,False,-4922.045760800001
1648.476,1,19,255,128,malla,,False,4,LPo,1010532.0,5607.0,True,True,False,179.8786024000008
1650.679,1,19,255,255,malla,,False,0,PGAgain,1002235.0,12893.0,True,True,False,14.638039500000273
1651.327,1,19,255,255,malla,,False,1,BPo,1009426.0,15144.0,True,True,False,157.85183820000088
1651.974,1,19,255,255,malla,,False,2,OPA_SUMo,837001.0,3738.0,True,False,False,-3276.1127343000007
1652.62,1,19,255,255,malla,,False,3,SUMo,836811.0,3223.0,True,False,False,-3279.8967172999996
1653.247,1,19,255,255,malla,,False,4,LPo,731983.0,190.0,True,False,True,-5367.619716900002
1717.534,2,19,255,0,referencia,,False,0,PGAgain,1001567.0,11081.0,True,True,False,1.334351900000145
1718.185,2,19,255,0,referencia,,False,1,BPo,1008605.0,15392.0,True,True,False,141.50104850000037
1718.835,2,19,255,0,referencia,,False,2,OPA_SUMo,732040.0,228.0,True,False,True,-5366.484522000001
1719.483,2,19,255,0,referencia,,False,3,SUMo,737304.0,228.0,True,False,True,-5261.648277200001
1720.134,2,19,255,0,referencia,,False,4,LPo,1036052.0,267.0,True,True,True,688.1272663999982
1724.287,2,19,255,-255,malla,,False,0,PGAgain,1001281.0,12931.0,True,True,False,-4.361538300001015
1724.936,2,19,255,-255,malla,,False,1,BPo,1008720.0,9536.0,True,True,False,143.79135400000055
1725.587,2,19,255,-255,malla,,False,2,OPA_SUMo,732078.0,228.0,True,False,True,-5365.727725400001
1726.233,2,19,255,-255,malla,,False,3,SUMo,737247.0,247.0,True,False,True,-5262.783472100001
1726.881,2,19,255,-255,malla,,False,4,LPo,1035842.0,324.0,True,True,False,683.944969400002
1729.084,2,19,255,-128,malla,,False,0,PGAgain,1001510.0,13542.0,True,True,False,0.19915699999981887
1729.733,2,19,255,-128,malla,,False,1,BPo,1009712.0,11024.0,True,True,False,163.54772839999978
1730.381,2,19,255,-128,malla,,False,2,OPA_SUMo,732078.0,228.0,True,False,True,-5365.727725400001
1731.029,2,19,255,-128,malla,,False,3,SUMo,737190.0,209.0,True,False,True,-5263.918666999999
1731.679,2,19,255,-128,malla,,False,4,LPo,1035709.0,343.0,True,True,False,681.2961813000012
1733.878,2,19,255,-64,malla,,False,0,PGAgain,1001968.0,13732.0,True,True,False,9.320547599999221
1734.525,2,19,255,-64,malla,,False,1,BPo,1009292.0,11005.0,True,True,False,155.1831344000006
1735.172,2,19,255,-64,malla,,False,2,OPA_SUMo,732078.0,247.0,True,False,True,-5365.727725400001
1735.823,2,19,255,-64,malla,,False,3,SUMo,737209.0,228.0,True,False,True,-5263.540268700001
1736.469,2,19,255,-64,malla,,False,4,LPo,1035556.0,286.0,True,True,True,678.2490792000008
1738.672,2,19,255,0,malla,,False,0,PGAgain,1001110.0,14934.0,True,True,False,-7.767122999999729
1739.317,2,19,255,0,malla,,False,1,BPo,1009368.0,12016.0,True,True,False,156.69672760000105
1739.967,2,19,255,0,malla,,False,2,OPA_SUMo,732040.0,267.0,True,False,True,-5366.484522000001
1740.617,2,19,255,0,malla,,False,3,SUMo,737228.0,209.0,True,False,True,-5263.161870400001
1741.268,2,19,255,0,malla,,False,4,LPo,1035461.0,305.0,True,True,False,676.3570877000003
1743.465,2,19,255,64,malla,,False,0,PGAgain,1001071.0,16288.0,True,True,False,-8.543835299999476
1744.11,2,19,255,64,malla,,False,1,BPo,1009197.0,12073.0,True,True,False,153.29114290000007
1744.756,2,19,255,64,malla,,False,2,OPA_SUMo,732460.0,1525.0,True,False,False,-5358.119927999999
1745.406,2,19,255,64,malla,,False,3,SUMo,737323.0,801.0,True,False,False,-5261.269878900001
1746.055,2,19,255,64,malla,,False,4,LPo,1035327.0,324.0,True,True,False,673.6883839
1751.682,2,19,255,128,malla,,False,0,PGAgain,1001930.0,9498.0,True,True,False,8.563750999999003
1752.944,2,19,255,128,malla,,False,1,BPo,1008605.0,10871.0,True,True,False,141.50104850000037
1753.591,2,19,255,128,malla,,False,2,OPA_SUMo,756816.0,5168.0,True,False,False,-4873.0531388
1754.241,2,19,255,128,malla,,False,3,SUMo,757694.0,2975.0,True,False,False,-4855.567154200001
1754.891,2,19,255,128,malla,,False,4,LPo,1000652.0,7362.0,True,True,False,-16.888513599999133
1757.096,2,19,255,255,malla,,False,0,PGAgain,1002578.0,12855.0,True,True,False,21.469124599999493
1757.745,2,19,255,255,malla,,False,1,BPo,1008739.0,10471.0,True,True,False,144.16975230000065
1761.899,2,19,255,255,malla,,False,2,OPA_SUMo,840263.0,4539.0,True,False,False,-3211.1477208999995
1763.178,2,19,255,255,malla,,False,3,SUMo,836658.0,4158.0,True,False,False,-3282.9438194
1763.827,2,19,255,255,malla,,False,4,LPo,731868.0,171.0,True,False,True,-5369.910022399999
1830.214,2,19,192,0,referencia,,False,0,PGAgain,1001396.0,10700.0,True,True,False,-2.0712328000008333
1830.862,2,19,192,0,referencia,,False,1,BPo,1002292.0,17566.0,True,True,False,15.773234400000598
1831.51,2,19,192,0,referencia,,False,2,OPA_SUMo,735206.0,2956.0,True,False,False,-5303.4314158
1832.154,2,19,192,0,referencia,,False,3,SUMo,738220.0,2193.0,True,False,False,-5243.405495999999
1832.803,2,19,192,0,referencia,,False,4,LPo,1031398.0,2422.0,True,True,False,595.4395985999982
1835.005,2,19,192,-255,malla,,False,0,PGAgain,1001167.0,11234.0,True,True,False,-6.631928099999403
1835.652,2,19,192,-255,malla,,False,1,BPo,1002960.0,12912.0,True,True,False,29.076922000000724
1836.298,2,19,192,-255,malla,,False,2,OPA_SUMo,732040.0,209.0,True,False,True,-5366.484522000001
1836.946,2,19,192,-255,malla,,False,3,SUMo,737228.0,152.0,True,False,True,-5263.161870400001
1837.594,2,19,192,-255,malla,,False,4,LPo,1032791.0,305.0,True,True,False,623.1821686999988
1839.794,2,19,192,-128,malla,,False,0,PGAgain,1001739.0,3662.0,True,True,False,4.759852300000652
1840.443,2,19,192,-128,malla,,False,1,BPo,1003208.0,4119.0,True,True,False,34.016015599999406
1841.09,2,19,192,-128,malla,,False,2,OPA_SUMo,732021.0,228.0,True,False,True,-5366.862920300001
1845.266,2,19,192,-128,malla,,False,3,SUMo,737190.0,228.0,True,False,True,-5263.918666999999
1846.504,2,19,192,-128,malla,,False,4,LPo,1032543.0,305.0,True,True,False,618.2430750999979
1848.706,2,19,192,-64,malla,,False,0,PGAgain,1001758.0,3604.0,True,True,False,5.138250600000761
1849.357,2,19,192,-64,malla,,False,1,BPo,1003684.0,4634.0,True,True,False,43.495888799999385
1850.008,2,19,192,-64,malla,,False,2,OPA_SUMo,732135.0,209.0,True,False,True,-5364.5925305
1850.657,2,19,192,-64,malla,,False,3,SUMo,737190.0,190.0,True,False,True,-5263.918666999999
1851.306,2,19,192,-64,malla,,False,4,LPo,1032447.0,286.0,True,True,True,616.3311678999978
1856.913,2,19,192,0,malla,,False,0,PGAgain,1001701.0,4081.0,True,True,False,4.003055700000435
1858.192,2,19,192,0,malla,,False,1,BPo,1003570.0,4920.0,True,True,False,41.225499000001
1858.841,2,19,192,0,malla,,False,2,OPA_SUMo,733623.0,3089.0,True,False,False,-5334.957968899999
1859.491,2,19,192,0,malla,,False,3,SUMo,737400.0,782.0,True,False,False,-5259.7363700000005
1860.142,2,19,192,0,malla,,False,4,LPo,1032085.0,476.0,True,True,False,609.1216845000008
1862.34,2,19,192,64,malla,,False,0,PGAgain,1001434.0,3623.0,True,True,False,-1.314436200000616
1862.986,2,19,192,64,malla,,False,1,BPo,1003055.0,5416.0,True,True,False,30.968913499999005
1863.634,2,19,192,64,malla,,False,2,OPA_SUMo,769672.0,1964.0,True,False,False,-4617.016899599999
1864.28,2,19,192,64,malla,,False,3,SUMo,770511.0,2365.0,True,False,False,-4600.307627300001
1864.926,2,19,192,64,malla,,False,4,LPo,974216.0,1506.0,True,True,False,-543.3799587999998
1867.126,2,19,192,128,malla,,False,0,PGAgain,1002063.0,2784.0,True,True,False,11.212539099999765
1867.773,2,19,192,128,malla,,False,1,BPo,1002960.0,3890.0,True,True,False,29.076922000000724
1868.42,2,19,192,128,malla,,False,2,OPA_SUMo,811176.0,2136.0,True,False,False,-3790.4356867999995
1869.067,2,19,192,128,malla,,False,3,SUMo,810947.0,1640.0,True,False,False,-3794.9963821
1869.713,2,19,192,128,malla,,False,4,LPo,819091.0,3299.0,True,False,False,-3632.8029213
1871.914,2,19,192,255,malla,,False,0,PGAgain,1002254.0,4005.0,True,True,False,15.01643780000038
1875.982,2,19,192,255,malla,,False,1,BPo,1003437.0,4463.0,True,True,False,38.576710900000236
1877.239,2,19,192,255,malla,,False,2,OPA_SUMo,891838.0,1773.0,True,True,False,-2183.9954934000007
1877.886,2,19,192,255,malla,,False,3,SUMo,891323.0,2746.0,True,True,False,-2194.2520789000005
1878.533,2,19,192,255,malla,,False,4,LPo,731906.0,209.0,True,False,True,-5369.153225800002
1880.737,2,19,192,239,abba,A1,False,0,PGAgain,1001815.0,3757.0,True,True,False,6.273445500001087
1881.39,2,19,192,239,abba,A1,False,1,BPo,1004772.0,5569.0,True,True,False,65.16417040000097
1882.044,2,19,192,239,abba,A1,False,2,OPA_SUMo,878982.0,1983.0,True,False,False,-2440.031732600001
1886.149,2,19,192,239,abba,A1,False,3,SUMo,877227.0,2269.0,True,False,False,-2474.9837861000005
1887.433,2,19,192,239,abba,A1,False,4,LPo,731887.0,247.0,True,False,True,-5369.531624100002
1889.638,2,19,192,255,abba,B1,False,0,PGAgain,1002407.0,3032.0,True,True,False,18.06353990000078
1890.289,2,19,192,255,abba,B1,False,1,BPo,1004486.0,4501.0,True,True,False,59.4682801999998
1890.937,2,19,192,255,abba,B1,False,2,OPA_SUMo,885314.0,1907.0,True,True,False,-2313.925520200001
1891.587,2,19,192,255,abba,B1,False,3,SUMo,885066.0,1716.0,True,True,False,-2318.8646137999995
1892.235,2,19,192,255,abba,B1,False,4,LPo,731887.0,228.0,True,False,True,-5369.531624100002
1894.434,2,19,192,255,abba,B2,False,0,PGAgain,1001644.0,3585.0,True,True,False,2.8678608000001087
1895.083,2,19,192,255,abba,B2,False,1,BPo,1004714.0,3852.0,True,True,False,64.00905980000111
1895.728,2,19,192,255,abba,B2,False,2,OPA_SUMo,883789.0,1697.0,True,True,False,-2344.2969627
1896.377,2,19,192,255,abba,B2,False,3,SUMo,883312.0,1373.0,True,True,False,-2353.7967516
1897.028,2,19,192,255,abba,B2,False,4,LPo,731906.0,171.0,True,False,True,-5369.153225800002
1899.231,2,19,192,239,abba,A2,False,0,PGAgain,1001777.0,2727.0,True,True,False,5.516648900000869
1899.877,2,19,192,239,abba,A2,False,1,BPo,1004619.0,5092.0,True,True,False,62.11706830000057
1900.527,2,19,192,239,abba,A2,False,2,OPA_SUMo,871772.0,1678.0,True,False,False,-2583.623929599999
1901.177,2,19,192,239,abba,A2,False,3,SUMo,871410.0,1163.0,True,False,False,-2590.8334130000007
1905.292,2,19,192,239,abba,A2,False,4,LPo,731925.0,190.0,True,False,True,-5368.774827500001
1908.102,2,19,192,243,abba,A1,False,0,PGAgain,1002120.0,3528.0,True,True,False,12.347734000000091
1908.751,2,19,192,243,abba,A1,False,1,BPo,1004829.0,3318.0,True,True,False,66.29936529999902
1909.401,2,19,192,243,abba,A1,False,2,OPA_SUMo,870132.0,2250.0,True,False,False,-2616.2856776000012
1910.049,2,19,192,243,abba,A1,False,3,SUMo,869808.0,1983.0,True,False,False,-2622.7383644
1910.696,2,19,192,243,abba,A1,False,4,LPo,731887.0,171.0,True,False,True,-5369.531624100002
1912.898,2,19,192,251,abba,B1,False,0,PGAgain,1001777.0,4005.0,True,True,False,5.516648900000869
1913.547,2,19,192,251,abba,B1,False,1,BPo,1005725.0,4100.0,True,True,False,84.14383250000046
1914.192,2,19,192,251,abba,B1,False,2,OPA_SUMo,874538.0,1926.0,True,False,False,-2528.5371034
1914.842,2,19,192,251,abba,B1,False,3,SUMo,874309.0,1811.0,True,False,False,-2533.0977987000006
1915.493,2,19,192,251,abba,B1,False,4,LPo,731868.0,171.0,True,False,True,-5369.910022399999
1917.695,2,19,192,251,abba,B2,False,0,PGAgain,1002616.0,3547.0,True,True,False,22.22592119999971
1918.346,2,19,192,251,abba,B2,False,1,BPo,1005229.0,3852.0,True,True,False,74.26564530000084
1919.0,2,19,192,251,abba,B2,False,2,OPA_SUMo,873851.0,1907.0,True,False,False,-2542.2191893000004
1919.65,2,19,192,251,abba,B2,False,3,SUMo,873718.0,1831.0,True,False,False,-2544.867977400001
1920.3,2,19,192,251,abba,B2,False,4,LPo,731887.0,152.0,True,False,True,-5369.531624100002
1925.922,2,19,192,243,abba,A2,False,0,PGAgain,1002120.0,3185.0,True,True,False,12.347734000000091
1927.187,2,19,192,243,abba,A2,False,1,BPo,1005725.0,4329.0,True,True,False,84.14383250000046
1927.839,2,19,192,243,abba,A2,False,2,OPA_SUMo,866661.0,2422.0,True,False,False,-2685.413072300001
1928.484,2,19,192,243,abba,A2,False,3,SUMo,866508.0,2708.0,True,False,False,-2688.4601743999992
1929.113,2,19,192,243,abba,A2,False,4,LPo,731887.0,190.0,True,False,True,-5369.531624100002
1931.314,2,19,192,245,abba,A1,False,0,PGAgain,1001853.0,3166.0,True,True,False,7.0302420999990405
1931.966,2,19,192,245,abba,A1,False,1,BPo,1005020.0,4558.0,True,True,False,70.10326399999964
1936.086,2,19,192,245,abba,A1,False,2,OPA_SUMo,867843.0,2174.0,True,False,False,-2661.872714900001
1937.327,2,19,192,245,abba,A1,False,3,SUMo,867900.0,3185.0,True,False,False,-2660.7375200000006
1937.977,2,19,192,245,abba,A1,False,4,LPo,731868.0,133.0,True,False,True,-5369.910022399999
1940.178,2,19,192,249,abba,B1,False,0,PGAgain,1002063.0,4005.0,True,True,False,11.212539099999765
1940.827,2,19,192,249,abba,B1,False,1,BPo,1005325.0,4997.0,True,True,False,76.17755250000091
1941.478,2,19,192,249,abba,B1,False,2,OPA_SUMo,870342.0,2346.0,True,False,False,-2612.1033806000005
1942.13,2,19,192,249,abba,B1,False,3,SUMo,870037.0,1583.0,True,False,False,-2618.1776690999995
1946.298,2,19,192,249,abba,B1,False,4,LPo,731830.0,171.0,True,False,True,-5370.666818999999
1949.113,2,19,192,249,abba,B2,False,0,PGAgain,1002006.0,3719.0,True,True,False,10.07734419999944
1949.76,2,19,192,249,abba,B2,False,1,BPo,1005306.0,3414.0,True,True,False,75.7991542000008
1950.412,2,19,192,249,abba,B2,False,2,OPA_SUMo,868110.0,2365.0,True,False,False,-2656.555223
1951.064,2,19,192,249,abba,B2,False,3,SUMo,868034.0,1449.0,True,False,False,-2658.0688162
1951.715,2,19,192,249,abba,B2,False,4,LPo,731830.0,152.0,True,False,True,-5370.666818999999
1953.917,2,19,192,245,abba,A2,False,0,PGAgain,1002292.0,3662.0,True,True,False,15.773234400000598
1954.565,2,19,192,245,abba,A2,False,1,BPo,1005573.0,4043.0,True,True,False,81.11664609999958
1955.213,2,19,192,245,abba,A2,False,2,OPA_SUMo,865821.0,1945.0,True,False,False,-2702.1422602999996
1955.865,2,19,192,245,abba,A2,False,3,SUMo,865631.0,2498.0,True,False,False,-2705.926243300001
1956.515,2,19,192,245,abba,A2,False,4,LPo,731811.0,190.0,True,False,True,-5371.045217299999
2019.415,2,19,128,0,referencia,,False,0,PGAgain,1001129.0,14972.0,True,True,False,-7.38872469999962
2020.065,2,19,128,0,referencia,,False,1,BPo,997447.0,21171.0,True,True,False,-80.71833209999996
2020.712,2,19,128,0,referencia,,False,2,OPA_SUMo,788764.0,4577.0,True,False,False,-4236.7863552
2021.359,2,19,128,0,referencia,,False,3,SUMo,788993.0,4749.0,True,False,False,-4232.225659899999
2022.011,2,19,128,0,referencia,,False,4,LPo,914897.0,17414.0,True,True,False,-1724.759367099999
2024.216,2,19,128,-255,malla,,False,0,PGAgain,1000442.0,16765.0,True,True,False,-21.070810599999856
2024.865,2,19,128,-255,malla,,False,1,BPo,997962.0,16555.0,True,True,False,-70.46174660000023
2028.982,2,19,128,-255,malla,,False,2,OPA_SUMo,731945.0,228.0,True,False,True,-5368.376513499999
2030.245,2,19,128,-255,malla,,False,3,SUMo,737018.0,190.0,True,False,True,-5267.3441674
2030.893,2,19,128,-255,malla,,False,4,LPo,1027183.0,381.0,True,True,False,511.4949230999999
2033.097,2,19,128,-128,malla,,False,0,PGAgain,1000823.0,19435.0,True,True,False,-13.482928900000417
2033.751,2,19,128,-128,malla,,False,1,BPo,997638.0,19035.0,True,True,False,-76.91443339999934
2034.402,2,19,128,-128,malla,,False,2,OPA_SUMo,731964.0,228.0,True,False,True,-5367.998115199999
2035.051,2,19,128,-128,malla,,False,3,SUMo,737037.0,209.0,True,False,True,-5266.965769099999
2039.166,2,19,128,-128,malla,,False,4,LPo,1026878.0,247.0,True,True,True,505.4206345999986
2041.979,2,19,128,-64,malla,,False,0,PGAgain,1000823.0,11081.0,True,True,False,-13.482928900000417
2042.627,2,19,128,-64,malla,,False,1,BPo,997486.0,18711.0,True,True,False,-79.9416198000002
2043.276,2,19,128,-64,malla,,False,2,OPA_SUMo,740032.0,4940.0,True,False,False,-5207.318247599999
2043.926,2,19,128,-64,malla,,False,3,SUMo,741176.0,4043.0,True,False,False,-5184.5346868
2044.573,2,19,128,-64,malla,,False,4,LPo,1021842.0,4329.0,True,True,False,405.1251693999997
2046.778,2,19,128,0,malla,,False,0,PGAgain,1001396.0,13618.0,True,True,False,-2.0712328000008333
2050.836,2,19,128,0,malla,,False,1,BPo,997676.0,15983.0,True,True,False,-76.15763679999911
2052.095,2,19,128,0,malla,,False,2,OPA_SUMo,783309.0,4768.0,True,False,False,-4345.426498700001
2052.745,2,19,128,0,malla,,False,3,SUMo,783386.0,4940.0,True,False,False,-4343.892989800001
2053.394,2,19,128,0,malla,,False,4,LPo,933475.0,13847.0,True,True,False,-1354.7654924999997
2055.6,2,19,128,64,malla,,False,0,PGAgain,1001796.0,14553.0,True,True,False,5.895047200000978
2056.25,2,19,128,64,malla,,False,1,BPo,998001.0,14209.0,True,True,False,-69.68503430000048
2056.897,2,19,128,64,malla,,False,2,OPA_SUMo,824184.0,3376.0,True,False,False,-3531.3722612000006
2060.959,2,19,128,64,malla,,False,3,SUMo,821723.0,5149.0,True,False,False,-3580.384798900001
2062.222,2,19,128,64,malla,,False,4,LPo,749607.0,12969.0,True,False,False,-5016.625420100001
2064.426,2,19,128,128,malla,,False,0,PGAgain,1001586.0,15411.0,True,True,False,1.7127502000002537
2065.074,2,19,128,128,malla,,False,1,BPo,998439.0,16517.0,True,True,False,-60.96195770000071
2065.725,2,19,128,128,malla,,False,2,OPA_SUMo,861682.0,3623.0,True,False,False,-2784.5733425999997
2066.373,2,19,128,128,malla,,False,3,SUMo,861320.0,4158.0,True,False,False,-2791.782825999999
2067.024,2,19,128,128,malla,,False,4,LPo,731887.0,152.0,True,False,True,-5369.531624100002
2071.172,2,19,128,255,malla,,False,0,PGAgain,1001911.0,13599.0,True,True,False,8.185352699998896
2071.819,2,19,128,255,malla,,False,1,BPo,998058.0,14190.0,True,True,False,-68.54983940000015
2072.47,2,19,128,255,malla,,False,2,OPA_SUMo,935516.0,3356.0,True,True,False,-1314.1175488000008
2073.119,2,19,128,255,malla,,False,3,SUMo,935020.0,3376.0,True,True,False,-1323.9957360000005
2073.768,2,19,128,255,malla,,False,4,LPo,731849.0,190.0,True,False,True,-5370.2884207
2075.972,2,19,128,239,abba,A1,False,0,PGAgain,1002235.0,13809.0,True,True,False,14.638039500000273
2076.618,2,19,128,239,abba,A1,False,1,BPo,998497.0,14343.0,True,True,False,-59.80684710000085
2077.269,2,19,128,239,abba,A1,False,2,OPA_SUMo,925426.0,3566.0,True,True,False,-1515.0669617999993
2077.915,2,19,128,239,abba,A1,False,3,SUMo,924797.0,3681.0,True,True,False,-1527.5939370999995
2078.562,2,19,128,239,abba,A1,False,4,LPo,731830.0,190.0,True,False,True,-5370.666818999999
2080.767,2,19,128,255,abba,B1,False,0,PGAgain,1002254.0,12607.0,True,True,False,15.01643780000038
2081.415,2,19,128,255,abba,B1,False,1,BPo,998764.0,16574.0,True,True,False,-54.48935519999981
2082.063,2,19,128,255,abba,B1,False,2,OPA_SUMo,932846.0,2918.0,True,True,False,-1367.2924678
2082.711,2,19,128,255,abba,B1,False,3,SUMo,932331.0,2727.0,True,True,False,-1377.5490532999997
2083.36,2,19,128,255,abba,B1,False,4,LPo,731868.0,209.0,True,False,True,-5369.910022399999
2085.562,2,19,128,255,abba,B2,False,0,PGAgain,1002273.0,8964.0,True,True,False,15.39483610000049
2089.681,2,19,128,255,abba,B2,False,1,BPo,998229.0,15239.0,True,True,False,-65.14425469999917
2090.941,2,19,128,255,abba,B2,False,2,OPA_SUMo,932826.0,3414.0,True,True,False,-1367.6907817999997
2091.591,2,19,128,255,abba,B2,False,3,SUMo,932693.0,3185.0,True,True,False,-1370.3395699000005
2092.242,2,19,128,255,abba,B2,False,4,LPo,731830.0,228.0,True,False,True,-5370.666818999999
2094.446,2,19,128,239,abba,A2,False,0,PGAgain,1002311.0,11596.0,True,True,False,16.151632700000707
2095.096,2,19,128,239,abba,A2,False,1,BPo,999221.0,14934.0,True,True,False,-45.38788029999993
2095.745,2,19,128,239,abba,A2,False,2,OPA_SUMo,923137.0,3852.0,True,True,False,-1560.653999100001
2096.393,2,19,128,239,abba,A2,False,3,SUMo,922737.0,2231.0,True,True,False,-1568.6202791000007
2097.024,2,19,128,239,abba,A2,False,4,LPo,731849.0,228.0,True,False,True,-5370.2884207
2099.23,2,19,128,243,abba,A1,False,0,PGAgain,1001949.0,13580.0,True,True,False,8.942149299999112
2099.882,2,19,128,243,abba,A1,False,1,BPo,998630.0,17681.0,True,True,False,-57.158059000000094
2100.53,2,19,128,243,abba,A1,False,2,OPA_SUMo,924301.0,3261.0,True,True,False,-1537.4721242999992
2101.179,2,19,128,243,abba,A1,False,3,SUMo,923919.0,3566.0,True,True,False,-1545.0799217000003
2101.827,2,19,128,243,abba,A1,False,4,LPo,731811.0,228.0,True,False,True,-5371.045217299999
2104.03,2,19,128,251,abba,B1,False,0,PGAgain,1002082.0,12321.0,True,True,False,11.590937399999873
2104.68,2,19,128,251,abba,B1,False,1,BPo,998668.0,14781.0,True,True,False,-56.40126239999988
2108.787,2,19,128,251,abba,B1,False,2,OPA_SUMo,928001.0,3166.0,True,True,False,-1463.7840343000005
2110.049,2,19,128,251,abba,B1,False,3,SUMo,927619.0,3204.0,True,True,False,-1471.3918316999996
2110.696,2,19,128,251,abba,B1,False,4,LPo,731849.0,190.0,True,False,True,-5370.2884207
2112.901,2,19,128,251,abba,B2,False,0,PGAgain,1001911.0,10452.0,True,True,False,8.185352699998896
2113.552,2,19,128,251,abba,B2,False,1,BPo,998420.0,13809.0,True,True,False,-61.34035600000082
2114.205,2,19,128,251,abba,B2,False,2,OPA_SUMo,927581.0,3013.0,True,True,False,-1472.1486282999997
2114.855,2,19,128,251,abba,B2,False,3,SUMo,927162.0,2326.0,True,True,False,-1480.4933065999994
2119.029,2,19,128,251,abba,B2,False,4,LPo,731811.0,171.0,True,False,True,-5371.045217299999
2121.828,2,19,128,243,abba,A2,False,0,PGAgain,1002273.0,15621.0,True,True,False,15.39483610000049
2122.478,2,19,128,243,abba,A2,False,1,BPo,999126.0,10375.0,True,True,False,-47.27987180000047
2123.13,2,19,128,243,abba,A2,False,2,OPA_SUMo,919876.0,3547.0,True,True,False,-1625.5990968000006
2123.78,2,19,128,243,abba,A2,False,3,SUMo,919437.0,2994.0,True,True,False,-1634.3420890999998
2124.433,2,19,128,243,abba,A2,False,4,LPo,731792.0,171.0,True,False,True,-5371.4236156
2126.636,2,19,128,245,abba,A1,False,0,PGAgain,1002445.0,8316.0,True,True,False,18.820336500000998
2130.743,2,19,128,245,abba,A1,False,1,BPo,999641.0,10299.0,True,True,False,-37.02328630000074
2132.003,2,19,128,245,abba,A1,False,2,OPA_SUMo,923061.0,2403.0,True,True,False,-1562.1675922999993
2132.654,2,19,128,245,abba,A1,False,3,SUMo,922756.0,2975.0,True,True,False,-1568.2418808000007
2133.302,2,19,128,245,abba,A1,False,4,LPo,731830.0,171.0,True,False,True,-5370.666818999999
2135.507,2,19,128,249,abba,B1,False,0,PGAgain,1002521.0,6885.0,True,True,False,20.333929699999167
2136.156,2,19,128,249,abba,B1,False,1,BPo,999355.0,11844.0,True,True,False,-42.71917649999964
2136.808,2,19,128,249,abba,B1,False,2,OPA_SUMo,924758.0,3185.0,True,True,False,-1528.3706493999994
2140.923,2,19,128,249,abba,B1,False,3,SUMo,924930.0,2441.0,True,True,False,-1524.945149000001
2142.189,2,19,128,249,abba,B1,False,4,LPo,731849.0,190.0,True,False,True,-5370.2884207
2144.391,2,19,128,249,abba,B2,False,0,PGAgain,1001586.0,10070.0,True,True,False,1.7127502000002537
2145.042,2,19,128,249,abba,B2,False,1,BPo,999259.0,10757.0,True,True,False,-44.631083699999714
2145.691,2,19,128,249,abba,B2,False,2,OPA_SUMo,924911.0,2899.0,True,True,False,-1525.323547300001
2146.343,2,19,128,249,abba,B2,False,3,SUMo,924701.0,2613.0,True,True,False,-1529.5058442999996
2146.995,2,19,128,249,abba,B2,False,4,LPo,731868.0,171.0,True,False,True,-5369.910022399999
2149.197,2,19,128,245,abba,A2,False,0,PGAgain,1001625.0,10166.0,True,True,False,2.4894625
2149.848,2,19,128,245,abba,A2,False,1,BPo,999011.0,12474.0,True,True,False,-49.57017730000066
2150.5,2,19,128,245,abba,A2,False,2,OPA_SUMo,922451.0,2651.0,True,True,False,-1574.3161692999997
2151.149,2,19,128,245,abba,A2,False,3,SUMo,922031.0,2670.0,True,True,False,-1582.680763300001
2151.799,2,19,128,245,abba,A2,False,4,LPo,731811.0,171.0,True,False,True,-5371.045217299999
2215.936,2,19,64,0,referencia,,False,0,PGAgain,1001014.0,10452.0,True,True,False,-9.6790301999998
2216.588,2,19,64,0,referencia,,False,1,BPo,990962.0,10032.0,True,True,False,-209.87164660000022
2217.239,2,19,64,0,referencia,,False,2,OPA_SUMo,844860.0,3261.0,True,False,False,-3119.595248
2217.888,2,19,64,0,referencia,,False,3,SUMo,844421.0,4539.0,True,False,False,-3128.338240299999
2218.539,2,19,64,0,referencia,,False,4,LPo,731945.0,228.0,True,False,True,-5368.376513499999
2220.742,2,19,64,-255,malla,,False,0,PGAgain,1000556.0,9765.0,True,True,False,-18.800420799999205
2221.391,2,19,64,-255,malla,,False,1,BPo,991573.0,13618.0,True,True,False,-197.70315390000042
2222.041,2,19,64,-255,malla,,False,2,OPA_SUMo,732002.0,190.0,True,False,True,-5367.241318600001
2222.689,2,19,64,-255,malla,,False,3,SUMo,737056.0,267.0,True,False,True,-5266.5873708
2223.337,2,19,64,-255,malla,,False,4,LPo,1021995.0,286.0,True,True,True,408.17227150000014
2225.541,2,19,64,-128,malla,,False,0,PGAgain,1001167.0,11978.0,True,True,False,-6.631928099999403
2226.189,2,19,64,-128,malla,,False,1,BPo,992164.0,9880.0,True,True,False,-185.93297520000027
2226.84,2,19,64,-128,malla,,False,2,OPA_SUMo,755462.0,3795.0,True,False,False,-4900.018996600001
2230.95,2,19,64,-128,malla,,False,3,SUMo,752849.0,4367.0,True,False,False,-4952.058720699999
2232.233,2,19,64,-128,malla,,False,4,LPo,996894.0,4577.0,True,True,False,-91.7317141999999
2234.44,2,19,64,-64,malla,,False,0,PGAgain,1001472.0,8640.0,True,True,False,-0.5576396000003985
2235.09,2,19,64,-64,malla,,False,1,BPo,992546.0,11901.0,True,True,False,-178.32517779999904
2235.741,2,19,64,-64,malla,,False,2,OPA_SUMo,793972.0,3681.0,True,False,False,-4133.0653896
2236.39,2,19,64,-64,malla,,False,3,SUMo,794239.0,2670.0,True,False,False,-4127.747897699999
2237.042,2,19,64,-64,malla,,False,4,LPo,873870.0,14362.0,True,False,False,-2541.840791
2239.247,2,19,64,0,malla,,False,0,PGAgain,1000919.0,10833.0,True,True,False,-11.571021700000344
2239.897,2,19,64,0,malla,,False,1,BPo,992851.0,12207.0,True,True,False,-172.25088930000004
2240.545,2,19,64,0,malla,,False,2,OPA_SUMo,834407.0,2555.0,True,False,False,-3327.7740600999996
2241.194,2,19,64,0,malla,,False,3,SUMo,834388.0,3623.0,True,False,False,-3328.1524583999994
2241.844,2,19,64,0,malla,,False,4,LPo,732021.0,152.0,True,False,True,-5366.862920300001
2244.047,2,19,64,64,malla,,False,0,PGAgain,1001052.0,7305.0,True,True,False,-8.922233599999585
2244.695,2,19,64,64,malla,,False,1,BPo,992317.0,13484.0,True,True,False,-182.88587309999986
2245.346,2,19,64,64,malla,,False,2,OPA_SUMo,874786.0,3910.0,True,False,False,-2523.5980098000014
2245.995,2,19,64,64,malla,,False,3,SUMo,874423.0,3166.0,True,False,False,-2530.8274089
2250.115,2,19,64,64,malla,,False,4,LPo,731964.0,209.0,True,False,True,-5367.998115199999
2252.929,2,19,64,128,malla,,False,0,PGAgain,1001605.0,13027.0,True,True,False,2.0911485000003625
2253.581,2,19,64,128,malla,,False,1,BPo,992336.0,12989.0,True,True,False,-182.50747479999976
2254.231,2,19,64,128,malla,,False,2,OPA_SUMo,909862.0,3643.0,True,True,False,-1825.0349166000008
2254.882,2,19,64,128,malla,,False,3,SUMo,909233.0,3471.0,True,True,False,-1837.5618919000012
2255.532,2,19,64,128,malla,,False,4,LPo,731964.0,190.0,True,False,True,-5367.998115199999
2257.736,2,19,64,255,malla,,False,0,PGAgain,1002197.0,7820.0,True,True,False,13.881242900000055
2258.387,2,19,64,255,malla,,False,1,BPo,992317.0,14991.0,True,True,False,-182.88587309999986
2259.037,2,19,64,255,malla,,False,2,OPA_SUMo,964546.0,1296.0,True,True,False,-735.9647777999991
2259.689,2,19,64,255,malla,,False,3,SUMo,964241.0,1049.0,True,True,False,-742.0390663000003
2260.34,2,19,64,255,malla,,False,4,LPo,731925.0,228.0,True,False,True,-5368.774827500001
2262.544,2,19,64,239,abba,A1,False,0,PGAgain,1002292.0,13122.0,True,True,False,15.773234400000598
2263.191,2,19,64,239,abba,A1,False,1,BPo,992908.0,9498.0,True,True,False,-171.1156943999997
2263.839,2,19,64,239,abba,A1,False,2,OPA_SUMo,959663.0,1392.0,True,True,False,-833.2131408999999
2264.49,2,19,64,239,abba,A1,False,3,SUMo,959339.0,1678.0,True,True,False,-839.6658276999989
2265.142,2,19,64,239,abba,A1,False,4,LPo,731945.0,209.0,True,False,True,-5368.376513499999
2267.342,2,19,64,255,abba,B1,False,0,PGAgain,1002540.0,7877.0,True,True,False,20.712327999999278
2267.994,2,19,64,255,abba,B1,False,1,BPo,993175.0,12931.0,True,True,False,-165.7982025000009
2268.64,2,19,64,255,abba,B1,False,2,OPA_SUMo,963459.0,782.0,True,True,False,-757.6131437000012
2269.291,2,19,64,255,abba,B1,False,3,SUMo,963306.0,1144.0,True,True,False,-760.6602457999992
2269.937,2,19,64,255,abba,B1,False,4,LPo,731925.0,267.0,True,False,True,-5368.774827500001
2272.137,2,19,64,255,abba,B2,False,0,PGAgain,1001739.0,10929.0,True,True,False,4.759852300000652
2272.785,2,19,64,255,abba,B2,False,1,BPo,992870.0,9536.0,True,True,False,-171.8724909999999
2273.433,2,19,64,255,abba,B2,False,2,OPA_SUMo,963134.0,1411.0,True,True,False,-764.0857461999998
2274.084,2,19,64,255,abba,B2,False,3,SUMo,962848.0,1449.0,True,True,False,-769.7816364000009
2278.207,2,19,64,255,abba,B2,False,4,LPo,731906.0,228.0,True,False,True,-5369.153225800002
2281.019,2,19,64,239,abba,A2,False,0,PGAgain,1001701.0,12245.0,True,True,False,4.003055700000435
2281.667,2,19,64,239,abba,A2,False,1,BPo,993232.0,12702.0,True,True,False,-164.66300760000058
2282.319,2,19,64,239,abba,A2,False,2,OPA_SUMo,957012.0,1144.0,True,True,False,-886.0096616000012
2282.972,2,19,64,239,abba,A2,False,3,SUMo,956745.0,1754.0,True,True,False,-891.3271535
2283.598,2,19,64,239,abba,A2,False,4,LPo,731925.0,247.0,True,False,True,-5368.774827500001
2285.8,2,19,64,243,abba,A1,False,0,PGAgain,1002063.0,7896.0,True,True,False,11.212539099999765
2286.449,2,19,64,243,abba,A1,False,1,BPo,993671.0,13465.0,True,True,False,-155.92001529999902
2287.099,2,19,64,243,abba,A1,False,2,OPA_SUMo,957965.0,1544.0,True,True,False,-867.0299994999995
2287.747,2,19,64,243,abba,A1,False,3,SUMo,957622.0,1411.0,True,True,False,-873.8610846000009
2288.398,2,19,64,243,abba,A1,False,4,LPo,731964.0,209.0,True,False,True,-5367.998115199999
2290.602,2,19,64,251,abba,B1,False,0,PGAgain,1002311.0,9746.0,True,True,False,16.151632700000707
2291.254,2,19,64,251,abba,B1,False,1,BPo,993366.0,11997.0,True,True,False,-161.9943038000003
2291.908,2,19,64,251,abba,B1,False,2,OPA_SUMo,960083.0,1373.0,True,True,False,-824.8485469000007
2292.56,2,19,64,251,abba,B1,False,3,SUMo,959968.0,1258.0,True,True,False,-827.1388524000008
2293.212,2,19,64,251,abba,B1,False,4,LPo,731983.0,152.0,True,False,True,-5367.619716900002
2298.828,2,19,64,251,abba,B2,False,0,PGAgain,1001873.0,10509.0,True,True,False,7.428556100000942
2300.088,2,19,64,251,abba,B2,False,1,BPo,994186.0,10643.0,True,True,False,-145.6634297999993
2300.739,2,19,64,251,abba,B2,False,2,OPA_SUMo,959281.0,1296.0,True,True,False,-840.8209383000011
2301.385,2,19,64,251,abba,B2,False,3,SUMo,959205.0,1354.0,True,True,False,-842.3345314999992
2302.017,2,19,64,251,abba,B2,False,4,LPo,731964.0,190.0,True,False,True,-5367.998115199999
2304.221,2,19,64,243,abba,A2,False,0,PGAgain,1001644.0,8430.0,True,True,False,2.8678608000001087
2304.871,2,19,64,243,abba,A2,False,1,BPo,993919.0,12435.0,True,True,False,-150.98092170000035
2308.997,2,19,64,243,abba,A2,False,2,OPA_SUMo,957641.0,1468.0,True,True,False,-873.4826863000008
2310.242,2,19,64,243,abba,A2,False,3,SUMo,957775.0,1564.0,True,True,False,-870.8139825000005
2310.871,2,19,64,243,abba,A2,False,4,LPo,731945.0,171.0,True,False,True,-5368.376513499999
2313.074,2,19,64,245,abba,A1,False,0,PGAgain,1001777.0,10395.0,True,True,False,5.516648900000869
2313.723,2,19,64,245,abba,A1,False,1,BPo,993900.0,9727.0,True,True,False,-151.35932000000045
2314.371,2,19,64,245,abba,A1,False,2,OPA_SUMo,958423.0,1678.0,True,True,False,-857.9086089
2315.023,2,19,64,245,abba,A1,False,3,SUMo,958175.0,1640.0,True,True,False,-862.847702500001
2315.673,2,19,64,245,abba,A1,False,4,LPo,731983.0,209.0,True,False,True,-5367.619716900002
2317.874,2,19,64,249,abba,B1,False,0,PGAgain,1001758.0,9708.0,True,True,False,5.138250600000761
2318.523,2,19,64,249,abba,B1,False,1,BPo,993118.0,13256.0,True,True,False,-166.93339739999897
2319.169,2,19,64,249,abba,B1,False,2,OPA_SUMo,959491.0,1258.0,True,True,False,-836.6386413000004
2319.821,2,19,64,249,abba,B1,False,3,SUMo,959243.0,1544.0,True,True,False,-841.577734899999
2320.471,2,19,64,249,abba,B1,False,4,LPo,731945.0,152.0,True,False,True,-5368.376513499999
2322.674,2,19,64,249,abba,B2,False,0,PGAgain,1001853.0,8258.0,True,True,False,7.0302420999990405
2323.322,2,19,64,249,abba,B2,False,1,BPo,993385.0,11558.0,True,True,False,-161.6159055000002
2323.972,2,19,64,249,abba,B2,False,2,OPA_SUMo,959396.0,1506.0,True,True,False,-838.5306328000008
2324.624,2,19,64,249,abba,B2,False,3,SUMo,959224.0,877.0,True,True,False,-841.9561331999992
2325.255,2,19,64,249,abba,B2,False,4,LPo,731906.0,171.0,True,False,True,-5369.153225800002
2327.459,2,19,64,245,abba,A2,False,0,PGAgain,1002502.0,12397.0,True,True,False,19.95553139999906
2328.11,2,19,64,245,abba,A2,False,1,BPo,993652.0,8144.0,True,True,False,-156.29841359999915
2328.761,2,19,64,245,abba,A2,False,2,OPA_SUMo,958118.0,1354.0,True,True,False,-863.982897399999
2329.41,2,19,64,245,abba,A2,False,3,SUMo,958118.0,1411.0,True,True,False,-863.982897399999
2330.061,2,19,64,245,abba,A2,False,4,LPo,731964.0,171.0,True,False,True,-5367.998115199999
2392.966,2,19,0,0,referencia,,False,0,PGAgain,1001071.0,7019.0,True,True,False,-8.543835299999476
2393.615,2,19,0,0,referencia,,False,1,BPo,985355.0,12969.0,True,True,False,-321.53897649999965
2394.264,2,19,0,0,referencia,,False,2,OPA_SUMo,897769.0,2841.0,True,True,False,-2065.8754767
2394.916,2,19,0,0,referencia,,False,3,SUMo,896930.0,2460.0,True,True,False,-2082.584749000001
2395.566,2,19,0,0,referencia,,False,4,LPo,732059.0,190.0,True,False,True,-5366.106123700001
2397.768,2,19,0,-255,malla,,False,0,PGAgain,1000156.0,9231.0,True,True,False,-26.766700800001015
2398.416,2,19,0,-255,malla,,False,1,BPo,986232.0,8716.0,True,True,False,-304.0729076000006
2399.066,2,19,0,-255,malla,,False,2,OPA_SUMo,733261.0,2498.0,True,False,False,-5342.167452300001
2399.719,2,19,0,-255,malla,,False,3,SUMo,737400.0,743.0,True,False,False,-5259.7363700000005
2400.35,2,19,0,-255,malla,,False,4,LPo,1017780.0,648.0,True,True,False,324.2275959999995
2402.553,2,19,0,-128,malla,,False,0,PGAgain,1001014.0,11844.0,True,True,False,-9.6790301999998
2403.203,2,19,0,-128,malla,,False,1,BPo,986537.0,11367.0,True,True,False,-297.9986190999993
2403.848,2,19,0,-128,malla,,False,2,OPA_SUMo,810260.0,2956.0,True,False,False,-3808.6784680000005
2404.495,2,19,0,-128,malla,,False,3,SUMo,810489.0,3948.0,True,False,False,-3804.1177726999995
2405.145,2,19,0,-128,malla,,False,4,LPo,782623.0,11901.0,True,False,False,-4359.088668899999
2407.345,2,19,0,-64,malla,,False,0,PGAgain,1000900.0,8029.0,True,True,False,-11.949420000000453
2407.992,2,19,0,-64,malla,,False,1,BPo,986690.0,13294.0,True,True,False,-294.95151699999894
2408.64,2,19,0,-64,malla,,False,2,OPA_SUMo,850315.0,3414.0,True,False,False,-3010.955104499999
2409.29,2,19,0,-64,malla,,False,3,SUMo,850200.0,3032.0,True,False,False,-3013.245409999999
2409.941,2,19,0,-64,malla,,False,4,LPo,732059.0,133.0,True,False,True,-5366.106123700001
2412.144,2,19,0,0,malla,,False,0,PGAgain,1001281.0,9384.0,True,True,False,-4.361538300001015
2412.795,2,19,0,0,malla,,False,1,BPo,986671.0,11405.0,True,True,False,-295.329915299999
2413.445,2,19,0,0,malla,,False,2,OPA_SUMo,888938.0,3070.0,True,True,False,-2241.7510234000006
2417.505,2,19,0,0,malla,,False,3,SUMo,887641.0,2613.0,True,True,False,-2267.581686300001
2418.766,2,19,0,0,malla,,False,4,LPo,732078.0,152.0,True,False,True,-5365.727725400001
2420.97,2,19,0,64,malla,,False,0,PGAgain,1001300.0,9021.0,True,True,False,-3.983140000000906
2421.62,2,19,0,64,malla,,False,1,BPo,986785.0,13694.0,True,True,False,-293.05952550000063
2422.27,2,19,0,64,malla,,False,2,OPA_SUMo,925407.0,2861.0,True,True,False,-1515.4453600999993
2422.919,2,19,0,64,malla,,False,3,SUMo,924720.0,2460.0,True,True,False,-1529.1274459999995
2423.569,2,19,0,64,malla,,False,4,LPo,732078.0,133.0,True,False,True,-5365.727725400001
2427.724,2,19,0,128,malla,,False,0,PGAgain,1001548.0,7820.0,True,True,False,0.9559536000000363
2428.371,2,19,0,128,malla,,False,1,BPo,986766.0,12702.0,True,True,False,-293.43792380000076
2429.021,2,19,0,128,malla,,False,2,OPA_SUMo,953063.0,2174.0,True,True,False,-964.6567609000003
2429.671,2,19,0,128,malla,,False,3,SUMo,952682.0,1602.0,True,True,False,-972.2446425999997
2430.32,2,19,0,128,malla,,False,4,LPo,732040.0,190.0,True,False,True,-5366.484522000001
2432.523,2,19,0,255,malla,,False,0,PGAgain,1002464.0,11825.0,True,True,False,19.198734800001105
2433.173,2,19,0,255,malla,,False,1,BPo,986804.0,10395.0,True,True,False,-292.68112720000056
2437.286,2,19,0,255,malla,,False,2,OPA_SUMo,986804.0,1392.0,True,True,False,-292.68112720000056
2438.567,2,19,0,255,malla,,False,3,SUMo,986690.0,1564.0,True,True,False,-294.95151699999894
2439.217,2,19,0,255,malla,,False,4,LPo,731964.0,209.0,True,False,True,-5367.998115199999
2441.424,2,19,0,239,abba,A1,False,0,PGAgain,1002235.0,3261.0,True,True,False,14.638039500000273
2442.076,2,19,0,239,abba,A1,False,1,BPo,986633.0,4425.0,True,True,False,-296.0867118999993
2442.727,2,19,0,239,abba,A1,False,2,OPA_SUMo,982189.0,667.0,True,True,False,-384.59208270000073
2443.379,2,19,0,239,abba,A1,False,3,SUMo,981864.0,724.0,True,True,False,-391.06468519999936
2444.03,2,19,0,239,abba,A1,False,4,LPo,732002.0,114.0,True,False,True,-5367.241318600001
2446.236,2,19,0,255,abba,B1,False,0,PGAgain,1002407.0,3128.0,True,True,False,18.06353990000078
2446.884,2,19,0,255,abba,B1,False,1,BPo,987014.0,3719.0,True,True,False,-288.4988301999998
2447.531,2,19,0,255,abba,B1,False,2,OPA_SUMo,985755.0,553.0,True,True,False,-313.5726965000001
2448.183,2,19,0,255,abba,B1,False,3,SUMo,985584.0,667.0,True,True,False,-316.9782812000011
2448.831,2,19,0,255,abba,B1,False,4,LPo,731983.0,152.0,True,False,True,-5367.619716900002
2451.035,2,19,0,255,abba,B2,False,0,PGAgain,1001586.0,3280.0,True,True,False,1.7127502000002537
2451.682,2,19,0,255,abba,B2,False,1,BPo,987110.0,4882.0,True,True,False,-286.58692299999973
2452.333,2,19,0,255,abba,B2,False,2,OPA_SUMo,985298.0,591.0,True,True,False,-322.6741714
2456.498,2,19,0,255,abba,B2,False,3,SUMo,985012.0,724.0,True,True,False,-328.3700616000011
2457.761,2,19,0,255,abba,B2,False,4,LPo,732002.0,152.0,True,False,True,-5367.241318600001
2459.966,2,19,0,239,abba,A2,False,0,PGAgain,1001682.0,2803.0,True,True,False,3.624657400000326
2460.617,2,19,0,239,abba,A2,False,1,BPo,987014.0,3643.0,True,True,False,-288.4988301999998
2461.266,2,19,0,239,abba,A2,False,2,OPA_SUMo,981082.0,686.0,True,True,False,-406.6387626000001
2461.914,2,19,0,239,abba,A2,False,3,SUMo,980796.0,705.0,True,True,False,-412.33465279999905
2462.565,2,19,0,239,abba,A2,False,4,LPo,731983.0,247.0,True,False,True,-5367.619716900002
2464.77,2,19,0,243,abba,A1,False,0,PGAgain,1001567.0,2651.0,True,True,False,1.334351900000145
2465.42,2,19,0,243,abba,A1,False,1,BPo,986785.0,4787.0,True,True,False,-293.05952550000063
2466.067,2,19,0,243,abba,A1,False,2,OPA_SUMo,981616.0,667.0,True,True,False,-396.0037788000003
2466.715,2,19,0,243,abba,A1,False,3,SUMo,981426.0,915.0,True,True,False,-399.78776179999915
2467.362,2,19,0,243,abba,A1,False,4,LPo,732002.0,171.0,True,False,True,-5367.241318600001
2469.563,2,19,0,251,abba,B1,False,0,PGAgain,1002082.0,3147.0,True,True,False,11.590937399999873
2470.214,2,19,0,251,abba,B1,False,1,BPo,986728.0,3318.0,True,True,False,-294.19472040000096
2470.863,2,19,0,251,abba,B1,False,2,OPA_SUMo,983390.0,572.0,True,True,False,-360.6733270000003
2471.516,2,19,0,251,abba,B1,False,3,SUMo,983085.0,629.0,True,True,False,-366.7476154999993
2475.686,2,19,0,251,abba,B1,False,4,LPo,731983.0,114.0,True,False,True,-5367.619716900002
2478.524,2,19,0,251,abba,B2,False,0,PGAgain,1002159.0,2193.0,True,True,False,13.124446299999837
2479.174,2,19,0,251,abba,B2,False,1,BPo,987319.0,3299.0,True,True,False,-282.4245417000008
2479.825,2,19,0,251,abba,B2,False,2,OPA_SUMo,981884.0,495.0,True,True,False,-390.66637119999973
2480.472,2,19,0,251,abba,B2,False,3,SUMo,981750.0,419.0,True,True,False,-393.335075
2481.123,2,19,0,251,abba,B2,False,4,LPo,731964.0,114.0,True,False,True,-5367.998115199999
2483.328,2,19,0,243,abba,A2,False,0,PGAgain,1002197.0,2517.0,True,True,False,13.881242900000055
2487.395,2,19,0,243,abba,A2,False,1,BPo,987396.0,2727.0,True,True,False,-280.89103280000086
2488.659,2,19,0,243,abba,A2,False,2,OPA_SUMo,980720.0,705.0,True,True,False,-413.8482459999995
2489.308,2,19,0,243,abba,A2,False,3,SUMo,980625.0,514.0,True,True,False,-415.74023750000003
2489.958,2,19,0,243,abba,A2,False,4,LPo,731983.0,133.0,True,False,True,-5367.619716900002
2492.162,2,19,0,245,abba,A1,False,0,PGAgain,1001434.0,2708.0,True,True,False,-1.314436200000616
2492.814,2,19,0,245,abba,A1,False,1,BPo,987567.0,3662.0,True,True,False,-277.48544809999987
2493.467,2,19,0,245,abba,A1,False,2,OPA_SUMo,981101.0,629.0,True,True,False,-406.26036430000005
2497.533,2,19,0,245,abba,A1,False,3,SUMo,981464.0,686.0,True,True,False,-399.0309651999989
2498.796,2,19,0,245,abba,A1,False,4,LPo,732021.0,171.0,True,False,True,-5366.862920300001
2500.997,2,19,0,249,abba,B1,False,0,PGAgain,1001796.0,3395.0,True,True,False,5.895047200000978
2501.646,2,19,0,249,abba,B1,False,1,BPo,987453.0,3776.0,True,True,False,-279.75583790000053
2502.295,2,19,0,249,abba,B1,False,2,OPA_SUMo,982532.0,629.0,True,True,False,-377.76099759999926
2502.947,2,19,0,249,abba,B1,False,3,SUMo,982360.0,705.0,True,True,False,-381.18649799999974
2503.597,2,19,0,249,abba,B1,False,4,LPo,732002.0,133.0,True,False,True,-5367.241318600001
2505.799,2,19,0,249,abba,B2,False,0,PGAgain,1001834.0,2632.0,True,True,False,6.6518437999989315
2506.448,2,19,0,249,abba,B2,False,1,BPo,986976.0,3242.0,True,True,False,-289.2556268
2507.099,2,19,0,249,abba,B2,False,2,OPA_SUMo,982341.0,610.0,True,True,False,-381.5648962999999
2507.751,2,19,0,249,abba,B2,False,3,SUMo,982055.0,534.0,True,True,False,-387.260786500001
2508.403,2,19,0,249,abba,B2,False,4,LPo,732040.0,190.0,True,False,True,-5366.484522000001
2510.605,2,19,0,245,abba,A2,False,0,PGAgain,1002063.0,2918.0,True,True,False,11.212539099999765
2511.256,2,19,0,245,abba,A2,False,1,BPo,987358.0,4730.0,True,True,False,-281.64782940000106
2511.905,2,19,0,245,abba,A2,False,2,OPA_SUMo,981101.0,591.0,True,True,False,-406.26036430000005
2512.553,2,19,0,245,abba,A2,False,3,SUMo,980834.0,534.0,True,True,False,-411.57785620000107
2516.716,2,19,0,245,abba,A2,False,4,LPo,732002.0,152.0,True,False,True,-5367.241318600001
2580.241,2,19,-64,0,referencia,,False,0,PGAgain,1001262.0,2880.0,True,True,False,-4.739936600001124
2580.89,2,19,-64,0,referencia,,False,1,BPo,979709.0,4673.0,True,True,False,-433.9830187000011
2581.541,2,19,-64,0,referencia,,False,2,OPA_SUMo,945663.0,1220.0,True,True,False,-1112.0329408999999
2582.189,2,19,-64,0,referencia,,False,3,SUMo,945301.0,1277.0,True,True,False,-1119.2424242999991
2582.816,2,19,-64,0,referencia,,False,4,LPo,732078.0,171.0,True,False,True,-5365.727725400001
2585.021,2,19,-64,-255,malla,,False,0,PGAgain,1000480.0,2708.0,True,True,False,-20.314013999999638
2585.669,2,19,-64,-255,malla,,False,1,BPo,980567.0,3280.0,True,True,False,-416.89534809999986
2586.32,2,19,-64,-255,malla,,False,2,OPA_SUMo,784606.0,1964.0,True,False,False,-4319.595835800001
2590.446,2,19,-64,-255,malla,,False,3,SUMo,782489.0,1373.0,True,False,False,-4361.7573727
2591.706,2,19,-64,-255,malla,,False,4,LPo,910167.0,4043.0,True,True,False,-1818.9606280999994
2593.908,2,19,-64,-128,malla,,False,0,PGAgain,1000404.0,2155.0,True,True,False,-21.827607200000074
2594.556,2,19,-64,-128,malla,,False,1,BPo,980777.0,2880.0,True,True,False,-412.7130510999992
2595.204,2,19,-64,-128,malla,,False,2,OPA_SUMo,865230.0,1258.0,True,False,False,-2713.9124389999997
2595.849,2,19,-64,-128,malla,,False,3,SUMo,865001.0,1525.0,True,False,False,-2718.4731343000008
2596.498,2,19,-64,-128,malla,,False,4,LPo,731983.0,171.0,True,False,True,-5367.619716900002
2598.704,2,19,-64,-64,malla,,False,0,PGAgain,1000499.0,2861.0,True,True,False,-19.93561569999953
2599.355,2,19,-64,-64,malla,,False,1,BPo,980224.0,4062.0,True,True,False,-423.7264331999991
2600.006,2,19,-64,-64,malla,,False,2,OPA_SUMo,904121.0,1602.0,True,True,False,-1939.3709503000005
2600.655,2,19,-64,-64,malla,,False,3,SUMo,903511.0,1296.0,True,True,False,-1951.5195273000008
2601.303,2,19,-64,-64,malla,,False,4,LPo,732059.0,114.0,True,False,True,-5366.106123700001
2603.506,2,19,-64,0,malla,,False,0,PGAgain,1001052.0,2269.0,True,True,False,-8.922233599999585
2604.158,2,19,-64,0,malla,,False,1,BPo,980205.0,3662.0,True,True,False,-424.1048314999992
2604.809,2,19,-64,0,malla,,False,2,OPA_SUMo,938739.0,1125.0,True,True,False,-1249.9292476999995
2605.46,2,19,-64,0,malla,,False,3,SUMo,938186.0,1411.0,True,True,False,-1260.9426297999994
2606.112,2,19,-64,0,malla,,False,4,LPo,732040.0,190.0,True,False,True,-5366.484522000001
2608.318,2,19,-64,64,malla,,False,0,PGAgain,1001415.0,3013.0,True,True,False,-1.6928345000007246
2608.968,2,19,-64,64,malla,,False,1,BPo,980262.0,4100.0,True,True,False,-422.96963660000114
2609.621,2,19,-64,64,malla,,False,2,OPA_SUMo,961513.0,648.0,True,True,False,-796.3690958999994
2610.272,2,19,-64,64,malla,,False,3,SUMo,961265.0,743.0,True,True,False,-801.3081895000004
2610.924,2,19,-64,64,malla,,False,4,LPo,732021.0,190.0,True,False,True,-5366.862920300001
2613.128,2,19,-64,128,malla,,False,0,PGAgain,1001758.0,2441.0,True,True,False,5.138250600000761
2613.781,2,19,-64,128,malla,,False,1,BPo,980892.0,3719.0,True,True,False,-410.42274559999896
2614.426,2,19,-64,128,malla,,False,2,OPA_SUMo,977687.0,743.0,True,True,False,-474.2525640999998
2618.534,2,19,-64,128,malla,,False,3,SUMo,977745.0,724.0,True,True,False,-473.0974534999999
2619.816,2,19,-64,128,malla,,False,4,LPo,731983.0,209.0,True,False,True,-5367.619716900002
2622.015,2,19,-64,255,malla,,False,0,PGAgain,1002197.0,10414.0,True,True,False,13.881242900000055
2622.667,2,19,-64,255,malla,,False,1,BPo,980472.0,15068.0,True,True,False,-418.7873396000004
2623.317,2,19,-64,255,malla,,False,2,OPA_SUMo,1010055.0,1049.0,True,True,False,170.378813499999
2623.968,2,19,-64,255,malla,,False,3,SUMo,1009769.0,1144.0,True,True,False,164.6829233000001
2624.599,2,19,-64,255,malla,,False,4,LPo,731925.0,190.0,True,False,True,-5368.774827500001
2626.805,2,19,-64,239,abba,A1,False,0,PGAgain,1001510.0,9002.0,True,True,False,0.19915699999981887
2627.452,2,19,-64,239,abba,A1,False,1,BPo,980377.0,12207.0,True,True,False,-420.679331100001
2628.104,2,19,-64,239,abba,A1,False,2,OPA_SUMo,1005229.0,1163.0,True,True,False,74.26564530000084
2628.753,2,19,-64,239,abba,A1,False,3,SUMo,1005077.0,1411.0,True,True,False,71.23845889999997
2629.402,2,19,-64,239,abba,A1,False,4,LPo,731983.0,171.0,True,False,True,-5367.619716900002
2631.603,2,19,-64,255,abba,B1,False,0,PGAgain,1001758.0,15373.0,True,True,False,5.138250600000761
2632.254,2,19,-64,255,abba,B1,False,1,BPo,980434.0,10852.0,True,True,False,-419.54413620000065
2632.905,2,19,-64,255,abba,B1,False,2,OPA_SUMo,1008911.0,1220.0,True,True,False,147.5952526999989
2633.555,2,19,-64,255,abba,B1,False,3,SUMo,1008586.0,1373.0,True,True,False,141.12265020000027
2634.206,2,19,-64,255,abba,B1,False,4,LPo,732002.0,247.0,True,False,True,-5367.241318600001
2636.409,2,19,-64,255,abba,B2,False,0,PGAgain,1002006.0,13046.0,True,True,False,10.07734419999944
2637.058,2,19,-64,255,abba,B2,False,1,BPo,980892.0,16098.0,True,True,False,-410.42274559999896
2637.709,2,19,-64,255,abba,B2,False,2,OPA_SUMo,1008472.0,1316.0,True,True,False,138.8522603999996
2638.36,2,19,-64,255,abba,B2,False,3,SUMo,1008186.0,1525.0,True,True,False,133.1563702000007
2639.009,2,19,-64,255,abba,B2,False,4,LPo,732021.0,247.0,True,False,True,-5366.862920300001
2641.212,2,19,-64,239,abba,A2,False,0,PGAgain,1002101.0,11444.0,True,True,False,11.969335699999982
2641.863,2,19,-64,239,abba,A2,False,1,BPo,981082.0,12931.0,True,True,False,-406.6387626000001
2642.515,2,19,-64,239,abba,A2,False,2,OPA_SUMo,1003894.0,1373.0,True,True,False,47.67818580000011
2646.577,2,19,-64,239,abba,A2,False,3,SUMo,1004295.0,820.0,True,True,False,55.66438149999919
2647.822,2,19,-64,239,abba,A2,False,4,LPo,732078.0,247.0,True,False,True,-5365.727725400001
2650.024,2,19,-64,243,abba,A1,False,0,PGAgain,1002349.0,14972.0,True,True,False,16.908429300000925
2650.676,2,19,-64,243,abba,A1,False,1,BPo,980949.0,14438.0,True,True,False,-409.2875507000009
2651.327,2,19,-64,243,abba,A1,False,2,OPA_SUMo,1005096.0,1220.0,True,True,False,71.61685720000007
2651.976,2,19,-64,243,abba,A1,False,3,SUMo,1004981.0,1373.0,True,True,False,69.3265516999999
2652.626,2,19,-64,243,abba,A1,False,4,LPo,732097.0,171.0,True,False,True,-5365.349327100001
2656.777,2,19,-64,251,abba,B1,False,0,PGAgain,1001682.0,13771.0,True,True,False,3.624657400000326
2657.426,2,19,-64,251,abba,B1,False,1,BPo,980911.0,14305.0,True,True,False,-410.0443473000011
2658.076,2,19,-64,251,abba,B1,False,2,OPA_SUMo,1006202.0,1296.0,True,True,False,93.64362139999997
2658.729,2,19,-64,251,abba,B1,False,3,SUMo,1005973.0,1735.0,True,True,False,89.08292609999914
2659.376,2,19,-64,251,abba,B1,False,4,LPo,732116.0,228.0,True,False,True,-5364.9709288
2661.582,2,19,-64,251,abba,B2,False,0,PGAgain,1001873.0,10662.0,True,True,False,7.428556100000942
2662.231,2,19,-64,251,abba,B2,False,1,BPo,980815.0,14305.0,True,True,False,-411.9562544999989
2666.335,2,19,-64,251,abba,B2,False,2,OPA_SUMo,1006469.0,1373.0,True,True,False,98.96111330000102
2667.599,2,19,-64,251,abba,B2,False,3,SUMo,1006469.0,1392.0,True,True,False,98.96111330000102
2668.25,2,19,-64,251,abba,B2,False,4,LPo,732154.0,247.0,True,False,True,-5364.214132200001
2670.454,2,19,-64,243,abba,A2,False,0,PGAgain,1001682.0,12416.0,True,True,False,3.624657400000326
2671.101,2,19,-64,243,abba,A2,False,1,BPo,980319.0,12702.0,True,True,False,-421.8344417000008
2671.751,2,19,-64,243,abba,A2,False,2,OPA_SUMo,1004467.0,1335.0,True,True,False,59.089881899999696
2672.403,2,19,-64,243,abba,A2,False,3,SUMo,1004104.0,1411.0,True,True,False,51.86048280000084
2673.052,2,19,-64,243,abba,A2,False,4,LPo,732116.0,190.0,True,False,True,-5364.9709288
2677.203,2,19,-64,245,abba,A1,False,0,PGAgain,1001892.0,10013.0,True,True,False,7.806954400001051
2677.852,2,19,-64,245,abba,A1,False,1,BPo,981311.0,12893.0,True,True,False,-402.0780672999993
2678.504,2,19,-64,245,abba,A1,False,2,OPA_SUMo,1004047.0,1277.0,True,True,False,50.72528790000051
2679.156,2,19,-64,245,abba,A1,False,3,SUMo,1003837.0,1029.0,True,True,False,46.542990899999786
2679.804,2,19,-64,245,abba,A1,False,4,LPo,732116.0,228.0,True,False,True,-5364.9709288
2682.008,2,19,-64,249,abba,B1,False,0,PGAgain,1001529.0,12512.0,True,True,False,0.5775552999999276
2682.656,2,19,-64,249,abba,B1,False,1,BPo,981884.0,12626.0,True,True,False,-390.66637119999973
2686.721,2,19,-64,249,abba,B1,False,2,OPA_SUMo,1005554.0,1468.0,True,True,False,80.73824779999948
2687.977,2,19,-64,249,abba,B1,False,3,SUMo,1005382.0,1106.0,True,True,False,77.31274739999897
2688.626,2,19,-64,249,abba,B1,False,4,LPo,732116.0,152.0,True,False,True,-5364.9709288
2690.827,2,19,-64,249,abba,B2,False,0,PGAgain,1001720.0,12340.0,True,True,False,4.381454000000543
2691.475,2,19,-64,249,abba,B2,False,1,BPo,981140.0,12893.0,True,True,False,-405.4836520000003
2692.125,2,19,-64,249,abba,B2,False,2,OPA_SUMo,1005420.0,1296.0,True,True,False,78.06954399999918
2692.775,2,19,-64,249,abba,B2,False,3,SUMo,1005153.0,858.0,True,True,False,72.7520521000004
2693.427,2,19,-64,249,abba,B2,False,4,LPo,732078.0,171.0,True,False,True,-5365.727725400001
2695.629,2,19,-64,245,abba,A2,False,0,PGAgain,1001739.0,12550.0,True,True,False,4.759852300000652
2696.276,2,19,-64,245,abba,A2,False,1,BPo,980873.0,8869.0,True,True,False,-410.8011438999991
2696.925,2,19,-64,245,abba,A2,False,2,OPA_SUMo,1004180.0,972.0,True,True,False,53.37407599999901
2697.573,2,19,-64,245,abba,A2,False,3,SUMo,1003971.0,1239.0,True,True,False,49.21169470000007
2698.225,2,19,-64,245,abba,A2,False,4,LPo,732116.0,190.0,True,False,True,-5364.9709288
2761.139,2,19,-128,0,referencia,,False,0,PGAgain,1001453.0,6732.0,True,True,False,-0.9360379000005072
2761.79,2,19,-128,0,referencia,,False,1,BPo,973377.0,11062.0,True,True,False,-560.0892311000009
2762.441,2,19,-128,0,referencia,,False,2,OPA_SUMo,971584.0,1277.0,True,True,False,-595.7980812000011
2763.087,2,19,-128,0,referencia,,False,3,SUMo,971393.0,953.0,True,True,False,-599.6019798999995
2763.74,2,19,-128,0,referencia,,False,4,LPo,732116.0,209.0,True,False,True,-5364.9709288
2765.941,2,19,-128,-255,malla,,False,0,PGAgain,1000862.0,8525.0,True,True,False,-12.70621660000067
2766.589,2,19,-128,-255,malla,,False,1,BPo,974445.0,12111.0,True,True,False,-538.819263499999
2767.239,2,19,-128,-255,malla,,False,2,OPA_SUMo,841388.0,4234.0,True,False,False,-3188.7425583999993
2767.89,2,19,-128,-255,malla,,False,3,SUMo,841522.0,3032.0,True,False,False,-3186.0738545999993
2768.542,2,19,-128,-255,malla,,False,4,LPo,732097.0,171.0,True,False,True,-5365.349327100001
2770.746,2,19,-128,-128,malla,,False,0,PGAgain,1000308.0,7095.0,True,True,False,-23.739514400000147
2771.395,2,19,-128,-128,malla,,False,1,BPo,974636.0,10757.0,True,True,False,-535.0153648000007
2772.043,2,19,-128,-128,malla,,False,2,OPA_SUMo,920143.0,2708.0,True,True,False,-1620.2816048999996
2772.691,2,19,-128,-128,malla,,False,3,SUMo,919647.0,2269.0,True,True,False,-1630.159792099999
2773.343,2,19,-128,-128,malla,,False,4,LPo,732135.0,228.0,True,False,True,-5364.5925305
2775.545,2,19,-128,-64,malla,,False,0,PGAgain,1000690.0,8411.0,True,True,False,-16.131716999998915
2776.196,2,19,-128,-64,malla,,False,1,BPo,973968.0,12359.0,True,True,False,-548.3190524000008
2776.846,2,19,-128,-64,malla,,False,2,OPA_SUMo,950298.0,1697.0,True,True,False,-1019.7236714000001
2777.499,2,19,-128,-64,malla,,False,3,SUMo,950107.0,1811.0,True,True,False,-1023.5275701000006
2778.147,2,19,-128,-64,malla,,False,4,LPo,732135.0,228.0,True,False,True,-5364.5925305
2780.349,2,19,-128,0,malla,,False,0,PGAgain,1001167.0,11520.0,True,True,False,-6.631928099999403
2780.999,2,19,-128,0,malla,,False,1,BPo,974025.0,12493.0,True,True,False,-547.1838575000005
2781.647,2,19,-128,0,malla,,False,2,OPA_SUMo,968189.0,1068.0,True,True,False,-663.4118827000008
2782.296,2,19,-128,0,malla,,False,3,SUMo,967941.0,1220.0,True,True,False,-668.3509762999994
2782.925,2,19,-128,0,malla,,False,4,LPo,732078.0,247.0,True,False,True,-5365.727725400001
2785.13,2,19,-128,64,malla,,False,0,PGAgain,1001319.0,10185.0,True,True,False,-3.604741700000797
2785.777,2,19,-128,64,malla,,False,1,BPo,974140.0,11310.0,True,True,False,-544.8935520000003
2786.428,2,19,-128,64,malla,,False,2,OPA_SUMo,984210.0,1010.0,True,True,False,-344.3424529999993
2787.076,2,19,-128,64,malla,,False,3,SUMo,984039.0,1182.0,True,True,False,-347.7480377000003
2787.725,2,19,-128,64,malla,,False,4,LPo,732154.0,171.0,True,False,True,-5364.214132200001
2789.928,2,19,-128,128,malla,,False,0,PGAgain,1001873.0,9651.0,True,True,False,7.428556100000942
2790.577,2,19,-128,128,malla,,False,1,BPo,974388.0,7801.0,True,True,False,-539.9544583999993
2791.225,2,19,-128,128,malla,,False,2,OPA_SUMo,1000099.0,953.0,True,True,False,-27.901895699999077
2791.873,2,19,-128,128,malla,,False,3,SUMo,999889.0,1239.0,True,True,False,-32.084192699999804
2792.521,2,19,-128,128,malla,,False,4,LPo,732059.0,171.0,True,False,True,-5366.106123700001
2794.727,2,19,-128,255,malla,,False,0,PGAgain,1001682.0,9880.0,True,True,False,3.624657400000326
2795.377,2,19,-128,255,malla,,False,1,BPo,974006.0,9689.0,True,True,False,-547.5622558000006
2796.025,2,19,-128,255,malla,,False,2,OPA_SUMo,1032028.0,1277.0,True,True,False,607.9864896000005
2796.671,2,19,-128,255,malla,,False,3,SUMo,1031703.0,1125.0,True,True,False,601.5138870999996
2797.303,2,19,-128,255,malla,,False,4,LPo,732040.0,171.0,True,False,True,-5366.484522000001
2802.967,2,19,-128,120,abba,A1,False,0,PGAgain,1001529.0,7152.0,True,True,False,0.5775552999999276
2804.229,2,19,-128,120,abba,A1,False,1,BPo,974311.0,11157.0,True,True,False,-541.4879672999994
2804.88,2,19,-128,120,abba,A1,False,2,OPA_SUMo,997314.0,858.0,True,True,False,-83.36712020000071
2805.529,2,19,-128,120,abba,A1,False,3,SUMo,997219.0,1316.0,True,True,False,-85.259111699999
2806.176,2,19,-128,120,abba,A1,False,4,LPo,732078.0,133.0,True,False,True,-5365.727725400001
2808.38,2,19,-128,136,abba,B1,False,0,PGAgain,1001300.0,9021.0,True,True,False,-3.983140000000906
2809.028,2,19,-128,136,abba,B1,False,1,BPo,974197.0,8831.0,True,True,False,-543.7583571
2809.674,2,19,-128,136,abba,B1,False,2,OPA_SUMo,1001129.0,934.0,True,True,False,-7.38872469999962
2810.324,2,19,-128,136,abba,B1,False,3,SUMo,1000843.0,1049.0,True,True,False,-13.08461490000078
2810.974,2,19,-128,136,abba,B1,False,4,LPo,732097.0,152.0,True,False,True,-5365.349327100001
2813.181,2,19,-128,136,abba,B2,False,0,PGAgain,1001758.0,8430.0,True,True,False,5.138250600000761
2813.829,2,19,-128,136,abba,B2,False,1,BPo,974941.0,7438.0,True,True,False,-528.9410762999994
2814.477,2,19,-128,136,abba,B2,False,2,OPA_SUMo,1000709.0,1125.0,True,True,False,-15.753318700001069
2815.128,2,19,-128,136,abba,B2,False,3,SUMo,1000499.0,1010.0,True,True,False,-19.93561569999953
2815.781,2,19,-128,136,abba,B2,False,4,LPo,732097.0,190.0,True,False,True,-5365.349327100001
2817.983,2,19,-128,120,abba,A2,False,0,PGAgain,1001834.0,6294.0,True,True,False,6.6518437999989315
2822.091,2,19,-128,120,abba,A2,False,1,BPo,974502.0,11711.0,True,True,False,-537.684068600001
2823.355,2,19,-128,120,abba,A2,False,2,OPA_SUMo,996665.0,1106.0,True,True,False,-96.29240950000073
2824.004,2,19,-128,120,abba,A2,False,3,SUMo,996322.0,1220.0,True,True,False,-103.12349459999996
2824.656,2,19,-128,120,abba,A2,False,4,LPo,732021.0,190.0,True,False,True,-5366.862920300001
2826.862,2,19,-128,124,abba,A1,False,0,PGAgain,1001529.0,10719.0,True,True,False,0.5775552999999276
2827.514,2,19,-128,124,abba,A1,False,1,BPo,975761.0,7495.0,True,True,False,-512.6102023000007
2828.166,2,19,-128,124,abba,A1,False,2,OPA_SUMo,997333.0,1029.0,True,True,False,-82.9887219000006
2832.333,2,19,-128,124,abba,A1,False,3,SUMo,997180.0,1449.0,True,True,False,-86.035824000001
2833.597,2,19,-128,124,abba,A1,False,4,LPo,732078.0,152.0,True,False,True,-5365.727725400001
2835.8,2,19,-128,132,abba,B1,False,0,PGAgain,1001586.0,11177.0,True,True,False,1.7127502000002537
2836.447,2,19,-128,132,abba,B1,False,1,BPo,975074.0,13389.0,True,True,False,-526.2922882000009
2837.097,2,19,-128,132,abba,B1,False,2,OPA_SUMo,999660.0,1068.0,True,True,False,-36.644888000000634
2837.745,2,19,-128,132,abba,B1,False,3,SUMo,999412.0,953.0,True,True,False,-41.58398159999931
2838.392,2,19,-128,132,abba,B1,False,4,LPo,732040.0,171.0,True,False,True,-5366.484522000001
2840.591,2,19,-128,132,abba,B2,False,0,PGAgain,1001110.0,9841.0,True,True,False,-7.767122999999729
2841.24,2,19,-128,132,abba,B2,False,1,BPo,974559.0,10643.0,True,True,False,-536.5488737000006
2841.887,2,19,-128,132,abba,B2,False,2,OPA_SUMo,999317.0,839.0,True,True,False,-43.475973099999855
2842.535,2,19,-128,132,abba,B2,False,3,SUMo,999088.0,1335.0,True,True,False,-48.03666840000069
2843.185,2,19,-128,132,abba,B2,False,4,LPo,732116.0,171.0,True,False,True,-5364.9709288
2845.386,2,19,-128,124,abba,A2,False,0,PGAgain,1000576.0,10166.0,True,True,False,-18.402106799999565
2846.035,2,19,-128,124,abba,A2,False,1,BPo,974731.0,9441.0,True,True,False,-533.1233733000001
2846.685,2,19,-128,124,abba,A2,False,2,OPA_SUMo,996990.0,877.0,True,True,False,-89.81980699999983
2847.334,2,19,-128,124,abba,A2,False,3,SUMo,996704.0,1029.0,True,True,False,-95.51569720000099
2847.984,2,19,-128,124,abba,A2,False,4,LPo,732059.0,133.0,True,False,True,-5366.106123700001
2850.189,2,19,-128,126,abba,A1,False,0,PGAgain,1001605.0,8659.0,True,True,False,2.0911485000003625
2850.837,2,19,-128,126,abba,A1,False,1,BPo,974750.0,9860.0,True,True,False,-532.7449750000001
2851.485,2,19,-128,126,abba,A1,False,2,OPA_SUMo,997161.0,1258.0,True,True,False,-86.41422230000111
2852.134,2,19,-128,126,abba,A1,False,3,SUMo,996952.0,1239.0,True,True,False,-90.57660360000004
2852.783,2,19,-128,126,abba,A1,False,4,LPo,732078.0,152.0,True,False,True,-5365.727725400001
2854.985,2,19,-128,130,abba,B1,False,0,PGAgain,1001358.0,8945.0,True,True,False,-2.828029400001051
2855.636,2,19,-128,130,abba,B1,False,1,BPo,975322.0,9708.0,True,True,False,-521.3531945999999
2856.283,2,19,-128,130,abba,B1,False,2,OPA_SUMo,997924.0,1373.0,True,True,False,-71.21854320000044
2860.444,2,19,-128,130,abba,B1,False,3,SUMo,997772.0,877.0,True,True,False,-74.24572959999904
2861.704,2,19,-128,130,abba,B1,False,4,LPo,732021.0,228.0,True,False,True,-5366.862920300001
2863.905,2,19,-128,130,abba,B2,False,0,PGAgain,1001338.0,9193.0,True,True,False,-3.2263434000006885
2864.554,2,19,-128,130,abba,B2,False,1,BPo,975170.0,8583.0,True,True,False,-524.3803810000009
2865.205,2,19,-128,130,abba,B2,False,2,OPA_SUMo,998382.0,1239.0,True,True,False,-62.09715260000104
2865.855,2,19,-128,130,abba,B2,False,3,SUMo,998191.0,1010.0,True,True,False,-65.90105129999938
2866.506,2,19,-128,130,abba,B2,False,4,LPo,732078.0,209.0,True,False,True,-5365.727725400001
2872.117,2,19,-128,126,abba,A2,False,0,PGAgain,1001739.0,8869.0,True,True,False,4.759852300000652
2873.397,2,19,-128,126,abba,A2,False,1,BPo,975589.0,9384.0,True,True,False,-516.035702699999
2874.046,2,19,-128,126,abba,A2,False,2,OPA_SUMo,996265.0,1010.0,True,True,False,-104.25868950000027
2874.696,2,19,-128,126,abba,A2,False,3,SUMo,996093.0,1144.0,True,True,False,-107.68418990000079
2875.341,2,19,-128,126,abba,A2,False,4,LPo,732097.0,190.0,True,False,True,-5365.349327100001
2938.253,2,19,-192,0,referencia,,False,0,PGAgain,1000728.0,7114.0,True,True,False,-15.374920400000962
2938.905,2,19,-192,0,referencia,,False,1,BPo,967102.0,3585.0,True,True,False,-685.0602486000005
2939.555,2,19,-192,0,referencia,,False,2,OPA_SUMo,993099.0,686.0,True,True,False,-167.3117956999991
2940.205,2,19,-192,0,referencia,,False,3,SUMo,992736.0,591.0,True,True,False,-174.5411948000002
2944.368,2,19,-192,0,referencia,,False,4,LPo,732116.0,171.0,True,False,True,-5364.9709288
2947.204,2,19,-192,-255,malla,,False,0,PGAgain,1000232.0,3089.0,True,True,False,-25.253107600000583
2947.853,2,19,-192,-255,malla,,False,1,BPo,968341.0,3814.0,True,True,False,-660.3846962999999
2948.502,2,19,-192,-255,malla,,False,2,OPA_SUMo,891361.0,1640.0,True,True,False,-2193.4952823000003
2949.152,2,19,-192,-255,malla,,False,3,SUMo,890941.0,1659.0,True,True,False,-2201.8598762999995
2949.803,2,19,-192,-255,malla,,False,4,LPo,732059.0,114.0,True,False,True,-5366.106123700001
2952.008,2,19,-192,-128,malla,,False,0,PGAgain,1000995.0,2708.0,True,True,False,-10.05742849999991
2952.656,2,19,-192,-128,malla,,False,1,BPo,968418.0,3852.0,True,True,False,-658.8511874
2953.306,2,19,-192,-128,malla,,False,2,OPA_SUMo,956268.0,514.0,True,True,False,-900.8269423999994
2953.957,2,19,-192,-128,malla,,False,3,SUMo,956020.0,724.0,True,True,False,-905.7660360000004
2954.588,2,19,-192,-128,malla,,False,4,LPo,732078.0,171.0,True,False,True,-5365.727725400001
2956.79,2,19,-192,-64,malla,,False,0,PGAgain,1000690.0,2937.0,True,True,False,-16.131716999998915
2957.442,2,19,-192,-64,malla,,False,1,BPo,968780.0,3032.0,True,True,False,-651.6417040000006
2958.092,2,19,-192,-64,malla,,False,2,OPA_SUMo,972862.0,629.0,True,True,False,-570.3458166000007
2958.742,2,19,-192,-64,malla,,False,3,SUMo,972652.0,476.0,True,True,False,-574.5281135999992
2959.373,2,19,-192,-64,malla,,False,4,LPo,732116.0,209.0,True,False,True,-5364.9709288
2961.575,2,19,-192,0,malla,,False,0,PGAgain,1001129.0,3147.0,True,True,False,-7.38872469999962
2962.224,2,19,-192,0,malla,,False,1,BPo,968532.0,4482.0,True,True,False,-656.5807975999993
2962.871,2,19,-192,0,malla,,False,2,OPA_SUMo,988807.0,610.0,True,True,False,-252.7899800999997
2963.519,2,19,-192,0,malla,,False,3,SUMo,988502.0,839.0,True,True,False,-258.86426860000097
2964.145,2,19,-192,0,malla,,False,4,LPo,732116.0,190.0,True,False,True,-5364.9709288
2966.35,2,19,-192,64,malla,,False,0,PGAgain,1000900.0,2613.0,True,True,False,-11.949420000000453
2967.0,2,19,-192,64,malla,,False,1,BPo,968055.0,4405.0,True,True,False,-666.080586500001
2967.651,2,19,-192,64,malla,,False,2,OPA_SUMo,1004962.0,724.0,True,True,False,68.94815339999978
2968.305,2,19,-192,64,malla,,False,3,SUMo,1004676.0,705.0,True,True,False,63.25226320000089
2968.953,2,19,-192,64,malla,,False,4,LPo,732059.0,190.0,True,False,True,-5366.106123700001
2971.158,2,19,-192,128,malla,,False,0,PGAgain,1001377.0,3604.0,True,True,False,-2.449631100000942
2971.807,2,19,-192,128,malla,,False,1,BPo,967884.0,4177.0,True,True,False,-669.4861711999997
2972.459,2,19,-192,128,malla,,False,2,OPA_SUMo,1020870.0,686.0,True,True,False,385.7671090000001
2973.109,2,19,-192,128,malla,,False,3,SUMo,1020565.0,514.0,True,True,False,379.6928205000011
2973.759,2,19,-192,128,malla,,False,4,LPo,732116.0,190.0,True,False,True,-5364.9709288
2975.96,2,19,-192,255,malla,,False,0,PGAgain,1001911.0,3395.0,True,True,False,8.185352699998896
2976.608,2,19,-192,255,malla,,False,1,BPo,968189.0,4234.0,True,True,False,-663.4118827000008
2977.258,2,19,-192,255,malla,,False,2,OPA_SUMo,1052608.0,686.0,True,True,False,1017.851595599999
2981.38,2,19,-192,255,malla,,False,3,SUMo,1052818.0,591.0,True,True,False,1022.0338925999997
2982.639,2,19,-192,255,malla,,False,4,LPo,732021.0,209.0,True,False,True,-5366.862920300001
2984.839,2,19,-192,56,abba,A1,False,0,PGAgain,1001319.0,3185.0,True,True,False,-3.604741700000797
2985.491,2,19,-192,56,abba,A1,False,1,BPo,968933.0,4005.0,True,True,False,-648.5946019000002
2986.142,2,19,-192,56,abba,A1,False,2,OPA_SUMo,1001930.0,610.0,True,True,False,8.563750999999003
2986.794,2,19,-192,56,abba,A1,False,3,SUMo,1001720.0,667.0,True,True,False,4.381454000000543
2987.443,2,19,-192,56,abba,A1,False,4,LPo,732097.0,190.0,True,False,True,-5365.349327100001
2989.648,2,19,-192,72,abba,B1,False,0,PGAgain,1001148.0,3433.0,True,True,False,-7.010326399999511
2990.295,2,19,-192,72,abba,B1,False,1,BPo,968990.0,5187.0,True,True,False,-647.4594069999998
2990.946,2,19,-192,72,abba,B1,False,2,OPA_SUMo,1005783.0,705.0,True,True,False,85.29894310000032
2991.596,2,19,-192,72,abba,B1,False,3,SUMo,1005592.0,686.0,True,True,False,81.4950443999997
2992.225,2,19,-192,72,abba,B1,False,4,LPo,731983.0,171.0,True,False,True,-5367.619716900002
2994.425,2,19,-192,72,abba,B2,False,0,PGAgain,1000976.0,3414.0,True,True,False,-10.435826800000019
2995.07,2,19,-192,72,abba,B2,False,1,BPo,968952.0,4081.0,True,True,False,-648.2162036000001
2995.718,2,19,-192,72,abba,B2,False,2,OPA_SUMo,1005516.0,820.0,True,True,False,79.98145119999926
2996.368,2,19,-192,72,abba,B2,False,3,SUMo,1005229.0,839.0,True,True,False,74.26564530000084
3000.493,2,19,-192,72,abba,B2,False,4,LPo,732116.0,114.0,True,False,True,-5364.9709288
3003.288,2,19,-192,56,abba,A2,False,0,PGAgain,1000976.0,3757.0,True,True,False,-10.435826800000019
3003.936,2,19,-192,56,abba,A2,False,1,BPo,968856.0,4615.0,True,True,False,-650.1281108000002
3004.586,2,19,-192,56,abba,A2,False,2,OPA_SUMo,999908.0,591.0,True,True,False,-31.705794399999693
3005.232,2,19,-192,56,abba,A2,False,3,SUMo,999603.0,686.0,True,True,False,-37.78008290000096
3005.879,2,19,-192,56,abba,A2,False,4,LPo,732212.0,152.0,True,False,True,-5363.0590216
3008.079,2,19,-192,60,abba,A1,False,0,PGAgain,1001491.0,3585.0,True,True,False,-0.17924130000028982
3008.731,2,19,-192,60,abba,A1,False,1,BPo,969600.0,4234.0,True,True,False,-635.3108299999996
3009.381,2,19,-192,60,abba,A1,False,2,OPA_SUMo,1000728.0,591.0,True,True,False,-15.374920400000962
3010.031,2,19,-192,60,abba,A1,False,3,SUMo,1000652.0,534.0,True,True,False,-16.888513599999133
3010.678,2,19,-192,60,abba,A1,False,4,LPo,732154.0,152.0,True,False,True,-5364.214132200001
3012.885,2,19,-192,68,abba,B1,False,0,PGAgain,1001663.0,3280.0,True,True,False,3.2462591000002177
3013.535,2,19,-192,68,abba,B1,False,1,BPo,969276.0,4558.0,True,True,False,-641.763516800001
3014.186,2,19,-192,68,abba,B1,False,2,OPA_SUMo,1002883.0,686.0,True,True,False,27.543413100000762
3014.834,2,19,-192,68,abba,B1,False,3,SUMo,1002693.0,591.0,True,True,False,23.759430099999676
3015.464,2,19,-192,68,abba,B1,False,4,LPo,732154.0,152.0,True,False,True,-5364.214132200001
3021.081,2,19,-192,68,abba,B2,False,0,PGAgain,1000823.0,4024.0,True,True,False,-13.482928900000417
3022.341,2,19,-192,68,abba,B2,False,1,BPo,969810.0,5207.0,True,True,False,-631.1285330000011
3022.991,2,19,-192,68,abba,B2,False,2,OPA_SUMo,1002140.0,591.0,True,True,False,12.746047999999728
3023.643,2,19,-192,68,abba,B2,False,3,SUMo,1002006.0,934.0,True,True,False,10.07734419999944
3024.272,2,19,-192,68,abba,B2,False,4,LPo,732116.0,152.0,True,False,True,-5364.9709288
3026.474,2,19,-192,60,abba,A2,False,0,PGAgain,1000995.0,2899.0,True,True,False,-10.05742849999991
3027.124,2,19,-192,60,abba,A2,False,1,BPo,969676.0,4196.0,True,True,False,-633.7972367999992
3031.219,2,19,-192,60,abba,A2,False,2,OPA_SUMo,1000995.0,705.0,True,True,False,-10.05742849999991
3032.48,2,19,-192,60,abba,A2,False,3,SUMo,1001033.0,514.0,True,True,False,-9.300631899999692
3033.127,2,19,-192,60,abba,A2,False,4,LPo,732173.0,190.0,True,False,True,-5363.8357339
3035.329,2,19,-192,62,abba,A1,False,0,PGAgain,1000919.0,3013.0,True,True,False,-11.571021700000344
3035.978,2,19,-192,62,abba,A1,False,1,BPo,968723.0,3566.0,True,True,False,-652.7768989000009
3036.628,2,19,-192,62,abba,A1,False,2,OPA_SUMo,1001701.0,495.0,True,True,False,4.003055700000435
3037.28,2,19,-192,62,abba,A1,False,3,SUMo,1001453.0,438.0,True,True,False,-0.9360379000005072
3037.932,2,19,-192,62,abba,A1,False,4,LPo,732135.0,171.0,True,False,True,-5364.5925305
3040.131,2,19,-192,66,abba,B1,False,0,PGAgain,1000823.0,2632.0,True,True,False,-13.482928900000417
3040.78,2,19,-192,66,abba,B1,False,1,BPo,968780.0,3776.0,True,True,False,-651.6417040000006
3041.43,2,19,-192,66,abba,B1,False,2,OPA_SUMo,1002616.0,629.0,True,True,False,22.22592119999971
3042.081,2,19,-192,66,abba,B1,False,3,SUMo,1002349.0,743.0,True,True,False,16.908429300000925
3042.711,2,19,-192,66,abba,B1,False,4,LPo,732135.0,133.0,True,False,True,-5364.5925305
3044.918,2,19,-192,66,abba,B2,False,0,PGAgain,1001262.0,2651.0,True,True,False,-4.739936600001124
3045.567,2,19,-192,66,abba,B2,False,1,BPo,969734.0,4196.0,True,True,False,-632.6421261999993
3046.217,2,19,-192,66,abba,B2,False,2,OPA_SUMo,1002540.0,610.0,True,True,False,20.712327999999278
3046.866,2,19,-192,66,abba,B2,False,3,SUMo,1002254.0,762.0,True,True,False,15.01643780000038
3047.515,2,19,-192,66,abba,B2,False,4,LPo,732135.0,152.0,True,False,True,-5364.5925305
3049.719,2,19,-192,62,abba,A2,False,0,PGAgain,1001873.0,3070.0,True,True,False,7.428556100000942
3050.368,2,19,-192,62,abba,A2,False,1,BPo,969543.0,3719.0,True,True,False,-636.4460248999999
3051.015,2,19,-192,62,abba,A2,False,2,OPA_SUMo,1001396.0,629.0,True,True,False,-2.0712328000008333
3051.661,2,19,-192,62,abba,A2,False,3,SUMo,1001243.0,705.0,True,True,False,-5.118334899998968
3052.313,2,19,-192,62,abba,A2,False,4,LPo,732135.0,133.0,True,False,True,-5364.5925305
3115.22,2,19,-255,0,referencia,,False,0,PGAgain,1000843.0,2861.0,True,True,False,-13.08461490000078
3115.87,2,19,-255,0,referencia,,False,1,BPo,960826.0,4673.0,True,True,False,-810.0511817999997
3116.521,2,19,-255,0,referencia,,False,2,OPA_SUMo,1013889.0,610.0,True,True,False,246.73560730000023
3117.171,2,19,-255,0,referencia,,False,3,SUMo,1013526.0,495.0,True,True,False,239.5062081999991
3117.821,2,19,-255,0,referencia,,False,4,LPo,732078.0,152.0,True,False,True,-5365.727725400001
3120.026,2,19,-255,-255,malla,,False,0,PGAgain,1000156.0,2880.0,True,True,False,-26.766700800001015
3120.677,2,19,-255,-255,malla,,False,1,BPo,962390.0,4501.0,True,True,False,-778.9030270000003
3121.326,2,19,-255,-255,malla,,False,2,OPA_SUMo,942459.0,1125.0,True,True,False,-1175.8428437000011
3121.979,2,19,-255,-255,malla,,False,3,SUMo,941867.0,1220.0,True,True,False,-1187.6329381000007
3122.627,2,19,-255,-255,malla,,False,4,LPo,732040.0,171.0,True,False,True,-5366.484522000001
3124.828,2,19,-255,-128,malla,,False,0,PGAgain,1000728.0,3204.0,True,True,False,-15.374920400000962
3125.478,2,19,-255,-128,malla,,False,1,BPo,962085.0,5302.0,True,True,False,-784.9773154999993
3126.125,2,19,-255,-128,malla,,False,2,OPA_SUMo,979595.0,648.0,True,True,False,-436.25340849999947
3126.775,2,19,-255,-128,malla,,False,3,SUMo,979423.0,667.0,True,True,False,-439.6789089
3127.426,2,19,-255,-128,malla,,False,4,LPo,732059.0,171.0,True,False,True,-5366.106123700001
3129.629,2,19,-255,-64,malla,,False,0,PGAgain,1000499.0,2822.0,True,True,False,-19.93561569999953
3130.282,2,19,-255,-64,malla,,False,1,BPo,962562.0,3986.0,True,True,False,-775.4775265999998
3130.931,2,19,-255,-64,malla,,False,2,OPA_SUMo,995368.0,762.0,True,True,False,-122.12307239999897
3131.58,2,19,-255,-64,malla,,False,3,SUMo,995140.0,686.0,True,True,False,-126.66385200000028
3132.232,2,19,-255,-64,malla,,False,4,LPo,732059.0,190.0,True,False,True,-5366.106123700001
3134.436,2,19,-255,0,malla,,False,0,PGAgain,1000843.0,2841.0,True,True,False,-13.08461490000078
3135.083,2,19,-255,0,malla,,False,1,BPo,962047.0,4100.0,True,True,False,-785.7341120999995
3135.735,2,19,-255,0,malla,,False,2,OPA_SUMo,1011028.0,667.0,True,True,False,189.75678960000042
3139.804,2,19,-255,0,malla,,False,3,SUMo,1011142.0,743.0,True,True,False,192.02717940000107
3141.064,2,19,-255,0,malla,,False,4,LPo,732040.0,171.0,True,False,True,-5366.484522000001
3143.266,2,19,-255,64,malla,,False,0,PGAgain,1001091.0,12817.0,True,True,False,-8.145521299999837
3143.918,2,19,-255,64,malla,,False,1,BPo,961952.0,18653.0,True,True,False,-787.6261036000001
3144.567,2,19,-255,64,malla,,False,2,OPA_SUMo,1027374.0,1144.0,True,True,False,515.2988218000005
3145.218,2,19,-255,64,malla,,False,3,SUMo,1026916.0,1239.0,True,True,False,506.1774311999988
3145.865,2,19,-255,64,malla,,False,4,LPo,732135.0,209.0,True,False,True,-5364.5925305
3148.067,2,19,-255,128,malla,,False,0,PGAgain,1000881.0,11272.0,True,True,False,-12.327818300000562
3148.717,2,19,-255,128,malla,,False,1,BPo,962028.0,13885.0,True,True,False,-786.1125103999997
3149.369,2,19,-255,128,malla,,False,2,OPA_SUMo,1043033.0,1049.0,True,True,False,827.158768099998
3150.019,2,19,-255,128,malla,,False,3,SUMo,1042747.0,972.0,True,True,False,821.4628779000014
3150.667,2,19,-255,128,malla,,False,4,LPo,732021.0,228.0,True,False,True,-5366.862920300001
3152.868,2,19,-255,255,malla,,False,0,PGAgain,1001682.0,11520.0,True,True,False,3.624657400000326
3153.519,2,19,-255,255,malla,,False,1,BPo,961723.0,17547.0,True,True,False,-792.1867989000009
3154.17,2,19,-255,255,malla,,False,2,OPA_SUMo,1074562.0,1354.0,True,True,False,1455.0808733999982
3154.818,2,19,-255,255,malla,,False,3,SUMo,1074104.0,1354.0,True,True,False,1445.9594828000008
3158.948,2,19,-255,255,malla,,False,4,LPo,732002.0,228.0,True,False,True,-5367.241318600001
3161.764,2,19,-255,-72,abba,A1,False,0,PGAgain,1000919.0,14610.0,True,True,False,-11.571021700000344
3162.415,2,19,-255,-72,abba,A1,False,1,BPo,963935.0,16555.0,True,True,False,-748.1332705000011
3163.062,2,19,-255,-72,abba,A1,False,2,OPA_SUMo,988998.0,1487.0,True,True,False,-248.98608139999908
3163.713,2,19,-255,-72,abba,A1,False,3,SUMo,988903.0,1239.0,True,True,False,-250.8780728999996
3164.363,2,19,-255,-72,abba,A1,False,4,LPo,732021.0,209.0,True,False,True,-5366.862920300001
3166.565,2,19,-255,-56,abba,B1,False,0,PGAgain,1001033.0,10643.0,True,True,False,-9.300631899999692
3170.625,2,19,-255,-56,abba,B1,False,1,BPo,963382.0,20999.0,True,True,False,-759.1466526000011
3171.89,2,19,-255,-56,abba,B1,False,2,OPA_SUMo,994091.0,1258.0,True,True,False,-147.55542129999984
3172.54,2,19,-255,-56,abba,B1,False,3,SUMo,993938.0,1144.0,True,True,False,-150.60252340000025
3173.19,2,19,-255,-56,abba,B1,False,4,LPo,731983.0,209.0,True,False,True,-5367.619716900002
3175.39,2,19,-255,-56,abba,B2,False,0,PGAgain,1000423.0,12607.0,True,True,False,-21.449208899999967
3176.042,2,19,-255,-56,abba,B2,False,1,BPo,963134.0,16651.0,True,True,False,-764.0857461999998
3176.693,2,19,-255,-56,abba,B2,False,2,OPA_SUMo,994052.0,1316.0,True,True,False,-148.3321335999996
3177.342,2,19,-255,-56,abba,B2,False,3,SUMo,993824.0,1449.0,True,True,False,-152.8729132000009
3177.991,2,19,-255,-56,abba,B2,False,4,LPo,732040.0,152.0,True,False,True,-5366.484522000001
3180.19,2,19,-255,-72,abba,A2,False,0,PGAgain,1000366.0,12302.0,True,True,False,-22.584403800000292
3180.837,2,19,-255,-72,abba,A2,False,1,BPo,963382.0,15411.0,True,True,False,-759.1466526000011
3181.489,2,19,-255,-72,abba,A2,False,2,OPA_SUMo,989933.0,1506.0,True,True,False,-230.36490190000015
3182.14,2,19,-255,-72,abba,A2,False,3,SUMo,989723.0,1602.0,True,True,False,-234.5471989000009
3182.768,2,19,-255,-72,abba,A2,False,4,LPo,732097.0,228.0,True,False,True,-5365.349327100001
3184.971,2,19,-255,-68,abba,A1,False,0,PGAgain,1000289.0,9288.0,True,True,False,-24.117912700000254
3185.623,2,19,-255,-68,abba,A1,False,1,BPo,962581.0,13027.0,True,True,False,-775.0991282999997
3189.684,2,19,-255,-68,abba,A1,False,2,OPA_SUMo,991382.0,1087.0,True,True,False,-201.50705260000103
3190.944,2,19,-255,-68,abba,A1,False,3,SUMo,991287.0,1144.0,True,True,False,-203.39904409999932
3191.573,2,19,-255,-68,abba,A1,False,4,LPo,732021.0,267.0,True,False,True,-5366.862920300001
3193.774,2,19,-255,-60,abba,B1,False,0,PGAgain,1000671.0,9498.0,True,True,False,-16.510115299999022
3194.424,2,19,-255,-60,abba,B1,False,1,BPo,962696.0,13656.0,True,True,False,-772.8088227999995
3195.071,2,19,-255,-60,abba,B1,False,2,OPA_SUMo,993347.0,1335.0,True,True,False,-162.3727021000004
3195.72,2,19,-255,-60,abba,B1,False,3,SUMo,993213.0,1373.0,True,True,False,-165.04140590000068
3199.845,2,19,-255,-60,abba,B1,False,4,LPo,732097.0,209.0,True,False,True,-5365.349327100001
3202.66,2,19,-255,-60,abba,B2,False,0,PGAgain,1000957.0,10070.0,True,True,False,-10.814225100000128
3203.31,2,19,-255,-60,abba,B2,False,1,BPo,963745.0,17395.0,True,True,False,-751.9172534999999
3203.961,2,19,-255,-60,abba,B2,False,2,OPA_SUMo,992164.0,1220.0,True,True,False,-185.93297520000027
3204.61,2,19,-255,-60,abba,B2,False,3,SUMo,992088.0,1201.0,True,True,False,-187.4465684000007
3205.26,2,19,-255,-60,abba,B2,False,4,LPo,732154.0,247.0,True,False,True,-5364.214132200001
3207.463,2,19,-255,-68,abba,A2,False,0,PGAgain,1000919.0,11482.0,True,True,False,-11.571021700000344
3208.11,2,19,-255,-68,abba,A2,False,1,BPo,964412.0,15068.0,True,True,False,-738.6334815999993
3208.758,2,19,-255,-68,abba,A2,False,2,OPA_SUMo,990200.0,1087.0,True,True,False,-225.0474099999991
3209.406,2,19,-255,-68,abba,A2,False,3,SUMo,990085.0,1049.0,True,True,False,-227.3377154999993
3210.035,2,19,-255,-68,abba,A2,False,4,LPo,732097.0,228.0,True,False,True,-5365.349327100001
3212.238,2,19,-255,-66,abba,A1,False,0,PGAgain,1000556.0,8926.0,True,True,False,-18.800420799999205
3212.886,2,19,-255,-66,abba,A1,False,1,BPo,963249.0,12989.0,True,True,False,-761.7954406999995
3213.535,2,19,-255,-66,abba,A1,False,2,OPA_SUMo,990791.0,1544.0,True,True,False,-213.27723129999893
3214.186,2,19,-255,-66,abba,A1,False,3,SUMo,990447.0,896.0,True,True,False,-220.12823209999996
3214.836,2,19,-255,-66,abba,A1,False,4,LPo,732135.0,171.0,True,False,True,-5364.5925305
3217.038,2,19,-255,-62,abba,B1,False,0,PGAgain,1000461.0,8506.0,True,True,False,-20.69241229999975
3217.687,2,19,-255,-62,abba,B1,False,1,BPo,963478.0,13332.0,True,True,False,-757.234745400001
3218.337,2,19,-255,-62,abba,B1,False,2,OPA_SUMo,991878.0,1125.0,True,True,False,-191.62886539999917
3218.985,2,19,-255,-62,abba,B1,False,3,SUMo,991630.0,1049.0,True,True,False,-196.5679590000001
3219.637,2,19,-255,-62,abba,B1,False,4,LPo,732040.0,247.0,True,False,True,-5366.484522000001
3221.84,2,19,-255,-62,abba,B2,False,0,PGAgain,1000957.0,8087.0,True,True,False,-10.814225100000128
3222.49,2,19,-255,-62,abba,B2,False,1,BPo,963726.0,12950.0,True,True,False,-752.2956518000001
3223.138,2,19,-255,-62,abba,B2,False,2,OPA_SUMo,991840.0,1106.0,True,True,False,-192.38566199999937
3223.786,2,19,-255,-62,abba,B2,False,3,SUMo,991630.0,934.0,True,True,False,-196.5679590000001
3224.435,2,19,-255,-62,abba,B2,False,4,LPo,732078.0,171.0,True,False,True,-5365.727725400001
3226.639,2,19,-255,-66,abba,A2,False,0,PGAgain,1001129.0,10776.0,True,True,False,-7.38872469999962
3227.289,2,19,-255,-66,abba,A2,False,1,BPo,963859.0,12016.0,True,True,False,-749.6468636999992
3227.939,2,19,-255,-66,abba,A2,False,2,OPA_SUMo,990810.0,1220.0,True,True,False,-212.8988330000011
3228.589,2,19,-255,-66,abba,A2,False,3,SUMo,990734.0,1373.0,True,True,False,-214.41242619999926
3229.24,2,19,-255,-66,abba,A2,False,4,LPo,732021.0,228.0,True,False,True,-5366.862920300001
