gain,strategy,pass,event_index,at,kind,message,codes,tau_s,channel,error_uv,pp_uv,spread_uv,data_json
24,coupled,False,0,2026-09-08T08:04:12,gain_start,"
Autocalibrando x24 desde cero (coupled)","[3, 2, 0, -3]",,,,,,"{""at"":""2026-09-08T08:04:12"",""kind"":""gain_start"",""message"":""\nAutocalibrando x24 desde cero (coupled)""}"
24,coupled,False,1,2026-09-08T08:05:23,observation,    estado neutro: PGAgain=-13.7mV BPo=-0.6mV OPA_SUMo=+48.0mV SUMo=+47.7mV LPo=-257.3mV,"[0, 0, 0, 0]",,0,-13749,2727,1468,"{""at"":""2026-09-08T08:05:23"",""kind"":""observation"",""message"":""    estado neutro: PGAgain=-13.7mV BPo=-0.6mV OPA_SUMo=+48.0mV SUMo=+47.7mV LPo=-257.3mV"",""label"":""estado neutro"",""observation"":{""errors_uv"":{""0"":-13749,""1"":-569,""2"":47992,""3"":47706,""4"":-257260},""pp_uv"":{""0"":2727,""1"":3261,""2"":686,""3"":534,""4"":209},""spread_uv"":{""0"":1468,""1"":95,""2"":839,""3"":801,""4"":76},""samples"":[{""0"":{""mean_uv"":985050,""error_uv"":-14950,""pp_uv"":2727},""1"":{""mean_uv"":999431,""error_uv"":-569,""pp_uv"":3185},""2"":{""mean_uv"":1047649,""error_uv"":47649,""pp_uv"":686},""3"":{""mean_uv"":1047191,""error_uv"":47191,""pp_uv"":534},""4"":{""mean_uv"":742721,""error_uv"":-257279,""pp_uv"":209}},{""0"":{""mean_uv"":986251,""error_uv"":-13749,""pp_uv"":2231},""1"":{""mean_uv"":999507,""error_uv"":-493,""pp_uv"":3528},""2"":{""mean_uv"":1047992,""error_uv"":47992,""pp_uv"":686},""3"":{""mean_uv"":1047706,""error_uv"":47706,""pp_uv"":1163},""4"":{""mean_uv"":742797,""error_uv"":-257203,""pp_uv"":190}},{""0"":{""mean_uv"":986518,""error_uv"":-13482,""pp_uv"":3013},""1"":{""mean_uv"":999412,""error_uv"":-588,""pp_uv"":3261},""2"":{""mean_uv"":1048488,""error_uv"":48488,""pp_uv"":858},""3"":{""mean_uv"":1047992,""error_uv"":47992,""pp_uv"":495},""4"":{""mean_uv"":742740,""error_uv"":-257260,""pp_uv"":343}}]},""codes"":[0,0,0,0]}"
24,coupled,False,1,2026-09-08T08:05:23,observation,    estado neutro: PGAgain=-13.7mV BPo=-0.6mV OPA_SUMo=+48.0mV SUMo=+47.7mV LPo=-257.3mV,"[0, 0, 0, 0]",,1,-569,3261,95,"{""at"":""2026-09-08T08:05:23"",""kind"":""observation"",""message"":""    estado neutro: PGAgain=-13.7mV BPo=-0.6mV OPA_SUMo=+48.0mV SUMo=+47.7mV LPo=-257.3mV"",""label"":""estado neutro"",""observation"":{""errors_uv"":{""0"":-13749,""1"":-569,""2"":47992,""3"":47706,""4"":-257260},""pp_uv"":{""0"":2727,""1"":3261,""2"":686,""3"":534,""4"":209},""spread_uv"":{""0"":1468,""1"":95,""2"":839,""3"":801,""4"":76},""samples"":[{""0"":{""mean_uv"":985050,""error_uv"":-14950,""pp_uv"":2727},""1"":{""mean_uv"":999431,""error_uv"":-569,""pp_uv"":3185},""2"":{""mean_uv"":1047649,""error_uv"":47649,""pp_uv"":686},""3"":{""mean_uv"":1047191,""error_uv"":47191,""pp_uv"":534},""4"":{""mean_uv"":742721,""error_uv"":-257279,""pp_uv"":209}},{""0"":{""mean_uv"":986251,""error_uv"":-13749,""pp_uv"":2231},""1"":{""mean_uv"":999507,""error_uv"":-493,""pp_uv"":3528},""2"":{""mean_uv"":1047992,""error_uv"":47992,""pp_uv"":686},""3"":{""mean_uv"":1047706,""error_uv"":47706,""pp_uv"":1163},""4"":{""mean_uv"":742797,""error_uv"":-257203,""pp_uv"":190}},{""0"":{""mean_uv"":986518,""error_uv"":-13482,""pp_uv"":3013},""1"":{""mean_uv"":999412,""error_uv"":-588,""pp_uv"":3261},""2"":{""mean_uv"":1048488,""error_uv"":48488,""pp_uv"":858},""3"":{""mean_uv"":1047992,""error_uv"":47992,""pp_uv"":495},""4"":{""mean_uv"":742740,""error_uv"":-257260,""pp_uv"":343}}]},""codes"":[0,0,0,0]}"
24,coupled,False,1,2026-09-08T08:05:23,observation,    estado neutro: PGAgain=-13.7mV BPo=-0.6mV OPA_SUMo=+48.0mV SUMo=+47.7mV LPo=-257.3mV,"[0, 0, 0, 0]",,2,47992,686,839,"{""at"":""2026-09-08T08:05:23"",""kind"":""observation"",""message"":""    estado neutro: PGAgain=-13.7mV BPo=-0.6mV OPA_SUMo=+48.0mV SUMo=+47.7mV LPo=-257.3mV"",""label"":""estado neutro"",""observation"":{""errors_uv"":{""0"":-13749,""1"":-569,""2"":47992,""3"":47706,""4"":-257260},""pp_uv"":{""0"":2727,""1"":3261,""2"":686,""3"":534,""4"":209},""spread_uv"":{""0"":1468,""1"":95,""2"":839,""3"":801,""4"":76},""samples"":[{""0"":{""mean_uv"":985050,""error_uv"":-14950,""pp_uv"":2727},""1"":{""mean_uv"":999431,""error_uv"":-569,""pp_uv"":3185},""2"":{""mean_uv"":1047649,""error_uv"":47649,""pp_uv"":686},""3"":{""mean_uv"":1047191,""error_uv"":47191,""pp_uv"":534},""4"":{""mean_uv"":742721,""error_uv"":-257279,""pp_uv"":209}},{""0"":{""mean_uv"":986251,""error_uv"":-13749,""pp_uv"":2231},""1"":{""mean_uv"":999507,""error_uv"":-493,""pp_uv"":3528},""2"":{""mean_uv"":1047992,""error_uv"":47992,""pp_uv"":686},""3"":{""mean_uv"":1047706,""error_uv"":47706,""pp_uv"":1163},""4"":{""mean_uv"":742797,""error_uv"":-257203,""pp_uv"":190}},{""0"":{""mean_uv"":986518,""error_uv"":-13482,""pp_uv"":3013},""1"":{""mean_uv"":999412,""error_uv"":-588,""pp_uv"":3261},""2"":{""mean_uv"":1048488,""error_uv"":48488,""pp_uv"":858},""3"":{""mean_uv"":1047992,""error_uv"":47992,""pp_uv"":495},""4"":{""mean_uv"":742740,""error_uv"":-257260,""pp_uv"":343}}]},""codes"":[0,0,0,0]}"
24,coupled,False,1,2026-09-08T08:05:23,observation,    estado neutro: PGAgain=-13.7mV BPo=-0.6mV OPA_SUMo=+48.0mV SUMo=+47.7mV LPo=-257.3mV,"[0, 0, 0, 0]",,3,47706,534,801,"{""at"":""2026-09-08T08:05:23"",""kind"":""observation"",""message"":""    estado neutro: PGAgain=-13.7mV BPo=-0.6mV OPA_SUMo=+48.0mV SUMo=+47.7mV LPo=-257.3mV"",""label"":""estado neutro"",""observation"":{""errors_uv"":{""0"":-13749,""1"":-569,""2"":47992,""3"":47706,""4"":-257260},""pp_uv"":{""0"":2727,""1"":3261,""2"":686,""3"":534,""4"":209},""spread_uv"":{""0"":1468,""1"":95,""2"":839,""3"":801,""4"":76},""samples"":[{""0"":{""mean_uv"":985050,""error_uv"":-14950,""pp_uv"":2727},""1"":{""mean_uv"":999431,""error_uv"":-569,""pp_uv"":3185},""2"":{""mean_uv"":1047649,""error_uv"":47649,""pp_uv"":686},""3"":{""mean_uv"":1047191,""error_uv"":47191,""pp_uv"":534},""4"":{""mean_uv"":742721,""error_uv"":-257279,""pp_uv"":209}},{""0"":{""mean_uv"":986251,""error_uv"":-13749,""pp_uv"":2231},""1"":{""mean_uv"":999507,""error_uv"":-493,""pp_uv"":3528},""2"":{""mean_uv"":1047992,""error_uv"":47992,""pp_uv"":686},""3"":{""mean_uv"":1047706,""error_uv"":47706,""pp_uv"":1163},""4"":{""mean_uv"":742797,""error_uv"":-257203,""pp_uv"":190}},{""0"":{""mean_uv"":986518,""error_uv"":-13482,""pp_uv"":3013},""1"":{""mean_uv"":999412,""error_uv"":-588,""pp_uv"":3261},""2"":{""mean_uv"":1048488,""error_uv"":48488,""pp_uv"":858},""3"":{""mean_uv"":1047992,""error_uv"":47992,""pp_uv"":495},""4"":{""mean_uv"":742740,""error_uv"":-257260,""pp_uv"":343}}]},""codes"":[0,0,0,0]}"
24,coupled,False,1,2026-09-08T08:05:23,observation,    estado neutro: PGAgain=-13.7mV BPo=-0.6mV OPA_SUMo=+48.0mV SUMo=+47.7mV LPo=-257.3mV,"[0, 0, 0, 0]",,4,-257260,209,76,"{""at"":""2026-09-08T08:05:23"",""kind"":""observation"",""message"":""    estado neutro: PGAgain=-13.7mV BPo=-0.6mV OPA_SUMo=+48.0mV SUMo=+47.7mV LPo=-257.3mV"",""label"":""estado neutro"",""observation"":{""errors_uv"":{""0"":-13749,""1"":-569,""2"":47992,""3"":47706,""4"":-257260},""pp_uv"":{""0"":2727,""1"":3261,""2"":686,""3"":534,""4"":209},""spread_uv"":{""0"":1468,""1"":95,""2"":839,""3"":801,""4"":76},""samples"":[{""0"":{""mean_uv"":985050,""error_uv"":-14950,""pp_uv"":2727},""1"":{""mean_uv"":999431,""error_uv"":-569,""pp_uv"":3185},""2"":{""mean_uv"":1047649,""error_uv"":47649,""pp_uv"":686},""3"":{""mean_uv"":1047191,""error_uv"":47191,""pp_uv"":534},""4"":{""mean_uv"":742721,""error_uv"":-257279,""pp_uv"":209}},{""0"":{""mean_uv"":986251,""error_uv"":-13749,""pp_uv"":2231},""1"":{""mean_uv"":999507,""error_uv"":-493,""pp_uv"":3528},""2"":{""mean_uv"":1047992,""error_uv"":47992,""pp_uv"":686},""3"":{""mean_uv"":1047706,""error_uv"":47706,""pp_uv"":1163},""4"":{""mean_uv"":742797,""error_uv"":-257203,""pp_uv"":190}},{""0"":{""mean_uv"":986518,""error_uv"":-13482,""pp_uv"":3013},""1"":{""mean_uv"":999412,""error_uv"":-588,""pp_uv"":3261},""2"":{""mean_uv"":1048488,""error_uv"":48488,""pp_uv"":858},""3"":{""mean_uv"":1047992,""error_uv"":47992,""pp_uv"":495},""4"":{""mean_uv"":742740,""error_uv"":-257260,""pp_uv"":343}}]},""codes"":[0,0,0,0]}"
24,coupled,False,2,2026-09-08T08:05:34,observation,    base para estimar tau: PGAgain=-13.2mV BPo=-0.1mV OPA_SUMo=+49.1mV SUMo=+48.6mV LPo=-257.2mV,"[0, 0, 0, 0]",,0,-13196,2231,229,"{""at"":""2026-09-08T08:05:34"",""kind"":""observation"",""message"":""    base para estimar tau: PGAgain=-13.2mV BPo=-0.1mV OPA_SUMo=+49.1mV SUMo=+48.6mV LPo=-257.2mV"",""label"":""base para estimar tau"",""observation"":{""errors_uv"":{""0"":-13196,""1"":-54,""2"":49098,""3"":48603,""4"":-257241},""pp_uv"":{""0"":2231,""1"":2765,""2"":705,""3"":495,""4"":171},""spread_uv"":{""0"":229,""1"":649,""2"":553,""3"":496,""4"":57},""samples"":[{""0"":{""mean_uv"":986728,""error_uv"":-13272,""pp_uv"":2231},""1"":{""mean_uv"":999507,""error_uv"":-493,""pp_uv"":3452},""2"":{""mean_uv"":1048793,""error_uv"":48793,""pp_uv"":782},""3"":{""mean_uv"":1048297,""error_uv"":48297,""pp_uv"":534},""4"":{""mean_uv"":742759,""error_uv"":-257241,""pp_uv"":133}},{""0"":{""mean_uv"":986804,""error_uv"":-13196,""pp_uv"":2422},""1"":{""mean_uv"":1000156,""error_uv"":156,""pp_uv"":2765},""2"":{""mean_uv"":1049098,""error_uv"":49098,""pp_uv"":476},""3"":{""mean_uv"":1048603,""error_uv"":48603,""pp_uv"":495},""4"":{""mean_uv"":742721,""error_uv"":-257279,""pp_uv"":190}},{""0"":{""mean_uv"":986957,""error_uv"":-13043,""pp_uv"":1964},""1"":{""mean_uv"":999946,""error_uv"":-54,""pp_uv"":2536},""2"":{""mean_uv"":1049346,""error_uv"":49346,""pp_uv"":705},""3"":{""mean_uv"":1048793,""error_uv"":48793,""pp_uv"":457},""4"":{""mean_uv"":742778,""error_uv"":-257222,""pp_uv"":171}}]},""codes"":[0,0,0,0]}"
24,coupled,False,2,2026-09-08T08:05:34,observation,    base para estimar tau: PGAgain=-13.2mV BPo=-0.1mV OPA_SUMo=+49.1mV SUMo=+48.6mV LPo=-257.2mV,"[0, 0, 0, 0]",,1,-54,2765,649,"{""at"":""2026-09-08T08:05:34"",""kind"":""observation"",""message"":""    base para estimar tau: PGAgain=-13.2mV BPo=-0.1mV OPA_SUMo=+49.1mV SUMo=+48.6mV LPo=-257.2mV"",""label"":""base para estimar tau"",""observation"":{""errors_uv"":{""0"":-13196,""1"":-54,""2"":49098,""3"":48603,""4"":-257241},""pp_uv"":{""0"":2231,""1"":2765,""2"":705,""3"":495,""4"":171},""spread_uv"":{""0"":229,""1"":649,""2"":553,""3"":496,""4"":57},""samples"":[{""0"":{""mean_uv"":986728,""error_uv"":-13272,""pp_uv"":2231},""1"":{""mean_uv"":999507,""error_uv"":-493,""pp_uv"":3452},""2"":{""mean_uv"":1048793,""error_uv"":48793,""pp_uv"":782},""3"":{""mean_uv"":1048297,""error_uv"":48297,""pp_uv"":534},""4"":{""mean_uv"":742759,""error_uv"":-257241,""pp_uv"":133}},{""0"":{""mean_uv"":986804,""error_uv"":-13196,""pp_uv"":2422},""1"":{""mean_uv"":1000156,""error_uv"":156,""pp_uv"":2765},""2"":{""mean_uv"":1049098,""error_uv"":49098,""pp_uv"":476},""3"":{""mean_uv"":1048603,""error_uv"":48603,""pp_uv"":495},""4"":{""mean_uv"":742721,""error_uv"":-257279,""pp_uv"":190}},{""0"":{""mean_uv"":986957,""error_uv"":-13043,""pp_uv"":1964},""1"":{""mean_uv"":999946,""error_uv"":-54,""pp_uv"":2536},""2"":{""mean_uv"":1049346,""error_uv"":49346,""pp_uv"":705},""3"":{""mean_uv"":1048793,""error_uv"":48793,""pp_uv"":457},""4"":{""mean_uv"":742778,""error_uv"":-257222,""pp_uv"":171}}]},""codes"":[0,0,0,0]}"
24,coupled,False,2,2026-09-08T08:05:34,observation,    base para estimar tau: PGAgain=-13.2mV BPo=-0.1mV OPA_SUMo=+49.1mV SUMo=+48.6mV LPo=-257.2mV,"[0, 0, 0, 0]",,2,49098,705,553,"{""at"":""2026-09-08T08:05:34"",""kind"":""observation"",""message"":""    base para estimar tau: PGAgain=-13.2mV BPo=-0.1mV OPA_SUMo=+49.1mV SUMo=+48.6mV LPo=-257.2mV"",""label"":""base para estimar tau"",""observation"":{""errors_uv"":{""0"":-13196,""1"":-54,""2"":49098,""3"":48603,""4"":-257241},""pp_uv"":{""0"":2231,""1"":2765,""2"":705,""3"":495,""4"":171},""spread_uv"":{""0"":229,""1"":649,""2"":553,""3"":496,""4"":57},""samples"":[{""0"":{""mean_uv"":986728,""error_uv"":-13272,""pp_uv"":2231},""1"":{""mean_uv"":999507,""error_uv"":-493,""pp_uv"":3452},""2"":{""mean_uv"":1048793,""error_uv"":48793,""pp_uv"":782},""3"":{""mean_uv"":1048297,""error_uv"":48297,""pp_uv"":534},""4"":{""mean_uv"":742759,""error_uv"":-257241,""pp_uv"":133}},{""0"":{""mean_uv"":986804,""error_uv"":-13196,""pp_uv"":2422},""1"":{""mean_uv"":1000156,""error_uv"":156,""pp_uv"":2765},""2"":{""mean_uv"":1049098,""error_uv"":49098,""pp_uv"":476},""3"":{""mean_uv"":1048603,""error_uv"":48603,""pp_uv"":495},""4"":{""mean_uv"":742721,""error_uv"":-257279,""pp_uv"":190}},{""0"":{""mean_uv"":986957,""error_uv"":-13043,""pp_uv"":1964},""1"":{""mean_uv"":999946,""error_uv"":-54,""pp_uv"":2536},""2"":{""mean_uv"":1049346,""error_uv"":49346,""pp_uv"":705},""3"":{""mean_uv"":1048793,""error_uv"":48793,""pp_uv"":457},""4"":{""mean_uv"":742778,""error_uv"":-257222,""pp_uv"":171}}]},""codes"":[0,0,0,0]}"
24,coupled,False,2,2026-09-08T08:05:34,observation,    base para estimar tau: PGAgain=-13.2mV BPo=-0.1mV OPA_SUMo=+49.1mV SUMo=+48.6mV LPo=-257.2mV,"[0, 0, 0, 0]",,3,48603,495,496,"{""at"":""2026-09-08T08:05:34"",""kind"":""observation"",""message"":""    base para estimar tau: PGAgain=-13.2mV BPo=-0.1mV OPA_SUMo=+49.1mV SUMo=+48.6mV LPo=-257.2mV"",""label"":""base para estimar tau"",""observation"":{""errors_uv"":{""0"":-13196,""1"":-54,""2"":49098,""3"":48603,""4"":-257241},""pp_uv"":{""0"":2231,""1"":2765,""2"":705,""3"":495,""4"":171},""spread_uv"":{""0"":229,""1"":649,""2"":553,""3"":496,""4"":57},""samples"":[{""0"":{""mean_uv"":986728,""error_uv"":-13272,""pp_uv"":2231},""1"":{""mean_uv"":999507,""error_uv"":-493,""pp_uv"":3452},""2"":{""mean_uv"":1048793,""error_uv"":48793,""pp_uv"":782},""3"":{""mean_uv"":1048297,""error_uv"":48297,""pp_uv"":534},""4"":{""mean_uv"":742759,""error_uv"":-257241,""pp_uv"":133}},{""0"":{""mean_uv"":986804,""error_uv"":-13196,""pp_uv"":2422},""1"":{""mean_uv"":1000156,""error_uv"":156,""pp_uv"":2765},""2"":{""mean_uv"":1049098,""error_uv"":49098,""pp_uv"":476},""3"":{""mean_uv"":1048603,""error_uv"":48603,""pp_uv"":495},""4"":{""mean_uv"":742721,""error_uv"":-257279,""pp_uv"":190}},{""0"":{""mean_uv"":986957,""error_uv"":-13043,""pp_uv"":1964},""1"":{""mean_uv"":999946,""error_uv"":-54,""pp_uv"":2536},""2"":{""mean_uv"":1049346,""error_uv"":49346,""pp_uv"":705},""3"":{""mean_uv"":1048793,""error_uv"":48793,""pp_uv"":457},""4"":{""mean_uv"":742778,""error_uv"":-257222,""pp_uv"":171}}]},""codes"":[0,0,0,0]}"
24,coupled,False,2,2026-09-08T08:05:34,observation,    base para estimar tau: PGAgain=-13.2mV BPo=-0.1mV OPA_SUMo=+49.1mV SUMo=+48.6mV LPo=-257.2mV,"[0, 0, 0, 0]",,4,-257241,171,57,"{""at"":""2026-09-08T08:05:34"",""kind"":""observation"",""message"":""    base para estimar tau: PGAgain=-13.2mV BPo=-0.1mV OPA_SUMo=+49.1mV SUMo=+48.6mV LPo=-257.2mV"",""label"":""base para estimar tau"",""observation"":{""errors_uv"":{""0"":-13196,""1"":-54,""2"":49098,""3"":48603,""4"":-257241},""pp_uv"":{""0"":2231,""1"":2765,""2"":705,""3"":495,""4"":171},""spread_uv"":{""0"":229,""1"":649,""2"":553,""3"":496,""4"":57},""samples"":[{""0"":{""mean_uv"":986728,""error_uv"":-13272,""pp_uv"":2231},""1"":{""mean_uv"":999507,""error_uv"":-493,""pp_uv"":3452},""2"":{""mean_uv"":1048793,""error_uv"":48793,""pp_uv"":782},""3"":{""mean_uv"":1048297,""error_uv"":48297,""pp_uv"":534},""4"":{""mean_uv"":742759,""error_uv"":-257241,""pp_uv"":133}},{""0"":{""mean_uv"":986804,""error_uv"":-13196,""pp_uv"":2422},""1"":{""mean_uv"":1000156,""error_uv"":156,""pp_uv"":2765},""2"":{""mean_uv"":1049098,""error_uv"":49098,""pp_uv"":476},""3"":{""mean_uv"":1048603,""error_uv"":48603,""pp_uv"":495},""4"":{""mean_uv"":742721,""error_uv"":-257279,""pp_uv"":190}},{""0"":{""mean_uv"":986957,""error_uv"":-13043,""pp_uv"":1964},""1"":{""mean_uv"":999946,""error_uv"":-54,""pp_uv"":2536},""2"":{""mean_uv"":1049346,""error_uv"":49346,""pp_uv"":705},""3"":{""mean_uv"":1048793,""error_uv"":48793,""pp_uv"":457},""4"":{""mean_uv"":742778,""error_uv"":-257222,""pp_uv"":171}}]},""codes"":[0,0,0,0]}"
24,coupled,False,3,2026-09-08T08:07:05,tau_measurement,  tau BP medido: 31.25 s,"[3, 2, 0, -3]",31.25,,,,,"{""at"":""2026-09-08T08:07:05"",""kind"":""tau_measurement"",""message"":""  tau BP medido: 31.25 s"",""direction"":1,""delta_code"":60,""points"":[[0.5873627999972086,10150],[5.58903139999893,9044],[10.58944679999695,7919],[15.58813559999544,7404],[20.58965769999486,6793],[25.584976699996332,6221],[30.58903360000113,5783],[35.58810760000051,5344],[40.589451299994835,5039],[45.585885899999994,5058],[50.59037289999833,4486],[55.58744669999578,4314],[60.58745579999959,4142],[65.58447119999619,3856],[70.58561219999683,4028],[75.58663549999619,4009],[80.5918113000007,3646],[85.5884894999981,3646],[90.58818299999984,3189]],""metrics"":{""tau_s"":31.25,""amplitude_uv"":6901.647826349787,""final_uv"":3138.2565288086853,""r2"":0.994656230793573,""residual_rms_uv"":140.2526951717565,""noise_uv"":649,""samples"":19},""tau_s"":31.25}"
24,coupled,False,4,2026-09-08T08:07:21,observation,    tau aceptado; BP restaurado e iniciando control: PGAgain=-13.9mV BPo=-5.4mV OPA_SUMo=+66.4mV SUMo=+65.3mV LPo=-257.2mV,"[0, 0, 0, 0]",,0,-13882,2460,572,"{""at"":""2026-09-08T08:07:21"",""kind"":""observation"",""message"":""    tau aceptado; BP restaurado e iniciando control: PGAgain=-13.9mV BPo=-5.4mV OPA_SUMo=+66.4mV SUMo=+65.3mV LPo=-257.2mV"",""label"":""tau aceptado; BP restaurado e iniciando control"",""observation"":{""errors_uv"":{""0"":-13882,""1"":-5356,""2"":66379,""3"":65292,""4"":-257222},""pp_uv"":{""0"":2460,""1"":3356,""2"":686,""3"":629,""4"":171},""spread_uv"":{""0"":572,""1"":1278,""2"":7306,""3"":7114,""4"":57},""samples"":[{""0"":{""mean_uv"":986537,""error_uv"":-13463,""pp_uv"":2460},""1"":{""mean_uv"":993385,""error_uv"":-6615,""pp_uv"":2746},""2"":{""mean_uv"":1071720,""error_uv"":71720,""pp_uv"":572},""3"":{""mean_uv"":1070499,""error_uv"":70499,""pp_uv"":381},""4"":{""mean_uv"":742816,""error_uv"":-257184,""pp_uv"":190}},{""0"":{""mean_uv"":986118,""error_uv"":-13882,""pp_uv"":2517},""1"":{""mean_uv"":994663,""error_uv"":-5337,""pp_uv"":3471},""2"":{""mean_uv"":1066379,""error_uv"":66379,""pp_uv"":686},""3"":{""mean_uv"":1065292,""error_uv"":65292,""pp_uv"":667},""4"":{""mean_uv"":742759,""error_uv"":-257241,""pp_uv"":171}},{""0"":{""mean_uv"":985965,""error_uv"":-14035,""pp_uv"":2384},""1"":{""mean_uv"":994644,""error_uv"":-5356,""pp_uv"":3356},""2"":{""mean_uv"":1064414,""error_uv"":64414,""pp_uv"":801},""3"":{""mean_uv"":1063385,""error_uv"":63385,""pp_uv"":629},""4"":{""mean_uv"":742778,""error_uv"":-257222,""pp_uv"":114}}]},""codes"":[0,0,0,0]}"
24,coupled,False,4,2026-09-08T08:07:21,observation,    tau aceptado; BP restaurado e iniciando control: PGAgain=-13.9mV BPo=-5.4mV OPA_SUMo=+66.4mV SUMo=+65.3mV LPo=-257.2mV,"[0, 0, 0, 0]",,1,-5356,3356,1278,"{""at"":""2026-09-08T08:07:21"",""kind"":""observation"",""message"":""    tau aceptado; BP restaurado e iniciando control: PGAgain=-13.9mV BPo=-5.4mV OPA_SUMo=+66.4mV SUMo=+65.3mV LPo=-257.2mV"",""label"":""tau aceptado; BP restaurado e iniciando control"",""observation"":{""errors_uv"":{""0"":-13882,""1"":-5356,""2"":66379,""3"":65292,""4"":-257222},""pp_uv"":{""0"":2460,""1"":3356,""2"":686,""3"":629,""4"":171},""spread_uv"":{""0"":572,""1"":1278,""2"":7306,""3"":7114,""4"":57},""samples"":[{""0"":{""mean_uv"":986537,""error_uv"":-13463,""pp_uv"":2460},""1"":{""mean_uv"":993385,""error_uv"":-6615,""pp_uv"":2746},""2"":{""mean_uv"":1071720,""error_uv"":71720,""pp_uv"":572},""3"":{""mean_uv"":1070499,""error_uv"":70499,""pp_uv"":381},""4"":{""mean_uv"":742816,""error_uv"":-257184,""pp_uv"":190}},{""0"":{""mean_uv"":986118,""error_uv"":-13882,""pp_uv"":2517},""1"":{""mean_uv"":994663,""error_uv"":-5337,""pp_uv"":3471},""2"":{""mean_uv"":1066379,""error_uv"":66379,""pp_uv"":686},""3"":{""mean_uv"":1065292,""error_uv"":65292,""pp_uv"":667},""4"":{""mean_uv"":742759,""error_uv"":-257241,""pp_uv"":171}},{""0"":{""mean_uv"":985965,""error_uv"":-14035,""pp_uv"":2384},""1"":{""mean_uv"":994644,""error_uv"":-5356,""pp_uv"":3356},""2"":{""mean_uv"":1064414,""error_uv"":64414,""pp_uv"":801},""3"":{""mean_uv"":1063385,""error_uv"":63385,""pp_uv"":629},""4"":{""mean_uv"":742778,""error_uv"":-257222,""pp_uv"":114}}]},""codes"":[0,0,0,0]}"
24,coupled,False,4,2026-09-08T08:07:21,observation,    tau aceptado; BP restaurado e iniciando control: PGAgain=-13.9mV BPo=-5.4mV OPA_SUMo=+66.4mV SUMo=+65.3mV LPo=-257.2mV,"[0, 0, 0, 0]",,2,66379,686,7306,"{""at"":""2026-09-08T08:07:21"",""kind"":""observation"",""message"":""    tau aceptado; BP restaurado e iniciando control: PGAgain=-13.9mV BPo=-5.4mV OPA_SUMo=+66.4mV SUMo=+65.3mV LPo=-257.2mV"",""label"":""tau aceptado; BP restaurado e iniciando control"",""observation"":{""errors_uv"":{""0"":-13882,""1"":-5356,""2"":66379,""3"":65292,""4"":-257222},""pp_uv"":{""0"":2460,""1"":3356,""2"":686,""3"":629,""4"":171},""spread_uv"":{""0"":572,""1"":1278,""2"":7306,""3"":7114,""4"":57},""samples"":[{""0"":{""mean_uv"":986537,""error_uv"":-13463,""pp_uv"":2460},""1"":{""mean_uv"":993385,""error_uv"":-6615,""pp_uv"":2746},""2"":{""mean_uv"":1071720,""error_uv"":71720,""pp_uv"":572},""3"":{""mean_uv"":1070499,""error_uv"":70499,""pp_uv"":381},""4"":{""mean_uv"":742816,""error_uv"":-257184,""pp_uv"":190}},{""0"":{""mean_uv"":986118,""error_uv"":-13882,""pp_uv"":2517},""1"":{""mean_uv"":994663,""error_uv"":-5337,""pp_uv"":3471},""2"":{""mean_uv"":1066379,""error_uv"":66379,""pp_uv"":686},""3"":{""mean_uv"":1065292,""error_uv"":65292,""pp_uv"":667},""4"":{""mean_uv"":742759,""error_uv"":-257241,""pp_uv"":171}},{""0"":{""mean_uv"":985965,""error_uv"":-14035,""pp_uv"":2384},""1"":{""mean_uv"":994644,""error_uv"":-5356,""pp_uv"":3356},""2"":{""mean_uv"":1064414,""error_uv"":64414,""pp_uv"":801},""3"":{""mean_uv"":1063385,""error_uv"":63385,""pp_uv"":629},""4"":{""mean_uv"":742778,""error_uv"":-257222,""pp_uv"":114}}]},""codes"":[0,0,0,0]}"
24,coupled,False,4,2026-09-08T08:07:21,observation,    tau aceptado; BP restaurado e iniciando control: PGAgain=-13.9mV BPo=-5.4mV OPA_SUMo=+66.4mV SUMo=+65.3mV LPo=-257.2mV,"[0, 0, 0, 0]",,3,65292,629,7114,"{""at"":""2026-09-08T08:07:21"",""kind"":""observation"",""message"":""    tau aceptado; BP restaurado e iniciando control: PGAgain=-13.9mV BPo=-5.4mV OPA_SUMo=+66.4mV SUMo=+65.3mV LPo=-257.2mV"",""label"":""tau aceptado; BP restaurado e iniciando control"",""observation"":{""errors_uv"":{""0"":-13882,""1"":-5356,""2"":66379,""3"":65292,""4"":-257222},""pp_uv"":{""0"":2460,""1"":3356,""2"":686,""3"":629,""4"":171},""spread_uv"":{""0"":572,""1"":1278,""2"":7306,""3"":7114,""4"":57},""samples"":[{""0"":{""mean_uv"":986537,""error_uv"":-13463,""pp_uv"":2460},""1"":{""mean_uv"":993385,""error_uv"":-6615,""pp_uv"":2746},""2"":{""mean_uv"":1071720,""error_uv"":71720,""pp_uv"":572},""3"":{""mean_uv"":1070499,""error_uv"":70499,""pp_uv"":381},""4"":{""mean_uv"":742816,""error_uv"":-257184,""pp_uv"":190}},{""0"":{""mean_uv"":986118,""error_uv"":-13882,""pp_uv"":2517},""1"":{""mean_uv"":994663,""error_uv"":-5337,""pp_uv"":3471},""2"":{""mean_uv"":1066379,""error_uv"":66379,""pp_uv"":686},""3"":{""mean_uv"":1065292,""error_uv"":65292,""pp_uv"":667},""4"":{""mean_uv"":742759,""error_uv"":-257241,""pp_uv"":171}},{""0"":{""mean_uv"":985965,""error_uv"":-14035,""pp_uv"":2384},""1"":{""mean_uv"":994644,""error_uv"":-5356,""pp_uv"":3356},""2"":{""mean_uv"":1064414,""error_uv"":64414,""pp_uv"":801},""3"":{""mean_uv"":1063385,""error_uv"":63385,""pp_uv"":629},""4"":{""mean_uv"":742778,""error_uv"":-257222,""pp_uv"":114}}]},""codes"":[0,0,0,0]}"
24,coupled,False,4,2026-09-08T08:07:21,observation,    tau aceptado; BP restaurado e iniciando control: PGAgain=-13.9mV BPo=-5.4mV OPA_SUMo=+66.4mV SUMo=+65.3mV LPo=-257.2mV,"[0, 0, 0, 0]",,4,-257222,171,57,"{""at"":""2026-09-08T08:07:21"",""kind"":""observation"",""message"":""    tau aceptado; BP restaurado e iniciando control: PGAgain=-13.9mV BPo=-5.4mV OPA_SUMo=+66.4mV SUMo=+65.3mV LPo=-257.2mV"",""label"":""tau aceptado; BP restaurado e iniciando control"",""observation"":{""errors_uv"":{""0"":-13882,""1"":-5356,""2"":66379,""3"":65292,""4"":-257222},""pp_uv"":{""0"":2460,""1"":3356,""2"":686,""3"":629,""4"":171},""spread_uv"":{""0"":572,""1"":1278,""2"":7306,""3"":7114,""4"":57},""samples"":[{""0"":{""mean_uv"":986537,""error_uv"":-13463,""pp_uv"":2460},""1"":{""mean_uv"":993385,""error_uv"":-6615,""pp_uv"":2746},""2"":{""mean_uv"":1071720,""error_uv"":71720,""pp_uv"":572},""3"":{""mean_uv"":1070499,""error_uv"":70499,""pp_uv"":381},""4"":{""mean_uv"":742816,""error_uv"":-257184,""pp_uv"":190}},{""0"":{""mean_uv"":986118,""error_uv"":-13882,""pp_uv"":2517},""1"":{""mean_uv"":994663,""error_uv"":-5337,""pp_uv"":3471},""2"":{""mean_uv"":1066379,""error_uv"":66379,""pp_uv"":686},""3"":{""mean_uv"":1065292,""error_uv"":65292,""pp_uv"":667},""4"":{""mean_uv"":742759,""error_uv"":-257241,""pp_uv"":171}},{""0"":{""mean_uv"":985965,""error_uv"":-14035,""pp_uv"":2384},""1"":{""mean_uv"":994644,""error_uv"":-5356,""pp_uv"":3356},""2"":{""mean_uv"":1064414,""error_uv"":64414,""pp_uv"":801},""3"":{""mean_uv"":1063385,""error_uv"":63385,""pp_uv"":629},""4"":{""mean_uv"":742778,""error_uv"":-257222,""pp_uv"":114}}]},""codes"":[0,0,0,0]}"
24,coupled,False,5,2026-09-08T08:07:31,observation,    base dinámica multiplexada: PGAgain=-14.0mV BPo=-4.4mV OPA_SUMo=+61.5mV SUMo=+60.7mV LPo=-257.2mV,"[0, 0, 0, 0]",,0,-13978,2441,39,"{""at"":""2026-09-08T08:07:31"",""kind"":""observation"",""message"":""    base dinámica multiplexada: PGAgain=-14.0mV BPo=-4.4mV OPA_SUMo=+61.5mV SUMo=+60.7mV LPo=-257.2mV"",""label"":""base dinámica multiplexada"",""observation"":{""errors_uv"":{""0"":-13978,""1"":-4441,""2"":61515,""3"":60714,""4"":-257241},""pp_uv"":{""0"":2441,""1"":3299,""2"":572,""3"":495,""4"":171},""spread_uv"":{""0"":39,""1"":859,""2"":2957,""3"":2804,""4"":57},""samples"":[{""0"":{""mean_uv"":986022,""error_uv"":-13978,""pp_uv"":2155},""1"":{""mean_uv"":995101,""error_uv"":-4899,""pp_uv"":3299},""2"":{""mean_uv"":1063137,""error_uv"":63137,""pp_uv"":572},""3"":{""mean_uv"":1062259,""error_uv"":62259,""pp_uv"":648},""4"":{""mean_uv"":742759,""error_uv"":-257241,""pp_uv"":171}},{""0"":{""mean_uv"":986003,""error_uv"":-13997,""pp_uv"":2441},""1"":{""mean_uv"":995559,""error_uv"":-4441,""pp_uv"":3261},""2"":{""mean_uv"":1061515,""error_uv"":61515,""pp_uv"":476},""3"":{""mean_uv"":1060714,""error_uv"":60714,""pp_uv"":495},""4"":{""mean_uv"":742778,""error_uv"":-257222,""pp_uv"":152}},{""0"":{""mean_uv"":986042,""error_uv"":-13958,""pp_uv"":2670},""1"":{""mean_uv"":995960,""error_uv"":-4040,""pp_uv"":3356},""2"":{""mean_uv"":1060180,""error_uv"":60180,""pp_uv"":648},""3"":{""mean_uv"":1059455,""error_uv"":59455,""pp_uv"":247},""4"":{""mean_uv"":742721,""error_uv"":-257279,""pp_uv"":171}}]},""codes"":[0,0,0,0]}"
24,coupled,False,5,2026-09-08T08:07:31,observation,    base dinámica multiplexada: PGAgain=-14.0mV BPo=-4.4mV OPA_SUMo=+61.5mV SUMo=+60.7mV LPo=-257.2mV,"[0, 0, 0, 0]",,1,-4441,3299,859,"{""at"":""2026-09-08T08:07:31"",""kind"":""observation"",""message"":""    base dinámica multiplexada: PGAgain=-14.0mV BPo=-4.4mV OPA_SUMo=+61.5mV SUMo=+60.7mV LPo=-257.2mV"",""label"":""base dinámica multiplexada"",""observation"":{""errors_uv"":{""0"":-13978,""1"":-4441,""2"":61515,""3"":60714,""4"":-257241},""pp_uv"":{""0"":2441,""1"":3299,""2"":572,""3"":495,""4"":171},""spread_uv"":{""0"":39,""1"":859,""2"":2957,""3"":2804,""4"":57},""samples"":[{""0"":{""mean_uv"":986022,""error_uv"":-13978,""pp_uv"":2155},""1"":{""mean_uv"":995101,""error_uv"":-4899,""pp_uv"":3299},""2"":{""mean_uv"":1063137,""error_uv"":63137,""pp_uv"":572},""3"":{""mean_uv"":1062259,""error_uv"":62259,""pp_uv"":648},""4"":{""mean_uv"":742759,""error_uv"":-257241,""pp_uv"":171}},{""0"":{""mean_uv"":986003,""error_uv"":-13997,""pp_uv"":2441},""1"":{""mean_uv"":995559,""error_uv"":-4441,""pp_uv"":3261},""2"":{""mean_uv"":1061515,""error_uv"":61515,""pp_uv"":476},""3"":{""mean_uv"":1060714,""error_uv"":60714,""pp_uv"":495},""4"":{""mean_uv"":742778,""error_uv"":-257222,""pp_uv"":152}},{""0"":{""mean_uv"":986042,""error_uv"":-13958,""pp_uv"":2670},""1"":{""mean_uv"":995960,""error_uv"":-4040,""pp_uv"":3356},""2"":{""mean_uv"":1060180,""error_uv"":60180,""pp_uv"":648},""3"":{""mean_uv"":1059455,""error_uv"":59455,""pp_uv"":247},""4"":{""mean_uv"":742721,""error_uv"":-257279,""pp_uv"":171}}]},""codes"":[0,0,0,0]}"
24,coupled,False,5,2026-09-08T08:07:31,observation,    base dinámica multiplexada: PGAgain=-14.0mV BPo=-4.4mV OPA_SUMo=+61.5mV SUMo=+60.7mV LPo=-257.2mV,"[0, 0, 0, 0]",,2,61515,572,2957,"{""at"":""2026-09-08T08:07:31"",""kind"":""observation"",""message"":""    base dinámica multiplexada: PGAgain=-14.0mV BPo=-4.4mV OPA_SUMo=+61.5mV SUMo=+60.7mV LPo=-257.2mV"",""label"":""base dinámica multiplexada"",""observation"":{""errors_uv"":{""0"":-13978,""1"":-4441,""2"":61515,""3"":60714,""4"":-257241},""pp_uv"":{""0"":2441,""1"":3299,""2"":572,""3"":495,""4"":171},""spread_uv"":{""0"":39,""1"":859,""2"":2957,""3"":2804,""4"":57},""samples"":[{""0"":{""mean_uv"":986022,""error_uv"":-13978,""pp_uv"":2155},""1"":{""mean_uv"":995101,""error_uv"":-4899,""pp_uv"":3299},""2"":{""mean_uv"":1063137,""error_uv"":63137,""pp_uv"":572},""3"":{""mean_uv"":1062259,""error_uv"":62259,""pp_uv"":648},""4"":{""mean_uv"":742759,""error_uv"":-257241,""pp_uv"":171}},{""0"":{""mean_uv"":986003,""error_uv"":-13997,""pp_uv"":2441},""1"":{""mean_uv"":995559,""error_uv"":-4441,""pp_uv"":3261},""2"":{""mean_uv"":1061515,""error_uv"":61515,""pp_uv"":476},""3"":{""mean_uv"":1060714,""error_uv"":60714,""pp_uv"":495},""4"":{""mean_uv"":742778,""error_uv"":-257222,""pp_uv"":152}},{""0"":{""mean_uv"":986042,""error_uv"":-13958,""pp_uv"":2670},""1"":{""mean_uv"":995960,""error_uv"":-4040,""pp_uv"":3356},""2"":{""mean_uv"":1060180,""error_uv"":60180,""pp_uv"":648},""3"":{""mean_uv"":1059455,""error_uv"":59455,""pp_uv"":247},""4"":{""mean_uv"":742721,""error_uv"":-257279,""pp_uv"":171}}]},""codes"":[0,0,0,0]}"
24,coupled,False,5,2026-09-08T08:07:31,observation,    base dinámica multiplexada: PGAgain=-14.0mV BPo=-4.4mV OPA_SUMo=+61.5mV SUMo=+60.7mV LPo=-257.2mV,"[0, 0, 0, 0]",,3,60714,495,2804,"{""at"":""2026-09-08T08:07:31"",""kind"":""observation"",""message"":""    base dinámica multiplexada: PGAgain=-14.0mV BPo=-4.4mV OPA_SUMo=+61.5mV SUMo=+60.7mV LPo=-257.2mV"",""label"":""base dinámica multiplexada"",""observation"":{""errors_uv"":{""0"":-13978,""1"":-4441,""2"":61515,""3"":60714,""4"":-257241},""pp_uv"":{""0"":2441,""1"":3299,""2"":572,""3"":495,""4"":171},""spread_uv"":{""0"":39,""1"":859,""2"":2957,""3"":2804,""4"":57},""samples"":[{""0"":{""mean_uv"":986022,""error_uv"":-13978,""pp_uv"":2155},""1"":{""mean_uv"":995101,""error_uv"":-4899,""pp_uv"":3299},""2"":{""mean_uv"":1063137,""error_uv"":63137,""pp_uv"":572},""3"":{""mean_uv"":1062259,""error_uv"":62259,""pp_uv"":648},""4"":{""mean_uv"":742759,""error_uv"":-257241,""pp_uv"":171}},{""0"":{""mean_uv"":986003,""error_uv"":-13997,""pp_uv"":2441},""1"":{""mean_uv"":995559,""error_uv"":-4441,""pp_uv"":3261},""2"":{""mean_uv"":1061515,""error_uv"":61515,""pp_uv"":476},""3"":{""mean_uv"":1060714,""error_uv"":60714,""pp_uv"":495},""4"":{""mean_uv"":742778,""error_uv"":-257222,""pp_uv"":152}},{""0"":{""mean_uv"":986042,""error_uv"":-13958,""pp_uv"":2670},""1"":{""mean_uv"":995960,""error_uv"":-4040,""pp_uv"":3356},""2"":{""mean_uv"":1060180,""error_uv"":60180,""pp_uv"":648},""3"":{""mean_uv"":1059455,""error_uv"":59455,""pp_uv"":247},""4"":{""mean_uv"":742721,""error_uv"":-257279,""pp_uv"":171}}]},""codes"":[0,0,0,0]}"
24,coupled,False,5,2026-09-08T08:07:31,observation,    base dinámica multiplexada: PGAgain=-14.0mV BPo=-4.4mV OPA_SUMo=+61.5mV SUMo=+60.7mV LPo=-257.2mV,"[0, 0, 0, 0]",,4,-257241,171,57,"{""at"":""2026-09-08T08:07:31"",""kind"":""observation"",""message"":""    base dinámica multiplexada: PGAgain=-14.0mV BPo=-4.4mV OPA_SUMo=+61.5mV SUMo=+60.7mV LPo=-257.2mV"",""label"":""base dinámica multiplexada"",""observation"":{""errors_uv"":{""0"":-13978,""1"":-4441,""2"":61515,""3"":60714,""4"":-257241},""pp_uv"":{""0"":2441,""1"":3299,""2"":572,""3"":495,""4"":171},""spread_uv"":{""0"":39,""1"":859,""2"":2957,""3"":2804,""4"":57},""samples"":[{""0"":{""mean_uv"":986022,""error_uv"":-13978,""pp_uv"":2155},""1"":{""mean_uv"":995101,""error_uv"":-4899,""pp_uv"":3299},""2"":{""mean_uv"":1063137,""error_uv"":63137,""pp_uv"":572},""3"":{""mean_uv"":1062259,""error_uv"":62259,""pp_uv"":648},""4"":{""mean_uv"":742759,""error_uv"":-257241,""pp_uv"":171}},{""0"":{""mean_uv"":986003,""error_uv"":-13997,""pp_uv"":2441},""1"":{""mean_uv"":995559,""error_uv"":-4441,""pp_uv"":3261},""2"":{""mean_uv"":1061515,""error_uv"":61515,""pp_uv"":476},""3"":{""mean_uv"":1060714,""error_uv"":60714,""pp_uv"":495},""4"":{""mean_uv"":742778,""error_uv"":-257222,""pp_uv"":152}},{""0"":{""mean_uv"":986042,""error_uv"":-13958,""pp_uv"":2670},""1"":{""mean_uv"":995960,""error_uv"":-4040,""pp_uv"":3356},""2"":{""mean_uv"":1060180,""error_uv"":60180,""pp_uv"":648},""3"":{""mean_uv"":1059455,""error_uv"":59455,""pp_uv"":247},""4"":{""mean_uv"":742721,""error_uv"":-257279,""pp_uv"":171}}]},""codes"":[0,0,0,0]}"
24,coupled,False,6,2026-09-08T08:07:53,observation,    patrón dinámico 1: PGAgain=+7.3mV BPo=-14.5mV OPA_SUMo=+22.8mV SUMo=+21.3mV LPo=-193.2mV,"[8, 12, 16, 16]",,0,7308,1926,972,"{""at"":""2026-09-08T08:07:53"",""kind"":""observation"",""message"":""    patrón dinámico 1: PGAgain=+7.3mV BPo=-14.5mV OPA_SUMo=+22.8mV SUMo=+21.3mV LPo=-193.2mV"",""label"":""patrón dinámico 1"",""observation"":{""errors_uv"":{""0"":7308,""1"":-14512,""2"":22758,""3"":21327,""4"":-193192},""pp_uv"":{""0"":1926,""1"":2727,""2"":591,""3"":553,""4"":2059},""spread_uv"":{""0"":972,""1"":3605,""2"":13828,""3"":13332,""4"":142498},""samples"":[{""0"":{""mean_uv"":1006832,""error_uv"":6832,""pp_uv"":1926},""1"":{""mean_uv"":983848,""error_uv"":-16152,""pp_uv"":3032},""2"":{""mean_uv"":1030120,""error_uv"":30120,""pp_uv"":591},""3"":{""mean_uv"":1028499,""error_uv"":28499,""pp_uv"":610},""4"":{""mean_uv"":742740,""error_uv"":-257260,""pp_uv"":152}},{""0"":{""mean_uv"":1007308,""error_uv"":7308,""pp_uv"":1983},""1"":{""mean_uv"":985488,""error_uv"":-14512,""pp_uv"":2727},""2"":{""mean_uv"":1022758,""error_uv"":22758,""pp_uv"":686},""3"":{""mean_uv"":1021327,""error_uv"":21327,""pp_uv"":553},""4"":{""mean_uv"":806808,""error_uv"":-193192,""pp_uv"":2059}},{""0"":{""mean_uv"":1007804,""error_uv"":7804,""pp_uv"":1888},""1"":{""mean_uv"":987453,""error_uv"":-12547,""pp_uv"":2403},""2"":{""mean_uv"":1016292,""error_uv"":16292,""pp_uv"":591},""3"":{""mean_uv"":1015167,""error_uv"":15167,""pp_uv"":438},""4"":{""mean_uv"":885238,""error_uv"":-114762,""pp_uv"":2059}}]},""codes"":[8,12,16,16]}"
24,coupled,False,6,2026-09-08T08:07:53,observation,    patrón dinámico 1: PGAgain=+7.3mV BPo=-14.5mV OPA_SUMo=+22.8mV SUMo=+21.3mV LPo=-193.2mV,"[8, 12, 16, 16]",,1,-14512,2727,3605,"{""at"":""2026-09-08T08:07:53"",""kind"":""observation"",""message"":""    patrón dinámico 1: PGAgain=+7.3mV BPo=-14.5mV OPA_SUMo=+22.8mV SUMo=+21.3mV LPo=-193.2mV"",""label"":""patrón dinámico 1"",""observation"":{""errors_uv"":{""0"":7308,""1"":-14512,""2"":22758,""3"":21327,""4"":-193192},""pp_uv"":{""0"":1926,""1"":2727,""2"":591,""3"":553,""4"":2059},""spread_uv"":{""0"":972,""1"":3605,""2"":13828,""3"":13332,""4"":142498},""samples"":[{""0"":{""mean_uv"":1006832,""error_uv"":6832,""pp_uv"":1926},""1"":{""mean_uv"":983848,""error_uv"":-16152,""pp_uv"":3032},""2"":{""mean_uv"":1030120,""error_uv"":30120,""pp_uv"":591},""3"":{""mean_uv"":1028499,""error_uv"":28499,""pp_uv"":610},""4"":{""mean_uv"":742740,""error_uv"":-257260,""pp_uv"":152}},{""0"":{""mean_uv"":1007308,""error_uv"":7308,""pp_uv"":1983},""1"":{""mean_uv"":985488,""error_uv"":-14512,""pp_uv"":2727},""2"":{""mean_uv"":1022758,""error_uv"":22758,""pp_uv"":686},""3"":{""mean_uv"":1021327,""error_uv"":21327,""pp_uv"":553},""4"":{""mean_uv"":806808,""error_uv"":-193192,""pp_uv"":2059}},{""0"":{""mean_uv"":1007804,""error_uv"":7804,""pp_uv"":1888},""1"":{""mean_uv"":987453,""error_uv"":-12547,""pp_uv"":2403},""2"":{""mean_uv"":1016292,""error_uv"":16292,""pp_uv"":591},""3"":{""mean_uv"":1015167,""error_uv"":15167,""pp_uv"":438},""4"":{""mean_uv"":885238,""error_uv"":-114762,""pp_uv"":2059}}]},""codes"":[8,12,16,16]}"
24,coupled,False,6,2026-09-08T08:07:53,observation,    patrón dinámico 1: PGAgain=+7.3mV BPo=-14.5mV OPA_SUMo=+22.8mV SUMo=+21.3mV LPo=-193.2mV,"[8, 12, 16, 16]",,2,22758,591,13828,"{""at"":""2026-09-08T08:07:53"",""kind"":""observation"",""message"":""    patrón dinámico 1: PGAgain=+7.3mV BPo=-14.5mV OPA_SUMo=+22.8mV SUMo=+21.3mV LPo=-193.2mV"",""label"":""patrón dinámico 1"",""observation"":{""errors_uv"":{""0"":7308,""1"":-14512,""2"":22758,""3"":21327,""4"":-193192},""pp_uv"":{""0"":1926,""1"":2727,""2"":591,""3"":553,""4"":2059},""spread_uv"":{""0"":972,""1"":3605,""2"":13828,""3"":13332,""4"":142498},""samples"":[{""0"":{""mean_uv"":1006832,""error_uv"":6832,""pp_uv"":1926},""1"":{""mean_uv"":983848,""error_uv"":-16152,""pp_uv"":3032},""2"":{""mean_uv"":1030120,""error_uv"":30120,""pp_uv"":591},""3"":{""mean_uv"":1028499,""error_uv"":28499,""pp_uv"":610},""4"":{""mean_uv"":742740,""error_uv"":-257260,""pp_uv"":152}},{""0"":{""mean_uv"":1007308,""error_uv"":7308,""pp_uv"":1983},""1"":{""mean_uv"":985488,""error_uv"":-14512,""pp_uv"":2727},""2"":{""mean_uv"":1022758,""error_uv"":22758,""pp_uv"":686},""3"":{""mean_uv"":1021327,""error_uv"":21327,""pp_uv"":553},""4"":{""mean_uv"":806808,""error_uv"":-193192,""pp_uv"":2059}},{""0"":{""mean_uv"":1007804,""error_uv"":7804,""pp_uv"":1888},""1"":{""mean_uv"":987453,""error_uv"":-12547,""pp_uv"":2403},""2"":{""mean_uv"":1016292,""error_uv"":16292,""pp_uv"":591},""3"":{""mean_uv"":1015167,""error_uv"":15167,""pp_uv"":438},""4"":{""mean_uv"":885238,""error_uv"":-114762,""pp_uv"":2059}}]},""codes"":[8,12,16,16]}"
24,coupled,False,6,2026-09-08T08:07:53,observation,    patrón dinámico 1: PGAgain=+7.3mV BPo=-14.5mV OPA_SUMo=+22.8mV SUMo=+21.3mV LPo=-193.2mV,"[8, 12, 16, 16]",,3,21327,553,13332,"{""at"":""2026-09-08T08:07:53"",""kind"":""observation"",""message"":""    patrón dinámico 1: PGAgain=+7.3mV BPo=-14.5mV OPA_SUMo=+22.8mV SUMo=+21.3mV LPo=-193.2mV"",""label"":""patrón dinámico 1"",""observation"":{""errors_uv"":{""0"":7308,""1"":-14512,""2"":22758,""3"":21327,""4"":-193192},""pp_uv"":{""0"":1926,""1"":2727,""2"":591,""3"":553,""4"":2059},""spread_uv"":{""0"":972,""1"":3605,""2"":13828,""3"":13332,""4"":142498},""samples"":[{""0"":{""mean_uv"":1006832,""error_uv"":6832,""pp_uv"":1926},""1"":{""mean_uv"":983848,""error_uv"":-16152,""pp_uv"":3032},""2"":{""mean_uv"":1030120,""error_uv"":30120,""pp_uv"":591},""3"":{""mean_uv"":1028499,""error_uv"":28499,""pp_uv"":610},""4"":{""mean_uv"":742740,""error_uv"":-257260,""pp_uv"":152}},{""0"":{""mean_uv"":1007308,""error_uv"":7308,""pp_uv"":1983},""1"":{""mean_uv"":985488,""error_uv"":-14512,""pp_uv"":2727},""2"":{""mean_uv"":1022758,""error_uv"":22758,""pp_uv"":686},""3"":{""mean_uv"":1021327,""error_uv"":21327,""pp_uv"":553},""4"":{""mean_uv"":806808,""error_uv"":-193192,""pp_uv"":2059}},{""0"":{""mean_uv"":1007804,""error_uv"":7804,""pp_uv"":1888},""1"":{""mean_uv"":987453,""error_uv"":-12547,""pp_uv"":2403},""2"":{""mean_uv"":1016292,""error_uv"":16292,""pp_uv"":591},""3"":{""mean_uv"":1015167,""error_uv"":15167,""pp_uv"":438},""4"":{""mean_uv"":885238,""error_uv"":-114762,""pp_uv"":2059}}]},""codes"":[8,12,16,16]}"
24,coupled,False,6,2026-09-08T08:07:53,observation,    patrón dinámico 1: PGAgain=+7.3mV BPo=-14.5mV OPA_SUMo=+22.8mV SUMo=+21.3mV LPo=-193.2mV,"[8, 12, 16, 16]",,4,-193192,2059,142498,"{""at"":""2026-09-08T08:07:53"",""kind"":""observation"",""message"":""    patrón dinámico 1: PGAgain=+7.3mV BPo=-14.5mV OPA_SUMo=+22.8mV SUMo=+21.3mV LPo=-193.2mV"",""label"":""patrón dinámico 1"",""observation"":{""errors_uv"":{""0"":7308,""1"":-14512,""2"":22758,""3"":21327,""4"":-193192},""pp_uv"":{""0"":1926,""1"":2727,""2"":591,""3"":553,""4"":2059},""spread_uv"":{""0"":972,""1"":3605,""2"":13828,""3"":13332,""4"":142498},""samples"":[{""0"":{""mean_uv"":1006832,""error_uv"":6832,""pp_uv"":1926},""1"":{""mean_uv"":983848,""error_uv"":-16152,""pp_uv"":3032},""2"":{""mean_uv"":1030120,""error_uv"":30120,""pp_uv"":591},""3"":{""mean_uv"":1028499,""error_uv"":28499,""pp_uv"":610},""4"":{""mean_uv"":742740,""error_uv"":-257260,""pp_uv"":152}},{""0"":{""mean_uv"":1007308,""error_uv"":7308,""pp_uv"":1983},""1"":{""mean_uv"":985488,""error_uv"":-14512,""pp_uv"":2727},""2"":{""mean_uv"":1022758,""error_uv"":22758,""pp_uv"":686},""3"":{""mean_uv"":1021327,""error_uv"":21327,""pp_uv"":553},""4"":{""mean_uv"":806808,""error_uv"":-193192,""pp_uv"":2059}},{""0"":{""mean_uv"":1007804,""error_uv"":7804,""pp_uv"":1888},""1"":{""mean_uv"":987453,""error_uv"":-12547,""pp_uv"":2403},""2"":{""mean_uv"":1016292,""error_uv"":16292,""pp_uv"":591},""3"":{""mean_uv"":1015167,""error_uv"":15167,""pp_uv"":438},""4"":{""mean_uv"":885238,""error_uv"":-114762,""pp_uv"":2059}}]},""codes"":[8,12,16,16]}"
24,coupled,False,7,2026-09-08T08:08:15,observation,    patrón dinámico 2: PGAgain=+7.5mV BPo=-10.2mV OPA_SUMo=-8.9mV SUMo=-9.6mV LPo=+39.4mV,"[8, -12, 16, -16]",,0,7499,1659,133,"{""at"":""2026-09-08T08:08:15"",""kind"":""observation"",""message"":""    patrón dinámico 2: PGAgain=+7.5mV BPo=-10.2mV OPA_SUMo=-8.9mV SUMo=-9.6mV LPo=+39.4mV"",""label"":""patrón dinámico 2"",""observation"":{""errors_uv"":{""0"":7499,""1"":-10163,""2"":-8923,""3"":-9572,""4"":39409},""pp_uv"":{""0"":1659,""1"":1907,""2"":629,""3"":553,""4"":801},""spread_uv"":{""0"":133,""1"":2060,""2"":7362,""3"":7267,""4"":34389},""samples"":[{""0"":{""mean_uv"":1007442,""error_uv"":7442,""pp_uv"":1163},""1"":{""mean_uv"":988674,""error_uv"":-11326,""pp_uv"":1716},""2"":{""mean_uv"":995006,""error_uv"":-4994,""pp_uv"":724},""3"":{""mean_uv"":994319,""error_uv"":-5681,""pp_uv"":648},""4"":{""mean_uv"":1021099,""error_uv"":21099,""pp_uv"":782}},{""0"":{""mean_uv"":1007499,""error_uv"":7499,""pp_uv"":2079},""1"":{""mean_uv"":989837,""error_uv"":-10163,""pp_uv"":2231},""2"":{""mean_uv"":991077,""error_uv"":-8923,""pp_uv"":495},""3"":{""mean_uv"":990428,""error_uv"":-9572,""pp_uv"":514},""4"":{""mean_uv"":1039409,""error_uv"":39409,""pp_uv"":801}},{""0"":{""mean_uv"":1007575,""error_uv"":7575,""pp_uv"":1659},""1"":{""mean_uv"":990734,""error_uv"":-9266,""pp_uv"":1907},""2"":{""mean_uv"":987644,""error_uv"":-12356,""pp_uv"":629},""3"":{""mean_uv"":987052,""error_uv"":-12948,""pp_uv"":553},""4"":{""mean_uv"":1055488,""error_uv"":55488,""pp_uv"":953}}]},""codes"":[8,-12,16,-16]}"
24,coupled,False,7,2026-09-08T08:08:15,observation,    patrón dinámico 2: PGAgain=+7.5mV BPo=-10.2mV OPA_SUMo=-8.9mV SUMo=-9.6mV LPo=+39.4mV,"[8, -12, 16, -16]",,1,-10163,1907,2060,"{""at"":""2026-09-08T08:08:15"",""kind"":""observation"",""message"":""    patrón dinámico 2: PGAgain=+7.5mV BPo=-10.2mV OPA_SUMo=-8.9mV SUMo=-9.6mV LPo=+39.4mV"",""label"":""patrón dinámico 2"",""observation"":{""errors_uv"":{""0"":7499,""1"":-10163,""2"":-8923,""3"":-9572,""4"":39409},""pp_uv"":{""0"":1659,""1"":1907,""2"":629,""3"":553,""4"":801},""spread_uv"":{""0"":133,""1"":2060,""2"":7362,""3"":7267,""4"":34389},""samples"":[{""0"":{""mean_uv"":1007442,""error_uv"":7442,""pp_uv"":1163},""1"":{""mean_uv"":988674,""error_uv"":-11326,""pp_uv"":1716},""2"":{""mean_uv"":995006,""error_uv"":-4994,""pp_uv"":724},""3"":{""mean_uv"":994319,""error_uv"":-5681,""pp_uv"":648},""4"":{""mean_uv"":1021099,""error_uv"":21099,""pp_uv"":782}},{""0"":{""mean_uv"":1007499,""error_uv"":7499,""pp_uv"":2079},""1"":{""mean_uv"":989837,""error_uv"":-10163,""pp_uv"":2231},""2"":{""mean_uv"":991077,""error_uv"":-8923,""pp_uv"":495},""3"":{""mean_uv"":990428,""error_uv"":-9572,""pp_uv"":514},""4"":{""mean_uv"":1039409,""error_uv"":39409,""pp_uv"":801}},{""0"":{""mean_uv"":1007575,""error_uv"":7575,""pp_uv"":1659},""1"":{""mean_uv"":990734,""error_uv"":-9266,""pp_uv"":1907},""2"":{""mean_uv"":987644,""error_uv"":-12356,""pp_uv"":629},""3"":{""mean_uv"":987052,""error_uv"":-12948,""pp_uv"":553},""4"":{""mean_uv"":1055488,""error_uv"":55488,""pp_uv"":953}}]},""codes"":[8,-12,16,-16]}"
24,coupled,False,7,2026-09-08T08:08:15,observation,    patrón dinámico 2: PGAgain=+7.5mV BPo=-10.2mV OPA_SUMo=-8.9mV SUMo=-9.6mV LPo=+39.4mV,"[8, -12, 16, -16]",,2,-8923,629,7362,"{""at"":""2026-09-08T08:08:15"",""kind"":""observation"",""message"":""    patrón dinámico 2: PGAgain=+7.5mV BPo=-10.2mV OPA_SUMo=-8.9mV SUMo=-9.6mV LPo=+39.4mV"",""label"":""patrón dinámico 2"",""observation"":{""errors_uv"":{""0"":7499,""1"":-10163,""2"":-8923,""3"":-9572,""4"":39409},""pp_uv"":{""0"":1659,""1"":1907,""2"":629,""3"":553,""4"":801},""spread_uv"":{""0"":133,""1"":2060,""2"":7362,""3"":7267,""4"":34389},""samples"":[{""0"":{""mean_uv"":1007442,""error_uv"":7442,""pp_uv"":1163},""1"":{""mean_uv"":988674,""error_uv"":-11326,""pp_uv"":1716},""2"":{""mean_uv"":995006,""error_uv"":-4994,""pp_uv"":724},""3"":{""mean_uv"":994319,""error_uv"":-5681,""pp_uv"":648},""4"":{""mean_uv"":1021099,""error_uv"":21099,""pp_uv"":782}},{""0"":{""mean_uv"":1007499,""error_uv"":7499,""pp_uv"":2079},""1"":{""mean_uv"":989837,""error_uv"":-10163,""pp_uv"":2231},""2"":{""mean_uv"":991077,""error_uv"":-8923,""pp_uv"":495},""3"":{""mean_uv"":990428,""error_uv"":-9572,""pp_uv"":514},""4"":{""mean_uv"":1039409,""error_uv"":39409,""pp_uv"":801}},{""0"":{""mean_uv"":1007575,""error_uv"":7575,""pp_uv"":1659},""1"":{""mean_uv"":990734,""error_uv"":-9266,""pp_uv"":1907},""2"":{""mean_uv"":987644,""error_uv"":-12356,""pp_uv"":629},""3"":{""mean_uv"":987052,""error_uv"":-12948,""pp_uv"":553},""4"":{""mean_uv"":1055488,""error_uv"":55488,""pp_uv"":953}}]},""codes"":[8,-12,16,-16]}"
24,coupled,False,7,2026-09-08T08:08:15,observation,    patrón dinámico 2: PGAgain=+7.5mV BPo=-10.2mV OPA_SUMo=-8.9mV SUMo=-9.6mV LPo=+39.4mV,"[8, -12, 16, -16]",,3,-9572,553,7267,"{""at"":""2026-09-08T08:08:15"",""kind"":""observation"",""message"":""    patrón dinámico 2: PGAgain=+7.5mV BPo=-10.2mV OPA_SUMo=-8.9mV SUMo=-9.6mV LPo=+39.4mV"",""label"":""patrón dinámico 2"",""observation"":{""errors_uv"":{""0"":7499,""1"":-10163,""2"":-8923,""3"":-9572,""4"":39409},""pp_uv"":{""0"":1659,""1"":1907,""2"":629,""3"":553,""4"":801},""spread_uv"":{""0"":133,""1"":2060,""2"":7362,""3"":7267,""4"":34389},""samples"":[{""0"":{""mean_uv"":1007442,""error_uv"":7442,""pp_uv"":1163},""1"":{""mean_uv"":988674,""error_uv"":-11326,""pp_uv"":1716},""2"":{""mean_uv"":995006,""error_uv"":-4994,""pp_uv"":724},""3"":{""mean_uv"":994319,""error_uv"":-5681,""pp_uv"":648},""4"":{""mean_uv"":1021099,""error_uv"":21099,""pp_uv"":782}},{""0"":{""mean_uv"":1007499,""error_uv"":7499,""pp_uv"":2079},""1"":{""mean_uv"":989837,""error_uv"":-10163,""pp_uv"":2231},""2"":{""mean_uv"":991077,""error_uv"":-8923,""pp_uv"":495},""3"":{""mean_uv"":990428,""error_uv"":-9572,""pp_uv"":514},""4"":{""mean_uv"":1039409,""error_uv"":39409,""pp_uv"":801}},{""0"":{""mean_uv"":1007575,""error_uv"":7575,""pp_uv"":1659},""1"":{""mean_uv"":990734,""error_uv"":-9266,""pp_uv"":1907},""2"":{""mean_uv"":987644,""error_uv"":-12356,""pp_uv"":629},""3"":{""mean_uv"":987052,""error_uv"":-12948,""pp_uv"":553},""4"":{""mean_uv"":1055488,""error_uv"":55488,""pp_uv"":953}}]},""codes"":[8,-12,16,-16]}"
24,coupled,False,7,2026-09-08T08:08:15,observation,    patrón dinámico 2: PGAgain=+7.5mV BPo=-10.2mV OPA_SUMo=-8.9mV SUMo=-9.6mV LPo=+39.4mV,"[8, -12, 16, -16]",,4,39409,801,34389,"{""at"":""2026-09-08T08:08:15"",""kind"":""observation"",""message"":""    patrón dinámico 2: PGAgain=+7.5mV BPo=-10.2mV OPA_SUMo=-8.9mV SUMo=-9.6mV LPo=+39.4mV"",""label"":""patrón dinámico 2"",""observation"":{""errors_uv"":{""0"":7499,""1"":-10163,""2"":-8923,""3"":-9572,""4"":39409},""pp_uv"":{""0"":1659,""1"":1907,""2"":629,""3"":553,""4"":801},""spread_uv"":{""0"":133,""1"":2060,""2"":7362,""3"":7267,""4"":34389},""samples"":[{""0"":{""mean_uv"":1007442,""error_uv"":7442,""pp_uv"":1163},""1"":{""mean_uv"":988674,""error_uv"":-11326,""pp_uv"":1716},""2"":{""mean_uv"":995006,""error_uv"":-4994,""pp_uv"":724},""3"":{""mean_uv"":994319,""error_uv"":-5681,""pp_uv"":648},""4"":{""mean_uv"":1021099,""error_uv"":21099,""pp_uv"":782}},{""0"":{""mean_uv"":1007499,""error_uv"":7499,""pp_uv"":2079},""1"":{""mean_uv"":989837,""error_uv"":-10163,""pp_uv"":2231},""2"":{""mean_uv"":991077,""error_uv"":-8923,""pp_uv"":495},""3"":{""mean_uv"":990428,""error_uv"":-9572,""pp_uv"":514},""4"":{""mean_uv"":1039409,""error_uv"":39409,""pp_uv"":801}},{""0"":{""mean_uv"":1007575,""error_uv"":7575,""pp_uv"":1659},""1"":{""mean_uv"":990734,""error_uv"":-9266,""pp_uv"":1907},""2"":{""mean_uv"":987644,""error_uv"":-12356,""pp_uv"":629},""3"":{""mean_uv"":987052,""error_uv"":-12948,""pp_uv"":553},""4"":{""mean_uv"":1055488,""error_uv"":55488,""pp_uv"":953}}]},""codes"":[8,-12,16,-16]}"
24,coupled,False,8,2026-09-08T08:08:37,observation,    patrón dinámico 3: PGAgain=+7.3mV BPo=-2.9mV OPA_SUMo=-17.0mV SUMo=-17.4mV LPo=+74.9mV,"[8, 12, -16, -16]",,0,7289,1449,801,"{""at"":""2026-09-08T08:08:37"",""kind"":""observation"",""message"":""    patrón dinámico 3: PGAgain=+7.3mV BPo=-2.9mV OPA_SUMo=-17.0mV SUMo=-17.4mV LPo=+74.9mV"",""label"":""patrón dinámico 3"",""observation"":{""errors_uv"":{""0"":7289,""1"":-2877,""2"":-17048,""3"":-17354,""4"":74867},""pp_uv"":{""0"":1449,""1"":2670,""2"":591,""3"":438,""4"":782},""spread_uv"":{""0"":801,""1"":515,""2"":2041,""3"":2003,""4"":9479},""samples"":[{""0"":{""mean_uv"":1007671,""error_uv"":7671,""pp_uv"":1201},""1"":{""mean_uv"":996894,""error_uv"":-3106,""pp_uv"":2555},""2"":{""mean_uv"":984001,""error_uv"":-15999,""pp_uv"":610},""3"":{""mean_uv"":983734,""error_uv"":-16266,""pp_uv"":438},""4"":{""mean_uv"":1069622,""error_uv"":69622,""pp_uv"":934}},{""0"":{""mean_uv"":1007289,""error_uv"":7289,""pp_uv"":1697},""1"":{""mean_uv"":997123,""error_uv"":-2877,""pp_uv"":2670},""2"":{""mean_uv"":982952,""error_uv"":-17048,""pp_uv"":553},""3"":{""mean_uv"":982646,""error_uv"":-17354,""pp_uv"":438},""4"":{""mean_uv"":1074867,""error_uv"":74867,""pp_uv"":782}},{""0"":{""mean_uv"":1006870,""error_uv"":6870,""pp_uv"":1449},""1"":{""mean_uv"":997409,""error_uv"":-2591,""pp_uv"":2727},""2"":{""mean_uv"":981960,""error_uv"":-18040,""pp_uv"":591},""3"":{""mean_uv"":981731,""error_uv"":-18269,""pp_uv"":362},""4"":{""mean_uv"":1079101,""error_uv"":79101,""pp_uv"":724}}]},""codes"":[8,12,-16,-16]}"
24,coupled,False,8,2026-09-08T08:08:37,observation,    patrón dinámico 3: PGAgain=+7.3mV BPo=-2.9mV OPA_SUMo=-17.0mV SUMo=-17.4mV LPo=+74.9mV,"[8, 12, -16, -16]",,1,-2877,2670,515,"{""at"":""2026-09-08T08:08:37"",""kind"":""observation"",""message"":""    patrón dinámico 3: PGAgain=+7.3mV BPo=-2.9mV OPA_SUMo=-17.0mV SUMo=-17.4mV LPo=+74.9mV"",""label"":""patrón dinámico 3"",""observation"":{""errors_uv"":{""0"":7289,""1"":-2877,""2"":-17048,""3"":-17354,""4"":74867},""pp_uv"":{""0"":1449,""1"":2670,""2"":591,""3"":438,""4"":782},""spread_uv"":{""0"":801,""1"":515,""2"":2041,""3"":2003,""4"":9479},""samples"":[{""0"":{""mean_uv"":1007671,""error_uv"":7671,""pp_uv"":1201},""1"":{""mean_uv"":996894,""error_uv"":-3106,""pp_uv"":2555},""2"":{""mean_uv"":984001,""error_uv"":-15999,""pp_uv"":610},""3"":{""mean_uv"":983734,""error_uv"":-16266,""pp_uv"":438},""4"":{""mean_uv"":1069622,""error_uv"":69622,""pp_uv"":934}},{""0"":{""mean_uv"":1007289,""error_uv"":7289,""pp_uv"":1697},""1"":{""mean_uv"":997123,""error_uv"":-2877,""pp_uv"":2670},""2"":{""mean_uv"":982952,""error_uv"":-17048,""pp_uv"":553},""3"":{""mean_uv"":982646,""error_uv"":-17354,""pp_uv"":438},""4"":{""mean_uv"":1074867,""error_uv"":74867,""pp_uv"":782}},{""0"":{""mean_uv"":1006870,""error_uv"":6870,""pp_uv"":1449},""1"":{""mean_uv"":997409,""error_uv"":-2591,""pp_uv"":2727},""2"":{""mean_uv"":981960,""error_uv"":-18040,""pp_uv"":591},""3"":{""mean_uv"":981731,""error_uv"":-18269,""pp_uv"":362},""4"":{""mean_uv"":1079101,""error_uv"":79101,""pp_uv"":724}}]},""codes"":[8,12,-16,-16]}"
24,coupled,False,8,2026-09-08T08:08:37,observation,    patrón dinámico 3: PGAgain=+7.3mV BPo=-2.9mV OPA_SUMo=-17.0mV SUMo=-17.4mV LPo=+74.9mV,"[8, 12, -16, -16]",,2,-17048,591,2041,"{""at"":""2026-09-08T08:08:37"",""kind"":""observation"",""message"":""    patrón dinámico 3: PGAgain=+7.3mV BPo=-2.9mV OPA_SUMo=-17.0mV SUMo=-17.4mV LPo=+74.9mV"",""label"":""patrón dinámico 3"",""observation"":{""errors_uv"":{""0"":7289,""1"":-2877,""2"":-17048,""3"":-17354,""4"":74867},""pp_uv"":{""0"":1449,""1"":2670,""2"":591,""3"":438,""4"":782},""spread_uv"":{""0"":801,""1"":515,""2"":2041,""3"":2003,""4"":9479},""samples"":[{""0"":{""mean_uv"":1007671,""error_uv"":7671,""pp_uv"":1201},""1"":{""mean_uv"":996894,""error_uv"":-3106,""pp_uv"":2555},""2"":{""mean_uv"":984001,""error_uv"":-15999,""pp_uv"":610},""3"":{""mean_uv"":983734,""error_uv"":-16266,""pp_uv"":438},""4"":{""mean_uv"":1069622,""error_uv"":69622,""pp_uv"":934}},{""0"":{""mean_uv"":1007289,""error_uv"":7289,""pp_uv"":1697},""1"":{""mean_uv"":997123,""error_uv"":-2877,""pp_uv"":2670},""2"":{""mean_uv"":982952,""error_uv"":-17048,""pp_uv"":553},""3"":{""mean_uv"":982646,""error_uv"":-17354,""pp_uv"":438},""4"":{""mean_uv"":1074867,""error_uv"":74867,""pp_uv"":782}},{""0"":{""mean_uv"":1006870,""error_uv"":6870,""pp_uv"":1449},""1"":{""mean_uv"":997409,""error_uv"":-2591,""pp_uv"":2727},""2"":{""mean_uv"":981960,""error_uv"":-18040,""pp_uv"":591},""3"":{""mean_uv"":981731,""error_uv"":-18269,""pp_uv"":362},""4"":{""mean_uv"":1079101,""error_uv"":79101,""pp_uv"":724}}]},""codes"":[8,12,-16,-16]}"
24,coupled,False,8,2026-09-08T08:08:37,observation,    patrón dinámico 3: PGAgain=+7.3mV BPo=-2.9mV OPA_SUMo=-17.0mV SUMo=-17.4mV LPo=+74.9mV,"[8, 12, -16, -16]",,3,-17354,438,2003,"{""at"":""2026-09-08T08:08:37"",""kind"":""observation"",""message"":""    patrón dinámico 3: PGAgain=+7.3mV BPo=-2.9mV OPA_SUMo=-17.0mV SUMo=-17.4mV LPo=+74.9mV"",""label"":""patrón dinámico 3"",""observation"":{""errors_uv"":{""0"":7289,""1"":-2877,""2"":-17048,""3"":-17354,""4"":74867},""pp_uv"":{""0"":1449,""1"":2670,""2"":591,""3"":438,""4"":782},""spread_uv"":{""0"":801,""1"":515,""2"":2041,""3"":2003,""4"":9479},""samples"":[{""0"":{""mean_uv"":1007671,""error_uv"":7671,""pp_uv"":1201},""1"":{""mean_uv"":996894,""error_uv"":-3106,""pp_uv"":2555},""2"":{""mean_uv"":984001,""error_uv"":-15999,""pp_uv"":610},""3"":{""mean_uv"":983734,""error_uv"":-16266,""pp_uv"":438},""4"":{""mean_uv"":1069622,""error_uv"":69622,""pp_uv"":934}},{""0"":{""mean_uv"":1007289,""error_uv"":7289,""pp_uv"":1697},""1"":{""mean_uv"":997123,""error_uv"":-2877,""pp_uv"":2670},""2"":{""mean_uv"":982952,""error_uv"":-17048,""pp_uv"":553},""3"":{""mean_uv"":982646,""error_uv"":-17354,""pp_uv"":438},""4"":{""mean_uv"":1074867,""error_uv"":74867,""pp_uv"":782}},{""0"":{""mean_uv"":1006870,""error_uv"":6870,""pp_uv"":1449},""1"":{""mean_uv"":997409,""error_uv"":-2591,""pp_uv"":2727},""2"":{""mean_uv"":981960,""error_uv"":-18040,""pp_uv"":591},""3"":{""mean_uv"":981731,""error_uv"":-18269,""pp_uv"":362},""4"":{""mean_uv"":1079101,""error_uv"":79101,""pp_uv"":724}}]},""codes"":[8,12,-16,-16]}"
24,coupled,False,8,2026-09-08T08:08:37,observation,    patrón dinámico 3: PGAgain=+7.3mV BPo=-2.9mV OPA_SUMo=-17.0mV SUMo=-17.4mV LPo=+74.9mV,"[8, 12, -16, -16]",,4,74867,782,9479,"{""at"":""2026-09-08T08:08:37"",""kind"":""observation"",""message"":""    patrón dinámico 3: PGAgain=+7.3mV BPo=-2.9mV OPA_SUMo=-17.0mV SUMo=-17.4mV LPo=+74.9mV"",""label"":""patrón dinámico 3"",""observation"":{""errors_uv"":{""0"":7289,""1"":-2877,""2"":-17048,""3"":-17354,""4"":74867},""pp_uv"":{""0"":1449,""1"":2670,""2"":591,""3"":438,""4"":782},""spread_uv"":{""0"":801,""1"":515,""2"":2041,""3"":2003,""4"":9479},""samples"":[{""0"":{""mean_uv"":1007671,""error_uv"":7671,""pp_uv"":1201},""1"":{""mean_uv"":996894,""error_uv"":-3106,""pp_uv"":2555},""2"":{""mean_uv"":984001,""error_uv"":-15999,""pp_uv"":610},""3"":{""mean_uv"":983734,""error_uv"":-16266,""pp_uv"":438},""4"":{""mean_uv"":1069622,""error_uv"":69622,""pp_uv"":934}},{""0"":{""mean_uv"":1007289,""error_uv"":7289,""pp_uv"":1697},""1"":{""mean_uv"":997123,""error_uv"":-2877,""pp_uv"":2670},""2"":{""mean_uv"":982952,""error_uv"":-17048,""pp_uv"":553},""3"":{""mean_uv"":982646,""error_uv"":-17354,""pp_uv"":438},""4"":{""mean_uv"":1074867,""error_uv"":74867,""pp_uv"":782}},{""0"":{""mean_uv"":1006870,""error_uv"":6870,""pp_uv"":1449},""1"":{""mean_uv"":997409,""error_uv"":-2591,""pp_uv"":2727},""2"":{""mean_uv"":981960,""error_uv"":-18040,""pp_uv"":591},""3"":{""mean_uv"":981731,""error_uv"":-18269,""pp_uv"":362},""4"":{""mean_uv"":1079101,""error_uv"":79101,""pp_uv"":724}}]},""codes"":[8,12,-16,-16]}"
24,coupled,False,9,2026-09-08T08:09:05,observation,    patrón dinámico 4: PGAgain=+6.8mV BPo=-6.2mV OPA_SUMo=-27.5mV SUMo=-27.5mV LPo=+120.6mV,"[8, -12, -16, 16]",,0,6755,2269,1946,"{""at"":""2026-09-08T08:09:05"",""kind"":""observation"",""message"":""    patrón dinámico 4: PGAgain=+6.8mV BPo=-6.2mV OPA_SUMo=-27.5mV SUMo=-27.5mV LPo=+120.6mV"",""label"":""patrón dinámico 4"",""observation"":{""errors_uv"":{""0"":6755,""1"":-6157,""2"":-27539,""3"":-27501,""4"":120605},""pp_uv"":{""0"":2269,""1"":2822,""2"":610,""3"":476,""4"":114},""spread_uv"":{""0"":1946,""1"":820,""2"":3852,""3"":3662,""4"":19},""samples"":[{""0"":{""mean_uv"":1006755,""error_uv"":6755,""pp_uv"":2269},""1"":{""mean_uv"":993652,""error_uv"":-6348,""pp_uv"":2822},""2"":{""mean_uv"":973834,""error_uv"":-26166,""pp_uv"":610},""3"":{""mean_uv"":973796,""error_uv"":-26204,""pp_uv"":419},""4"":{""mean_uv"":1120605,""error_uv"":120605,""pp_uv"":114}},{""0"":{""mean_uv"":1006851,""error_uv"":6851,""pp_uv"":2117},""1"":{""mean_uv"":993843,""error_uv"":-6157,""pp_uv"":2803},""2"":{""mean_uv"":972461,""error_uv"":-27539,""pp_uv"":534},""3"":{""mean_uv"":972499,""error_uv"":-27501,""pp_uv"":476},""4"":{""mean_uv"":1120586,""error_uv"":120586,""pp_uv"":95}},{""0"":{""mean_uv"":1004905,""error_uv"":4905,""pp_uv"":2975},""1"":{""mean_uv"":994472,""error_uv"":-5528,""pp_uv"":3070},""2"":{""mean_uv"":969982,""error_uv"":-30018,""pp_uv"":686},""3"":{""mean_uv"":970134,""error_uv"":-29866,""pp_uv"":686},""4"":{""mean_uv"":1120605,""error_uv"":120605,""pp_uv"":114}}]},""codes"":[8,-12,-16,16]}"
24,coupled,False,9,2026-09-08T08:09:05,observation,    patrón dinámico 4: PGAgain=+6.8mV BPo=-6.2mV OPA_SUMo=-27.5mV SUMo=-27.5mV LPo=+120.6mV,"[8, -12, -16, 16]",,1,-6157,2822,820,"{""at"":""2026-09-08T08:09:05"",""kind"":""observation"",""message"":""    patrón dinámico 4: PGAgain=+6.8mV BPo=-6.2mV OPA_SUMo=-27.5mV SUMo=-27.5mV LPo=+120.6mV"",""label"":""patrón dinámico 4"",""observation"":{""errors_uv"":{""0"":6755,""1"":-6157,""2"":-27539,""3"":-27501,""4"":120605},""pp_uv"":{""0"":2269,""1"":2822,""2"":610,""3"":476,""4"":114},""spread_uv"":{""0"":1946,""1"":820,""2"":3852,""3"":3662,""4"":19},""samples"":[{""0"":{""mean_uv"":1006755,""error_uv"":6755,""pp_uv"":2269},""1"":{""mean_uv"":993652,""error_uv"":-6348,""pp_uv"":2822},""2"":{""mean_uv"":973834,""error_uv"":-26166,""pp_uv"":610},""3"":{""mean_uv"":973796,""error_uv"":-26204,""pp_uv"":419},""4"":{""mean_uv"":1120605,""error_uv"":120605,""pp_uv"":114}},{""0"":{""mean_uv"":1006851,""error_uv"":6851,""pp_uv"":2117},""1"":{""mean_uv"":993843,""error_uv"":-6157,""pp_uv"":2803},""2"":{""mean_uv"":972461,""error_uv"":-27539,""pp_uv"":534},""3"":{""mean_uv"":972499,""error_uv"":-27501,""pp_uv"":476},""4"":{""mean_uv"":1120586,""error_uv"":120586,""pp_uv"":95}},{""0"":{""mean_uv"":1004905,""error_uv"":4905,""pp_uv"":2975},""1"":{""mean_uv"":994472,""error_uv"":-5528,""pp_uv"":3070},""2"":{""mean_uv"":969982,""error_uv"":-30018,""pp_uv"":686},""3"":{""mean_uv"":970134,""error_uv"":-29866,""pp_uv"":686},""4"":{""mean_uv"":1120605,""error_uv"":120605,""pp_uv"":114}}]},""codes"":[8,-12,-16,16]}"
24,coupled,False,9,2026-09-08T08:09:05,observation,    patrón dinámico 4: PGAgain=+6.8mV BPo=-6.2mV OPA_SUMo=-27.5mV SUMo=-27.5mV LPo=+120.6mV,"[8, -12, -16, 16]",,2,-27539,610,3852,"{""at"":""2026-09-08T08:09:05"",""kind"":""observation"",""message"":""    patrón dinámico 4: PGAgain=+6.8mV BPo=-6.2mV OPA_SUMo=-27.5mV SUMo=-27.5mV LPo=+120.6mV"",""label"":""patrón dinámico 4"",""observation"":{""errors_uv"":{""0"":6755,""1"":-6157,""2"":-27539,""3"":-27501,""4"":120605},""pp_uv"":{""0"":2269,""1"":2822,""2"":610,""3"":476,""4"":114},""spread_uv"":{""0"":1946,""1"":820,""2"":3852,""3"":3662,""4"":19},""samples"":[{""0"":{""mean_uv"":1006755,""error_uv"":6755,""pp_uv"":2269},""1"":{""mean_uv"":993652,""error_uv"":-6348,""pp_uv"":2822},""2"":{""mean_uv"":973834,""error_uv"":-26166,""pp_uv"":610},""3"":{""mean_uv"":973796,""error_uv"":-26204,""pp_uv"":419},""4"":{""mean_uv"":1120605,""error_uv"":120605,""pp_uv"":114}},{""0"":{""mean_uv"":1006851,""error_uv"":6851,""pp_uv"":2117},""1"":{""mean_uv"":993843,""error_uv"":-6157,""pp_uv"":2803},""2"":{""mean_uv"":972461,""error_uv"":-27539,""pp_uv"":534},""3"":{""mean_uv"":972499,""error_uv"":-27501,""pp_uv"":476},""4"":{""mean_uv"":1120586,""error_uv"":120586,""pp_uv"":95}},{""0"":{""mean_uv"":1004905,""error_uv"":4905,""pp_uv"":2975},""1"":{""mean_uv"":994472,""error_uv"":-5528,""pp_uv"":3070},""2"":{""mean_uv"":969982,""error_uv"":-30018,""pp_uv"":686},""3"":{""mean_uv"":970134,""error_uv"":-29866,""pp_uv"":686},""4"":{""mean_uv"":1120605,""error_uv"":120605,""pp_uv"":114}}]},""codes"":[8,-12,-16,16]}"
24,coupled,False,9,2026-09-08T08:09:05,observation,    patrón dinámico 4: PGAgain=+6.8mV BPo=-6.2mV OPA_SUMo=-27.5mV SUMo=-27.5mV LPo=+120.6mV,"[8, -12, -16, 16]",,3,-27501,476,3662,"{""at"":""2026-09-08T08:09:05"",""kind"":""observation"",""message"":""    patrón dinámico 4: PGAgain=+6.8mV BPo=-6.2mV OPA_SUMo=-27.5mV SUMo=-27.5mV LPo=+120.6mV"",""label"":""patrón dinámico 4"",""observation"":{""errors_uv"":{""0"":6755,""1"":-6157,""2"":-27539,""3"":-27501,""4"":120605},""pp_uv"":{""0"":2269,""1"":2822,""2"":610,""3"":476,""4"":114},""spread_uv"":{""0"":1946,""1"":820,""2"":3852,""3"":3662,""4"":19},""samples"":[{""0"":{""mean_uv"":1006755,""error_uv"":6755,""pp_uv"":2269},""1"":{""mean_uv"":993652,""error_uv"":-6348,""pp_uv"":2822},""2"":{""mean_uv"":973834,""error_uv"":-26166,""pp_uv"":610},""3"":{""mean_uv"":973796,""error_uv"":-26204,""pp_uv"":419},""4"":{""mean_uv"":1120605,""error_uv"":120605,""pp_uv"":114}},{""0"":{""mean_uv"":1006851,""error_uv"":6851,""pp_uv"":2117},""1"":{""mean_uv"":993843,""error_uv"":-6157,""pp_uv"":2803},""2"":{""mean_uv"":972461,""error_uv"":-27539,""pp_uv"":534},""3"":{""mean_uv"":972499,""error_uv"":-27501,""pp_uv"":476},""4"":{""mean_uv"":1120586,""error_uv"":120586,""pp_uv"":95}},{""0"":{""mean_uv"":1004905,""error_uv"":4905,""pp_uv"":2975},""1"":{""mean_uv"":994472,""error_uv"":-5528,""pp_uv"":3070},""2"":{""mean_uv"":969982,""error_uv"":-30018,""pp_uv"":686},""3"":{""mean_uv"":970134,""error_uv"":-29866,""pp_uv"":686},""4"":{""mean_uv"":1120605,""error_uv"":120605,""pp_uv"":114}}]},""codes"":[8,-12,-16,16]}"
24,coupled,False,9,2026-09-08T08:09:05,observation,    patrón dinámico 4: PGAgain=+6.8mV BPo=-6.2mV OPA_SUMo=-27.5mV SUMo=-27.5mV LPo=+120.6mV,"[8, -12, -16, 16]",,4,120605,114,19,"{""at"":""2026-09-08T08:09:05"",""kind"":""observation"",""message"":""    patrón dinámico 4: PGAgain=+6.8mV BPo=-6.2mV OPA_SUMo=-27.5mV SUMo=-27.5mV LPo=+120.6mV"",""label"":""patrón dinámico 4"",""observation"":{""errors_uv"":{""0"":6755,""1"":-6157,""2"":-27539,""3"":-27501,""4"":120605},""pp_uv"":{""0"":2269,""1"":2822,""2"":610,""3"":476,""4"":114},""spread_uv"":{""0"":1946,""1"":820,""2"":3852,""3"":3662,""4"":19},""samples"":[{""0"":{""mean_uv"":1006755,""error_uv"":6755,""pp_uv"":2269},""1"":{""mean_uv"":993652,""error_uv"":-6348,""pp_uv"":2822},""2"":{""mean_uv"":973834,""error_uv"":-26166,""pp_uv"":610},""3"":{""mean_uv"":973796,""error_uv"":-26204,""pp_uv"":419},""4"":{""mean_uv"":1120605,""error_uv"":120605,""pp_uv"":114}},{""0"":{""mean_uv"":1006851,""error_uv"":6851,""pp_uv"":2117},""1"":{""mean_uv"":993843,""error_uv"":-6157,""pp_uv"":2803},""2"":{""mean_uv"":972461,""error_uv"":-27539,""pp_uv"":534},""3"":{""mean_uv"":972499,""error_uv"":-27501,""pp_uv"":476},""4"":{""mean_uv"":1120586,""error_uv"":120586,""pp_uv"":95}},{""0"":{""mean_uv"":1004905,""error_uv"":4905,""pp_uv"":2975},""1"":{""mean_uv"":994472,""error_uv"":-5528,""pp_uv"":3070},""2"":{""mean_uv"":969982,""error_uv"":-30018,""pp_uv"":686},""3"":{""mean_uv"":970134,""error_uv"":-29866,""pp_uv"":686},""4"":{""mean_uv"":1120605,""error_uv"":120605,""pp_uv"":114}}]},""codes"":[8,-12,-16,16]}"
24,coupled,False,10,2026-09-08T08:09:05,dynamic_jacobian,    Jacobiano dinámico multiplexado,"[3, 2, 0, -3]",,,,,,"{""at"":""2026-09-08T08:09:05"",""kind"":""dynamic_jacobian"",""message"":""    Jacobiano dinámico multiplexado"",""stages"":[0,1,2,3],""dt_s"":7.8125,""a"":0.7788007830714049,""jacobian"":{""0"":{""0"":4929.999632300176,""1"":-687.0847754920707,""2"":-18448.57381070563,""3"":-18329.512529885207,""4"":75030.55012708447},""1"":{""0"":1578.2346882341346,""1"":-304.96266987041196,""2"":533.1036887849062,""3"":406.00146208704365,""4"":-18916.099823542343},""2"":{""0"":1234.3586873424542,""1"":-779.5539979565453,""2"":-1938.0234697115636,""3"":-1995.7677547168842,""4"":6395.593067123717},""3"":{""0"":1131.3402980756996,""1"":-1493.7500037718178,""2"":-188.33599583220598,""3"":-272.802640491097,""4"":-11626.701620536427}}}"
24,coupled,False,11,2026-09-08T08:09:05,vector_newton,"    Newton vectorial [8, -12, -16, 16]->[4, 2, -6, -3]","[3, 2, 0, -3]",,,,,,"{""at"":""2026-09-08T08:09:05"",""kind"":""vector_newton"",""message"":""    Newton vectorial [8, -12, -16, 16]->[4, 2, -6, -3]""}"
24,coupled,False,12,2026-09-08T08:09:19,observation,    inicio de ventana PI: PGAgain=-4.0mV BPo=+7.0mV OPA_SUMo=-17.9mV SUMo=-17.2mV LPo=+75.5mV,"[4, 2, -6, -3]",,0,-3983,2593,153,"{""at"":""2026-09-08T08:09:19"",""kind"":""observation"",""message"":""    inicio de ventana PI: PGAgain=-4.0mV BPo=+7.0mV OPA_SUMo=-17.9mV SUMo=-17.2mV LPo=+75.5mV"",""label"":""inicio de ventana PI"",""observation"":{""errors_uv"":{""0"":-3983,""1"":6984,""2"":-17945,""3"":-17220,""4"":75515},""pp_uv"":{""0"":2593,""1"":3452,""2"":686,""3"":572,""4"":915},""spread_uv"":{""0"":153,""1"":2289,""2"":9021,""3"":8926,""4"":41066},""samples"":[{""0"":{""mean_uv"":996017,""error_uv"":-3983,""pp_uv"":2460},""1"":{""mean_uv"":1008281,""error_uv"":8281,""pp_uv"":2765},""2"":{""mean_uv"":977230,""error_uv"":-22770,""pp_uv"":934},""3"":{""mean_uv"":978012,""error_uv"":-21988,""pp_uv"":591},""4"":{""mean_uv"":1097698,""error_uv"":97698,""pp_uv"":839}},{""0"":{""mean_uv"":996017,""error_uv"":-3983,""pp_uv"":2593},""1"":{""mean_uv"":1006984,""error_uv"":6984,""pp_uv"":3452},""2"":{""mean_uv"":982055,""error_uv"":-17945,""pp_uv"":686},""3"":{""mean_uv"":982780,""error_uv"":-17220,""pp_uv"":572},""4"":{""mean_uv"":1075515,""error_uv"":75515,""pp_uv"":1106}},{""0"":{""mean_uv"":996170,""error_uv"":-3830,""pp_uv"":2765},""1"":{""mean_uv"":1005992,""error_uv"":5992,""pp_uv"":3490},""2"":{""mean_uv"":986251,""error_uv"":-13749,""pp_uv"":572},""3"":{""mean_uv"":986938,""error_uv"":-13062,""pp_uv"":305},""4"":{""mean_uv"":1056632,""error_uv"":56632,""pp_uv"":915}}]},""codes"":[4,2,-6,-3]}"
24,coupled,False,12,2026-09-08T08:09:19,observation,    inicio de ventana PI: PGAgain=-4.0mV BPo=+7.0mV OPA_SUMo=-17.9mV SUMo=-17.2mV LPo=+75.5mV,"[4, 2, -6, -3]",,1,6984,3452,2289,"{""at"":""2026-09-08T08:09:19"",""kind"":""observation"",""message"":""    inicio de ventana PI: PGAgain=-4.0mV BPo=+7.0mV OPA_SUMo=-17.9mV SUMo=-17.2mV LPo=+75.5mV"",""label"":""inicio de ventana PI"",""observation"":{""errors_uv"":{""0"":-3983,""1"":6984,""2"":-17945,""3"":-17220,""4"":75515},""pp_uv"":{""0"":2593,""1"":3452,""2"":686,""3"":572,""4"":915},""spread_uv"":{""0"":153,""1"":2289,""2"":9021,""3"":8926,""4"":41066},""samples"":[{""0"":{""mean_uv"":996017,""error_uv"":-3983,""pp_uv"":2460},""1"":{""mean_uv"":1008281,""error_uv"":8281,""pp_uv"":2765},""2"":{""mean_uv"":977230,""error_uv"":-22770,""pp_uv"":934},""3"":{""mean_uv"":978012,""error_uv"":-21988,""pp_uv"":591},""4"":{""mean_uv"":1097698,""error_uv"":97698,""pp_uv"":839}},{""0"":{""mean_uv"":996017,""error_uv"":-3983,""pp_uv"":2593},""1"":{""mean_uv"":1006984,""error_uv"":6984,""pp_uv"":3452},""2"":{""mean_uv"":982055,""error_uv"":-17945,""pp_uv"":686},""3"":{""mean_uv"":982780,""error_uv"":-17220,""pp_uv"":572},""4"":{""mean_uv"":1075515,""error_uv"":75515,""pp_uv"":1106}},{""0"":{""mean_uv"":996170,""error_uv"":-3830,""pp_uv"":2765},""1"":{""mean_uv"":1005992,""error_uv"":5992,""pp_uv"":3490},""2"":{""mean_uv"":986251,""error_uv"":-13749,""pp_uv"":572},""3"":{""mean_uv"":986938,""error_uv"":-13062,""pp_uv"":305},""4"":{""mean_uv"":1056632,""error_uv"":56632,""pp_uv"":915}}]},""codes"":[4,2,-6,-3]}"
24,coupled,False,12,2026-09-08T08:09:19,observation,    inicio de ventana PI: PGAgain=-4.0mV BPo=+7.0mV OPA_SUMo=-17.9mV SUMo=-17.2mV LPo=+75.5mV,"[4, 2, -6, -3]",,2,-17945,686,9021,"{""at"":""2026-09-08T08:09:19"",""kind"":""observation"",""message"":""    inicio de ventana PI: PGAgain=-4.0mV BPo=+7.0mV OPA_SUMo=-17.9mV SUMo=-17.2mV LPo=+75.5mV"",""label"":""inicio de ventana PI"",""observation"":{""errors_uv"":{""0"":-3983,""1"":6984,""2"":-17945,""3"":-17220,""4"":75515},""pp_uv"":{""0"":2593,""1"":3452,""2"":686,""3"":572,""4"":915},""spread_uv"":{""0"":153,""1"":2289,""2"":9021,""3"":8926,""4"":41066},""samples"":[{""0"":{""mean_uv"":996017,""error_uv"":-3983,""pp_uv"":2460},""1"":{""mean_uv"":1008281,""error_uv"":8281,""pp_uv"":2765},""2"":{""mean_uv"":977230,""error_uv"":-22770,""pp_uv"":934},""3"":{""mean_uv"":978012,""error_uv"":-21988,""pp_uv"":591},""4"":{""mean_uv"":1097698,""error_uv"":97698,""pp_uv"":839}},{""0"":{""mean_uv"":996017,""error_uv"":-3983,""pp_uv"":2593},""1"":{""mean_uv"":1006984,""error_uv"":6984,""pp_uv"":3452},""2"":{""mean_uv"":982055,""error_uv"":-17945,""pp_uv"":686},""3"":{""mean_uv"":982780,""error_uv"":-17220,""pp_uv"":572},""4"":{""mean_uv"":1075515,""error_uv"":75515,""pp_uv"":1106}},{""0"":{""mean_uv"":996170,""error_uv"":-3830,""pp_uv"":2765},""1"":{""mean_uv"":1005992,""error_uv"":5992,""pp_uv"":3490},""2"":{""mean_uv"":986251,""error_uv"":-13749,""pp_uv"":572},""3"":{""mean_uv"":986938,""error_uv"":-13062,""pp_uv"":305},""4"":{""mean_uv"":1056632,""error_uv"":56632,""pp_uv"":915}}]},""codes"":[4,2,-6,-3]}"
24,coupled,False,12,2026-09-08T08:09:19,observation,    inicio de ventana PI: PGAgain=-4.0mV BPo=+7.0mV OPA_SUMo=-17.9mV SUMo=-17.2mV LPo=+75.5mV,"[4, 2, -6, -3]",,3,-17220,572,8926,"{""at"":""2026-09-08T08:09:19"",""kind"":""observation"",""message"":""    inicio de ventana PI: PGAgain=-4.0mV BPo=+7.0mV OPA_SUMo=-17.9mV SUMo=-17.2mV LPo=+75.5mV"",""label"":""inicio de ventana PI"",""observation"":{""errors_uv"":{""0"":-3983,""1"":6984,""2"":-17945,""3"":-17220,""4"":75515},""pp_uv"":{""0"":2593,""1"":3452,""2"":686,""3"":572,""4"":915},""spread_uv"":{""0"":153,""1"":2289,""2"":9021,""3"":8926,""4"":41066},""samples"":[{""0"":{""mean_uv"":996017,""error_uv"":-3983,""pp_uv"":2460},""1"":{""mean_uv"":1008281,""error_uv"":8281,""pp_uv"":2765},""2"":{""mean_uv"":977230,""error_uv"":-22770,""pp_uv"":934},""3"":{""mean_uv"":978012,""error_uv"":-21988,""pp_uv"":591},""4"":{""mean_uv"":1097698,""error_uv"":97698,""pp_uv"":839}},{""0"":{""mean_uv"":996017,""error_uv"":-3983,""pp_uv"":2593},""1"":{""mean_uv"":1006984,""error_uv"":6984,""pp_uv"":3452},""2"":{""mean_uv"":982055,""error_uv"":-17945,""pp_uv"":686},""3"":{""mean_uv"":982780,""error_uv"":-17220,""pp_uv"":572},""4"":{""mean_uv"":1075515,""error_uv"":75515,""pp_uv"":1106}},{""0"":{""mean_uv"":996170,""error_uv"":-3830,""pp_uv"":2765},""1"":{""mean_uv"":1005992,""error_uv"":5992,""pp_uv"":3490},""2"":{""mean_uv"":986251,""error_uv"":-13749,""pp_uv"":572},""3"":{""mean_uv"":986938,""error_uv"":-13062,""pp_uv"":305},""4"":{""mean_uv"":1056632,""error_uv"":56632,""pp_uv"":915}}]},""codes"":[4,2,-6,-3]}"
24,coupled,False,12,2026-09-08T08:09:19,observation,    inicio de ventana PI: PGAgain=-4.0mV BPo=+7.0mV OPA_SUMo=-17.9mV SUMo=-17.2mV LPo=+75.5mV,"[4, 2, -6, -3]",,4,75515,915,41066,"{""at"":""2026-09-08T08:09:19"",""kind"":""observation"",""message"":""    inicio de ventana PI: PGAgain=-4.0mV BPo=+7.0mV OPA_SUMo=-17.9mV SUMo=-17.2mV LPo=+75.5mV"",""label"":""inicio de ventana PI"",""observation"":{""errors_uv"":{""0"":-3983,""1"":6984,""2"":-17945,""3"":-17220,""4"":75515},""pp_uv"":{""0"":2593,""1"":3452,""2"":686,""3"":572,""4"":915},""spread_uv"":{""0"":153,""1"":2289,""2"":9021,""3"":8926,""4"":41066},""samples"":[{""0"":{""mean_uv"":996017,""error_uv"":-3983,""pp_uv"":2460},""1"":{""mean_uv"":1008281,""error_uv"":8281,""pp_uv"":2765},""2"":{""mean_uv"":977230,""error_uv"":-22770,""pp_uv"":934},""3"":{""mean_uv"":978012,""error_uv"":-21988,""pp_uv"":591},""4"":{""mean_uv"":1097698,""error_uv"":97698,""pp_uv"":839}},{""0"":{""mean_uv"":996017,""error_uv"":-3983,""pp_uv"":2593},""1"":{""mean_uv"":1006984,""error_uv"":6984,""pp_uv"":3452},""2"":{""mean_uv"":982055,""error_uv"":-17945,""pp_uv"":686},""3"":{""mean_uv"":982780,""error_uv"":-17220,""pp_uv"":572},""4"":{""mean_uv"":1075515,""error_uv"":75515,""pp_uv"":1106}},{""0"":{""mean_uv"":996170,""error_uv"":-3830,""pp_uv"":2765},""1"":{""mean_uv"":1005992,""error_uv"":5992,""pp_uv"":3490},""2"":{""mean_uv"":986251,""error_uv"":-13749,""pp_uv"":572},""3"":{""mean_uv"":986938,""error_uv"":-13062,""pp_uv"":305},""4"":{""mean_uv"":1056632,""error_uv"":56632,""pp_uv"":915}}]},""codes"":[4,2,-6,-3]}"
24,coupled,False,13,2026-09-08T08:09:19,vector_pi_micro,"    micro PI [4, 2, -6, -3]->[3, 2, -3, -3]","[3, 2, 0, -3]",,,,,,"{""at"":""2026-09-08T08:09:19"",""kind"":""vector_pi_micro"",""message"":""    micro PI [4, 2, -6, -3]->[3, 2, -3, -3]"",""cycle"":0,""correction"":[-2.4611211620572666,0.12384981724357391,14.328216285376744,-1.7058822567448189],""integral"":{""0"":-3.561250339572699,""1"":-0.40167095324993163,""2"":24,""3"":-3.1827053700895815}}"
24,coupled,False,14,2026-09-08T08:09:38,observation,    microajuste PI asentando: PGAgain=-5.8mV BPo=+5.5mV OPA_SUMo=+1.2mV SUMo=+1.3mV LPo=-14.9mV,"[3, 2, -3, -3]",,0,-5776,2079,57,"{""at"":""2026-09-08T08:09:38"",""kind"":""observation"",""message"":""    microajuste PI asentando: PGAgain=-5.8mV BPo=+5.5mV OPA_SUMo=+1.2mV SUMo=+1.3mV LPo=-14.9mV"",""label"":""microajuste PI asentando"",""observation"":{""errors_uv"":{""0"":-5776,""1"":5458,""2"":1186,""3"":1300,""4"":-14855},""pp_uv"":{""0"":2079,""1"":2651,""2"":610,""3"":495,""4"":1049},""spread_uv"":{""0"":57,""1"":1735,""2"":6332,""3"":5932,""4"":30575},""samples"":[{""0"":{""mean_uv"":994224,""error_uv"":-5776,""pp_uv"":1945},""1"":{""mean_uv"":1006488,""error_uv"":6488,""pp_uv"":2651},""2"":{""mean_uv"":997810,""error_uv"":-2190,""pp_uv"":457},""3"":{""mean_uv"":998210,""error_uv"":-1790,""pp_uv"":495},""4"":{""mean_uv"":1001167,""error_uv"":1167,""pp_uv"":1144}},{""0"":{""mean_uv"":994262,""error_uv"":-5738,""pp_uv"":2384},""1"":{""mean_uv"":1005458,""error_uv"":5458,""pp_uv"":2670},""2"":{""mean_uv"":1001186,""error_uv"":1186,""pp_uv"":610},""3"":{""mean_uv"":1001300,""error_uv"":1300,""pp_uv"":400},""4"":{""mean_uv"":985145,""error_uv"":-14855,""pp_uv"":1049}},{""0"":{""mean_uv"":994205,""error_uv"":-5795,""pp_uv"":2079},""1"":{""mean_uv"":1004753,""error_uv"":4753,""pp_uv"":2555},""2"":{""mean_uv"":1004142,""error_uv"":4142,""pp_uv"":629},""3"":{""mean_uv"":1004142,""error_uv"":4142,""pp_uv"":495},""4"":{""mean_uv"":970592,""error_uv"":-29408,""pp_uv"":896}}]},""codes"":[3,2,-3,-3]}"
24,coupled,False,14,2026-09-08T08:09:38,observation,    microajuste PI asentando: PGAgain=-5.8mV BPo=+5.5mV OPA_SUMo=+1.2mV SUMo=+1.3mV LPo=-14.9mV,"[3, 2, -3, -3]",,1,5458,2651,1735,"{""at"":""2026-09-08T08:09:38"",""kind"":""observation"",""message"":""    microajuste PI asentando: PGAgain=-5.8mV BPo=+5.5mV OPA_SUMo=+1.2mV SUMo=+1.3mV LPo=-14.9mV"",""label"":""microajuste PI asentando"",""observation"":{""errors_uv"":{""0"":-5776,""1"":5458,""2"":1186,""3"":1300,""4"":-14855},""pp_uv"":{""0"":2079,""1"":2651,""2"":610,""3"":495,""4"":1049},""spread_uv"":{""0"":57,""1"":1735,""2"":6332,""3"":5932,""4"":30575},""samples"":[{""0"":{""mean_uv"":994224,""error_uv"":-5776,""pp_uv"":1945},""1"":{""mean_uv"":1006488,""error_uv"":6488,""pp_uv"":2651},""2"":{""mean_uv"":997810,""error_uv"":-2190,""pp_uv"":457},""3"":{""mean_uv"":998210,""error_uv"":-1790,""pp_uv"":495},""4"":{""mean_uv"":1001167,""error_uv"":1167,""pp_uv"":1144}},{""0"":{""mean_uv"":994262,""error_uv"":-5738,""pp_uv"":2384},""1"":{""mean_uv"":1005458,""error_uv"":5458,""pp_uv"":2670},""2"":{""mean_uv"":1001186,""error_uv"":1186,""pp_uv"":610},""3"":{""mean_uv"":1001300,""error_uv"":1300,""pp_uv"":400},""4"":{""mean_uv"":985145,""error_uv"":-14855,""pp_uv"":1049}},{""0"":{""mean_uv"":994205,""error_uv"":-5795,""pp_uv"":2079},""1"":{""mean_uv"":1004753,""error_uv"":4753,""pp_uv"":2555},""2"":{""mean_uv"":1004142,""error_uv"":4142,""pp_uv"":629},""3"":{""mean_uv"":1004142,""error_uv"":4142,""pp_uv"":495},""4"":{""mean_uv"":970592,""error_uv"":-29408,""pp_uv"":896}}]},""codes"":[3,2,-3,-3]}"
24,coupled,False,14,2026-09-08T08:09:38,observation,    microajuste PI asentando: PGAgain=-5.8mV BPo=+5.5mV OPA_SUMo=+1.2mV SUMo=+1.3mV LPo=-14.9mV,"[3, 2, -3, -3]",,2,1186,610,6332,"{""at"":""2026-09-08T08:09:38"",""kind"":""observation"",""message"":""    microajuste PI asentando: PGAgain=-5.8mV BPo=+5.5mV OPA_SUMo=+1.2mV SUMo=+1.3mV LPo=-14.9mV"",""label"":""microajuste PI asentando"",""observation"":{""errors_uv"":{""0"":-5776,""1"":5458,""2"":1186,""3"":1300,""4"":-14855},""pp_uv"":{""0"":2079,""1"":2651,""2"":610,""3"":495,""4"":1049},""spread_uv"":{""0"":57,""1"":1735,""2"":6332,""3"":5932,""4"":30575},""samples"":[{""0"":{""mean_uv"":994224,""error_uv"":-5776,""pp_uv"":1945},""1"":{""mean_uv"":1006488,""error_uv"":6488,""pp_uv"":2651},""2"":{""mean_uv"":997810,""error_uv"":-2190,""pp_uv"":457},""3"":{""mean_uv"":998210,""error_uv"":-1790,""pp_uv"":495},""4"":{""mean_uv"":1001167,""error_uv"":1167,""pp_uv"":1144}},{""0"":{""mean_uv"":994262,""error_uv"":-5738,""pp_uv"":2384},""1"":{""mean_uv"":1005458,""error_uv"":5458,""pp_uv"":2670},""2"":{""mean_uv"":1001186,""error_uv"":1186,""pp_uv"":610},""3"":{""mean_uv"":1001300,""error_uv"":1300,""pp_uv"":400},""4"":{""mean_uv"":985145,""error_uv"":-14855,""pp_uv"":1049}},{""0"":{""mean_uv"":994205,""error_uv"":-5795,""pp_uv"":2079},""1"":{""mean_uv"":1004753,""error_uv"":4753,""pp_uv"":2555},""2"":{""mean_uv"":1004142,""error_uv"":4142,""pp_uv"":629},""3"":{""mean_uv"":1004142,""error_uv"":4142,""pp_uv"":495},""4"":{""mean_uv"":970592,""error_uv"":-29408,""pp_uv"":896}}]},""codes"":[3,2,-3,-3]}"
24,coupled,False,14,2026-09-08T08:09:38,observation,    microajuste PI asentando: PGAgain=-5.8mV BPo=+5.5mV OPA_SUMo=+1.2mV SUMo=+1.3mV LPo=-14.9mV,"[3, 2, -3, -3]",,3,1300,495,5932,"{""at"":""2026-09-08T08:09:38"",""kind"":""observation"",""message"":""    microajuste PI asentando: PGAgain=-5.8mV BPo=+5.5mV OPA_SUMo=+1.2mV SUMo=+1.3mV LPo=-14.9mV"",""label"":""microajuste PI asentando"",""observation"":{""errors_uv"":{""0"":-5776,""1"":5458,""2"":1186,""3"":1300,""4"":-14855},""pp_uv"":{""0"":2079,""1"":2651,""2"":610,""3"":495,""4"":1049},""spread_uv"":{""0"":57,""1"":1735,""2"":6332,""3"":5932,""4"":30575},""samples"":[{""0"":{""mean_uv"":994224,""error_uv"":-5776,""pp_uv"":1945},""1"":{""mean_uv"":1006488,""error_uv"":6488,""pp_uv"":2651},""2"":{""mean_uv"":997810,""error_uv"":-2190,""pp_uv"":457},""3"":{""mean_uv"":998210,""error_uv"":-1790,""pp_uv"":495},""4"":{""mean_uv"":1001167,""error_uv"":1167,""pp_uv"":1144}},{""0"":{""mean_uv"":994262,""error_uv"":-5738,""pp_uv"":2384},""1"":{""mean_uv"":1005458,""error_uv"":5458,""pp_uv"":2670},""2"":{""mean_uv"":1001186,""error_uv"":1186,""pp_uv"":610},""3"":{""mean_uv"":1001300,""error_uv"":1300,""pp_uv"":400},""4"":{""mean_uv"":985145,""error_uv"":-14855,""pp_uv"":1049}},{""0"":{""mean_uv"":994205,""error_uv"":-5795,""pp_uv"":2079},""1"":{""mean_uv"":1004753,""error_uv"":4753,""pp_uv"":2555},""2"":{""mean_uv"":1004142,""error_uv"":4142,""pp_uv"":629},""3"":{""mean_uv"":1004142,""error_uv"":4142,""pp_uv"":495},""4"":{""mean_uv"":970592,""error_uv"":-29408,""pp_uv"":896}}]},""codes"":[3,2,-3,-3]}"
24,coupled,False,14,2026-09-08T08:09:38,observation,    microajuste PI asentando: PGAgain=-5.8mV BPo=+5.5mV OPA_SUMo=+1.2mV SUMo=+1.3mV LPo=-14.9mV,"[3, 2, -3, -3]",,4,-14855,1049,30575,"{""at"":""2026-09-08T08:09:38"",""kind"":""observation"",""message"":""    microajuste PI asentando: PGAgain=-5.8mV BPo=+5.5mV OPA_SUMo=+1.2mV SUMo=+1.3mV LPo=-14.9mV"",""label"":""microajuste PI asentando"",""observation"":{""errors_uv"":{""0"":-5776,""1"":5458,""2"":1186,""3"":1300,""4"":-14855},""pp_uv"":{""0"":2079,""1"":2651,""2"":610,""3"":495,""4"":1049},""spread_uv"":{""0"":57,""1"":1735,""2"":6332,""3"":5932,""4"":30575},""samples"":[{""0"":{""mean_uv"":994224,""error_uv"":-5776,""pp_uv"":1945},""1"":{""mean_uv"":1006488,""error_uv"":6488,""pp_uv"":2651},""2"":{""mean_uv"":997810,""error_uv"":-2190,""pp_uv"":457},""3"":{""mean_uv"":998210,""error_uv"":-1790,""pp_uv"":495},""4"":{""mean_uv"":1001167,""error_uv"":1167,""pp_uv"":1144}},{""0"":{""mean_uv"":994262,""error_uv"":-5738,""pp_uv"":2384},""1"":{""mean_uv"":1005458,""error_uv"":5458,""pp_uv"":2670},""2"":{""mean_uv"":1001186,""error_uv"":1186,""pp_uv"":610},""3"":{""mean_uv"":1001300,""error_uv"":1300,""pp_uv"":400},""4"":{""mean_uv"":985145,""error_uv"":-14855,""pp_uv"":1049}},{""0"":{""mean_uv"":994205,""error_uv"":-5795,""pp_uv"":2079},""1"":{""mean_uv"":1004753,""error_uv"":4753,""pp_uv"":2555},""2"":{""mean_uv"":1004142,""error_uv"":4142,""pp_uv"":629},""3"":{""mean_uv"":1004142,""error_uv"":4142,""pp_uv"":495},""4"":{""mean_uv"":970592,""error_uv"":-29408,""pp_uv"":896}}]},""codes"":[3,2,-3,-3]}"
24,coupled,False,15,2026-09-08T08:09:38,vector_pi_micro,"    micro PI [3, 2, -3, -3]->[3, 2, 0, -3]","[3, 2, 0, -3]",,,,,,"{""at"":""2026-09-08T08:09:38"",""kind"":""vector_pi_micro"",""message"":""    micro PI [3, 2, -3, -3]->[3, 2, 0, -3]"",""cycle"":1,""correction"":[-1.1001291775154323,-0.5255207704935055,10.987941300476042,-1.4768231133447627],""integral"":{""0"":-3.561250339572699,""1"":-0.40167095324993163,""2"":24,""3"":-3.1827053700895815}}"
24,coupled,False,16,2026-09-08T08:09:56,observation,    microajuste PI asentando: PGAgain=-6.5mV BPo=+1.5mV OPA_SUMo=+11.8mV SUMo=+11.8mV LPo=-103.5mV,"[3, 2, 0, -3]",,0,-6501,1850,305,"{""at"":""2026-09-08T08:09:56"",""kind"":""observation"",""message"":""    microajuste PI asentando: PGAgain=-6.5mV BPo=+1.5mV OPA_SUMo=+11.8mV SUMo=+11.8mV LPo=-103.5mV"",""label"":""microajuste PI asentando"",""observation"":{""errors_uv"":{""0"":-6501,""1"":1548,""2"":11791,""3"":11753,""4"":-103451},""pp_uv"":{""0"":1850,""1"":1926,""2"":438,""3"":324,""4"":2212},""spread_uv"":{""0"":305,""1"":858,""2"":3109,""3"":3052,""4"":35305},""samples"":[{""0"":{""mean_uv"":993461,""error_uv"":-6539,""pp_uv"":1850},""1"":{""mean_uv"":1002006,""error_uv"":2006,""pp_uv"":2307},""2"":{""mean_uv"":1010131,""error_uv"":10131,""pp_uv"":514},""3"":{""mean_uv"":1010093,""error_uv"":10093,""pp_uv"":438},""4"":{""mean_uv"":915775,""error_uv"":-84225,""pp_uv"":2212}},{""0"":{""mean_uv"":993499,""error_uv"":-6501,""pp_uv"":1964},""1"":{""mean_uv"":1001548,""error_uv"":1548,""pp_uv"":1926},""2"":{""mean_uv"":1011791,""error_uv"":11791,""pp_uv"":381},""3"":{""mean_uv"":1011753,""error_uv"":11753,""pp_uv"":286},""4"":{""mean_uv"":896549,""error_uv"":-103451,""pp_uv"":2517}},{""0"":{""mean_uv"":993766,""error_uv"":-6234,""pp_uv"":1735},""1"":{""mean_uv"":1001148,""error_uv"":1148,""pp_uv"":1907},""2"":{""mean_uv"":1013240,""error_uv"":13240,""pp_uv"":438},""3"":{""mean_uv"":1013145,""error_uv"":13145,""pp_uv"":324},""4"":{""mean_uv"":880470,""error_uv"":-119530,""pp_uv"":2002}}]},""codes"":[3,2,0,-3]}"
24,coupled,False,16,2026-09-08T08:09:56,observation,    microajuste PI asentando: PGAgain=-6.5mV BPo=+1.5mV OPA_SUMo=+11.8mV SUMo=+11.8mV LPo=-103.5mV,"[3, 2, 0, -3]",,1,1548,1926,858,"{""at"":""2026-09-08T08:09:56"",""kind"":""observation"",""message"":""    microajuste PI asentando: PGAgain=-6.5mV BPo=+1.5mV OPA_SUMo=+11.8mV SUMo=+11.8mV LPo=-103.5mV"",""label"":""microajuste PI asentando"",""observation"":{""errors_uv"":{""0"":-6501,""1"":1548,""2"":11791,""3"":11753,""4"":-103451},""pp_uv"":{""0"":1850,""1"":1926,""2"":438,""3"":324,""4"":2212},""spread_uv"":{""0"":305,""1"":858,""2"":3109,""3"":3052,""4"":35305},""samples"":[{""0"":{""mean_uv"":993461,""error_uv"":-6539,""pp_uv"":1850},""1"":{""mean_uv"":1002006,""error_uv"":2006,""pp_uv"":2307},""2"":{""mean_uv"":1010131,""error_uv"":10131,""pp_uv"":514},""3"":{""mean_uv"":1010093,""error_uv"":10093,""pp_uv"":438},""4"":{""mean_uv"":915775,""error_uv"":-84225,""pp_uv"":2212}},{""0"":{""mean_uv"":993499,""error_uv"":-6501,""pp_uv"":1964},""1"":{""mean_uv"":1001548,""error_uv"":1548,""pp_uv"":1926},""2"":{""mean_uv"":1011791,""error_uv"":11791,""pp_uv"":381},""3"":{""mean_uv"":1011753,""error_uv"":11753,""pp_uv"":286},""4"":{""mean_uv"":896549,""error_uv"":-103451,""pp_uv"":2517}},{""0"":{""mean_uv"":993766,""error_uv"":-6234,""pp_uv"":1735},""1"":{""mean_uv"":1001148,""error_uv"":1148,""pp_uv"":1907},""2"":{""mean_uv"":1013240,""error_uv"":13240,""pp_uv"":438},""3"":{""mean_uv"":1013145,""error_uv"":13145,""pp_uv"":324},""4"":{""mean_uv"":880470,""error_uv"":-119530,""pp_uv"":2002}}]},""codes"":[3,2,0,-3]}"
24,coupled,False,16,2026-09-08T08:09:56,observation,    microajuste PI asentando: PGAgain=-6.5mV BPo=+1.5mV OPA_SUMo=+11.8mV SUMo=+11.8mV LPo=-103.5mV,"[3, 2, 0, -3]",,2,11791,438,3109,"{""at"":""2026-09-08T08:09:56"",""kind"":""observation"",""message"":""    microajuste PI asentando: PGAgain=-6.5mV BPo=+1.5mV OPA_SUMo=+11.8mV SUMo=+11.8mV LPo=-103.5mV"",""label"":""microajuste PI asentando"",""observation"":{""errors_uv"":{""0"":-6501,""1"":1548,""2"":11791,""3"":11753,""4"":-103451},""pp_uv"":{""0"":1850,""1"":1926,""2"":438,""3"":324,""4"":2212},""spread_uv"":{""0"":305,""1"":858,""2"":3109,""3"":3052,""4"":35305},""samples"":[{""0"":{""mean_uv"":993461,""error_uv"":-6539,""pp_uv"":1850},""1"":{""mean_uv"":1002006,""error_uv"":2006,""pp_uv"":2307},""2"":{""mean_uv"":1010131,""error_uv"":10131,""pp_uv"":514},""3"":{""mean_uv"":1010093,""error_uv"":10093,""pp_uv"":438},""4"":{""mean_uv"":915775,""error_uv"":-84225,""pp_uv"":2212}},{""0"":{""mean_uv"":993499,""error_uv"":-6501,""pp_uv"":1964},""1"":{""mean_uv"":1001548,""error_uv"":1548,""pp_uv"":1926},""2"":{""mean_uv"":1011791,""error_uv"":11791,""pp_uv"":381},""3"":{""mean_uv"":1011753,""error_uv"":11753,""pp_uv"":286},""4"":{""mean_uv"":896549,""error_uv"":-103451,""pp_uv"":2517}},{""0"":{""mean_uv"":993766,""error_uv"":-6234,""pp_uv"":1735},""1"":{""mean_uv"":1001148,""error_uv"":1148,""pp_uv"":1907},""2"":{""mean_uv"":1013240,""error_uv"":13240,""pp_uv"":438},""3"":{""mean_uv"":1013145,""error_uv"":13145,""pp_uv"":324},""4"":{""mean_uv"":880470,""error_uv"":-119530,""pp_uv"":2002}}]},""codes"":[3,2,0,-3]}"
24,coupled,False,16,2026-09-08T08:09:56,observation,    microajuste PI asentando: PGAgain=-6.5mV BPo=+1.5mV OPA_SUMo=+11.8mV SUMo=+11.8mV LPo=-103.5mV,"[3, 2, 0, -3]",,3,11753,324,3052,"{""at"":""2026-09-08T08:09:56"",""kind"":""observation"",""message"":""    microajuste PI asentando: PGAgain=-6.5mV BPo=+1.5mV OPA_SUMo=+11.8mV SUMo=+11.8mV LPo=-103.5mV"",""label"":""microajuste PI asentando"",""observation"":{""errors_uv"":{""0"":-6501,""1"":1548,""2"":11791,""3"":11753,""4"":-103451},""pp_uv"":{""0"":1850,""1"":1926,""2"":438,""3"":324,""4"":2212},""spread_uv"":{""0"":305,""1"":858,""2"":3109,""3"":3052,""4"":35305},""samples"":[{""0"":{""mean_uv"":993461,""error_uv"":-6539,""pp_uv"":1850},""1"":{""mean_uv"":1002006,""error_uv"":2006,""pp_uv"":2307},""2"":{""mean_uv"":1010131,""error_uv"":10131,""pp_uv"":514},""3"":{""mean_uv"":1010093,""error_uv"":10093,""pp_uv"":438},""4"":{""mean_uv"":915775,""error_uv"":-84225,""pp_uv"":2212}},{""0"":{""mean_uv"":993499,""error_uv"":-6501,""pp_uv"":1964},""1"":{""mean_uv"":1001548,""error_uv"":1548,""pp_uv"":1926},""2"":{""mean_uv"":1011791,""error_uv"":11791,""pp_uv"":381},""3"":{""mean_uv"":1011753,""error_uv"":11753,""pp_uv"":286},""4"":{""mean_uv"":896549,""error_uv"":-103451,""pp_uv"":2517}},{""0"":{""mean_uv"":993766,""error_uv"":-6234,""pp_uv"":1735},""1"":{""mean_uv"":1001148,""error_uv"":1148,""pp_uv"":1907},""2"":{""mean_uv"":1013240,""error_uv"":13240,""pp_uv"":438},""3"":{""mean_uv"":1013145,""error_uv"":13145,""pp_uv"":324},""4"":{""mean_uv"":880470,""error_uv"":-119530,""pp_uv"":2002}}]},""codes"":[3,2,0,-3]}"
24,coupled,False,16,2026-09-08T08:09:56,observation,    microajuste PI asentando: PGAgain=-6.5mV BPo=+1.5mV OPA_SUMo=+11.8mV SUMo=+11.8mV LPo=-103.5mV,"[3, 2, 0, -3]",,4,-103451,2212,35305,"{""at"":""2026-09-08T08:09:56"",""kind"":""observation"",""message"":""    microajuste PI asentando: PGAgain=-6.5mV BPo=+1.5mV OPA_SUMo=+11.8mV SUMo=+11.8mV LPo=-103.5mV"",""label"":""microajuste PI asentando"",""observation"":{""errors_uv"":{""0"":-6501,""1"":1548,""2"":11791,""3"":11753,""4"":-103451},""pp_uv"":{""0"":1850,""1"":1926,""2"":438,""3"":324,""4"":2212},""spread_uv"":{""0"":305,""1"":858,""2"":3109,""3"":3052,""4"":35305},""samples"":[{""0"":{""mean_uv"":993461,""error_uv"":-6539,""pp_uv"":1850},""1"":{""mean_uv"":1002006,""error_uv"":2006,""pp_uv"":2307},""2"":{""mean_uv"":1010131,""error_uv"":10131,""pp_uv"":514},""3"":{""mean_uv"":1010093,""error_uv"":10093,""pp_uv"":438},""4"":{""mean_uv"":915775,""error_uv"":-84225,""pp_uv"":2212}},{""0"":{""mean_uv"":993499,""error_uv"":-6501,""pp_uv"":1964},""1"":{""mean_uv"":1001548,""error_uv"":1548,""pp_uv"":1926},""2"":{""mean_uv"":1011791,""error_uv"":11791,""pp_uv"":381},""3"":{""mean_uv"":1011753,""error_uv"":11753,""pp_uv"":286},""4"":{""mean_uv"":896549,""error_uv"":-103451,""pp_uv"":2517}},{""0"":{""mean_uv"":993766,""error_uv"":-6234,""pp_uv"":1735},""1"":{""mean_uv"":1001148,""error_uv"":1148,""pp_uv"":1907},""2"":{""mean_uv"":1013240,""error_uv"":13240,""pp_uv"":438},""3"":{""mean_uv"":1013145,""error_uv"":13145,""pp_uv"":324},""4"":{""mean_uv"":880470,""error_uv"":-119530,""pp_uv"":2002}}]},""codes"":[3,2,0,-3]}"
24,coupled,False,17,2026-09-08T08:10:13,observation,    verificación durante 2tau: PGAgain=-6.4mV BPo=+0.2mV OPA_SUMo=+16.5mV SUMo=+16.3mV LPo=-160.7mV,"[3, 2, 0, -3]",,0,-6444,1564,229,"{""at"":""2026-09-08T08:10:13"",""kind"":""observation"",""message"":""    verificación durante 2tau: PGAgain=-6.4mV BPo=+0.2mV OPA_SUMo=+16.5mV SUMo=+16.3mV LPo=-160.7mV"",""label"":""verificación durante 2tau"",""observation"":{""errors_uv"":{""0"":-6444,""1"":232,""2"":16521,""3"":16254,""4"":-160748},""pp_uv"":{""0"":1564,""1"":2250,""2"":534,""3"":495,""4"":2326},""spread_uv"":{""0"":229,""1"":419,""2"":1679,""3"":1774,""4"":20904},""samples"":[{""0"":{""mean_uv"":993556,""error_uv"":-6444,""pp_uv"":1564},""1"":{""mean_uv"":1000232,""error_uv"":232,""pp_uv"":2250},""2"":{""mean_uv"":1015586,""error_uv"":15586,""pp_uv"":514},""3"":{""mean_uv"":1015319,""error_uv"":15319,""pp_uv"":495},""4"":{""mean_uv"":850467,""error_uv"":-149533,""pp_uv"":2326}},{""0"":{""mean_uv"":993461,""error_uv"":-6539,""pp_uv"":1182},""1"":{""mean_uv"":1000308,""error_uv"":308,""pp_uv"":2040},""2"":{""mean_uv"":1016521,""error_uv"":16521,""pp_uv"":534},""3"":{""mean_uv"":1016254,""error_uv"":16254,""pp_uv"":438},""4"":{""mean_uv"":839252,""error_uv"":-160748,""pp_uv"":1602}},{""0"":{""mean_uv"":993690,""error_uv"":-6310,""pp_uv"":3376},""1"":{""mean_uv"":999889,""error_uv"":-111,""pp_uv"":2498},""2"":{""mean_uv"":1017265,""error_uv"":17265,""pp_uv"":705},""3"":{""mean_uv"":1017093,""error_uv"":17093,""pp_uv"":743},""4"":{""mean_uv"":829563,""error_uv"":-170437,""pp_uv"":2899}}]},""codes"":[3,2,0,-3]}"
24,coupled,False,17,2026-09-08T08:10:13,observation,    verificación durante 2tau: PGAgain=-6.4mV BPo=+0.2mV OPA_SUMo=+16.5mV SUMo=+16.3mV LPo=-160.7mV,"[3, 2, 0, -3]",,1,232,2250,419,"{""at"":""2026-09-08T08:10:13"",""kind"":""observation"",""message"":""    verificación durante 2tau: PGAgain=-6.4mV BPo=+0.2mV OPA_SUMo=+16.5mV SUMo=+16.3mV LPo=-160.7mV"",""label"":""verificación durante 2tau"",""observation"":{""errors_uv"":{""0"":-6444,""1"":232,""2"":16521,""3"":16254,""4"":-160748},""pp_uv"":{""0"":1564,""1"":2250,""2"":534,""3"":495,""4"":2326},""spread_uv"":{""0"":229,""1"":419,""2"":1679,""3"":1774,""4"":20904},""samples"":[{""0"":{""mean_uv"":993556,""error_uv"":-6444,""pp_uv"":1564},""1"":{""mean_uv"":1000232,""error_uv"":232,""pp_uv"":2250},""2"":{""mean_uv"":1015586,""error_uv"":15586,""pp_uv"":514},""3"":{""mean_uv"":1015319,""error_uv"":15319,""pp_uv"":495},""4"":{""mean_uv"":850467,""error_uv"":-149533,""pp_uv"":2326}},{""0"":{""mean_uv"":993461,""error_uv"":-6539,""pp_uv"":1182},""1"":{""mean_uv"":1000308,""error_uv"":308,""pp_uv"":2040},""2"":{""mean_uv"":1016521,""error_uv"":16521,""pp_uv"":534},""3"":{""mean_uv"":1016254,""error_uv"":16254,""pp_uv"":438},""4"":{""mean_uv"":839252,""error_uv"":-160748,""pp_uv"":1602}},{""0"":{""mean_uv"":993690,""error_uv"":-6310,""pp_uv"":3376},""1"":{""mean_uv"":999889,""error_uv"":-111,""pp_uv"":2498},""2"":{""mean_uv"":1017265,""error_uv"":17265,""pp_uv"":705},""3"":{""mean_uv"":1017093,""error_uv"":17093,""pp_uv"":743},""4"":{""mean_uv"":829563,""error_uv"":-170437,""pp_uv"":2899}}]},""codes"":[3,2,0,-3]}"
24,coupled,False,17,2026-09-08T08:10:13,observation,    verificación durante 2tau: PGAgain=-6.4mV BPo=+0.2mV OPA_SUMo=+16.5mV SUMo=+16.3mV LPo=-160.7mV,"[3, 2, 0, -3]",,2,16521,534,1679,"{""at"":""2026-09-08T08:10:13"",""kind"":""observation"",""message"":""    verificación durante 2tau: PGAgain=-6.4mV BPo=+0.2mV OPA_SUMo=+16.5mV SUMo=+16.3mV LPo=-160.7mV"",""label"":""verificación durante 2tau"",""observation"":{""errors_uv"":{""0"":-6444,""1"":232,""2"":16521,""3"":16254,""4"":-160748},""pp_uv"":{""0"":1564,""1"":2250,""2"":534,""3"":495,""4"":2326},""spread_uv"":{""0"":229,""1"":419,""2"":1679,""3"":1774,""4"":20904},""samples"":[{""0"":{""mean_uv"":993556,""error_uv"":-6444,""pp_uv"":1564},""1"":{""mean_uv"":1000232,""error_uv"":232,""pp_uv"":2250},""2"":{""mean_uv"":1015586,""error_uv"":15586,""pp_uv"":514},""3"":{""mean_uv"":1015319,""error_uv"":15319,""pp_uv"":495},""4"":{""mean_uv"":850467,""error_uv"":-149533,""pp_uv"":2326}},{""0"":{""mean_uv"":993461,""error_uv"":-6539,""pp_uv"":1182},""1"":{""mean_uv"":1000308,""error_uv"":308,""pp_uv"":2040},""2"":{""mean_uv"":1016521,""error_uv"":16521,""pp_uv"":534},""3"":{""mean_uv"":1016254,""error_uv"":16254,""pp_uv"":438},""4"":{""mean_uv"":839252,""error_uv"":-160748,""pp_uv"":1602}},{""0"":{""mean_uv"":993690,""error_uv"":-6310,""pp_uv"":3376},""1"":{""mean_uv"":999889,""error_uv"":-111,""pp_uv"":2498},""2"":{""mean_uv"":1017265,""error_uv"":17265,""pp_uv"":705},""3"":{""mean_uv"":1017093,""error_uv"":17093,""pp_uv"":743},""4"":{""mean_uv"":829563,""error_uv"":-170437,""pp_uv"":2899}}]},""codes"":[3,2,0,-3]}"
24,coupled,False,17,2026-09-08T08:10:13,observation,    verificación durante 2tau: PGAgain=-6.4mV BPo=+0.2mV OPA_SUMo=+16.5mV SUMo=+16.3mV LPo=-160.7mV,"[3, 2, 0, -3]",,3,16254,495,1774,"{""at"":""2026-09-08T08:10:13"",""kind"":""observation"",""message"":""    verificación durante 2tau: PGAgain=-6.4mV BPo=+0.2mV OPA_SUMo=+16.5mV SUMo=+16.3mV LPo=-160.7mV"",""label"":""verificación durante 2tau"",""observation"":{""errors_uv"":{""0"":-6444,""1"":232,""2"":16521,""3"":16254,""4"":-160748},""pp_uv"":{""0"":1564,""1"":2250,""2"":534,""3"":495,""4"":2326},""spread_uv"":{""0"":229,""1"":419,""2"":1679,""3"":1774,""4"":20904},""samples"":[{""0"":{""mean_uv"":993556,""error_uv"":-6444,""pp_uv"":1564},""1"":{""mean_uv"":1000232,""error_uv"":232,""pp_uv"":2250},""2"":{""mean_uv"":1015586,""error_uv"":15586,""pp_uv"":514},""3"":{""mean_uv"":1015319,""error_uv"":15319,""pp_uv"":495},""4"":{""mean_uv"":850467,""error_uv"":-149533,""pp_uv"":2326}},{""0"":{""mean_uv"":993461,""error_uv"":-6539,""pp_uv"":1182},""1"":{""mean_uv"":1000308,""error_uv"":308,""pp_uv"":2040},""2"":{""mean_uv"":1016521,""error_uv"":16521,""pp_uv"":534},""3"":{""mean_uv"":1016254,""error_uv"":16254,""pp_uv"":438},""4"":{""mean_uv"":839252,""error_uv"":-160748,""pp_uv"":1602}},{""0"":{""mean_uv"":993690,""error_uv"":-6310,""pp_uv"":3376},""1"":{""mean_uv"":999889,""error_uv"":-111,""pp_uv"":2498},""2"":{""mean_uv"":1017265,""error_uv"":17265,""pp_uv"":705},""3"":{""mean_uv"":1017093,""error_uv"":17093,""pp_uv"":743},""4"":{""mean_uv"":829563,""error_uv"":-170437,""pp_uv"":2899}}]},""codes"":[3,2,0,-3]}"
24,coupled,False,17,2026-09-08T08:10:13,observation,    verificación durante 2tau: PGAgain=-6.4mV BPo=+0.2mV OPA_SUMo=+16.5mV SUMo=+16.3mV LPo=-160.7mV,"[3, 2, 0, -3]",,4,-160748,2326,20904,"{""at"":""2026-09-08T08:10:13"",""kind"":""observation"",""message"":""    verificación durante 2tau: PGAgain=-6.4mV BPo=+0.2mV OPA_SUMo=+16.5mV SUMo=+16.3mV LPo=-160.7mV"",""label"":""verificación durante 2tau"",""observation"":{""errors_uv"":{""0"":-6444,""1"":232,""2"":16521,""3"":16254,""4"":-160748},""pp_uv"":{""0"":1564,""1"":2250,""2"":534,""3"":495,""4"":2326},""spread_uv"":{""0"":229,""1"":419,""2"":1679,""3"":1774,""4"":20904},""samples"":[{""0"":{""mean_uv"":993556,""error_uv"":-6444,""pp_uv"":1564},""1"":{""mean_uv"":1000232,""error_uv"":232,""pp_uv"":2250},""2"":{""mean_uv"":1015586,""error_uv"":15586,""pp_uv"":514},""3"":{""mean_uv"":1015319,""error_uv"":15319,""pp_uv"":495},""4"":{""mean_uv"":850467,""error_uv"":-149533,""pp_uv"":2326}},{""0"":{""mean_uv"":993461,""error_uv"":-6539,""pp_uv"":1182},""1"":{""mean_uv"":1000308,""error_uv"":308,""pp_uv"":2040},""2"":{""mean_uv"":1016521,""error_uv"":16521,""pp_uv"":534},""3"":{""mean_uv"":1016254,""error_uv"":16254,""pp_uv"":438},""4"":{""mean_uv"":839252,""error_uv"":-160748,""pp_uv"":1602}},{""0"":{""mean_uv"":993690,""error_uv"":-6310,""pp_uv"":3376},""1"":{""mean_uv"":999889,""error_uv"":-111,""pp_uv"":2498},""2"":{""mean_uv"":1017265,""error_uv"":17265,""pp_uv"":705},""3"":{""mean_uv"":1017093,""error_uv"":17093,""pp_uv"":743},""4"":{""mean_uv"":829563,""error_uv"":-170437,""pp_uv"":2899}}]},""codes"":[3,2,0,-3]}"
24,coupled,False,18,2026-09-08T08:10:13,closed_loop_window,    ventana 2tau BP terminó: peor=160.7mV,"[3, 2, 0, -3]",,,,,,"{""at"":""2026-09-08T08:10:13"",""kind"":""closed_loop_window"",""message"":""    ventana 2tau BP terminó: peor=160.7mV"",""stages"":[0,1,2,3],""cycles"":2,""window_s"":62.5,""final_score_uv"":[160748,72689.24875248058]}"
24,coupled,False,19,2026-09-08T08:10:13,gain_fail,"FAIL x24: PI vectorial (0, 1, 2, 3) no convergió en 2tau BP","[3, 2, 0, -3]",,,,,,"{""at"":""2026-09-08T08:10:13"",""kind"":""gain_fail"",""message"":""FAIL x24: PI vectorial (0, 1, 2, 3) no convergió en 2tau BP""}"
24,coupled,False,20,2026-09-08T08:11:34,observation,    estado neutro: PGAgain=-13.2mV BPo=+1.2mV OPA_SUMo=+45.4mV SUMo=+44.8mV LPo=-257.2mV,"[0, 0, 0, 0]",,0,-13196,2479,382,"{""at"":""2026-09-08T08:11:34"",""kind"":""observation"",""message"":""    estado neutro: PGAgain=-13.2mV BPo=+1.2mV OPA_SUMo=+45.4mV SUMo=+44.8mV LPo=-257.2mV"",""label"":""estado neutro"",""observation"":{""errors_uv"":{""0"":-13196,""1"":1186,""2"":45417,""3"":44769,""4"":-257203},""pp_uv"":{""0"":2479,""1"":2593,""2"":553,""3"":457,""4"":152},""spread_uv"":{""0"":382,""1"":668,""2"":1507,""3"":2536,""4"":38},""samples"":[{""0"":{""mean_uv"":986862,""error_uv"":-13138,""pp_uv"":2098},""1"":{""mean_uv"":1001491,""error_uv"":1491,""pp_uv"":2593},""2"":{""mean_uv"":1044540,""error_uv"":44540,""pp_uv"":419},""3"":{""mean_uv"":1043949,""error_uv"":43949,""pp_uv"":343},""4"":{""mean_uv"":742797,""error_uv"":-257203,""pp_uv"":133}},{""0"":{""mean_uv"":986480,""error_uv"":-13520,""pp_uv"":2479},""1"":{""mean_uv"":1000823,""error_uv"":823,""pp_uv"":2384},""2"":{""mean_uv"":1045417,""error_uv"":45417,""pp_uv"":553},""3"":{""mean_uv"":1044769,""error_uv"":44769,""pp_uv"":457},""4"":{""mean_uv"":742778,""error_uv"":-257222,""pp_uv"":171}},{""0"":{""mean_uv"":986804,""error_uv"":-13196,""pp_uv"":2498},""1"":{""mean_uv"":1001186,""error_uv"":1186,""pp_uv"":2994},""2"":{""mean_uv"":1046047,""error_uv"":46047,""pp_uv"":667},""3"":{""mean_uv"":1046485,""error_uv"":46485,""pp_uv"":457},""4"":{""mean_uv"":742816,""error_uv"":-257184,""pp_uv"":152}}]},""codes"":[0,0,0,0]}"
24,coupled,False,20,2026-09-08T08:11:34,observation,    estado neutro: PGAgain=-13.2mV BPo=+1.2mV OPA_SUMo=+45.4mV SUMo=+44.8mV LPo=-257.2mV,"[0, 0, 0, 0]",,1,1186,2593,668,"{""at"":""2026-09-08T08:11:34"",""kind"":""observation"",""message"":""    estado neutro: PGAgain=-13.2mV BPo=+1.2mV OPA_SUMo=+45.4mV SUMo=+44.8mV LPo=-257.2mV"",""label"":""estado neutro"",""observation"":{""errors_uv"":{""0"":-13196,""1"":1186,""2"":45417,""3"":44769,""4"":-257203},""pp_uv"":{""0"":2479,""1"":2593,""2"":553,""3"":457,""4"":152},""spread_uv"":{""0"":382,""1"":668,""2"":1507,""3"":2536,""4"":38},""samples"":[{""0"":{""mean_uv"":986862,""error_uv"":-13138,""pp_uv"":2098},""1"":{""mean_uv"":1001491,""error_uv"":1491,""pp_uv"":2593},""2"":{""mean_uv"":1044540,""error_uv"":44540,""pp_uv"":419},""3"":{""mean_uv"":1043949,""error_uv"":43949,""pp_uv"":343},""4"":{""mean_uv"":742797,""error_uv"":-257203,""pp_uv"":133}},{""0"":{""mean_uv"":986480,""error_uv"":-13520,""pp_uv"":2479},""1"":{""mean_uv"":1000823,""error_uv"":823,""pp_uv"":2384},""2"":{""mean_uv"":1045417,""error_uv"":45417,""pp_uv"":553},""3"":{""mean_uv"":1044769,""error_uv"":44769,""pp_uv"":457},""4"":{""mean_uv"":742778,""error_uv"":-257222,""pp_uv"":171}},{""0"":{""mean_uv"":986804,""error_uv"":-13196,""pp_uv"":2498},""1"":{""mean_uv"":1001186,""error_uv"":1186,""pp_uv"":2994},""2"":{""mean_uv"":1046047,""error_uv"":46047,""pp_uv"":667},""3"":{""mean_uv"":1046485,""error_uv"":46485,""pp_uv"":457},""4"":{""mean_uv"":742816,""error_uv"":-257184,""pp_uv"":152}}]},""codes"":[0,0,0,0]}"
24,coupled,False,20,2026-09-08T08:11:34,observation,    estado neutro: PGAgain=-13.2mV BPo=+1.2mV OPA_SUMo=+45.4mV SUMo=+44.8mV LPo=-257.2mV,"[0, 0, 0, 0]",,2,45417,553,1507,"{""at"":""2026-09-08T08:11:34"",""kind"":""observation"",""message"":""    estado neutro: PGAgain=-13.2mV BPo=+1.2mV OPA_SUMo=+45.4mV SUMo=+44.8mV LPo=-257.2mV"",""label"":""estado neutro"",""observation"":{""errors_uv"":{""0"":-13196,""1"":1186,""2"":45417,""3"":44769,""4"":-257203},""pp_uv"":{""0"":2479,""1"":2593,""2"":553,""3"":457,""4"":152},""spread_uv"":{""0"":382,""1"":668,""2"":1507,""3"":2536,""4"":38},""samples"":[{""0"":{""mean_uv"":986862,""error_uv"":-13138,""pp_uv"":2098},""1"":{""mean_uv"":1001491,""error_uv"":1491,""pp_uv"":2593},""2"":{""mean_uv"":1044540,""error_uv"":44540,""pp_uv"":419},""3"":{""mean_uv"":1043949,""error_uv"":43949,""pp_uv"":343},""4"":{""mean_uv"":742797,""error_uv"":-257203,""pp_uv"":133}},{""0"":{""mean_uv"":986480,""error_uv"":-13520,""pp_uv"":2479},""1"":{""mean_uv"":1000823,""error_uv"":823,""pp_uv"":2384},""2"":{""mean_uv"":1045417,""error_uv"":45417,""pp_uv"":553},""3"":{""mean_uv"":1044769,""error_uv"":44769,""pp_uv"":457},""4"":{""mean_uv"":742778,""error_uv"":-257222,""pp_uv"":171}},{""0"":{""mean_uv"":986804,""error_uv"":-13196,""pp_uv"":2498},""1"":{""mean_uv"":1001186,""error_uv"":1186,""pp_uv"":2994},""2"":{""mean_uv"":1046047,""error_uv"":46047,""pp_uv"":667},""3"":{""mean_uv"":1046485,""error_uv"":46485,""pp_uv"":457},""4"":{""mean_uv"":742816,""error_uv"":-257184,""pp_uv"":152}}]},""codes"":[0,0,0,0]}"
24,coupled,False,20,2026-09-08T08:11:34,observation,    estado neutro: PGAgain=-13.2mV BPo=+1.2mV OPA_SUMo=+45.4mV SUMo=+44.8mV LPo=-257.2mV,"[0, 0, 0, 0]",,3,44769,457,2536,"{""at"":""2026-09-08T08:11:34"",""kind"":""observation"",""message"":""    estado neutro: PGAgain=-13.2mV BPo=+1.2mV OPA_SUMo=+45.4mV SUMo=+44.8mV LPo=-257.2mV"",""label"":""estado neutro"",""observation"":{""errors_uv"":{""0"":-13196,""1"":1186,""2"":45417,""3"":44769,""4"":-257203},""pp_uv"":{""0"":2479,""1"":2593,""2"":553,""3"":457,""4"":152},""spread_uv"":{""0"":382,""1"":668,""2"":1507,""3"":2536,""4"":38},""samples"":[{""0"":{""mean_uv"":986862,""error_uv"":-13138,""pp_uv"":2098},""1"":{""mean_uv"":1001491,""error_uv"":1491,""pp_uv"":2593},""2"":{""mean_uv"":1044540,""error_uv"":44540,""pp_uv"":419},""3"":{""mean_uv"":1043949,""error_uv"":43949,""pp_uv"":343},""4"":{""mean_uv"":742797,""error_uv"":-257203,""pp_uv"":133}},{""0"":{""mean_uv"":986480,""error_uv"":-13520,""pp_uv"":2479},""1"":{""mean_uv"":1000823,""error_uv"":823,""pp_uv"":2384},""2"":{""mean_uv"":1045417,""error_uv"":45417,""pp_uv"":553},""3"":{""mean_uv"":1044769,""error_uv"":44769,""pp_uv"":457},""4"":{""mean_uv"":742778,""error_uv"":-257222,""pp_uv"":171}},{""0"":{""mean_uv"":986804,""error_uv"":-13196,""pp_uv"":2498},""1"":{""mean_uv"":1001186,""error_uv"":1186,""pp_uv"":2994},""2"":{""mean_uv"":1046047,""error_uv"":46047,""pp_uv"":667},""3"":{""mean_uv"":1046485,""error_uv"":46485,""pp_uv"":457},""4"":{""mean_uv"":742816,""error_uv"":-257184,""pp_uv"":152}}]},""codes"":[0,0,0,0]}"
24,coupled,False,20,2026-09-08T08:11:34,observation,    estado neutro: PGAgain=-13.2mV BPo=+1.2mV OPA_SUMo=+45.4mV SUMo=+44.8mV LPo=-257.2mV,"[0, 0, 0, 0]",,4,-257203,152,38,"{""at"":""2026-09-08T08:11:34"",""kind"":""observation"",""message"":""    estado neutro: PGAgain=-13.2mV BPo=+1.2mV OPA_SUMo=+45.4mV SUMo=+44.8mV LPo=-257.2mV"",""label"":""estado neutro"",""observation"":{""errors_uv"":{""0"":-13196,""1"":1186,""2"":45417,""3"":44769,""4"":-257203},""pp_uv"":{""0"":2479,""1"":2593,""2"":553,""3"":457,""4"":152},""spread_uv"":{""0"":382,""1"":668,""2"":1507,""3"":2536,""4"":38},""samples"":[{""0"":{""mean_uv"":986862,""error_uv"":-13138,""pp_uv"":2098},""1"":{""mean_uv"":1001491,""error_uv"":1491,""pp_uv"":2593},""2"":{""mean_uv"":1044540,""error_uv"":44540,""pp_uv"":419},""3"":{""mean_uv"":1043949,""error_uv"":43949,""pp_uv"":343},""4"":{""mean_uv"":742797,""error_uv"":-257203,""pp_uv"":133}},{""0"":{""mean_uv"":986480,""error_uv"":-13520,""pp_uv"":2479},""1"":{""mean_uv"":1000823,""error_uv"":823,""pp_uv"":2384},""2"":{""mean_uv"":1045417,""error_uv"":45417,""pp_uv"":553},""3"":{""mean_uv"":1044769,""error_uv"":44769,""pp_uv"":457},""4"":{""mean_uv"":742778,""error_uv"":-257222,""pp_uv"":171}},{""0"":{""mean_uv"":986804,""error_uv"":-13196,""pp_uv"":2498},""1"":{""mean_uv"":1001186,""error_uv"":1186,""pp_uv"":2994},""2"":{""mean_uv"":1046047,""error_uv"":46047,""pp_uv"":667},""3"":{""mean_uv"":1046485,""error_uv"":46485,""pp_uv"":457},""4"":{""mean_uv"":742816,""error_uv"":-257184,""pp_uv"":152}}]},""codes"":[0,0,0,0]}"
