gain,strategy,pass,event_index,at,kind,message,codes,tau_s,channel,error_uv,pp_uv,spread_uv,data_json
24,coupled,False,0,2026-09-08T12:51:09,gain_start,"
Autocalibrando x24 desde cero (coupled)","[6, 6, 0, 0]",,,,,,"{""at"":""2026-09-08T12:51:09"",""kind"":""gain_start"",""message"":""\nAutocalibrando x24 desde cero (coupled)""}"
24,coupled,False,1,2026-09-08T12:52:23,observation,    estado neutro: PGAgain=-14.3mV BPo=+1.6mV OPA_SUMo=+48.3mV SUMo=+47.8mV LPo=-257.5mV,"[0, 0, 0, 0]",,0,-14283,1335,344,"{""at"":""2026-09-08T12:52:23"",""kind"":""observation"",""message"":""    estado neutro: PGAgain=-14.3mV BPo=+1.6mV OPA_SUMo=+48.3mV SUMo=+47.8mV LPo=-257.5mV"",""label"":""estado neutro"",""observation"":{""errors_uv"":{""0"":-14283,""1"":1605,""2"":48336,""3"":47840,""4"":-257451},""pp_uv"":{""0"":1335,""1"":2708,""2"":705,""3"":629,""4"":152},""spread_uv"":{""0"":344,""1"":572,""2"":858,""3"":744,""4"":38},""samples"":[{""0"":{""mean_uv"":985813,""error_uv"":-14187,""pp_uv"":1850},""1"":{""mean_uv"":1001815,""error_uv"":1815,""pp_uv"":2651},""2"":{""mean_uv"":1047840,""error_uv"":47840,""pp_uv"":591},""3"":{""mean_uv"":1047458,""error_uv"":47458,""pp_uv"":629},""4"":{""mean_uv"":742530,""error_uv"":-257470,""pp_uv"":152}},{""0"":{""mean_uv"":985717,""error_uv"":-14283,""pp_uv"":1335},""1"":{""mean_uv"":1001605,""error_uv"":1605,""pp_uv"":2708},""2"":{""mean_uv"":1048336,""error_uv"":48336,""pp_uv"":743},""3"":{""mean_uv"":1047840,""error_uv"":47840,""pp_uv"":686},""4"":{""mean_uv"":742568,""error_uv"":-257432,""pp_uv"":133}},{""0"":{""mean_uv"":985469,""error_uv"":-14531,""pp_uv"":1296},""1"":{""mean_uv"":1001243,""error_uv"":1243,""pp_uv"":3128},""2"":{""mean_uv"":1048698,""error_uv"":48698,""pp_uv"":705},""3"":{""mean_uv"":1048202,""error_uv"":48202,""pp_uv"":495},""4"":{""mean_uv"":742549,""error_uv"":-257451,""pp_uv"":171}}]},""codes"":[0,0,0,0]}"
24,coupled,False,1,2026-09-08T12:52:23,observation,    estado neutro: PGAgain=-14.3mV BPo=+1.6mV OPA_SUMo=+48.3mV SUMo=+47.8mV LPo=-257.5mV,"[0, 0, 0, 0]",,1,1605,2708,572,"{""at"":""2026-09-08T12:52:23"",""kind"":""observation"",""message"":""    estado neutro: PGAgain=-14.3mV BPo=+1.6mV OPA_SUMo=+48.3mV SUMo=+47.8mV LPo=-257.5mV"",""label"":""estado neutro"",""observation"":{""errors_uv"":{""0"":-14283,""1"":1605,""2"":48336,""3"":47840,""4"":-257451},""pp_uv"":{""0"":1335,""1"":2708,""2"":705,""3"":629,""4"":152},""spread_uv"":{""0"":344,""1"":572,""2"":858,""3"":744,""4"":38},""samples"":[{""0"":{""mean_uv"":985813,""error_uv"":-14187,""pp_uv"":1850},""1"":{""mean_uv"":1001815,""error_uv"":1815,""pp_uv"":2651},""2"":{""mean_uv"":1047840,""error_uv"":47840,""pp_uv"":591},""3"":{""mean_uv"":1047458,""error_uv"":47458,""pp_uv"":629},""4"":{""mean_uv"":742530,""error_uv"":-257470,""pp_uv"":152}},{""0"":{""mean_uv"":985717,""error_uv"":-14283,""pp_uv"":1335},""1"":{""mean_uv"":1001605,""error_uv"":1605,""pp_uv"":2708},""2"":{""mean_uv"":1048336,""error_uv"":48336,""pp_uv"":743},""3"":{""mean_uv"":1047840,""error_uv"":47840,""pp_uv"":686},""4"":{""mean_uv"":742568,""error_uv"":-257432,""pp_uv"":133}},{""0"":{""mean_uv"":985469,""error_uv"":-14531,""pp_uv"":1296},""1"":{""mean_uv"":1001243,""error_uv"":1243,""pp_uv"":3128},""2"":{""mean_uv"":1048698,""error_uv"":48698,""pp_uv"":705},""3"":{""mean_uv"":1048202,""error_uv"":48202,""pp_uv"":495},""4"":{""mean_uv"":742549,""error_uv"":-257451,""pp_uv"":171}}]},""codes"":[0,0,0,0]}"
24,coupled,False,1,2026-09-08T12:52:23,observation,    estado neutro: PGAgain=-14.3mV BPo=+1.6mV OPA_SUMo=+48.3mV SUMo=+47.8mV LPo=-257.5mV,"[0, 0, 0, 0]",,2,48336,705,858,"{""at"":""2026-09-08T12:52:23"",""kind"":""observation"",""message"":""    estado neutro: PGAgain=-14.3mV BPo=+1.6mV OPA_SUMo=+48.3mV SUMo=+47.8mV LPo=-257.5mV"",""label"":""estado neutro"",""observation"":{""errors_uv"":{""0"":-14283,""1"":1605,""2"":48336,""3"":47840,""4"":-257451},""pp_uv"":{""0"":1335,""1"":2708,""2"":705,""3"":629,""4"":152},""spread_uv"":{""0"":344,""1"":572,""2"":858,""3"":744,""4"":38},""samples"":[{""0"":{""mean_uv"":985813,""error_uv"":-14187,""pp_uv"":1850},""1"":{""mean_uv"":1001815,""error_uv"":1815,""pp_uv"":2651},""2"":{""mean_uv"":1047840,""error_uv"":47840,""pp_uv"":591},""3"":{""mean_uv"":1047458,""error_uv"":47458,""pp_uv"":629},""4"":{""mean_uv"":742530,""error_uv"":-257470,""pp_uv"":152}},{""0"":{""mean_uv"":985717,""error_uv"":-14283,""pp_uv"":1335},""1"":{""mean_uv"":1001605,""error_uv"":1605,""pp_uv"":2708},""2"":{""mean_uv"":1048336,""error_uv"":48336,""pp_uv"":743},""3"":{""mean_uv"":1047840,""error_uv"":47840,""pp_uv"":686},""4"":{""mean_uv"":742568,""error_uv"":-257432,""pp_uv"":133}},{""0"":{""mean_uv"":985469,""error_uv"":-14531,""pp_uv"":1296},""1"":{""mean_uv"":1001243,""error_uv"":1243,""pp_uv"":3128},""2"":{""mean_uv"":1048698,""error_uv"":48698,""pp_uv"":705},""3"":{""mean_uv"":1048202,""error_uv"":48202,""pp_uv"":495},""4"":{""mean_uv"":742549,""error_uv"":-257451,""pp_uv"":171}}]},""codes"":[0,0,0,0]}"
24,coupled,False,1,2026-09-08T12:52:23,observation,    estado neutro: PGAgain=-14.3mV BPo=+1.6mV OPA_SUMo=+48.3mV SUMo=+47.8mV LPo=-257.5mV,"[0, 0, 0, 0]",,3,47840,629,744,"{""at"":""2026-09-08T12:52:23"",""kind"":""observation"",""message"":""    estado neutro: PGAgain=-14.3mV BPo=+1.6mV OPA_SUMo=+48.3mV SUMo=+47.8mV LPo=-257.5mV"",""label"":""estado neutro"",""observation"":{""errors_uv"":{""0"":-14283,""1"":1605,""2"":48336,""3"":47840,""4"":-257451},""pp_uv"":{""0"":1335,""1"":2708,""2"":705,""3"":629,""4"":152},""spread_uv"":{""0"":344,""1"":572,""2"":858,""3"":744,""4"":38},""samples"":[{""0"":{""mean_uv"":985813,""error_uv"":-14187,""pp_uv"":1850},""1"":{""mean_uv"":1001815,""error_uv"":1815,""pp_uv"":2651},""2"":{""mean_uv"":1047840,""error_uv"":47840,""pp_uv"":591},""3"":{""mean_uv"":1047458,""error_uv"":47458,""pp_uv"":629},""4"":{""mean_uv"":742530,""error_uv"":-257470,""pp_uv"":152}},{""0"":{""mean_uv"":985717,""error_uv"":-14283,""pp_uv"":1335},""1"":{""mean_uv"":1001605,""error_uv"":1605,""pp_uv"":2708},""2"":{""mean_uv"":1048336,""error_uv"":48336,""pp_uv"":743},""3"":{""mean_uv"":1047840,""error_uv"":47840,""pp_uv"":686},""4"":{""mean_uv"":742568,""error_uv"":-257432,""pp_uv"":133}},{""0"":{""mean_uv"":985469,""error_uv"":-14531,""pp_uv"":1296},""1"":{""mean_uv"":1001243,""error_uv"":1243,""pp_uv"":3128},""2"":{""mean_uv"":1048698,""error_uv"":48698,""pp_uv"":705},""3"":{""mean_uv"":1048202,""error_uv"":48202,""pp_uv"":495},""4"":{""mean_uv"":742549,""error_uv"":-257451,""pp_uv"":171}}]},""codes"":[0,0,0,0]}"
24,coupled,False,1,2026-09-08T12:52:23,observation,    estado neutro: PGAgain=-14.3mV BPo=+1.6mV OPA_SUMo=+48.3mV SUMo=+47.8mV LPo=-257.5mV,"[0, 0, 0, 0]",,4,-257451,152,38,"{""at"":""2026-09-08T12:52:23"",""kind"":""observation"",""message"":""    estado neutro: PGAgain=-14.3mV BPo=+1.6mV OPA_SUMo=+48.3mV SUMo=+47.8mV LPo=-257.5mV"",""label"":""estado neutro"",""observation"":{""errors_uv"":{""0"":-14283,""1"":1605,""2"":48336,""3"":47840,""4"":-257451},""pp_uv"":{""0"":1335,""1"":2708,""2"":705,""3"":629,""4"":152},""spread_uv"":{""0"":344,""1"":572,""2"":858,""3"":744,""4"":38},""samples"":[{""0"":{""mean_uv"":985813,""error_uv"":-14187,""pp_uv"":1850},""1"":{""mean_uv"":1001815,""error_uv"":1815,""pp_uv"":2651},""2"":{""mean_uv"":1047840,""error_uv"":47840,""pp_uv"":591},""3"":{""mean_uv"":1047458,""error_uv"":47458,""pp_uv"":629},""4"":{""mean_uv"":742530,""error_uv"":-257470,""pp_uv"":152}},{""0"":{""mean_uv"":985717,""error_uv"":-14283,""pp_uv"":1335},""1"":{""mean_uv"":1001605,""error_uv"":1605,""pp_uv"":2708},""2"":{""mean_uv"":1048336,""error_uv"":48336,""pp_uv"":743},""3"":{""mean_uv"":1047840,""error_uv"":47840,""pp_uv"":686},""4"":{""mean_uv"":742568,""error_uv"":-257432,""pp_uv"":133}},{""0"":{""mean_uv"":985469,""error_uv"":-14531,""pp_uv"":1296},""1"":{""mean_uv"":1001243,""error_uv"":1243,""pp_uv"":3128},""2"":{""mean_uv"":1048698,""error_uv"":48698,""pp_uv"":705},""3"":{""mean_uv"":1048202,""error_uv"":48202,""pp_uv"":495},""4"":{""mean_uv"":742549,""error_uv"":-257451,""pp_uv"":171}}]},""codes"":[0,0,0,0]}"
24,coupled,False,2,2026-09-08T12:52:40,observation,    base para estimar tau: PGAgain=-14.8mV BPo=+0.5mV OPA_SUMo=+50.1mV SUMo=+49.6mV LPo=-257.5mV,"[0, 0, 0, 0]",,0,-14817,1544,57,"{""at"":""2026-09-08T12:52:40"",""kind"":""observation"",""message"":""    base para estimar tau: PGAgain=-14.8mV BPo=+0.5mV OPA_SUMo=+50.1mV SUMo=+49.6mV LPo=-257.5mV"",""label"":""base para estimar tau"",""observation"":{""errors_uv"":{""0"":-14817,""1"":461,""2"":50052,""3"":49556,""4"":-257451},""pp_uv"":{""0"":1544,""1"":1926,""2"":476,""3"":457,""4"":114},""spread_uv"":{""0"":57,""1"":763,""2"":1087,""3"":1183,""4"":38},""samples"":[{""0"":{""mean_uv"":985183,""error_uv"":-14817,""pp_uv"":782},""1"":{""mean_uv"":1001014,""error_uv"":1014,""pp_uv"":1754},""2"":{""mean_uv"":1049022,""error_uv"":49022,""pp_uv"":476},""3"":{""mean_uv"":1048564,""error_uv"":48564,""pp_uv"":457},""4"":{""mean_uv"":742549,""error_uv"":-257451,""pp_uv"":133}},{""0"":{""mean_uv"":985126,""error_uv"":-14874,""pp_uv"":1621},""1"":{""mean_uv"":1000461,""error_uv"":461,""pp_uv"":2098},""2"":{""mean_uv"":1050052,""error_uv"":50052,""pp_uv"":457},""3"":{""mean_uv"":1049556,""error_uv"":49556,""pp_uv"":419},""4"":{""mean_uv"":742549,""error_uv"":-257451,""pp_uv"":114}},{""0"":{""mean_uv"":985183,""error_uv"":-14817,""pp_uv"":1544},""1"":{""mean_uv"":1000251,""error_uv"":251,""pp_uv"":1926},""2"":{""mean_uv"":1050109,""error_uv"":50109,""pp_uv"":743},""3"":{""mean_uv"":1049747,""error_uv"":49747,""pp_uv"":686},""4"":{""mean_uv"":742511,""error_uv"":-257489,""pp_uv"":114}}]},""codes"":[0,0,0,0]}"
24,coupled,False,2,2026-09-08T12:52:40,observation,    base para estimar tau: PGAgain=-14.8mV BPo=+0.5mV OPA_SUMo=+50.1mV SUMo=+49.6mV LPo=-257.5mV,"[0, 0, 0, 0]",,1,461,1926,763,"{""at"":""2026-09-08T12:52:40"",""kind"":""observation"",""message"":""    base para estimar tau: PGAgain=-14.8mV BPo=+0.5mV OPA_SUMo=+50.1mV SUMo=+49.6mV LPo=-257.5mV"",""label"":""base para estimar tau"",""observation"":{""errors_uv"":{""0"":-14817,""1"":461,""2"":50052,""3"":49556,""4"":-257451},""pp_uv"":{""0"":1544,""1"":1926,""2"":476,""3"":457,""4"":114},""spread_uv"":{""0"":57,""1"":763,""2"":1087,""3"":1183,""4"":38},""samples"":[{""0"":{""mean_uv"":985183,""error_uv"":-14817,""pp_uv"":782},""1"":{""mean_uv"":1001014,""error_uv"":1014,""pp_uv"":1754},""2"":{""mean_uv"":1049022,""error_uv"":49022,""pp_uv"":476},""3"":{""mean_uv"":1048564,""error_uv"":48564,""pp_uv"":457},""4"":{""mean_uv"":742549,""error_uv"":-257451,""pp_uv"":133}},{""0"":{""mean_uv"":985126,""error_uv"":-14874,""pp_uv"":1621},""1"":{""mean_uv"":1000461,""error_uv"":461,""pp_uv"":2098},""2"":{""mean_uv"":1050052,""error_uv"":50052,""pp_uv"":457},""3"":{""mean_uv"":1049556,""error_uv"":49556,""pp_uv"":419},""4"":{""mean_uv"":742549,""error_uv"":-257451,""pp_uv"":114}},{""0"":{""mean_uv"":985183,""error_uv"":-14817,""pp_uv"":1544},""1"":{""mean_uv"":1000251,""error_uv"":251,""pp_uv"":1926},""2"":{""mean_uv"":1050109,""error_uv"":50109,""pp_uv"":743},""3"":{""mean_uv"":1049747,""error_uv"":49747,""pp_uv"":686},""4"":{""mean_uv"":742511,""error_uv"":-257489,""pp_uv"":114}}]},""codes"":[0,0,0,0]}"
24,coupled,False,2,2026-09-08T12:52:40,observation,    base para estimar tau: PGAgain=-14.8mV BPo=+0.5mV OPA_SUMo=+50.1mV SUMo=+49.6mV LPo=-257.5mV,"[0, 0, 0, 0]",,2,50052,476,1087,"{""at"":""2026-09-08T12:52:40"",""kind"":""observation"",""message"":""    base para estimar tau: PGAgain=-14.8mV BPo=+0.5mV OPA_SUMo=+50.1mV SUMo=+49.6mV LPo=-257.5mV"",""label"":""base para estimar tau"",""observation"":{""errors_uv"":{""0"":-14817,""1"":461,""2"":50052,""3"":49556,""4"":-257451},""pp_uv"":{""0"":1544,""1"":1926,""2"":476,""3"":457,""4"":114},""spread_uv"":{""0"":57,""1"":763,""2"":1087,""3"":1183,""4"":38},""samples"":[{""0"":{""mean_uv"":985183,""error_uv"":-14817,""pp_uv"":782},""1"":{""mean_uv"":1001014,""error_uv"":1014,""pp_uv"":1754},""2"":{""mean_uv"":1049022,""error_uv"":49022,""pp_uv"":476},""3"":{""mean_uv"":1048564,""error_uv"":48564,""pp_uv"":457},""4"":{""mean_uv"":742549,""error_uv"":-257451,""pp_uv"":133}},{""0"":{""mean_uv"":985126,""error_uv"":-14874,""pp_uv"":1621},""1"":{""mean_uv"":1000461,""error_uv"":461,""pp_uv"":2098},""2"":{""mean_uv"":1050052,""error_uv"":50052,""pp_uv"":457},""3"":{""mean_uv"":1049556,""error_uv"":49556,""pp_uv"":419},""4"":{""mean_uv"":742549,""error_uv"":-257451,""pp_uv"":114}},{""0"":{""mean_uv"":985183,""error_uv"":-14817,""pp_uv"":1544},""1"":{""mean_uv"":1000251,""error_uv"":251,""pp_uv"":1926},""2"":{""mean_uv"":1050109,""error_uv"":50109,""pp_uv"":743},""3"":{""mean_uv"":1049747,""error_uv"":49747,""pp_uv"":686},""4"":{""mean_uv"":742511,""error_uv"":-257489,""pp_uv"":114}}]},""codes"":[0,0,0,0]}"
24,coupled,False,2,2026-09-08T12:52:40,observation,    base para estimar tau: PGAgain=-14.8mV BPo=+0.5mV OPA_SUMo=+50.1mV SUMo=+49.6mV LPo=-257.5mV,"[0, 0, 0, 0]",,3,49556,457,1183,"{""at"":""2026-09-08T12:52:40"",""kind"":""observation"",""message"":""    base para estimar tau: PGAgain=-14.8mV BPo=+0.5mV OPA_SUMo=+50.1mV SUMo=+49.6mV LPo=-257.5mV"",""label"":""base para estimar tau"",""observation"":{""errors_uv"":{""0"":-14817,""1"":461,""2"":50052,""3"":49556,""4"":-257451},""pp_uv"":{""0"":1544,""1"":1926,""2"":476,""3"":457,""4"":114},""spread_uv"":{""0"":57,""1"":763,""2"":1087,""3"":1183,""4"":38},""samples"":[{""0"":{""mean_uv"":985183,""error_uv"":-14817,""pp_uv"":782},""1"":{""mean_uv"":1001014,""error_uv"":1014,""pp_uv"":1754},""2"":{""mean_uv"":1049022,""error_uv"":49022,""pp_uv"":476},""3"":{""mean_uv"":1048564,""error_uv"":48564,""pp_uv"":457},""4"":{""mean_uv"":742549,""error_uv"":-257451,""pp_uv"":133}},{""0"":{""mean_uv"":985126,""error_uv"":-14874,""pp_uv"":1621},""1"":{""mean_uv"":1000461,""error_uv"":461,""pp_uv"":2098},""2"":{""mean_uv"":1050052,""error_uv"":50052,""pp_uv"":457},""3"":{""mean_uv"":1049556,""error_uv"":49556,""pp_uv"":419},""4"":{""mean_uv"":742549,""error_uv"":-257451,""pp_uv"":114}},{""0"":{""mean_uv"":985183,""error_uv"":-14817,""pp_uv"":1544},""1"":{""mean_uv"":1000251,""error_uv"":251,""pp_uv"":1926},""2"":{""mean_uv"":1050109,""error_uv"":50109,""pp_uv"":743},""3"":{""mean_uv"":1049747,""error_uv"":49747,""pp_uv"":686},""4"":{""mean_uv"":742511,""error_uv"":-257489,""pp_uv"":114}}]},""codes"":[0,0,0,0]}"
24,coupled,False,2,2026-09-08T12:52:40,observation,    base para estimar tau: PGAgain=-14.8mV BPo=+0.5mV OPA_SUMo=+50.1mV SUMo=+49.6mV LPo=-257.5mV,"[0, 0, 0, 0]",,4,-257451,114,38,"{""at"":""2026-09-08T12:52:40"",""kind"":""observation"",""message"":""    base para estimar tau: PGAgain=-14.8mV BPo=+0.5mV OPA_SUMo=+50.1mV SUMo=+49.6mV LPo=-257.5mV"",""label"":""base para estimar tau"",""observation"":{""errors_uv"":{""0"":-14817,""1"":461,""2"":50052,""3"":49556,""4"":-257451},""pp_uv"":{""0"":1544,""1"":1926,""2"":476,""3"":457,""4"":114},""spread_uv"":{""0"":57,""1"":763,""2"":1087,""3"":1183,""4"":38},""samples"":[{""0"":{""mean_uv"":985183,""error_uv"":-14817,""pp_uv"":782},""1"":{""mean_uv"":1001014,""error_uv"":1014,""pp_uv"":1754},""2"":{""mean_uv"":1049022,""error_uv"":49022,""pp_uv"":476},""3"":{""mean_uv"":1048564,""error_uv"":48564,""pp_uv"":457},""4"":{""mean_uv"":742549,""error_uv"":-257451,""pp_uv"":133}},{""0"":{""mean_uv"":985126,""error_uv"":-14874,""pp_uv"":1621},""1"":{""mean_uv"":1000461,""error_uv"":461,""pp_uv"":2098},""2"":{""mean_uv"":1050052,""error_uv"":50052,""pp_uv"":457},""3"":{""mean_uv"":1049556,""error_uv"":49556,""pp_uv"":419},""4"":{""mean_uv"":742549,""error_uv"":-257451,""pp_uv"":114}},{""0"":{""mean_uv"":985183,""error_uv"":-14817,""pp_uv"":1544},""1"":{""mean_uv"":1000251,""error_uv"":251,""pp_uv"":1926},""2"":{""mean_uv"":1050109,""error_uv"":50109,""pp_uv"":743},""3"":{""mean_uv"":1049747,""error_uv"":49747,""pp_uv"":686},""4"":{""mean_uv"":742511,""error_uv"":-257489,""pp_uv"":114}}]},""codes"":[0,0,0,0]}"
24,coupled,False,3,2026-09-08T12:54:01,observation,    base para estimar tau: PGAgain=-14.8mV BPo=-4.6mV OPA_SUMo=+68.2mV SUMo=+67.3mV LPo=-257.4mV,"[0, 0, 0, 0]",,0,-14836,2727,152,"{""at"":""2026-09-08T12:54:01"",""kind"":""observation"",""message"":""    base para estimar tau: PGAgain=-14.8mV BPo=-4.6mV OPA_SUMo=+68.2mV SUMo=+67.3mV LPo=-257.4mV"",""label"":""base para estimar tau"",""observation"":{""errors_uv"":{""0"":-14836,""1"":-4593,""2"":68229,""3"":67276,""4"":-257412},""pp_uv"":{""0"":2727,""1"":3185,""2"":629,""3"":514,""4"":171},""spread_uv"":{""0"":152,""1"":839,""2"":4826,""3"":4635,""4"":39},""samples"":[{""0"":{""mean_uv"":985050,""error_uv"":-14950,""pp_uv"":2727},""1"":{""mean_uv"":994796,""error_uv"":-5204,""pp_uv"":3013},""2"":{""mean_uv"":1070747,""error_uv"":70747,""pp_uv"":743},""3"":{""mean_uv"":1069755,""error_uv"":69755,""pp_uv"":476},""4"":{""mean_uv"":742607,""error_uv"":-257393,""pp_uv"":114}},{""0"":{""mean_uv"":985202,""error_uv"":-14798,""pp_uv"":3242},""1"":{""mean_uv"":995407,""error_uv"":-4593,""pp_uv"":3185},""2"":{""mean_uv"":1068229,""error_uv"":68229,""pp_uv"":629},""3"":{""mean_uv"":1067276,""error_uv"":67276,""pp_uv"":514},""4"":{""mean_uv"":742588,""error_uv"":-257412,""pp_uv"":171}},{""0"":{""mean_uv"":985164,""error_uv"":-14836,""pp_uv"":1735},""1"":{""mean_uv"":995635,""error_uv"":-4365,""pp_uv"":3242},""2"":{""mean_uv"":1065921,""error_uv"":65921,""pp_uv"":591},""3"":{""mean_uv"":1065120,""error_uv"":65120,""pp_uv"":629},""4"":{""mean_uv"":742568,""error_uv"":-257432,""pp_uv"":171}}]},""codes"":[0,0,0,0]}"
24,coupled,False,3,2026-09-08T12:54:01,observation,    base para estimar tau: PGAgain=-14.8mV BPo=-4.6mV OPA_SUMo=+68.2mV SUMo=+67.3mV LPo=-257.4mV,"[0, 0, 0, 0]",,1,-4593,3185,839,"{""at"":""2026-09-08T12:54:01"",""kind"":""observation"",""message"":""    base para estimar tau: PGAgain=-14.8mV BPo=-4.6mV OPA_SUMo=+68.2mV SUMo=+67.3mV LPo=-257.4mV"",""label"":""base para estimar tau"",""observation"":{""errors_uv"":{""0"":-14836,""1"":-4593,""2"":68229,""3"":67276,""4"":-257412},""pp_uv"":{""0"":2727,""1"":3185,""2"":629,""3"":514,""4"":171},""spread_uv"":{""0"":152,""1"":839,""2"":4826,""3"":4635,""4"":39},""samples"":[{""0"":{""mean_uv"":985050,""error_uv"":-14950,""pp_uv"":2727},""1"":{""mean_uv"":994796,""error_uv"":-5204,""pp_uv"":3013},""2"":{""mean_uv"":1070747,""error_uv"":70747,""pp_uv"":743},""3"":{""mean_uv"":1069755,""error_uv"":69755,""pp_uv"":476},""4"":{""mean_uv"":742607,""error_uv"":-257393,""pp_uv"":114}},{""0"":{""mean_uv"":985202,""error_uv"":-14798,""pp_uv"":3242},""1"":{""mean_uv"":995407,""error_uv"":-4593,""pp_uv"":3185},""2"":{""mean_uv"":1068229,""error_uv"":68229,""pp_uv"":629},""3"":{""mean_uv"":1067276,""error_uv"":67276,""pp_uv"":514},""4"":{""mean_uv"":742588,""error_uv"":-257412,""pp_uv"":171}},{""0"":{""mean_uv"":985164,""error_uv"":-14836,""pp_uv"":1735},""1"":{""mean_uv"":995635,""error_uv"":-4365,""pp_uv"":3242},""2"":{""mean_uv"":1065921,""error_uv"":65921,""pp_uv"":591},""3"":{""mean_uv"":1065120,""error_uv"":65120,""pp_uv"":629},""4"":{""mean_uv"":742568,""error_uv"":-257432,""pp_uv"":171}}]},""codes"":[0,0,0,0]}"
24,coupled,False,3,2026-09-08T12:54:01,observation,    base para estimar tau: PGAgain=-14.8mV BPo=-4.6mV OPA_SUMo=+68.2mV SUMo=+67.3mV LPo=-257.4mV,"[0, 0, 0, 0]",,2,68229,629,4826,"{""at"":""2026-09-08T12:54:01"",""kind"":""observation"",""message"":""    base para estimar tau: PGAgain=-14.8mV BPo=-4.6mV OPA_SUMo=+68.2mV SUMo=+67.3mV LPo=-257.4mV"",""label"":""base para estimar tau"",""observation"":{""errors_uv"":{""0"":-14836,""1"":-4593,""2"":68229,""3"":67276,""4"":-257412},""pp_uv"":{""0"":2727,""1"":3185,""2"":629,""3"":514,""4"":171},""spread_uv"":{""0"":152,""1"":839,""2"":4826,""3"":4635,""4"":39},""samples"":[{""0"":{""mean_uv"":985050,""error_uv"":-14950,""pp_uv"":2727},""1"":{""mean_uv"":994796,""error_uv"":-5204,""pp_uv"":3013},""2"":{""mean_uv"":1070747,""error_uv"":70747,""pp_uv"":743},""3"":{""mean_uv"":1069755,""error_uv"":69755,""pp_uv"":476},""4"":{""mean_uv"":742607,""error_uv"":-257393,""pp_uv"":114}},{""0"":{""mean_uv"":985202,""error_uv"":-14798,""pp_uv"":3242},""1"":{""mean_uv"":995407,""error_uv"":-4593,""pp_uv"":3185},""2"":{""mean_uv"":1068229,""error_uv"":68229,""pp_uv"":629},""3"":{""mean_uv"":1067276,""error_uv"":67276,""pp_uv"":514},""4"":{""mean_uv"":742588,""error_uv"":-257412,""pp_uv"":171}},{""0"":{""mean_uv"":985164,""error_uv"":-14836,""pp_uv"":1735},""1"":{""mean_uv"":995635,""error_uv"":-4365,""pp_uv"":3242},""2"":{""mean_uv"":1065921,""error_uv"":65921,""pp_uv"":591},""3"":{""mean_uv"":1065120,""error_uv"":65120,""pp_uv"":629},""4"":{""mean_uv"":742568,""error_uv"":-257432,""pp_uv"":171}}]},""codes"":[0,0,0,0]}"
24,coupled,False,3,2026-09-08T12:54:01,observation,    base para estimar tau: PGAgain=-14.8mV BPo=-4.6mV OPA_SUMo=+68.2mV SUMo=+67.3mV LPo=-257.4mV,"[0, 0, 0, 0]",,3,67276,514,4635,"{""at"":""2026-09-08T12:54:01"",""kind"":""observation"",""message"":""    base para estimar tau: PGAgain=-14.8mV BPo=-4.6mV OPA_SUMo=+68.2mV SUMo=+67.3mV LPo=-257.4mV"",""label"":""base para estimar tau"",""observation"":{""errors_uv"":{""0"":-14836,""1"":-4593,""2"":68229,""3"":67276,""4"":-257412},""pp_uv"":{""0"":2727,""1"":3185,""2"":629,""3"":514,""4"":171},""spread_uv"":{""0"":152,""1"":839,""2"":4826,""3"":4635,""4"":39},""samples"":[{""0"":{""mean_uv"":985050,""error_uv"":-14950,""pp_uv"":2727},""1"":{""mean_uv"":994796,""error_uv"":-5204,""pp_uv"":3013},""2"":{""mean_uv"":1070747,""error_uv"":70747,""pp_uv"":743},""3"":{""mean_uv"":1069755,""error_uv"":69755,""pp_uv"":476},""4"":{""mean_uv"":742607,""error_uv"":-257393,""pp_uv"":114}},{""0"":{""mean_uv"":985202,""error_uv"":-14798,""pp_uv"":3242},""1"":{""mean_uv"":995407,""error_uv"":-4593,""pp_uv"":3185},""2"":{""mean_uv"":1068229,""error_uv"":68229,""pp_uv"":629},""3"":{""mean_uv"":1067276,""error_uv"":67276,""pp_uv"":514},""4"":{""mean_uv"":742588,""error_uv"":-257412,""pp_uv"":171}},{""0"":{""mean_uv"":985164,""error_uv"":-14836,""pp_uv"":1735},""1"":{""mean_uv"":995635,""error_uv"":-4365,""pp_uv"":3242},""2"":{""mean_uv"":1065921,""error_uv"":65921,""pp_uv"":591},""3"":{""mean_uv"":1065120,""error_uv"":65120,""pp_uv"":629},""4"":{""mean_uv"":742568,""error_uv"":-257432,""pp_uv"":171}}]},""codes"":[0,0,0,0]}"
24,coupled,False,3,2026-09-08T12:54:01,observation,    base para estimar tau: PGAgain=-14.8mV BPo=-4.6mV OPA_SUMo=+68.2mV SUMo=+67.3mV LPo=-257.4mV,"[0, 0, 0, 0]",,4,-257412,171,39,"{""at"":""2026-09-08T12:54:01"",""kind"":""observation"",""message"":""    base para estimar tau: PGAgain=-14.8mV BPo=-4.6mV OPA_SUMo=+68.2mV SUMo=+67.3mV LPo=-257.4mV"",""label"":""base para estimar tau"",""observation"":{""errors_uv"":{""0"":-14836,""1"":-4593,""2"":68229,""3"":67276,""4"":-257412},""pp_uv"":{""0"":2727,""1"":3185,""2"":629,""3"":514,""4"":171},""spread_uv"":{""0"":152,""1"":839,""2"":4826,""3"":4635,""4"":39},""samples"":[{""0"":{""mean_uv"":985050,""error_uv"":-14950,""pp_uv"":2727},""1"":{""mean_uv"":994796,""error_uv"":-5204,""pp_uv"":3013},""2"":{""mean_uv"":1070747,""error_uv"":70747,""pp_uv"":743},""3"":{""mean_uv"":1069755,""error_uv"":69755,""pp_uv"":476},""4"":{""mean_uv"":742607,""error_uv"":-257393,""pp_uv"":114}},{""0"":{""mean_uv"":985202,""error_uv"":-14798,""pp_uv"":3242},""1"":{""mean_uv"":995407,""error_uv"":-4593,""pp_uv"":3185},""2"":{""mean_uv"":1068229,""error_uv"":68229,""pp_uv"":629},""3"":{""mean_uv"":1067276,""error_uv"":67276,""pp_uv"":514},""4"":{""mean_uv"":742588,""error_uv"":-257412,""pp_uv"":171}},{""0"":{""mean_uv"":985164,""error_uv"":-14836,""pp_uv"":1735},""1"":{""mean_uv"":995635,""error_uv"":-4365,""pp_uv"":3242},""2"":{""mean_uv"":1065921,""error_uv"":65921,""pp_uv"":591},""3"":{""mean_uv"":1065120,""error_uv"":65120,""pp_uv"":629},""4"":{""mean_uv"":742568,""error_uv"":-257432,""pp_uv"":171}}]},""codes"":[0,0,0,0]}"
24,coupled,False,4,2026-09-08T12:55:31,tau_measurement,  tau BP medido: 28.50 s,"[6, 6, 0, 0]",28.5,,,,,"{""at"":""2026-09-08T12:55:31"",""kind"":""tau_measurement"",""message"":""  tau BP medido: 28.50 s"",""direction"":-1,""delta_code"":60,""points"":[[0.5893734999990556,-14683],[5.587798399996245,-13844],[10.590528300002916,-12089],[15.5898073999997,-11231],[20.589818399996147,-10392],[25.589639700003318,-9533],[30.592013500005123,-8942],[35.59047100000316,-8198],[40.59117280000646,-7741],[45.59043140000722,-7359],[50.58834290000959,-7245],[55.58899950000341,-6882],[60.591379899997264,-6749],[65.5896567000018,-6711],[70.58668690000195,-6463],[75.58924899999693,-6386],[80.5884178999986,-6272],[85.5900787999999,-6043],[90.58649790000345,-6005]],""metrics"":{""tau_s"":28.5,""amplitude_uv"":-9348.484941188017,""final_uv"":-5618.099306245465,""r2"":0.9968549715153323,""residual_rms_uv"":146.781062253471,""noise_uv"":839,""samples"":19},""tau_s"":28.5}"
24,coupled,False,5,2026-09-08T12:55:42,observation,    tau aceptado; BP restaurado e iniciando control: PGAgain=-14.4mV BPo=+4.2mV OPA_SUMo=+35.7mV SUMo=+35.7mV LPo=-257.5mV,"[0, 0, 0, 0]",,0,-14416,2593,458,"{""at"":""2026-09-08T12:55:42"",""kind"":""observation"",""message"":""    tau aceptado; BP restaurado e iniciando control: PGAgain=-14.4mV BPo=+4.2mV OPA_SUMo=+35.7mV SUMo=+35.7mV LPo=-257.5mV"",""label"":""tau aceptado; BP restaurado e iniciando control"",""observation"":{""errors_uv"":{""0"":-14416,""1"":4238,""2"":35652,""3"":35728,""4"":-257470},""pp_uv"":{""0"":2593,""1"":3585,""2"":610,""3"":648,""4"":171},""spread_uv"":{""0"":458,""1"":535,""2"":4234,""3"":4158,""4"":57},""samples"":[{""0"":{""mean_uv"":985431,""error_uv"":-14569,""pp_uv"":2593},""1"":{""mean_uv"":1004734,""error_uv"":4734,""pp_uv"":3585},""2"":{""mean_uv"":1033420,""error_uv"":33420,""pp_uv"":820},""3"":{""mean_uv"":1033496,""error_uv"":33496,""pp_uv"":705},""4"":{""mean_uv"":742530,""error_uv"":-257470,""pp_uv"":171}},{""0"":{""mean_uv"":985584,""error_uv"":-14416,""pp_uv"":1850},""1"":{""mean_uv"":1004238,""error_uv"":4238,""pp_uv"":2956},""2"":{""mean_uv"":1035652,""error_uv"":35652,""pp_uv"":591},""3"":{""mean_uv"":1035728,""error_uv"":35728,""pp_uv"":495},""4"":{""mean_uv"":742549,""error_uv"":-257451,""pp_uv"":171}},{""0"":{""mean_uv"":985889,""error_uv"":-14111,""pp_uv"":2613},""1"":{""mean_uv"":1004199,""error_uv"":4199,""pp_uv"":5741},""2"":{""mean_uv"":1037654,""error_uv"":37654,""pp_uv"":610},""3"":{""mean_uv"":1037654,""error_uv"":37654,""pp_uv"":648},""4"":{""mean_uv"":742492,""error_uv"":-257508,""pp_uv"":209}}]},""codes"":[0,0,0,0]}"
24,coupled,False,5,2026-09-08T12:55:42,observation,    tau aceptado; BP restaurado e iniciando control: PGAgain=-14.4mV BPo=+4.2mV OPA_SUMo=+35.7mV SUMo=+35.7mV LPo=-257.5mV,"[0, 0, 0, 0]",,1,4238,3585,535,"{""at"":""2026-09-08T12:55:42"",""kind"":""observation"",""message"":""    tau aceptado; BP restaurado e iniciando control: PGAgain=-14.4mV BPo=+4.2mV OPA_SUMo=+35.7mV SUMo=+35.7mV LPo=-257.5mV"",""label"":""tau aceptado; BP restaurado e iniciando control"",""observation"":{""errors_uv"":{""0"":-14416,""1"":4238,""2"":35652,""3"":35728,""4"":-257470},""pp_uv"":{""0"":2593,""1"":3585,""2"":610,""3"":648,""4"":171},""spread_uv"":{""0"":458,""1"":535,""2"":4234,""3"":4158,""4"":57},""samples"":[{""0"":{""mean_uv"":985431,""error_uv"":-14569,""pp_uv"":2593},""1"":{""mean_uv"":1004734,""error_uv"":4734,""pp_uv"":3585},""2"":{""mean_uv"":1033420,""error_uv"":33420,""pp_uv"":820},""3"":{""mean_uv"":1033496,""error_uv"":33496,""pp_uv"":705},""4"":{""mean_uv"":742530,""error_uv"":-257470,""pp_uv"":171}},{""0"":{""mean_uv"":985584,""error_uv"":-14416,""pp_uv"":1850},""1"":{""mean_uv"":1004238,""error_uv"":4238,""pp_uv"":2956},""2"":{""mean_uv"":1035652,""error_uv"":35652,""pp_uv"":591},""3"":{""mean_uv"":1035728,""error_uv"":35728,""pp_uv"":495},""4"":{""mean_uv"":742549,""error_uv"":-257451,""pp_uv"":171}},{""0"":{""mean_uv"":985889,""error_uv"":-14111,""pp_uv"":2613},""1"":{""mean_uv"":1004199,""error_uv"":4199,""pp_uv"":5741},""2"":{""mean_uv"":1037654,""error_uv"":37654,""pp_uv"":610},""3"":{""mean_uv"":1037654,""error_uv"":37654,""pp_uv"":648},""4"":{""mean_uv"":742492,""error_uv"":-257508,""pp_uv"":209}}]},""codes"":[0,0,0,0]}"
24,coupled,False,5,2026-09-08T12:55:42,observation,    tau aceptado; BP restaurado e iniciando control: PGAgain=-14.4mV BPo=+4.2mV OPA_SUMo=+35.7mV SUMo=+35.7mV LPo=-257.5mV,"[0, 0, 0, 0]",,2,35652,610,4234,"{""at"":""2026-09-08T12:55:42"",""kind"":""observation"",""message"":""    tau aceptado; BP restaurado e iniciando control: PGAgain=-14.4mV BPo=+4.2mV OPA_SUMo=+35.7mV SUMo=+35.7mV LPo=-257.5mV"",""label"":""tau aceptado; BP restaurado e iniciando control"",""observation"":{""errors_uv"":{""0"":-14416,""1"":4238,""2"":35652,""3"":35728,""4"":-257470},""pp_uv"":{""0"":2593,""1"":3585,""2"":610,""3"":648,""4"":171},""spread_uv"":{""0"":458,""1"":535,""2"":4234,""3"":4158,""4"":57},""samples"":[{""0"":{""mean_uv"":985431,""error_uv"":-14569,""pp_uv"":2593},""1"":{""mean_uv"":1004734,""error_uv"":4734,""pp_uv"":3585},""2"":{""mean_uv"":1033420,""error_uv"":33420,""pp_uv"":820},""3"":{""mean_uv"":1033496,""error_uv"":33496,""pp_uv"":705},""4"":{""mean_uv"":742530,""error_uv"":-257470,""pp_uv"":171}},{""0"":{""mean_uv"":985584,""error_uv"":-14416,""pp_uv"":1850},""1"":{""mean_uv"":1004238,""error_uv"":4238,""pp_uv"":2956},""2"":{""mean_uv"":1035652,""error_uv"":35652,""pp_uv"":591},""3"":{""mean_uv"":1035728,""error_uv"":35728,""pp_uv"":495},""4"":{""mean_uv"":742549,""error_uv"":-257451,""pp_uv"":171}},{""0"":{""mean_uv"":985889,""error_uv"":-14111,""pp_uv"":2613},""1"":{""mean_uv"":1004199,""error_uv"":4199,""pp_uv"":5741},""2"":{""mean_uv"":1037654,""error_uv"":37654,""pp_uv"":610},""3"":{""mean_uv"":1037654,""error_uv"":37654,""pp_uv"":648},""4"":{""mean_uv"":742492,""error_uv"":-257508,""pp_uv"":209}}]},""codes"":[0,0,0,0]}"
24,coupled,False,5,2026-09-08T12:55:42,observation,    tau aceptado; BP restaurado e iniciando control: PGAgain=-14.4mV BPo=+4.2mV OPA_SUMo=+35.7mV SUMo=+35.7mV LPo=-257.5mV,"[0, 0, 0, 0]",,3,35728,648,4158,"{""at"":""2026-09-08T12:55:42"",""kind"":""observation"",""message"":""    tau aceptado; BP restaurado e iniciando control: PGAgain=-14.4mV BPo=+4.2mV OPA_SUMo=+35.7mV SUMo=+35.7mV LPo=-257.5mV"",""label"":""tau aceptado; BP restaurado e iniciando control"",""observation"":{""errors_uv"":{""0"":-14416,""1"":4238,""2"":35652,""3"":35728,""4"":-257470},""pp_uv"":{""0"":2593,""1"":3585,""2"":610,""3"":648,""4"":171},""spread_uv"":{""0"":458,""1"":535,""2"":4234,""3"":4158,""4"":57},""samples"":[{""0"":{""mean_uv"":985431,""error_uv"":-14569,""pp_uv"":2593},""1"":{""mean_uv"":1004734,""error_uv"":4734,""pp_uv"":3585},""2"":{""mean_uv"":1033420,""error_uv"":33420,""pp_uv"":820},""3"":{""mean_uv"":1033496,""error_uv"":33496,""pp_uv"":705},""4"":{""mean_uv"":742530,""error_uv"":-257470,""pp_uv"":171}},{""0"":{""mean_uv"":985584,""error_uv"":-14416,""pp_uv"":1850},""1"":{""mean_uv"":1004238,""error_uv"":4238,""pp_uv"":2956},""2"":{""mean_uv"":1035652,""error_uv"":35652,""pp_uv"":591},""3"":{""mean_uv"":1035728,""error_uv"":35728,""pp_uv"":495},""4"":{""mean_uv"":742549,""error_uv"":-257451,""pp_uv"":171}},{""0"":{""mean_uv"":985889,""error_uv"":-14111,""pp_uv"":2613},""1"":{""mean_uv"":1004199,""error_uv"":4199,""pp_uv"":5741},""2"":{""mean_uv"":1037654,""error_uv"":37654,""pp_uv"":610},""3"":{""mean_uv"":1037654,""error_uv"":37654,""pp_uv"":648},""4"":{""mean_uv"":742492,""error_uv"":-257508,""pp_uv"":209}}]},""codes"":[0,0,0,0]}"
24,coupled,False,5,2026-09-08T12:55:42,observation,    tau aceptado; BP restaurado e iniciando control: PGAgain=-14.4mV BPo=+4.2mV OPA_SUMo=+35.7mV SUMo=+35.7mV LPo=-257.5mV,"[0, 0, 0, 0]",,4,-257470,171,57,"{""at"":""2026-09-08T12:55:42"",""kind"":""observation"",""message"":""    tau aceptado; BP restaurado e iniciando control: PGAgain=-14.4mV BPo=+4.2mV OPA_SUMo=+35.7mV SUMo=+35.7mV LPo=-257.5mV"",""label"":""tau aceptado; BP restaurado e iniciando control"",""observation"":{""errors_uv"":{""0"":-14416,""1"":4238,""2"":35652,""3"":35728,""4"":-257470},""pp_uv"":{""0"":2593,""1"":3585,""2"":610,""3"":648,""4"":171},""spread_uv"":{""0"":458,""1"":535,""2"":4234,""3"":4158,""4"":57},""samples"":[{""0"":{""mean_uv"":985431,""error_uv"":-14569,""pp_uv"":2593},""1"":{""mean_uv"":1004734,""error_uv"":4734,""pp_uv"":3585},""2"":{""mean_uv"":1033420,""error_uv"":33420,""pp_uv"":820},""3"":{""mean_uv"":1033496,""error_uv"":33496,""pp_uv"":705},""4"":{""mean_uv"":742530,""error_uv"":-257470,""pp_uv"":171}},{""0"":{""mean_uv"":985584,""error_uv"":-14416,""pp_uv"":1850},""1"":{""mean_uv"":1004238,""error_uv"":4238,""pp_uv"":2956},""2"":{""mean_uv"":1035652,""error_uv"":35652,""pp_uv"":591},""3"":{""mean_uv"":1035728,""error_uv"":35728,""pp_uv"":495},""4"":{""mean_uv"":742549,""error_uv"":-257451,""pp_uv"":171}},{""0"":{""mean_uv"":985889,""error_uv"":-14111,""pp_uv"":2613},""1"":{""mean_uv"":1004199,""error_uv"":4199,""pp_uv"":5741},""2"":{""mean_uv"":1037654,""error_uv"":37654,""pp_uv"":610},""3"":{""mean_uv"":1037654,""error_uv"":37654,""pp_uv"":648},""4"":{""mean_uv"":742492,""error_uv"":-257508,""pp_uv"":209}}]},""codes"":[0,0,0,0]}"
24,coupled,False,6,2026-09-08T12:55:53,observation,    PGAout x24: entrada al lazo: PGAgain=-14.6mV BPo=+2.9mV OPA_SUMo=+40.9mV SUMo=+119.4mV LPo=-257.3mV,"[0, 0, 0, 0]",,0,-14626,2021,114,"{""at"":""2026-09-08T12:55:53"",""kind"":""observation"",""message"":""    PGAout x24: entrada al lazo: PGAgain=-14.6mV BPo=+2.9mV OPA_SUMo=+40.9mV SUMo=+119.4mV LPo=-257.3mV"",""label"":""PGAout x24: entrada al lazo"",""observation"":{""errors_uv"":{""0"":-14626,""1"":2902,""2"":40897,""3"":119403,""4"":-257279},""pp_uv"":{""0"":2021,""1"":3242,""2"":705,""3"":133,""4"":209},""spread_uv"":{""0"":114,""1"":1049,""2"":2842,""3"":19,""4"":57},""samples"":[{""0"":{""mean_uv"":985450,""error_uv"":-14550,""pp_uv"":1773},""1"":{""mean_uv"":1003570,""error_uv"":3570,""pp_uv"":3242},""2"":{""mean_uv"":1039314,""error_uv"":39314,""pp_uv"":705},""3"":{""mean_uv"":1119403,""error_uv"":119403,""pp_uv"":95},""4"":{""mean_uv"":742721,""error_uv"":-257279,""pp_uv"":228}},{""0"":{""mean_uv"":985374,""error_uv"":-14626,""pp_uv"":2021},""1"":{""mean_uv"":1002902,""error_uv"":2902,""pp_uv"":3490},""2"":{""mean_uv"":1040897,""error_uv"":40897,""pp_uv"":1544},""3"":{""mean_uv"":1119403,""error_uv"":119403,""pp_uv"":152},""4"":{""mean_uv"":742702,""error_uv"":-257298,""pp_uv"":209}},{""0"":{""mean_uv"":985336,""error_uv"":-14664,""pp_uv"":2956},""1"":{""mean_uv"":1002521,""error_uv"":2521,""pp_uv"":2956},""2"":{""mean_uv"":1042156,""error_uv"":42156,""pp_uv"":629},""3"":{""mean_uv"":1119384,""error_uv"":119384,""pp_uv"":133},""4"":{""mean_uv"":742759,""error_uv"":-257241,""pp_uv"":114}}]},""codes"":[0,0,0,0]}"
24,coupled,False,6,2026-09-08T12:55:53,observation,    PGAout x24: entrada al lazo: PGAgain=-14.6mV BPo=+2.9mV OPA_SUMo=+40.9mV SUMo=+119.4mV LPo=-257.3mV,"[0, 0, 0, 0]",,1,2902,3242,1049,"{""at"":""2026-09-08T12:55:53"",""kind"":""observation"",""message"":""    PGAout x24: entrada al lazo: PGAgain=-14.6mV BPo=+2.9mV OPA_SUMo=+40.9mV SUMo=+119.4mV LPo=-257.3mV"",""label"":""PGAout x24: entrada al lazo"",""observation"":{""errors_uv"":{""0"":-14626,""1"":2902,""2"":40897,""3"":119403,""4"":-257279},""pp_uv"":{""0"":2021,""1"":3242,""2"":705,""3"":133,""4"":209},""spread_uv"":{""0"":114,""1"":1049,""2"":2842,""3"":19,""4"":57},""samples"":[{""0"":{""mean_uv"":985450,""error_uv"":-14550,""pp_uv"":1773},""1"":{""mean_uv"":1003570,""error_uv"":3570,""pp_uv"":3242},""2"":{""mean_uv"":1039314,""error_uv"":39314,""pp_uv"":705},""3"":{""mean_uv"":1119403,""error_uv"":119403,""pp_uv"":95},""4"":{""mean_uv"":742721,""error_uv"":-257279,""pp_uv"":228}},{""0"":{""mean_uv"":985374,""error_uv"":-14626,""pp_uv"":2021},""1"":{""mean_uv"":1002902,""error_uv"":2902,""pp_uv"":3490},""2"":{""mean_uv"":1040897,""error_uv"":40897,""pp_uv"":1544},""3"":{""mean_uv"":1119403,""error_uv"":119403,""pp_uv"":152},""4"":{""mean_uv"":742702,""error_uv"":-257298,""pp_uv"":209}},{""0"":{""mean_uv"":985336,""error_uv"":-14664,""pp_uv"":2956},""1"":{""mean_uv"":1002521,""error_uv"":2521,""pp_uv"":2956},""2"":{""mean_uv"":1042156,""error_uv"":42156,""pp_uv"":629},""3"":{""mean_uv"":1119384,""error_uv"":119384,""pp_uv"":133},""4"":{""mean_uv"":742759,""error_uv"":-257241,""pp_uv"":114}}]},""codes"":[0,0,0,0]}"
24,coupled,False,6,2026-09-08T12:55:53,observation,    PGAout x24: entrada al lazo: PGAgain=-14.6mV BPo=+2.9mV OPA_SUMo=+40.9mV SUMo=+119.4mV LPo=-257.3mV,"[0, 0, 0, 0]",,2,40897,705,2842,"{""at"":""2026-09-08T12:55:53"",""kind"":""observation"",""message"":""    PGAout x24: entrada al lazo: PGAgain=-14.6mV BPo=+2.9mV OPA_SUMo=+40.9mV SUMo=+119.4mV LPo=-257.3mV"",""label"":""PGAout x24: entrada al lazo"",""observation"":{""errors_uv"":{""0"":-14626,""1"":2902,""2"":40897,""3"":119403,""4"":-257279},""pp_uv"":{""0"":2021,""1"":3242,""2"":705,""3"":133,""4"":209},""spread_uv"":{""0"":114,""1"":1049,""2"":2842,""3"":19,""4"":57},""samples"":[{""0"":{""mean_uv"":985450,""error_uv"":-14550,""pp_uv"":1773},""1"":{""mean_uv"":1003570,""error_uv"":3570,""pp_uv"":3242},""2"":{""mean_uv"":1039314,""error_uv"":39314,""pp_uv"":705},""3"":{""mean_uv"":1119403,""error_uv"":119403,""pp_uv"":95},""4"":{""mean_uv"":742721,""error_uv"":-257279,""pp_uv"":228}},{""0"":{""mean_uv"":985374,""error_uv"":-14626,""pp_uv"":2021},""1"":{""mean_uv"":1002902,""error_uv"":2902,""pp_uv"":3490},""2"":{""mean_uv"":1040897,""error_uv"":40897,""pp_uv"":1544},""3"":{""mean_uv"":1119403,""error_uv"":119403,""pp_uv"":152},""4"":{""mean_uv"":742702,""error_uv"":-257298,""pp_uv"":209}},{""0"":{""mean_uv"":985336,""error_uv"":-14664,""pp_uv"":2956},""1"":{""mean_uv"":1002521,""error_uv"":2521,""pp_uv"":2956},""2"":{""mean_uv"":1042156,""error_uv"":42156,""pp_uv"":629},""3"":{""mean_uv"":1119384,""error_uv"":119384,""pp_uv"":133},""4"":{""mean_uv"":742759,""error_uv"":-257241,""pp_uv"":114}}]},""codes"":[0,0,0,0]}"
24,coupled,False,6,2026-09-08T12:55:53,observation,    PGAout x24: entrada al lazo: PGAgain=-14.6mV BPo=+2.9mV OPA_SUMo=+40.9mV SUMo=+119.4mV LPo=-257.3mV,"[0, 0, 0, 0]",,3,119403,133,19,"{""at"":""2026-09-08T12:55:53"",""kind"":""observation"",""message"":""    PGAout x24: entrada al lazo: PGAgain=-14.6mV BPo=+2.9mV OPA_SUMo=+40.9mV SUMo=+119.4mV LPo=-257.3mV"",""label"":""PGAout x24: entrada al lazo"",""observation"":{""errors_uv"":{""0"":-14626,""1"":2902,""2"":40897,""3"":119403,""4"":-257279},""pp_uv"":{""0"":2021,""1"":3242,""2"":705,""3"":133,""4"":209},""spread_uv"":{""0"":114,""1"":1049,""2"":2842,""3"":19,""4"":57},""samples"":[{""0"":{""mean_uv"":985450,""error_uv"":-14550,""pp_uv"":1773},""1"":{""mean_uv"":1003570,""error_uv"":3570,""pp_uv"":3242},""2"":{""mean_uv"":1039314,""error_uv"":39314,""pp_uv"":705},""3"":{""mean_uv"":1119403,""error_uv"":119403,""pp_uv"":95},""4"":{""mean_uv"":742721,""error_uv"":-257279,""pp_uv"":228}},{""0"":{""mean_uv"":985374,""error_uv"":-14626,""pp_uv"":2021},""1"":{""mean_uv"":1002902,""error_uv"":2902,""pp_uv"":3490},""2"":{""mean_uv"":1040897,""error_uv"":40897,""pp_uv"":1544},""3"":{""mean_uv"":1119403,""error_uv"":119403,""pp_uv"":152},""4"":{""mean_uv"":742702,""error_uv"":-257298,""pp_uv"":209}},{""0"":{""mean_uv"":985336,""error_uv"":-14664,""pp_uv"":2956},""1"":{""mean_uv"":1002521,""error_uv"":2521,""pp_uv"":2956},""2"":{""mean_uv"":1042156,""error_uv"":42156,""pp_uv"":629},""3"":{""mean_uv"":1119384,""error_uv"":119384,""pp_uv"":133},""4"":{""mean_uv"":742759,""error_uv"":-257241,""pp_uv"":114}}]},""codes"":[0,0,0,0]}"
24,coupled,False,6,2026-09-08T12:55:53,observation,    PGAout x24: entrada al lazo: PGAgain=-14.6mV BPo=+2.9mV OPA_SUMo=+40.9mV SUMo=+119.4mV LPo=-257.3mV,"[0, 0, 0, 0]",,4,-257279,209,57,"{""at"":""2026-09-08T12:55:53"",""kind"":""observation"",""message"":""    PGAout x24: entrada al lazo: PGAgain=-14.6mV BPo=+2.9mV OPA_SUMo=+40.9mV SUMo=+119.4mV LPo=-257.3mV"",""label"":""PGAout x24: entrada al lazo"",""observation"":{""errors_uv"":{""0"":-14626,""1"":2902,""2"":40897,""3"":119403,""4"":-257279},""pp_uv"":{""0"":2021,""1"":3242,""2"":705,""3"":133,""4"":209},""spread_uv"":{""0"":114,""1"":1049,""2"":2842,""3"":19,""4"":57},""samples"":[{""0"":{""mean_uv"":985450,""error_uv"":-14550,""pp_uv"":1773},""1"":{""mean_uv"":1003570,""error_uv"":3570,""pp_uv"":3242},""2"":{""mean_uv"":1039314,""error_uv"":39314,""pp_uv"":705},""3"":{""mean_uv"":1119403,""error_uv"":119403,""pp_uv"":95},""4"":{""mean_uv"":742721,""error_uv"":-257279,""pp_uv"":228}},{""0"":{""mean_uv"":985374,""error_uv"":-14626,""pp_uv"":2021},""1"":{""mean_uv"":1002902,""error_uv"":2902,""pp_uv"":3490},""2"":{""mean_uv"":1040897,""error_uv"":40897,""pp_uv"":1544},""3"":{""mean_uv"":1119403,""error_uv"":119403,""pp_uv"":152},""4"":{""mean_uv"":742702,""error_uv"":-257298,""pp_uv"":209}},{""0"":{""mean_uv"":985336,""error_uv"":-14664,""pp_uv"":2956},""1"":{""mean_uv"":1002521,""error_uv"":2521,""pp_uv"":2956},""2"":{""mean_uv"":1042156,""error_uv"":42156,""pp_uv"":629},""3"":{""mean_uv"":1119384,""error_uv"":119384,""pp_uv"":133},""4"":{""mean_uv"":742759,""error_uv"":-257241,""pp_uv"":114}}]},""codes"":[0,0,0,0]}"
24,coupled,False,7,2026-09-08T12:56:10,observation,    base dinámica multiplexada: PGAgain=-14.5mV BPo=+1.9mV OPA_SUMo=+44.3mV SUMo=+119.4mV LPo=-257.3mV,"[0, 0, 0, 0]",,0,-14493,2746,343,"{""at"":""2026-09-08T12:56:10"",""kind"":""observation"",""message"":""    base dinámica multiplexada: PGAgain=-14.5mV BPo=+1.9mV OPA_SUMo=+44.3mV SUMo=+119.4mV LPo=-257.3mV"",""label"":""base dinámica multiplexada"",""observation"":{""errors_uv"":{""0"":-14493,""1"":1873,""2"":44254,""3"":119403,""4"":-257279},""pp_uv"":{""0"":2746,""1"":3147,""2"":495,""3"":114,""4"":209},""spread_uv"":{""0"":343,""1"":648,""2"":3395,""3"":38,""4"":38},""samples"":[{""0"":{""mean_uv"":985260,""error_uv"":-14740,""pp_uv"":2803},""1"":{""mean_uv"":1002292,""error_uv"":2292,""pp_uv"":3147},""2"":{""mean_uv"":1043186,""error_uv"":43186,""pp_uv"":495},""3"":{""mean_uv"":1119384,""error_uv"":119384,""pp_uv"":114},""4"":{""mean_uv"":742721,""error_uv"":-257279,""pp_uv"":152}},{""0"":{""mean_uv"":985507,""error_uv"":-14493,""pp_uv"":2746},""1"":{""mean_uv"":1001873,""error_uv"":1873,""pp_uv"":2307},""2"":{""mean_uv"":1044254,""error_uv"":44254,""pp_uv"":438},""3"":{""mean_uv"":1119403,""error_uv"":119403,""pp_uv"":95},""4"":{""mean_uv"":742721,""error_uv"":-257279,""pp_uv"":209}},{""0"":{""mean_uv"":985603,""error_uv"":-14397,""pp_uv"":2021},""1"":{""mean_uv"":1001644,""error_uv"":1644,""pp_uv"":3528},""2"":{""mean_uv"":1046581,""error_uv"":46581,""pp_uv"":610},""3"":{""mean_uv"":1119422,""error_uv"":119422,""pp_uv"":114},""4"":{""mean_uv"":742759,""error_uv"":-257241,""pp_uv"":381}}]},""codes"":[0,0,0,0]}"
24,coupled,False,7,2026-09-08T12:56:10,observation,    base dinámica multiplexada: PGAgain=-14.5mV BPo=+1.9mV OPA_SUMo=+44.3mV SUMo=+119.4mV LPo=-257.3mV,"[0, 0, 0, 0]",,1,1873,3147,648,"{""at"":""2026-09-08T12:56:10"",""kind"":""observation"",""message"":""    base dinámica multiplexada: PGAgain=-14.5mV BPo=+1.9mV OPA_SUMo=+44.3mV SUMo=+119.4mV LPo=-257.3mV"",""label"":""base dinámica multiplexada"",""observation"":{""errors_uv"":{""0"":-14493,""1"":1873,""2"":44254,""3"":119403,""4"":-257279},""pp_uv"":{""0"":2746,""1"":3147,""2"":495,""3"":114,""4"":209},""spread_uv"":{""0"":343,""1"":648,""2"":3395,""3"":38,""4"":38},""samples"":[{""0"":{""mean_uv"":985260,""error_uv"":-14740,""pp_uv"":2803},""1"":{""mean_uv"":1002292,""error_uv"":2292,""pp_uv"":3147},""2"":{""mean_uv"":1043186,""error_uv"":43186,""pp_uv"":495},""3"":{""mean_uv"":1119384,""error_uv"":119384,""pp_uv"":114},""4"":{""mean_uv"":742721,""error_uv"":-257279,""pp_uv"":152}},{""0"":{""mean_uv"":985507,""error_uv"":-14493,""pp_uv"":2746},""1"":{""mean_uv"":1001873,""error_uv"":1873,""pp_uv"":2307},""2"":{""mean_uv"":1044254,""error_uv"":44254,""pp_uv"":438},""3"":{""mean_uv"":1119403,""error_uv"":119403,""pp_uv"":95},""4"":{""mean_uv"":742721,""error_uv"":-257279,""pp_uv"":209}},{""0"":{""mean_uv"":985603,""error_uv"":-14397,""pp_uv"":2021},""1"":{""mean_uv"":1001644,""error_uv"":1644,""pp_uv"":3528},""2"":{""mean_uv"":1046581,""error_uv"":46581,""pp_uv"":610},""3"":{""mean_uv"":1119422,""error_uv"":119422,""pp_uv"":114},""4"":{""mean_uv"":742759,""error_uv"":-257241,""pp_uv"":381}}]},""codes"":[0,0,0,0]}"
24,coupled,False,7,2026-09-08T12:56:10,observation,    base dinámica multiplexada: PGAgain=-14.5mV BPo=+1.9mV OPA_SUMo=+44.3mV SUMo=+119.4mV LPo=-257.3mV,"[0, 0, 0, 0]",,2,44254,495,3395,"{""at"":""2026-09-08T12:56:10"",""kind"":""observation"",""message"":""    base dinámica multiplexada: PGAgain=-14.5mV BPo=+1.9mV OPA_SUMo=+44.3mV SUMo=+119.4mV LPo=-257.3mV"",""label"":""base dinámica multiplexada"",""observation"":{""errors_uv"":{""0"":-14493,""1"":1873,""2"":44254,""3"":119403,""4"":-257279},""pp_uv"":{""0"":2746,""1"":3147,""2"":495,""3"":114,""4"":209},""spread_uv"":{""0"":343,""1"":648,""2"":3395,""3"":38,""4"":38},""samples"":[{""0"":{""mean_uv"":985260,""error_uv"":-14740,""pp_uv"":2803},""1"":{""mean_uv"":1002292,""error_uv"":2292,""pp_uv"":3147},""2"":{""mean_uv"":1043186,""error_uv"":43186,""pp_uv"":495},""3"":{""mean_uv"":1119384,""error_uv"":119384,""pp_uv"":114},""4"":{""mean_uv"":742721,""error_uv"":-257279,""pp_uv"":152}},{""0"":{""mean_uv"":985507,""error_uv"":-14493,""pp_uv"":2746},""1"":{""mean_uv"":1001873,""error_uv"":1873,""pp_uv"":2307},""2"":{""mean_uv"":1044254,""error_uv"":44254,""pp_uv"":438},""3"":{""mean_uv"":1119403,""error_uv"":119403,""pp_uv"":95},""4"":{""mean_uv"":742721,""error_uv"":-257279,""pp_uv"":209}},{""0"":{""mean_uv"":985603,""error_uv"":-14397,""pp_uv"":2021},""1"":{""mean_uv"":1001644,""error_uv"":1644,""pp_uv"":3528},""2"":{""mean_uv"":1046581,""error_uv"":46581,""pp_uv"":610},""3"":{""mean_uv"":1119422,""error_uv"":119422,""pp_uv"":114},""4"":{""mean_uv"":742759,""error_uv"":-257241,""pp_uv"":381}}]},""codes"":[0,0,0,0]}"
24,coupled,False,7,2026-09-08T12:56:10,observation,    base dinámica multiplexada: PGAgain=-14.5mV BPo=+1.9mV OPA_SUMo=+44.3mV SUMo=+119.4mV LPo=-257.3mV,"[0, 0, 0, 0]",,3,119403,114,38,"{""at"":""2026-09-08T12:56:10"",""kind"":""observation"",""message"":""    base dinámica multiplexada: PGAgain=-14.5mV BPo=+1.9mV OPA_SUMo=+44.3mV SUMo=+119.4mV LPo=-257.3mV"",""label"":""base dinámica multiplexada"",""observation"":{""errors_uv"":{""0"":-14493,""1"":1873,""2"":44254,""3"":119403,""4"":-257279},""pp_uv"":{""0"":2746,""1"":3147,""2"":495,""3"":114,""4"":209},""spread_uv"":{""0"":343,""1"":648,""2"":3395,""3"":38,""4"":38},""samples"":[{""0"":{""mean_uv"":985260,""error_uv"":-14740,""pp_uv"":2803},""1"":{""mean_uv"":1002292,""error_uv"":2292,""pp_uv"":3147},""2"":{""mean_uv"":1043186,""error_uv"":43186,""pp_uv"":495},""3"":{""mean_uv"":1119384,""error_uv"":119384,""pp_uv"":114},""4"":{""mean_uv"":742721,""error_uv"":-257279,""pp_uv"":152}},{""0"":{""mean_uv"":985507,""error_uv"":-14493,""pp_uv"":2746},""1"":{""mean_uv"":1001873,""error_uv"":1873,""pp_uv"":2307},""2"":{""mean_uv"":1044254,""error_uv"":44254,""pp_uv"":438},""3"":{""mean_uv"":1119403,""error_uv"":119403,""pp_uv"":95},""4"":{""mean_uv"":742721,""error_uv"":-257279,""pp_uv"":209}},{""0"":{""mean_uv"":985603,""error_uv"":-14397,""pp_uv"":2021},""1"":{""mean_uv"":1001644,""error_uv"":1644,""pp_uv"":3528},""2"":{""mean_uv"":1046581,""error_uv"":46581,""pp_uv"":610},""3"":{""mean_uv"":1119422,""error_uv"":119422,""pp_uv"":114},""4"":{""mean_uv"":742759,""error_uv"":-257241,""pp_uv"":381}}]},""codes"":[0,0,0,0]}"
24,coupled,False,7,2026-09-08T12:56:10,observation,    base dinámica multiplexada: PGAgain=-14.5mV BPo=+1.9mV OPA_SUMo=+44.3mV SUMo=+119.4mV LPo=-257.3mV,"[0, 0, 0, 0]",,4,-257279,209,38,"{""at"":""2026-09-08T12:56:10"",""kind"":""observation"",""message"":""    base dinámica multiplexada: PGAgain=-14.5mV BPo=+1.9mV OPA_SUMo=+44.3mV SUMo=+119.4mV LPo=-257.3mV"",""label"":""base dinámica multiplexada"",""observation"":{""errors_uv"":{""0"":-14493,""1"":1873,""2"":44254,""3"":119403,""4"":-257279},""pp_uv"":{""0"":2746,""1"":3147,""2"":495,""3"":114,""4"":209},""spread_uv"":{""0"":343,""1"":648,""2"":3395,""3"":38,""4"":38},""samples"":[{""0"":{""mean_uv"":985260,""error_uv"":-14740,""pp_uv"":2803},""1"":{""mean_uv"":1002292,""error_uv"":2292,""pp_uv"":3147},""2"":{""mean_uv"":1043186,""error_uv"":43186,""pp_uv"":495},""3"":{""mean_uv"":1119384,""error_uv"":119384,""pp_uv"":114},""4"":{""mean_uv"":742721,""error_uv"":-257279,""pp_uv"":152}},{""0"":{""mean_uv"":985507,""error_uv"":-14493,""pp_uv"":2746},""1"":{""mean_uv"":1001873,""error_uv"":1873,""pp_uv"":2307},""2"":{""mean_uv"":1044254,""error_uv"":44254,""pp_uv"":438},""3"":{""mean_uv"":1119403,""error_uv"":119403,""pp_uv"":95},""4"":{""mean_uv"":742721,""error_uv"":-257279,""pp_uv"":209}},{""0"":{""mean_uv"":985603,""error_uv"":-14397,""pp_uv"":2021},""1"":{""mean_uv"":1001644,""error_uv"":1644,""pp_uv"":3528},""2"":{""mean_uv"":1046581,""error_uv"":46581,""pp_uv"":610},""3"":{""mean_uv"":1119422,""error_uv"":119422,""pp_uv"":114},""4"":{""mean_uv"":742759,""error_uv"":-257241,""pp_uv"":381}}]},""codes"":[0,0,0,0]}"
24,coupled,False,8,2026-09-08T12:56:31,observation,    patrón dinámico 1: PGAgain=+6.2mV BPo=-11.4mV OPA_SUMo=+16.7mV SUMo=+119.3mV LPo=-257.3mV,"[8, 12, 0, 0]",,0,6240,1811,153,"{""at"":""2026-09-08T12:56:31"",""kind"":""observation"",""message"":""    patrón dinámico 1: PGAgain=+6.2mV BPo=-11.4mV OPA_SUMo=+16.7mV SUMo=+119.3mV LPo=-257.3mV"",""label"":""patrón dinámico 1"",""observation"":{""errors_uv"":{""0"":6240,""1"":-11403,""2"":16674,""3"":119327,""4"":-257317},""pp_uv"":{""0"":1811,""1"":2231,""2"":514,""3"":133,""4"":171},""spread_uv"":{""0"":153,""1"":3261,""2"":12073,""3"":38,""4"":38},""samples"":[{""0"":{""mean_uv"":1006164,""error_uv"":6164,""pp_uv"":1811},""1"":{""mean_uv"":986900,""error_uv"":-13100,""pp_uv"":2346},""2"":{""mean_uv"":1023139,""error_uv"":23139,""pp_uv"":514},""3"":{""mean_uv"":1119327,""error_uv"":119327,""pp_uv"":95},""4"":{""mean_uv"":742664,""error_uv"":-257336,""pp_uv"":171}},{""0"":{""mean_uv"":1006240,""error_uv"":6240,""pp_uv"":1869},""1"":{""mean_uv"":988597,""error_uv"":-11403,""pp_uv"":1487},""2"":{""mean_uv"":1016674,""error_uv"":16674,""pp_uv"":362},""3"":{""mean_uv"":1119327,""error_uv"":119327,""pp_uv"":152},""4"":{""mean_uv"":742702,""error_uv"":-257298,""pp_uv"":133}},{""0"":{""mean_uv"":1006317,""error_uv"":6317,""pp_uv"":1392},""1"":{""mean_uv"":990161,""error_uv"":-9839,""pp_uv"":2231},""2"":{""mean_uv"":1011066,""error_uv"":11066,""pp_uv"":629},""3"":{""mean_uv"":1119365,""error_uv"":119365,""pp_uv"":133},""4"":{""mean_uv"":742683,""error_uv"":-257317,""pp_uv"":190}}]},""codes"":[8,12,0,0]}"
24,coupled,False,8,2026-09-08T12:56:31,observation,    patrón dinámico 1: PGAgain=+6.2mV BPo=-11.4mV OPA_SUMo=+16.7mV SUMo=+119.3mV LPo=-257.3mV,"[8, 12, 0, 0]",,1,-11403,2231,3261,"{""at"":""2026-09-08T12:56:31"",""kind"":""observation"",""message"":""    patrón dinámico 1: PGAgain=+6.2mV BPo=-11.4mV OPA_SUMo=+16.7mV SUMo=+119.3mV LPo=-257.3mV"",""label"":""patrón dinámico 1"",""observation"":{""errors_uv"":{""0"":6240,""1"":-11403,""2"":16674,""3"":119327,""4"":-257317},""pp_uv"":{""0"":1811,""1"":2231,""2"":514,""3"":133,""4"":171},""spread_uv"":{""0"":153,""1"":3261,""2"":12073,""3"":38,""4"":38},""samples"":[{""0"":{""mean_uv"":1006164,""error_uv"":6164,""pp_uv"":1811},""1"":{""mean_uv"":986900,""error_uv"":-13100,""pp_uv"":2346},""2"":{""mean_uv"":1023139,""error_uv"":23139,""pp_uv"":514},""3"":{""mean_uv"":1119327,""error_uv"":119327,""pp_uv"":95},""4"":{""mean_uv"":742664,""error_uv"":-257336,""pp_uv"":171}},{""0"":{""mean_uv"":1006240,""error_uv"":6240,""pp_uv"":1869},""1"":{""mean_uv"":988597,""error_uv"":-11403,""pp_uv"":1487},""2"":{""mean_uv"":1016674,""error_uv"":16674,""pp_uv"":362},""3"":{""mean_uv"":1119327,""error_uv"":119327,""pp_uv"":152},""4"":{""mean_uv"":742702,""error_uv"":-257298,""pp_uv"":133}},{""0"":{""mean_uv"":1006317,""error_uv"":6317,""pp_uv"":1392},""1"":{""mean_uv"":990161,""error_uv"":-9839,""pp_uv"":2231},""2"":{""mean_uv"":1011066,""error_uv"":11066,""pp_uv"":629},""3"":{""mean_uv"":1119365,""error_uv"":119365,""pp_uv"":133},""4"":{""mean_uv"":742683,""error_uv"":-257317,""pp_uv"":190}}]},""codes"":[8,12,0,0]}"
24,coupled,False,8,2026-09-08T12:56:31,observation,    patrón dinámico 1: PGAgain=+6.2mV BPo=-11.4mV OPA_SUMo=+16.7mV SUMo=+119.3mV LPo=-257.3mV,"[8, 12, 0, 0]",,2,16674,514,12073,"{""at"":""2026-09-08T12:56:31"",""kind"":""observation"",""message"":""    patrón dinámico 1: PGAgain=+6.2mV BPo=-11.4mV OPA_SUMo=+16.7mV SUMo=+119.3mV LPo=-257.3mV"",""label"":""patrón dinámico 1"",""observation"":{""errors_uv"":{""0"":6240,""1"":-11403,""2"":16674,""3"":119327,""4"":-257317},""pp_uv"":{""0"":1811,""1"":2231,""2"":514,""3"":133,""4"":171},""spread_uv"":{""0"":153,""1"":3261,""2"":12073,""3"":38,""4"":38},""samples"":[{""0"":{""mean_uv"":1006164,""error_uv"":6164,""pp_uv"":1811},""1"":{""mean_uv"":986900,""error_uv"":-13100,""pp_uv"":2346},""2"":{""mean_uv"":1023139,""error_uv"":23139,""pp_uv"":514},""3"":{""mean_uv"":1119327,""error_uv"":119327,""pp_uv"":95},""4"":{""mean_uv"":742664,""error_uv"":-257336,""pp_uv"":171}},{""0"":{""mean_uv"":1006240,""error_uv"":6240,""pp_uv"":1869},""1"":{""mean_uv"":988597,""error_uv"":-11403,""pp_uv"":1487},""2"":{""mean_uv"":1016674,""error_uv"":16674,""pp_uv"":362},""3"":{""mean_uv"":1119327,""error_uv"":119327,""pp_uv"":152},""4"":{""mean_uv"":742702,""error_uv"":-257298,""pp_uv"":133}},{""0"":{""mean_uv"":1006317,""error_uv"":6317,""pp_uv"":1392},""1"":{""mean_uv"":990161,""error_uv"":-9839,""pp_uv"":2231},""2"":{""mean_uv"":1011066,""error_uv"":11066,""pp_uv"":629},""3"":{""mean_uv"":1119365,""error_uv"":119365,""pp_uv"":133},""4"":{""mean_uv"":742683,""error_uv"":-257317,""pp_uv"":190}}]},""codes"":[8,12,0,0]}"
24,coupled,False,8,2026-09-08T12:56:31,observation,    patrón dinámico 1: PGAgain=+6.2mV BPo=-11.4mV OPA_SUMo=+16.7mV SUMo=+119.3mV LPo=-257.3mV,"[8, 12, 0, 0]",,3,119327,133,38,"{""at"":""2026-09-08T12:56:31"",""kind"":""observation"",""message"":""    patrón dinámico 1: PGAgain=+6.2mV BPo=-11.4mV OPA_SUMo=+16.7mV SUMo=+119.3mV LPo=-257.3mV"",""label"":""patrón dinámico 1"",""observation"":{""errors_uv"":{""0"":6240,""1"":-11403,""2"":16674,""3"":119327,""4"":-257317},""pp_uv"":{""0"":1811,""1"":2231,""2"":514,""3"":133,""4"":171},""spread_uv"":{""0"":153,""1"":3261,""2"":12073,""3"":38,""4"":38},""samples"":[{""0"":{""mean_uv"":1006164,""error_uv"":6164,""pp_uv"":1811},""1"":{""mean_uv"":986900,""error_uv"":-13100,""pp_uv"":2346},""2"":{""mean_uv"":1023139,""error_uv"":23139,""pp_uv"":514},""3"":{""mean_uv"":1119327,""error_uv"":119327,""pp_uv"":95},""4"":{""mean_uv"":742664,""error_uv"":-257336,""pp_uv"":171}},{""0"":{""mean_uv"":1006240,""error_uv"":6240,""pp_uv"":1869},""1"":{""mean_uv"":988597,""error_uv"":-11403,""pp_uv"":1487},""2"":{""mean_uv"":1016674,""error_uv"":16674,""pp_uv"":362},""3"":{""mean_uv"":1119327,""error_uv"":119327,""pp_uv"":152},""4"":{""mean_uv"":742702,""error_uv"":-257298,""pp_uv"":133}},{""0"":{""mean_uv"":1006317,""error_uv"":6317,""pp_uv"":1392},""1"":{""mean_uv"":990161,""error_uv"":-9839,""pp_uv"":2231},""2"":{""mean_uv"":1011066,""error_uv"":11066,""pp_uv"":629},""3"":{""mean_uv"":1119365,""error_uv"":119365,""pp_uv"":133},""4"":{""mean_uv"":742683,""error_uv"":-257317,""pp_uv"":190}}]},""codes"":[8,12,0,0]}"
24,coupled,False,8,2026-09-08T12:56:31,observation,    patrón dinámico 1: PGAgain=+6.2mV BPo=-11.4mV OPA_SUMo=+16.7mV SUMo=+119.3mV LPo=-257.3mV,"[8, 12, 0, 0]",,4,-257317,171,38,"{""at"":""2026-09-08T12:56:31"",""kind"":""observation"",""message"":""    patrón dinámico 1: PGAgain=+6.2mV BPo=-11.4mV OPA_SUMo=+16.7mV SUMo=+119.3mV LPo=-257.3mV"",""label"":""patrón dinámico 1"",""observation"":{""errors_uv"":{""0"":6240,""1"":-11403,""2"":16674,""3"":119327,""4"":-257317},""pp_uv"":{""0"":1811,""1"":2231,""2"":514,""3"":133,""4"":171},""spread_uv"":{""0"":153,""1"":3261,""2"":12073,""3"":38,""4"":38},""samples"":[{""0"":{""mean_uv"":1006164,""error_uv"":6164,""pp_uv"":1811},""1"":{""mean_uv"":986900,""error_uv"":-13100,""pp_uv"":2346},""2"":{""mean_uv"":1023139,""error_uv"":23139,""pp_uv"":514},""3"":{""mean_uv"":1119327,""error_uv"":119327,""pp_uv"":95},""4"":{""mean_uv"":742664,""error_uv"":-257336,""pp_uv"":171}},{""0"":{""mean_uv"":1006240,""error_uv"":6240,""pp_uv"":1869},""1"":{""mean_uv"":988597,""error_uv"":-11403,""pp_uv"":1487},""2"":{""mean_uv"":1016674,""error_uv"":16674,""pp_uv"":362},""3"":{""mean_uv"":1119327,""error_uv"":119327,""pp_uv"":152},""4"":{""mean_uv"":742702,""error_uv"":-257298,""pp_uv"":133}},{""0"":{""mean_uv"":1006317,""error_uv"":6317,""pp_uv"":1392},""1"":{""mean_uv"":990161,""error_uv"":-9839,""pp_uv"":2231},""2"":{""mean_uv"":1011066,""error_uv"":11066,""pp_uv"":629},""3"":{""mean_uv"":1119365,""error_uv"":119365,""pp_uv"":133},""4"":{""mean_uv"":742683,""error_uv"":-257317,""pp_uv"":190}}]},""codes"":[8,12,0,0]}"
24,coupled,False,9,2026-09-08T12:56:58,observation,    patrón dinámico 2: PGAgain=+6.0mV BPo=-8.0mV OPA_SUMo=-15.7mV SUMo=-251.5mV LPo=+120.6mV,"[8, -12, 0, 0]",,0,6050,1544,115,"{""at"":""2026-09-08T12:56:58"",""kind"":""observation"",""message"":""    patrón dinámico 2: PGAgain=+6.0mV BPo=-8.0mV OPA_SUMo=-15.7mV SUMo=-251.5mV LPo=+120.6mV"",""label"":""patrón dinámico 2"",""observation"":{""errors_uv"":{""0"":6050,""1"":-7969,""2"":-15675,""3"":-251519,""4"":120624},""pp_uv"":{""0"":1544,""1"":2136,""2"":419,""3"":190,""4"":95},""spread_uv"":{""0"":115,""1"":1488,""2"":5722,""3"":76,""4"":19},""samples"":[{""0"":{""mean_uv"":1006050,""error_uv"":6050,""pp_uv"":1869},""1"":{""mean_uv"":991344,""error_uv"":-8656,""pp_uv"":1869},""2"":{""mean_uv"":987434,""error_uv"":-12566,""pp_uv"":419},""3"":{""mean_uv"":748424,""error_uv"":-251576,""pp_uv"":190},""4"":{""mean_uv"":1120624,""error_uv"":120624,""pp_uv"":95}},{""0"":{""mean_uv"":1006069,""error_uv"":6069,""pp_uv"":1544},""1"":{""mean_uv"":992031,""error_uv"":-7969,""pp_uv"":3013},""2"":{""mean_uv"":984325,""error_uv"":-15675,""pp_uv"":495},""3"":{""mean_uv"":748500,""error_uv"":-251500,""pp_uv"":114},""4"":{""mean_uv"":1120605,""error_uv"":120605,""pp_uv"":95}},{""0"":{""mean_uv"":1005954,""error_uv"":5954,""pp_uv"":1487},""1"":{""mean_uv"":992832,""error_uv"":-7168,""pp_uv"":2136},""2"":{""mean_uv"":981712,""error_uv"":-18288,""pp_uv"":400},""3"":{""mean_uv"":748481,""error_uv"":-251519,""pp_uv"":190},""4"":{""mean_uv"":1120624,""error_uv"":120624,""pp_uv"":95}}]},""codes"":[8,-12,0,0]}"
24,coupled,False,9,2026-09-08T12:56:58,observation,    patrón dinámico 2: PGAgain=+6.0mV BPo=-8.0mV OPA_SUMo=-15.7mV SUMo=-251.5mV LPo=+120.6mV,"[8, -12, 0, 0]",,1,-7969,2136,1488,"{""at"":""2026-09-08T12:56:58"",""kind"":""observation"",""message"":""    patrón dinámico 2: PGAgain=+6.0mV BPo=-8.0mV OPA_SUMo=-15.7mV SUMo=-251.5mV LPo=+120.6mV"",""label"":""patrón dinámico 2"",""observation"":{""errors_uv"":{""0"":6050,""1"":-7969,""2"":-15675,""3"":-251519,""4"":120624},""pp_uv"":{""0"":1544,""1"":2136,""2"":419,""3"":190,""4"":95},""spread_uv"":{""0"":115,""1"":1488,""2"":5722,""3"":76,""4"":19},""samples"":[{""0"":{""mean_uv"":1006050,""error_uv"":6050,""pp_uv"":1869},""1"":{""mean_uv"":991344,""error_uv"":-8656,""pp_uv"":1869},""2"":{""mean_uv"":987434,""error_uv"":-12566,""pp_uv"":419},""3"":{""mean_uv"":748424,""error_uv"":-251576,""pp_uv"":190},""4"":{""mean_uv"":1120624,""error_uv"":120624,""pp_uv"":95}},{""0"":{""mean_uv"":1006069,""error_uv"":6069,""pp_uv"":1544},""1"":{""mean_uv"":992031,""error_uv"":-7969,""pp_uv"":3013},""2"":{""mean_uv"":984325,""error_uv"":-15675,""pp_uv"":495},""3"":{""mean_uv"":748500,""error_uv"":-251500,""pp_uv"":114},""4"":{""mean_uv"":1120605,""error_uv"":120605,""pp_uv"":95}},{""0"":{""mean_uv"":1005954,""error_uv"":5954,""pp_uv"":1487},""1"":{""mean_uv"":992832,""error_uv"":-7168,""pp_uv"":2136},""2"":{""mean_uv"":981712,""error_uv"":-18288,""pp_uv"":400},""3"":{""mean_uv"":748481,""error_uv"":-251519,""pp_uv"":190},""4"":{""mean_uv"":1120624,""error_uv"":120624,""pp_uv"":95}}]},""codes"":[8,-12,0,0]}"
24,coupled,False,9,2026-09-08T12:56:58,observation,    patrón dinámico 2: PGAgain=+6.0mV BPo=-8.0mV OPA_SUMo=-15.7mV SUMo=-251.5mV LPo=+120.6mV,"[8, -12, 0, 0]",,2,-15675,419,5722,"{""at"":""2026-09-08T12:56:58"",""kind"":""observation"",""message"":""    patrón dinámico 2: PGAgain=+6.0mV BPo=-8.0mV OPA_SUMo=-15.7mV SUMo=-251.5mV LPo=+120.6mV"",""label"":""patrón dinámico 2"",""observation"":{""errors_uv"":{""0"":6050,""1"":-7969,""2"":-15675,""3"":-251519,""4"":120624},""pp_uv"":{""0"":1544,""1"":2136,""2"":419,""3"":190,""4"":95},""spread_uv"":{""0"":115,""1"":1488,""2"":5722,""3"":76,""4"":19},""samples"":[{""0"":{""mean_uv"":1006050,""error_uv"":6050,""pp_uv"":1869},""1"":{""mean_uv"":991344,""error_uv"":-8656,""pp_uv"":1869},""2"":{""mean_uv"":987434,""error_uv"":-12566,""pp_uv"":419},""3"":{""mean_uv"":748424,""error_uv"":-251576,""pp_uv"":190},""4"":{""mean_uv"":1120624,""error_uv"":120624,""pp_uv"":95}},{""0"":{""mean_uv"":1006069,""error_uv"":6069,""pp_uv"":1544},""1"":{""mean_uv"":992031,""error_uv"":-7969,""pp_uv"":3013},""2"":{""mean_uv"":984325,""error_uv"":-15675,""pp_uv"":495},""3"":{""mean_uv"":748500,""error_uv"":-251500,""pp_uv"":114},""4"":{""mean_uv"":1120605,""error_uv"":120605,""pp_uv"":95}},{""0"":{""mean_uv"":1005954,""error_uv"":5954,""pp_uv"":1487},""1"":{""mean_uv"":992832,""error_uv"":-7168,""pp_uv"":2136},""2"":{""mean_uv"":981712,""error_uv"":-18288,""pp_uv"":400},""3"":{""mean_uv"":748481,""error_uv"":-251519,""pp_uv"":190},""4"":{""mean_uv"":1120624,""error_uv"":120624,""pp_uv"":95}}]},""codes"":[8,-12,0,0]}"
24,coupled,False,9,2026-09-08T12:56:58,observation,    patrón dinámico 2: PGAgain=+6.0mV BPo=-8.0mV OPA_SUMo=-15.7mV SUMo=-251.5mV LPo=+120.6mV,"[8, -12, 0, 0]",,3,-251519,190,76,"{""at"":""2026-09-08T12:56:58"",""kind"":""observation"",""message"":""    patrón dinámico 2: PGAgain=+6.0mV BPo=-8.0mV OPA_SUMo=-15.7mV SUMo=-251.5mV LPo=+120.6mV"",""label"":""patrón dinámico 2"",""observation"":{""errors_uv"":{""0"":6050,""1"":-7969,""2"":-15675,""3"":-251519,""4"":120624},""pp_uv"":{""0"":1544,""1"":2136,""2"":419,""3"":190,""4"":95},""spread_uv"":{""0"":115,""1"":1488,""2"":5722,""3"":76,""4"":19},""samples"":[{""0"":{""mean_uv"":1006050,""error_uv"":6050,""pp_uv"":1869},""1"":{""mean_uv"":991344,""error_uv"":-8656,""pp_uv"":1869},""2"":{""mean_uv"":987434,""error_uv"":-12566,""pp_uv"":419},""3"":{""mean_uv"":748424,""error_uv"":-251576,""pp_uv"":190},""4"":{""mean_uv"":1120624,""error_uv"":120624,""pp_uv"":95}},{""0"":{""mean_uv"":1006069,""error_uv"":6069,""pp_uv"":1544},""1"":{""mean_uv"":992031,""error_uv"":-7969,""pp_uv"":3013},""2"":{""mean_uv"":984325,""error_uv"":-15675,""pp_uv"":495},""3"":{""mean_uv"":748500,""error_uv"":-251500,""pp_uv"":114},""4"":{""mean_uv"":1120605,""error_uv"":120605,""pp_uv"":95}},{""0"":{""mean_uv"":1005954,""error_uv"":5954,""pp_uv"":1487},""1"":{""mean_uv"":992832,""error_uv"":-7168,""pp_uv"":2136},""2"":{""mean_uv"":981712,""error_uv"":-18288,""pp_uv"":400},""3"":{""mean_uv"":748481,""error_uv"":-251519,""pp_uv"":190},""4"":{""mean_uv"":1120624,""error_uv"":120624,""pp_uv"":95}}]},""codes"":[8,-12,0,0]}"
24,coupled,False,9,2026-09-08T12:56:58,observation,    patrón dinámico 2: PGAgain=+6.0mV BPo=-8.0mV OPA_SUMo=-15.7mV SUMo=-251.5mV LPo=+120.6mV,"[8, -12, 0, 0]",,4,120624,95,19,"{""at"":""2026-09-08T12:56:58"",""kind"":""observation"",""message"":""    patrón dinámico 2: PGAgain=+6.0mV BPo=-8.0mV OPA_SUMo=-15.7mV SUMo=-251.5mV LPo=+120.6mV"",""label"":""patrón dinámico 2"",""observation"":{""errors_uv"":{""0"":6050,""1"":-7969,""2"":-15675,""3"":-251519,""4"":120624},""pp_uv"":{""0"":1544,""1"":2136,""2"":419,""3"":190,""4"":95},""spread_uv"":{""0"":115,""1"":1488,""2"":5722,""3"":76,""4"":19},""samples"":[{""0"":{""mean_uv"":1006050,""error_uv"":6050,""pp_uv"":1869},""1"":{""mean_uv"":991344,""error_uv"":-8656,""pp_uv"":1869},""2"":{""mean_uv"":987434,""error_uv"":-12566,""pp_uv"":419},""3"":{""mean_uv"":748424,""error_uv"":-251576,""pp_uv"":190},""4"":{""mean_uv"":1120624,""error_uv"":120624,""pp_uv"":95}},{""0"":{""mean_uv"":1006069,""error_uv"":6069,""pp_uv"":1544},""1"":{""mean_uv"":992031,""error_uv"":-7969,""pp_uv"":3013},""2"":{""mean_uv"":984325,""error_uv"":-15675,""pp_uv"":495},""3"":{""mean_uv"":748500,""error_uv"":-251500,""pp_uv"":114},""4"":{""mean_uv"":1120605,""error_uv"":120605,""pp_uv"":95}},{""0"":{""mean_uv"":1005954,""error_uv"":5954,""pp_uv"":1487},""1"":{""mean_uv"":992832,""error_uv"":-7168,""pp_uv"":2136},""2"":{""mean_uv"":981712,""error_uv"":-18288,""pp_uv"":400},""3"":{""mean_uv"":748481,""error_uv"":-251519,""pp_uv"":190},""4"":{""mean_uv"":1120624,""error_uv"":120624,""pp_uv"":95}}]},""codes"":[8,-12,0,0]}"
24,coupled,False,10,2026-09-08T12:57:19,observation,    patrón dinámico 3: PGAgain=-39.5mV BPo=+27.8mV OPA_SUMo=+48.6mV SUMo=+119.5mV LPo=-257.3mV,"[-8, 12, 0, 0]",,0,-39460,2880,382,"{""at"":""2026-09-08T12:57:19"",""kind"":""observation"",""message"":""    patrón dinámico 3: PGAgain=-39.5mV BPo=+27.8mV OPA_SUMo=+48.6mV SUMo=+119.5mV LPo=-257.3mV"",""label"":""patrón dinámico 3"",""observation"":{""errors_uv"":{""0"":-39460,""1"":27774,""2"":48583,""3"":119461,""4"":-257298},""pp_uv"":{""0"":2880,""1"":2536,""2"":686,""3"":114,""4"":152},""spread_uv"":{""0"":382,""1"":7763,""2"":25959,""3"":39,""4"":76},""samples"":[{""0"":{""mean_uv"":960903,""error_uv"":-39097,""pp_uv"":2727},""1"":{""mean_uv"":1032085,""error_uv"":32085,""pp_uv"":2784},""2"":{""mean_uv"":1034698,""error_uv"":34698,""pp_uv"":896},""3"":{""mean_uv"":1119441,""error_uv"":119441,""pp_uv"":133},""4"":{""mean_uv"":742702,""error_uv"":-257298,""pp_uv"":247}},{""0"":{""mean_uv"":960540,""error_uv"":-39460,""pp_uv"":2880},""1"":{""mean_uv"":1027774,""error_uv"":27774,""pp_uv"":2536},""2"":{""mean_uv"":1048583,""error_uv"":48583,""pp_uv"":686},""3"":{""mean_uv"":1119480,""error_uv"":119480,""pp_uv"":114},""4"":{""mean_uv"":742702,""error_uv"":-257298,""pp_uv"":152}},{""0"":{""mean_uv"":960521,""error_uv"":-39479,""pp_uv"":4425},""1"":{""mean_uv"":1024322,""error_uv"":24322,""pp_uv"":2403},""2"":{""mean_uv"":1060657,""error_uv"":60657,""pp_uv"":534},""3"":{""mean_uv"":1119461,""error_uv"":119461,""pp_uv"":114},""4"":{""mean_uv"":742778,""error_uv"":-257222,""pp_uv"":114}}]},""codes"":[-8,12,0,0]}"
24,coupled,False,10,2026-09-08T12:57:19,observation,    patrón dinámico 3: PGAgain=-39.5mV BPo=+27.8mV OPA_SUMo=+48.6mV SUMo=+119.5mV LPo=-257.3mV,"[-8, 12, 0, 0]",,1,27774,2536,7763,"{""at"":""2026-09-08T12:57:19"",""kind"":""observation"",""message"":""    patrón dinámico 3: PGAgain=-39.5mV BPo=+27.8mV OPA_SUMo=+48.6mV SUMo=+119.5mV LPo=-257.3mV"",""label"":""patrón dinámico 3"",""observation"":{""errors_uv"":{""0"":-39460,""1"":27774,""2"":48583,""3"":119461,""4"":-257298},""pp_uv"":{""0"":2880,""1"":2536,""2"":686,""3"":114,""4"":152},""spread_uv"":{""0"":382,""1"":7763,""2"":25959,""3"":39,""4"":76},""samples"":[{""0"":{""mean_uv"":960903,""error_uv"":-39097,""pp_uv"":2727},""1"":{""mean_uv"":1032085,""error_uv"":32085,""pp_uv"":2784},""2"":{""mean_uv"":1034698,""error_uv"":34698,""pp_uv"":896},""3"":{""mean_uv"":1119441,""error_uv"":119441,""pp_uv"":133},""4"":{""mean_uv"":742702,""error_uv"":-257298,""pp_uv"":247}},{""0"":{""mean_uv"":960540,""error_uv"":-39460,""pp_uv"":2880},""1"":{""mean_uv"":1027774,""error_uv"":27774,""pp_uv"":2536},""2"":{""mean_uv"":1048583,""error_uv"":48583,""pp_uv"":686},""3"":{""mean_uv"":1119480,""error_uv"":119480,""pp_uv"":114},""4"":{""mean_uv"":742702,""error_uv"":-257298,""pp_uv"":152}},{""0"":{""mean_uv"":960521,""error_uv"":-39479,""pp_uv"":4425},""1"":{""mean_uv"":1024322,""error_uv"":24322,""pp_uv"":2403},""2"":{""mean_uv"":1060657,""error_uv"":60657,""pp_uv"":534},""3"":{""mean_uv"":1119461,""error_uv"":119461,""pp_uv"":114},""4"":{""mean_uv"":742778,""error_uv"":-257222,""pp_uv"":114}}]},""codes"":[-8,12,0,0]}"
24,coupled,False,10,2026-09-08T12:57:19,observation,    patrón dinámico 3: PGAgain=-39.5mV BPo=+27.8mV OPA_SUMo=+48.6mV SUMo=+119.5mV LPo=-257.3mV,"[-8, 12, 0, 0]",,2,48583,686,25959,"{""at"":""2026-09-08T12:57:19"",""kind"":""observation"",""message"":""    patrón dinámico 3: PGAgain=-39.5mV BPo=+27.8mV OPA_SUMo=+48.6mV SUMo=+119.5mV LPo=-257.3mV"",""label"":""patrón dinámico 3"",""observation"":{""errors_uv"":{""0"":-39460,""1"":27774,""2"":48583,""3"":119461,""4"":-257298},""pp_uv"":{""0"":2880,""1"":2536,""2"":686,""3"":114,""4"":152},""spread_uv"":{""0"":382,""1"":7763,""2"":25959,""3"":39,""4"":76},""samples"":[{""0"":{""mean_uv"":960903,""error_uv"":-39097,""pp_uv"":2727},""1"":{""mean_uv"":1032085,""error_uv"":32085,""pp_uv"":2784},""2"":{""mean_uv"":1034698,""error_uv"":34698,""pp_uv"":896},""3"":{""mean_uv"":1119441,""error_uv"":119441,""pp_uv"":133},""4"":{""mean_uv"":742702,""error_uv"":-257298,""pp_uv"":247}},{""0"":{""mean_uv"":960540,""error_uv"":-39460,""pp_uv"":2880},""1"":{""mean_uv"":1027774,""error_uv"":27774,""pp_uv"":2536},""2"":{""mean_uv"":1048583,""error_uv"":48583,""pp_uv"":686},""3"":{""mean_uv"":1119480,""error_uv"":119480,""pp_uv"":114},""4"":{""mean_uv"":742702,""error_uv"":-257298,""pp_uv"":152}},{""0"":{""mean_uv"":960521,""error_uv"":-39479,""pp_uv"":4425},""1"":{""mean_uv"":1024322,""error_uv"":24322,""pp_uv"":2403},""2"":{""mean_uv"":1060657,""error_uv"":60657,""pp_uv"":534},""3"":{""mean_uv"":1119461,""error_uv"":119461,""pp_uv"":114},""4"":{""mean_uv"":742778,""error_uv"":-257222,""pp_uv"":114}}]},""codes"":[-8,12,0,0]}"
24,coupled,False,10,2026-09-08T12:57:19,observation,    patrón dinámico 3: PGAgain=-39.5mV BPo=+27.8mV OPA_SUMo=+48.6mV SUMo=+119.5mV LPo=-257.3mV,"[-8, 12, 0, 0]",,3,119461,114,39,"{""at"":""2026-09-08T12:57:19"",""kind"":""observation"",""message"":""    patrón dinámico 3: PGAgain=-39.5mV BPo=+27.8mV OPA_SUMo=+48.6mV SUMo=+119.5mV LPo=-257.3mV"",""label"":""patrón dinámico 3"",""observation"":{""errors_uv"":{""0"":-39460,""1"":27774,""2"":48583,""3"":119461,""4"":-257298},""pp_uv"":{""0"":2880,""1"":2536,""2"":686,""3"":114,""4"":152},""spread_uv"":{""0"":382,""1"":7763,""2"":25959,""3"":39,""4"":76},""samples"":[{""0"":{""mean_uv"":960903,""error_uv"":-39097,""pp_uv"":2727},""1"":{""mean_uv"":1032085,""error_uv"":32085,""pp_uv"":2784},""2"":{""mean_uv"":1034698,""error_uv"":34698,""pp_uv"":896},""3"":{""mean_uv"":1119441,""error_uv"":119441,""pp_uv"":133},""4"":{""mean_uv"":742702,""error_uv"":-257298,""pp_uv"":247}},{""0"":{""mean_uv"":960540,""error_uv"":-39460,""pp_uv"":2880},""1"":{""mean_uv"":1027774,""error_uv"":27774,""pp_uv"":2536},""2"":{""mean_uv"":1048583,""error_uv"":48583,""pp_uv"":686},""3"":{""mean_uv"":1119480,""error_uv"":119480,""pp_uv"":114},""4"":{""mean_uv"":742702,""error_uv"":-257298,""pp_uv"":152}},{""0"":{""mean_uv"":960521,""error_uv"":-39479,""pp_uv"":4425},""1"":{""mean_uv"":1024322,""error_uv"":24322,""pp_uv"":2403},""2"":{""mean_uv"":1060657,""error_uv"":60657,""pp_uv"":534},""3"":{""mean_uv"":1119461,""error_uv"":119461,""pp_uv"":114},""4"":{""mean_uv"":742778,""error_uv"":-257222,""pp_uv"":114}}]},""codes"":[-8,12,0,0]}"
24,coupled,False,10,2026-09-08T12:57:19,observation,    patrón dinámico 3: PGAgain=-39.5mV BPo=+27.8mV OPA_SUMo=+48.6mV SUMo=+119.5mV LPo=-257.3mV,"[-8, 12, 0, 0]",,4,-257298,152,76,"{""at"":""2026-09-08T12:57:19"",""kind"":""observation"",""message"":""    patrón dinámico 3: PGAgain=-39.5mV BPo=+27.8mV OPA_SUMo=+48.6mV SUMo=+119.5mV LPo=-257.3mV"",""label"":""patrón dinámico 3"",""observation"":{""errors_uv"":{""0"":-39460,""1"":27774,""2"":48583,""3"":119461,""4"":-257298},""pp_uv"":{""0"":2880,""1"":2536,""2"":686,""3"":114,""4"":152},""spread_uv"":{""0"":382,""1"":7763,""2"":25959,""3"":39,""4"":76},""samples"":[{""0"":{""mean_uv"":960903,""error_uv"":-39097,""pp_uv"":2727},""1"":{""mean_uv"":1032085,""error_uv"":32085,""pp_uv"":2784},""2"":{""mean_uv"":1034698,""error_uv"":34698,""pp_uv"":896},""3"":{""mean_uv"":1119441,""error_uv"":119441,""pp_uv"":133},""4"":{""mean_uv"":742702,""error_uv"":-257298,""pp_uv"":247}},{""0"":{""mean_uv"":960540,""error_uv"":-39460,""pp_uv"":2880},""1"":{""mean_uv"":1027774,""error_uv"":27774,""pp_uv"":2536},""2"":{""mean_uv"":1048583,""error_uv"":48583,""pp_uv"":686},""3"":{""mean_uv"":1119480,""error_uv"":119480,""pp_uv"":114},""4"":{""mean_uv"":742702,""error_uv"":-257298,""pp_uv"":152}},{""0"":{""mean_uv"":960521,""error_uv"":-39479,""pp_uv"":4425},""1"":{""mean_uv"":1024322,""error_uv"":24322,""pp_uv"":2403},""2"":{""mean_uv"":1060657,""error_uv"":60657,""pp_uv"":534},""3"":{""mean_uv"":1119461,""error_uv"":119461,""pp_uv"":114},""4"":{""mean_uv"":742778,""error_uv"":-257222,""pp_uv"":114}}]},""codes"":[-8,12,0,0]}"
24,coupled,False,11,2026-09-08T12:57:47,observation,    patrón dinámico 4: PGAgain=-39.9mV BPo=+9.6mV OPA_SUMo=+93.7mV SUMo=+119.5mV LPo=-257.2mV,"[-8, -12, 0, 0]",,0,-39879,2765,877,"{""at"":""2026-09-08T12:57:47"",""kind"":""observation"",""message"":""    patrón dinámico 4: PGAgain=-39.9mV BPo=+9.6mV OPA_SUMo=+93.7mV SUMo=+119.5mV LPo=-257.2mV"",""label"":""patrón dinámico 4"",""observation"":{""errors_uv"":{""0"":-39879,""1"":9559,""2"":93711,""3"":119499,""4"":-257203},""pp_uv"":{""0"":2765,""1"":3051,""2"":667,""3"":133,""4"":171},""spread_uv"":{""0"":877,""1"":4711,""2"":15793,""3"":58,""4"":95},""samples"":[{""0"":{""mean_uv"":960235,""error_uv"":-39765,""pp_uv"":2632},""1"":{""mean_uv"":1011428,""error_uv"":11428,""pp_uv"":4367},""2"":{""mean_uv"":1088237,""error_uv"":88237,""pp_uv"":820},""3"":{""mean_uv"":1119499,""error_uv"":119499,""pp_uv"":114},""4"":{""mean_uv"":742797,""error_uv"":-257203,""pp_uv"":190}},{""0"":{""mean_uv"":960121,""error_uv"":-39879,""pp_uv"":3757},""1"":{""mean_uv"":1009559,""error_uv"":9559,""pp_uv"":2861},""2"":{""mean_uv"":1093711,""error_uv"":93711,""pp_uv"":667},""3"":{""mean_uv"":1119499,""error_uv"":119499,""pp_uv"":133},""4"":{""mean_uv"":742721,""error_uv"":-257279,""pp_uv"":171}},{""0"":{""mean_uv"":959358,""error_uv"":-40642,""pp_uv"":2765},""1"":{""mean_uv"":1006717,""error_uv"":6717,""pp_uv"":3051},""2"":{""mean_uv"":1104030,""error_uv"":104030,""pp_uv"":667},""3"":{""mean_uv"":1119441,""error_uv"":119441,""pp_uv"":133},""4"":{""mean_uv"":742816,""error_uv"":-257184,""pp_uv"":114}}]},""codes"":[-8,-12,0,0]}"
24,coupled,False,11,2026-09-08T12:57:47,observation,    patrón dinámico 4: PGAgain=-39.9mV BPo=+9.6mV OPA_SUMo=+93.7mV SUMo=+119.5mV LPo=-257.2mV,"[-8, -12, 0, 0]",,1,9559,3051,4711,"{""at"":""2026-09-08T12:57:47"",""kind"":""observation"",""message"":""    patrón dinámico 4: PGAgain=-39.9mV BPo=+9.6mV OPA_SUMo=+93.7mV SUMo=+119.5mV LPo=-257.2mV"",""label"":""patrón dinámico 4"",""observation"":{""errors_uv"":{""0"":-39879,""1"":9559,""2"":93711,""3"":119499,""4"":-257203},""pp_uv"":{""0"":2765,""1"":3051,""2"":667,""3"":133,""4"":171},""spread_uv"":{""0"":877,""1"":4711,""2"":15793,""3"":58,""4"":95},""samples"":[{""0"":{""mean_uv"":960235,""error_uv"":-39765,""pp_uv"":2632},""1"":{""mean_uv"":1011428,""error_uv"":11428,""pp_uv"":4367},""2"":{""mean_uv"":1088237,""error_uv"":88237,""pp_uv"":820},""3"":{""mean_uv"":1119499,""error_uv"":119499,""pp_uv"":114},""4"":{""mean_uv"":742797,""error_uv"":-257203,""pp_uv"":190}},{""0"":{""mean_uv"":960121,""error_uv"":-39879,""pp_uv"":3757},""1"":{""mean_uv"":1009559,""error_uv"":9559,""pp_uv"":2861},""2"":{""mean_uv"":1093711,""error_uv"":93711,""pp_uv"":667},""3"":{""mean_uv"":1119499,""error_uv"":119499,""pp_uv"":133},""4"":{""mean_uv"":742721,""error_uv"":-257279,""pp_uv"":171}},{""0"":{""mean_uv"":959358,""error_uv"":-40642,""pp_uv"":2765},""1"":{""mean_uv"":1006717,""error_uv"":6717,""pp_uv"":3051},""2"":{""mean_uv"":1104030,""error_uv"":104030,""pp_uv"":667},""3"":{""mean_uv"":1119441,""error_uv"":119441,""pp_uv"":133},""4"":{""mean_uv"":742816,""error_uv"":-257184,""pp_uv"":114}}]},""codes"":[-8,-12,0,0]}"
24,coupled,False,11,2026-09-08T12:57:47,observation,    patrón dinámico 4: PGAgain=-39.9mV BPo=+9.6mV OPA_SUMo=+93.7mV SUMo=+119.5mV LPo=-257.2mV,"[-8, -12, 0, 0]",,2,93711,667,15793,"{""at"":""2026-09-08T12:57:47"",""kind"":""observation"",""message"":""    patrón dinámico 4: PGAgain=-39.9mV BPo=+9.6mV OPA_SUMo=+93.7mV SUMo=+119.5mV LPo=-257.2mV"",""label"":""patrón dinámico 4"",""observation"":{""errors_uv"":{""0"":-39879,""1"":9559,""2"":93711,""3"":119499,""4"":-257203},""pp_uv"":{""0"":2765,""1"":3051,""2"":667,""3"":133,""4"":171},""spread_uv"":{""0"":877,""1"":4711,""2"":15793,""3"":58,""4"":95},""samples"":[{""0"":{""mean_uv"":960235,""error_uv"":-39765,""pp_uv"":2632},""1"":{""mean_uv"":1011428,""error_uv"":11428,""pp_uv"":4367},""2"":{""mean_uv"":1088237,""error_uv"":88237,""pp_uv"":820},""3"":{""mean_uv"":1119499,""error_uv"":119499,""pp_uv"":114},""4"":{""mean_uv"":742797,""error_uv"":-257203,""pp_uv"":190}},{""0"":{""mean_uv"":960121,""error_uv"":-39879,""pp_uv"":3757},""1"":{""mean_uv"":1009559,""error_uv"":9559,""pp_uv"":2861},""2"":{""mean_uv"":1093711,""error_uv"":93711,""pp_uv"":667},""3"":{""mean_uv"":1119499,""error_uv"":119499,""pp_uv"":133},""4"":{""mean_uv"":742721,""error_uv"":-257279,""pp_uv"":171}},{""0"":{""mean_uv"":959358,""error_uv"":-40642,""pp_uv"":2765},""1"":{""mean_uv"":1006717,""error_uv"":6717,""pp_uv"":3051},""2"":{""mean_uv"":1104030,""error_uv"":104030,""pp_uv"":667},""3"":{""mean_uv"":1119441,""error_uv"":119441,""pp_uv"":133},""4"":{""mean_uv"":742816,""error_uv"":-257184,""pp_uv"":114}}]},""codes"":[-8,-12,0,0]}"
24,coupled,False,11,2026-09-08T12:57:47,observation,    patrón dinámico 4: PGAgain=-39.9mV BPo=+9.6mV OPA_SUMo=+93.7mV SUMo=+119.5mV LPo=-257.2mV,"[-8, -12, 0, 0]",,3,119499,133,58,"{""at"":""2026-09-08T12:57:47"",""kind"":""observation"",""message"":""    patrón dinámico 4: PGAgain=-39.9mV BPo=+9.6mV OPA_SUMo=+93.7mV SUMo=+119.5mV LPo=-257.2mV"",""label"":""patrón dinámico 4"",""observation"":{""errors_uv"":{""0"":-39879,""1"":9559,""2"":93711,""3"":119499,""4"":-257203},""pp_uv"":{""0"":2765,""1"":3051,""2"":667,""3"":133,""4"":171},""spread_uv"":{""0"":877,""1"":4711,""2"":15793,""3"":58,""4"":95},""samples"":[{""0"":{""mean_uv"":960235,""error_uv"":-39765,""pp_uv"":2632},""1"":{""mean_uv"":1011428,""error_uv"":11428,""pp_uv"":4367},""2"":{""mean_uv"":1088237,""error_uv"":88237,""pp_uv"":820},""3"":{""mean_uv"":1119499,""error_uv"":119499,""pp_uv"":114},""4"":{""mean_uv"":742797,""error_uv"":-257203,""pp_uv"":190}},{""0"":{""mean_uv"":960121,""error_uv"":-39879,""pp_uv"":3757},""1"":{""mean_uv"":1009559,""error_uv"":9559,""pp_uv"":2861},""2"":{""mean_uv"":1093711,""error_uv"":93711,""pp_uv"":667},""3"":{""mean_uv"":1119499,""error_uv"":119499,""pp_uv"":133},""4"":{""mean_uv"":742721,""error_uv"":-257279,""pp_uv"":171}},{""0"":{""mean_uv"":959358,""error_uv"":-40642,""pp_uv"":2765},""1"":{""mean_uv"":1006717,""error_uv"":6717,""pp_uv"":3051},""2"":{""mean_uv"":1104030,""error_uv"":104030,""pp_uv"":667},""3"":{""mean_uv"":1119441,""error_uv"":119441,""pp_uv"":133},""4"":{""mean_uv"":742816,""error_uv"":-257184,""pp_uv"":114}}]},""codes"":[-8,-12,0,0]}"
24,coupled,False,11,2026-09-08T12:57:47,observation,    patrón dinámico 4: PGAgain=-39.9mV BPo=+9.6mV OPA_SUMo=+93.7mV SUMo=+119.5mV LPo=-257.2mV,"[-8, -12, 0, 0]",,4,-257203,171,95,"{""at"":""2026-09-08T12:57:47"",""kind"":""observation"",""message"":""    patrón dinámico 4: PGAgain=-39.9mV BPo=+9.6mV OPA_SUMo=+93.7mV SUMo=+119.5mV LPo=-257.2mV"",""label"":""patrón dinámico 4"",""observation"":{""errors_uv"":{""0"":-39879,""1"":9559,""2"":93711,""3"":119499,""4"":-257203},""pp_uv"":{""0"":2765,""1"":3051,""2"":667,""3"":133,""4"":171},""spread_uv"":{""0"":877,""1"":4711,""2"":15793,""3"":58,""4"":95},""samples"":[{""0"":{""mean_uv"":960235,""error_uv"":-39765,""pp_uv"":2632},""1"":{""mean_uv"":1011428,""error_uv"":11428,""pp_uv"":4367},""2"":{""mean_uv"":1088237,""error_uv"":88237,""pp_uv"":820},""3"":{""mean_uv"":1119499,""error_uv"":119499,""pp_uv"":114},""4"":{""mean_uv"":742797,""error_uv"":-257203,""pp_uv"":190}},{""0"":{""mean_uv"":960121,""error_uv"":-39879,""pp_uv"":3757},""1"":{""mean_uv"":1009559,""error_uv"":9559,""pp_uv"":2861},""2"":{""mean_uv"":1093711,""error_uv"":93711,""pp_uv"":667},""3"":{""mean_uv"":1119499,""error_uv"":119499,""pp_uv"":133},""4"":{""mean_uv"":742721,""error_uv"":-257279,""pp_uv"":171}},{""0"":{""mean_uv"":959358,""error_uv"":-40642,""pp_uv"":2765},""1"":{""mean_uv"":1006717,""error_uv"":6717,""pp_uv"":3051},""2"":{""mean_uv"":1104030,""error_uv"":104030,""pp_uv"":667},""3"":{""mean_uv"":1119441,""error_uv"":119441,""pp_uv"":133},""4"":{""mean_uv"":742816,""error_uv"":-257184,""pp_uv"":114}}]},""codes"":[-8,-12,0,0]}"
24,coupled,False,12,2026-09-08T12:57:47,dynamic_jacobian,    Jacobiano dinámico multiplexado,"[6, 6, 0, 0]",,,,,,"{""at"":""2026-09-08T12:57:47"",""kind"":""dynamic_jacobian"",""message"":""    Jacobiano dinámico multiplexado"",""stages"":[0,1],""dt_s"":7.125,""a"":0.7788007830714049,""jacobian"":{""0"":{""0"":2863.40625,""1"":-4783.425476525626,""2"":-23044.41334131116,""3"":-93230.71894148423,""4"":94955.96871802014},""1"":{""0"":12.6875,""1"":3040.087351409731,""2"":1486.7682908838378,""3"":62129.92210558461,""4"":-63328.24030998581}}}"
24,coupled,False,13,2026-09-08T12:57:47,vector_newton,"    Newton vectorial [-8, -12, 0, 0]->[4, 5, 0, 0]","[6, 6, 0, 0]",,,,,,"{""at"":""2026-09-08T12:57:47"",""kind"":""vector_newton"",""message"":""    Newton vectorial [-8, -12, 0, 0]->[4, 5, 0, 0]""}"
24,coupled,False,14,2026-09-08T12:58:01,observation,    inicio de ventana PI: PGAgain=-4.6mV BPo=-19.8mV OPA_SUMo=+84.5mV SUMo=+119.4mV LPo=-257.2mV,"[4, 5, 0, 0]",,0,-4612,2613,191,"{""at"":""2026-09-08T12:58:01"",""kind"":""observation"",""message"":""    inicio de ventana PI: PGAgain=-4.6mV BPo=-19.8mV OPA_SUMo=+84.5mV SUMo=+119.4mV LPo=-257.2mV"",""label"":""inicio de ventana PI"",""observation"":{""errors_uv"":{""0"":-4612,""1"":-19776,""2"":84499,""3"":119384,""4"":-257241},""pp_uv"":{""0"":2613,""1"":2384,""2"":629,""3"":95,""4"":133},""spread_uv"":{""0"":191,""1"":4978,""2"":19893,""3"":19,""4"":95},""samples"":[{""0"":{""mean_uv"":995388,""error_uv"":-4612,""pp_uv"":2670},""1"":{""mean_uv"":977554,""error_uv"":-22446,""pp_uv"":3261},""2"":{""mean_uv"":1095256,""error_uv"":95256,""pp_uv"":648},""3"":{""mean_uv"":1119403,""error_uv"":119403,""pp_uv"":95},""4"":{""mean_uv"":742797,""error_uv"":-257203,""pp_uv"":152}},{""0"":{""mean_uv"":995330,""error_uv"":-4670,""pp_uv"":1888},""1"":{""mean_uv"":980224,""error_uv"":-19776,""pp_uv"":2384},""2"":{""mean_uv"":1084499,""error_uv"":84499,""pp_uv"":629},""3"":{""mean_uv"":1119384,""error_uv"":119384,""pp_uv"":76},""4"":{""mean_uv"":742759,""error_uv"":-257241,""pp_uv"":133}},{""0"":{""mean_uv"":995521,""error_uv"":-4479,""pp_uv"":2613},""1"":{""mean_uv"":982532,""error_uv"":-17468,""pp_uv"":1907},""2"":{""mean_uv"":1075363,""error_uv"":75363,""pp_uv"":457},""3"":{""mean_uv"":1119384,""error_uv"":119384,""pp_uv"":114},""4"":{""mean_uv"":742702,""error_uv"":-257298,""pp_uv"":133}}]},""codes"":[4,5,0,0]}"
24,coupled,False,14,2026-09-08T12:58:01,observation,    inicio de ventana PI: PGAgain=-4.6mV BPo=-19.8mV OPA_SUMo=+84.5mV SUMo=+119.4mV LPo=-257.2mV,"[4, 5, 0, 0]",,1,-19776,2384,4978,"{""at"":""2026-09-08T12:58:01"",""kind"":""observation"",""message"":""    inicio de ventana PI: PGAgain=-4.6mV BPo=-19.8mV OPA_SUMo=+84.5mV SUMo=+119.4mV LPo=-257.2mV"",""label"":""inicio de ventana PI"",""observation"":{""errors_uv"":{""0"":-4612,""1"":-19776,""2"":84499,""3"":119384,""4"":-257241},""pp_uv"":{""0"":2613,""1"":2384,""2"":629,""3"":95,""4"":133},""spread_uv"":{""0"":191,""1"":4978,""2"":19893,""3"":19,""4"":95},""samples"":[{""0"":{""mean_uv"":995388,""error_uv"":-4612,""pp_uv"":2670},""1"":{""mean_uv"":977554,""error_uv"":-22446,""pp_uv"":3261},""2"":{""mean_uv"":1095256,""error_uv"":95256,""pp_uv"":648},""3"":{""mean_uv"":1119403,""error_uv"":119403,""pp_uv"":95},""4"":{""mean_uv"":742797,""error_uv"":-257203,""pp_uv"":152}},{""0"":{""mean_uv"":995330,""error_uv"":-4670,""pp_uv"":1888},""1"":{""mean_uv"":980224,""error_uv"":-19776,""pp_uv"":2384},""2"":{""mean_uv"":1084499,""error_uv"":84499,""pp_uv"":629},""3"":{""mean_uv"":1119384,""error_uv"":119384,""pp_uv"":76},""4"":{""mean_uv"":742759,""error_uv"":-257241,""pp_uv"":133}},{""0"":{""mean_uv"":995521,""error_uv"":-4479,""pp_uv"":2613},""1"":{""mean_uv"":982532,""error_uv"":-17468,""pp_uv"":1907},""2"":{""mean_uv"":1075363,""error_uv"":75363,""pp_uv"":457},""3"":{""mean_uv"":1119384,""error_uv"":119384,""pp_uv"":114},""4"":{""mean_uv"":742702,""error_uv"":-257298,""pp_uv"":133}}]},""codes"":[4,5,0,0]}"
24,coupled,False,14,2026-09-08T12:58:01,observation,    inicio de ventana PI: PGAgain=-4.6mV BPo=-19.8mV OPA_SUMo=+84.5mV SUMo=+119.4mV LPo=-257.2mV,"[4, 5, 0, 0]",,2,84499,629,19893,"{""at"":""2026-09-08T12:58:01"",""kind"":""observation"",""message"":""    inicio de ventana PI: PGAgain=-4.6mV BPo=-19.8mV OPA_SUMo=+84.5mV SUMo=+119.4mV LPo=-257.2mV"",""label"":""inicio de ventana PI"",""observation"":{""errors_uv"":{""0"":-4612,""1"":-19776,""2"":84499,""3"":119384,""4"":-257241},""pp_uv"":{""0"":2613,""1"":2384,""2"":629,""3"":95,""4"":133},""spread_uv"":{""0"":191,""1"":4978,""2"":19893,""3"":19,""4"":95},""samples"":[{""0"":{""mean_uv"":995388,""error_uv"":-4612,""pp_uv"":2670},""1"":{""mean_uv"":977554,""error_uv"":-22446,""pp_uv"":3261},""2"":{""mean_uv"":1095256,""error_uv"":95256,""pp_uv"":648},""3"":{""mean_uv"":1119403,""error_uv"":119403,""pp_uv"":95},""4"":{""mean_uv"":742797,""error_uv"":-257203,""pp_uv"":152}},{""0"":{""mean_uv"":995330,""error_uv"":-4670,""pp_uv"":1888},""1"":{""mean_uv"":980224,""error_uv"":-19776,""pp_uv"":2384},""2"":{""mean_uv"":1084499,""error_uv"":84499,""pp_uv"":629},""3"":{""mean_uv"":1119384,""error_uv"":119384,""pp_uv"":76},""4"":{""mean_uv"":742759,""error_uv"":-257241,""pp_uv"":133}},{""0"":{""mean_uv"":995521,""error_uv"":-4479,""pp_uv"":2613},""1"":{""mean_uv"":982532,""error_uv"":-17468,""pp_uv"":1907},""2"":{""mean_uv"":1075363,""error_uv"":75363,""pp_uv"":457},""3"":{""mean_uv"":1119384,""error_uv"":119384,""pp_uv"":114},""4"":{""mean_uv"":742702,""error_uv"":-257298,""pp_uv"":133}}]},""codes"":[4,5,0,0]}"
24,coupled,False,14,2026-09-08T12:58:01,observation,    inicio de ventana PI: PGAgain=-4.6mV BPo=-19.8mV OPA_SUMo=+84.5mV SUMo=+119.4mV LPo=-257.2mV,"[4, 5, 0, 0]",,3,119384,95,19,"{""at"":""2026-09-08T12:58:01"",""kind"":""observation"",""message"":""    inicio de ventana PI: PGAgain=-4.6mV BPo=-19.8mV OPA_SUMo=+84.5mV SUMo=+119.4mV LPo=-257.2mV"",""label"":""inicio de ventana PI"",""observation"":{""errors_uv"":{""0"":-4612,""1"":-19776,""2"":84499,""3"":119384,""4"":-257241},""pp_uv"":{""0"":2613,""1"":2384,""2"":629,""3"":95,""4"":133},""spread_uv"":{""0"":191,""1"":4978,""2"":19893,""3"":19,""4"":95},""samples"":[{""0"":{""mean_uv"":995388,""error_uv"":-4612,""pp_uv"":2670},""1"":{""mean_uv"":977554,""error_uv"":-22446,""pp_uv"":3261},""2"":{""mean_uv"":1095256,""error_uv"":95256,""pp_uv"":648},""3"":{""mean_uv"":1119403,""error_uv"":119403,""pp_uv"":95},""4"":{""mean_uv"":742797,""error_uv"":-257203,""pp_uv"":152}},{""0"":{""mean_uv"":995330,""error_uv"":-4670,""pp_uv"":1888},""1"":{""mean_uv"":980224,""error_uv"":-19776,""pp_uv"":2384},""2"":{""mean_uv"":1084499,""error_uv"":84499,""pp_uv"":629},""3"":{""mean_uv"":1119384,""error_uv"":119384,""pp_uv"":76},""4"":{""mean_uv"":742759,""error_uv"":-257241,""pp_uv"":133}},{""0"":{""mean_uv"":995521,""error_uv"":-4479,""pp_uv"":2613},""1"":{""mean_uv"":982532,""error_uv"":-17468,""pp_uv"":1907},""2"":{""mean_uv"":1075363,""error_uv"":75363,""pp_uv"":457},""3"":{""mean_uv"":1119384,""error_uv"":119384,""pp_uv"":114},""4"":{""mean_uv"":742702,""error_uv"":-257298,""pp_uv"":133}}]},""codes"":[4,5,0,0]}"
24,coupled,False,14,2026-09-08T12:58:01,observation,    inicio de ventana PI: PGAgain=-4.6mV BPo=-19.8mV OPA_SUMo=+84.5mV SUMo=+119.4mV LPo=-257.2mV,"[4, 5, 0, 0]",,4,-257241,133,95,"{""at"":""2026-09-08T12:58:01"",""kind"":""observation"",""message"":""    inicio de ventana PI: PGAgain=-4.6mV BPo=-19.8mV OPA_SUMo=+84.5mV SUMo=+119.4mV LPo=-257.2mV"",""label"":""inicio de ventana PI"",""observation"":{""errors_uv"":{""0"":-4612,""1"":-19776,""2"":84499,""3"":119384,""4"":-257241},""pp_uv"":{""0"":2613,""1"":2384,""2"":629,""3"":95,""4"":133},""spread_uv"":{""0"":191,""1"":4978,""2"":19893,""3"":19,""4"":95},""samples"":[{""0"":{""mean_uv"":995388,""error_uv"":-4612,""pp_uv"":2670},""1"":{""mean_uv"":977554,""error_uv"":-22446,""pp_uv"":3261},""2"":{""mean_uv"":1095256,""error_uv"":95256,""pp_uv"":648},""3"":{""mean_uv"":1119403,""error_uv"":119403,""pp_uv"":95},""4"":{""mean_uv"":742797,""error_uv"":-257203,""pp_uv"":152}},{""0"":{""mean_uv"":995330,""error_uv"":-4670,""pp_uv"":1888},""1"":{""mean_uv"":980224,""error_uv"":-19776,""pp_uv"":2384},""2"":{""mean_uv"":1084499,""error_uv"":84499,""pp_uv"":629},""3"":{""mean_uv"":1119384,""error_uv"":119384,""pp_uv"":76},""4"":{""mean_uv"":742759,""error_uv"":-257241,""pp_uv"":133}},{""0"":{""mean_uv"":995521,""error_uv"":-4479,""pp_uv"":2613},""1"":{""mean_uv"":982532,""error_uv"":-17468,""pp_uv"":1907},""2"":{""mean_uv"":1075363,""error_uv"":75363,""pp_uv"":457},""3"":{""mean_uv"":1119384,""error_uv"":119384,""pp_uv"":114},""4"":{""mean_uv"":742702,""error_uv"":-257298,""pp_uv"":133}}]},""codes"":[4,5,0,0]}"
24,coupled,False,15,2026-09-08T12:58:01,vector_pi_micro,"    micro PI [4, 5, 0, 0]->[5, 6, 0, 0]","[6, 6, 0, 0]",,,,,,"{""at"":""2026-09-08T12:58:01"",""kind"":""vector_pi_micro"",""message"":""    micro PI [4, 5, 0, 0]->[5, 6, 0, 0]"",""cycle"":0,""correction"":[3.8669925677548833,3.901511014405599],""integral"":{""0"":5.968245335626101,""1"":5.146120444371839}}"
24,coupled,False,16,2026-09-08T12:58:20,observation,    microajuste PI asentando: PGAgain=-1.3mV BPo=-11.1mV OPA_SUMo=+47.4mV SUMo=+119.4mV LPo=-257.3mV,"[5, 6, 0, 0]",,0,-1256,2212,76,"{""at"":""2026-09-08T12:58:20"",""kind"":""observation"",""message"":""    microajuste PI asentando: PGAgain=-1.3mV BPo=-11.1mV OPA_SUMo=+47.4mV SUMo=+119.4mV LPo=-257.3mV"",""label"":""microajuste PI asentando"",""observation"":{""errors_uv"":{""0"":-1256,""1"":-11117,""2"":47420,""3"":119403,""4"":-257298},""pp_uv"":{""0"":2212,""1"":2632,""2"":667,""3"":114,""4"":152},""spread_uv"":{""0"":76,""1"":3357,""2"":12188,""3"":0,""4"":95},""samples"":[{""0"":{""mean_uv"":998744,""error_uv"":-1256,""pp_uv"":3623},""1"":{""mean_uv"":986900,""error_uv"":-13100,""pp_uv"":3433},""2"":{""mean_uv"":1053867,""error_uv"":53867,""pp_uv"":667},""3"":{""mean_uv"":1119403,""error_uv"":119403,""pp_uv"":133},""4"":{""mean_uv"":742664,""error_uv"":-257336,""pp_uv"":152}},{""0"":{""mean_uv"":998668,""error_uv"":-1332,""pp_uv"":2212},""1"":{""mean_uv"":988883,""error_uv"":-11117,""pp_uv"":2632},""2"":{""mean_uv"":1047420,""error_uv"":47420,""pp_uv"":743},""3"":{""mean_uv"":1119403,""error_uv"":119403,""pp_uv"":114},""4"":{""mean_uv"":742702,""error_uv"":-257298,""pp_uv"":152}},{""0"":{""mean_uv"":998744,""error_uv"":-1256,""pp_uv"":1544},""1"":{""mean_uv"":990257,""error_uv"":-9743,""pp_uv"":1926},""2"":{""mean_uv"":1041679,""error_uv"":41679,""pp_uv"":476},""3"":{""mean_uv"":1119403,""error_uv"":119403,""pp_uv"":76},""4"":{""mean_uv"":742759,""error_uv"":-257241,""pp_uv"":152}}]},""codes"":[5,6,0,0]}"
24,coupled,False,16,2026-09-08T12:58:20,observation,    microajuste PI asentando: PGAgain=-1.3mV BPo=-11.1mV OPA_SUMo=+47.4mV SUMo=+119.4mV LPo=-257.3mV,"[5, 6, 0, 0]",,1,-11117,2632,3357,"{""at"":""2026-09-08T12:58:20"",""kind"":""observation"",""message"":""    microajuste PI asentando: PGAgain=-1.3mV BPo=-11.1mV OPA_SUMo=+47.4mV SUMo=+119.4mV LPo=-257.3mV"",""label"":""microajuste PI asentando"",""observation"":{""errors_uv"":{""0"":-1256,""1"":-11117,""2"":47420,""3"":119403,""4"":-257298},""pp_uv"":{""0"":2212,""1"":2632,""2"":667,""3"":114,""4"":152},""spread_uv"":{""0"":76,""1"":3357,""2"":12188,""3"":0,""4"":95},""samples"":[{""0"":{""mean_uv"":998744,""error_uv"":-1256,""pp_uv"":3623},""1"":{""mean_uv"":986900,""error_uv"":-13100,""pp_uv"":3433},""2"":{""mean_uv"":1053867,""error_uv"":53867,""pp_uv"":667},""3"":{""mean_uv"":1119403,""error_uv"":119403,""pp_uv"":133},""4"":{""mean_uv"":742664,""error_uv"":-257336,""pp_uv"":152}},{""0"":{""mean_uv"":998668,""error_uv"":-1332,""pp_uv"":2212},""1"":{""mean_uv"":988883,""error_uv"":-11117,""pp_uv"":2632},""2"":{""mean_uv"":1047420,""error_uv"":47420,""pp_uv"":743},""3"":{""mean_uv"":1119403,""error_uv"":119403,""pp_uv"":114},""4"":{""mean_uv"":742702,""error_uv"":-257298,""pp_uv"":152}},{""0"":{""mean_uv"":998744,""error_uv"":-1256,""pp_uv"":1544},""1"":{""mean_uv"":990257,""error_uv"":-9743,""pp_uv"":1926},""2"":{""mean_uv"":1041679,""error_uv"":41679,""pp_uv"":476},""3"":{""mean_uv"":1119403,""error_uv"":119403,""pp_uv"":76},""4"":{""mean_uv"":742759,""error_uv"":-257241,""pp_uv"":152}}]},""codes"":[5,6,0,0]}"
24,coupled,False,16,2026-09-08T12:58:20,observation,    microajuste PI asentando: PGAgain=-1.3mV BPo=-11.1mV OPA_SUMo=+47.4mV SUMo=+119.4mV LPo=-257.3mV,"[5, 6, 0, 0]",,2,47420,667,12188,"{""at"":""2026-09-08T12:58:20"",""kind"":""observation"",""message"":""    microajuste PI asentando: PGAgain=-1.3mV BPo=-11.1mV OPA_SUMo=+47.4mV SUMo=+119.4mV LPo=-257.3mV"",""label"":""microajuste PI asentando"",""observation"":{""errors_uv"":{""0"":-1256,""1"":-11117,""2"":47420,""3"":119403,""4"":-257298},""pp_uv"":{""0"":2212,""1"":2632,""2"":667,""3"":114,""4"":152},""spread_uv"":{""0"":76,""1"":3357,""2"":12188,""3"":0,""4"":95},""samples"":[{""0"":{""mean_uv"":998744,""error_uv"":-1256,""pp_uv"":3623},""1"":{""mean_uv"":986900,""error_uv"":-13100,""pp_uv"":3433},""2"":{""mean_uv"":1053867,""error_uv"":53867,""pp_uv"":667},""3"":{""mean_uv"":1119403,""error_uv"":119403,""pp_uv"":133},""4"":{""mean_uv"":742664,""error_uv"":-257336,""pp_uv"":152}},{""0"":{""mean_uv"":998668,""error_uv"":-1332,""pp_uv"":2212},""1"":{""mean_uv"":988883,""error_uv"":-11117,""pp_uv"":2632},""2"":{""mean_uv"":1047420,""error_uv"":47420,""pp_uv"":743},""3"":{""mean_uv"":1119403,""error_uv"":119403,""pp_uv"":114},""4"":{""mean_uv"":742702,""error_uv"":-257298,""pp_uv"":152}},{""0"":{""mean_uv"":998744,""error_uv"":-1256,""pp_uv"":1544},""1"":{""mean_uv"":990257,""error_uv"":-9743,""pp_uv"":1926},""2"":{""mean_uv"":1041679,""error_uv"":41679,""pp_uv"":476},""3"":{""mean_uv"":1119403,""error_uv"":119403,""pp_uv"":76},""4"":{""mean_uv"":742759,""error_uv"":-257241,""pp_uv"":152}}]},""codes"":[5,6,0,0]}"
24,coupled,False,16,2026-09-08T12:58:20,observation,    microajuste PI asentando: PGAgain=-1.3mV BPo=-11.1mV OPA_SUMo=+47.4mV SUMo=+119.4mV LPo=-257.3mV,"[5, 6, 0, 0]",,3,119403,114,0,"{""at"":""2026-09-08T12:58:20"",""kind"":""observation"",""message"":""    microajuste PI asentando: PGAgain=-1.3mV BPo=-11.1mV OPA_SUMo=+47.4mV SUMo=+119.4mV LPo=-257.3mV"",""label"":""microajuste PI asentando"",""observation"":{""errors_uv"":{""0"":-1256,""1"":-11117,""2"":47420,""3"":119403,""4"":-257298},""pp_uv"":{""0"":2212,""1"":2632,""2"":667,""3"":114,""4"":152},""spread_uv"":{""0"":76,""1"":3357,""2"":12188,""3"":0,""4"":95},""samples"":[{""0"":{""mean_uv"":998744,""error_uv"":-1256,""pp_uv"":3623},""1"":{""mean_uv"":986900,""error_uv"":-13100,""pp_uv"":3433},""2"":{""mean_uv"":1053867,""error_uv"":53867,""pp_uv"":667},""3"":{""mean_uv"":1119403,""error_uv"":119403,""pp_uv"":133},""4"":{""mean_uv"":742664,""error_uv"":-257336,""pp_uv"":152}},{""0"":{""mean_uv"":998668,""error_uv"":-1332,""pp_uv"":2212},""1"":{""mean_uv"":988883,""error_uv"":-11117,""pp_uv"":2632},""2"":{""mean_uv"":1047420,""error_uv"":47420,""pp_uv"":743},""3"":{""mean_uv"":1119403,""error_uv"":119403,""pp_uv"":114},""4"":{""mean_uv"":742702,""error_uv"":-257298,""pp_uv"":152}},{""0"":{""mean_uv"":998744,""error_uv"":-1256,""pp_uv"":1544},""1"":{""mean_uv"":990257,""error_uv"":-9743,""pp_uv"":1926},""2"":{""mean_uv"":1041679,""error_uv"":41679,""pp_uv"":476},""3"":{""mean_uv"":1119403,""error_uv"":119403,""pp_uv"":76},""4"":{""mean_uv"":742759,""error_uv"":-257241,""pp_uv"":152}}]},""codes"":[5,6,0,0]}"
24,coupled,False,16,2026-09-08T12:58:20,observation,    microajuste PI asentando: PGAgain=-1.3mV BPo=-11.1mV OPA_SUMo=+47.4mV SUMo=+119.4mV LPo=-257.3mV,"[5, 6, 0, 0]",,4,-257298,152,95,"{""at"":""2026-09-08T12:58:20"",""kind"":""observation"",""message"":""    microajuste PI asentando: PGAgain=-1.3mV BPo=-11.1mV OPA_SUMo=+47.4mV SUMo=+119.4mV LPo=-257.3mV"",""label"":""microajuste PI asentando"",""observation"":{""errors_uv"":{""0"":-1256,""1"":-11117,""2"":47420,""3"":119403,""4"":-257298},""pp_uv"":{""0"":2212,""1"":2632,""2"":667,""3"":114,""4"":152},""spread_uv"":{""0"":76,""1"":3357,""2"":12188,""3"":0,""4"":95},""samples"":[{""0"":{""mean_uv"":998744,""error_uv"":-1256,""pp_uv"":3623},""1"":{""mean_uv"":986900,""error_uv"":-13100,""pp_uv"":3433},""2"":{""mean_uv"":1053867,""error_uv"":53867,""pp_uv"":667},""3"":{""mean_uv"":1119403,""error_uv"":119403,""pp_uv"":133},""4"":{""mean_uv"":742664,""error_uv"":-257336,""pp_uv"":152}},{""0"":{""mean_uv"":998668,""error_uv"":-1332,""pp_uv"":2212},""1"":{""mean_uv"":988883,""error_uv"":-11117,""pp_uv"":2632},""2"":{""mean_uv"":1047420,""error_uv"":47420,""pp_uv"":743},""3"":{""mean_uv"":1119403,""error_uv"":119403,""pp_uv"":114},""4"":{""mean_uv"":742702,""error_uv"":-257298,""pp_uv"":152}},{""0"":{""mean_uv"":998744,""error_uv"":-1256,""pp_uv"":1544},""1"":{""mean_uv"":990257,""error_uv"":-9743,""pp_uv"":1926},""2"":{""mean_uv"":1041679,""error_uv"":41679,""pp_uv"":476},""3"":{""mean_uv"":1119403,""error_uv"":119403,""pp_uv"":76},""4"":{""mean_uv"":742759,""error_uv"":-257241,""pp_uv"":152}}]},""codes"":[5,6,0,0]}"
24,coupled,False,17,2026-09-08T12:58:20,vector_pi_micro,"    micro PI [5, 6, 0, 0]->[6, 6, 0, 0]","[6, 6, 0, 0]",,,,,,"{""at"":""2026-09-08T12:58:20"",""kind"":""vector_pi_micro"",""message"":""    micro PI [5, 6, 0, 0]->[6, 6, 0, 0]"",""cycle"":1,""correction"":[2.101252767871218,1.2446094299662396],""integral"":{""0"":5.968245335626101,""1"":5.146120444371839}}"
24,coupled,False,18,2026-09-08T12:58:38,observation,    microajuste PI asentando: PGAgain=+1.7mV BPo=-7.4mV OPA_SUMo=+22.6mV SUMo=+119.4mV LPo=-257.3mV,"[6, 6, 0, 0]",,0,1701,1926,114,"{""at"":""2026-09-08T12:58:38"",""kind"":""observation"",""message"":""    microajuste PI asentando: PGAgain=+1.7mV BPo=-7.4mV OPA_SUMo=+22.6mV SUMo=+119.4mV LPo=-257.3mV"",""label"":""microajuste PI asentando"",""observation"":{""errors_uv"":{""0"":1701,""1"":-7378,""2"":22567,""3"":119365,""4"":-257298},""pp_uv"":{""0"":1926,""1"":2555,""2"":495,""3"":114,""4"":133},""spread_uv"":{""0"":114,""1"":2270,""2"":8374,""3"":38,""4"":19},""samples"":[{""0"":{""mean_uv"":1001663,""error_uv"":1663,""pp_uv"":1487},""1"":{""mean_uv"":991477,""error_uv"":-8523,""pp_uv"":2479},""2"":{""mean_uv"":1027050,""error_uv"":27050,""pp_uv"":381},""3"":{""mean_uv"":1119403,""error_uv"":119403,""pp_uv"":95},""4"":{""mean_uv"":742702,""error_uv"":-257298,""pp_uv"":171}},{""0"":{""mean_uv"":1001701,""error_uv"":1701,""pp_uv"":1926},""1"":{""mean_uv"":992622,""error_uv"":-7378,""pp_uv"":2975},""2"":{""mean_uv"":1022567,""error_uv"":22567,""pp_uv"":495},""3"":{""mean_uv"":1119365,""error_uv"":119365,""pp_uv"":114},""4"":{""mean_uv"":742721,""error_uv"":-257279,""pp_uv"":133}},{""0"":{""mean_uv"":1001777,""error_uv"":1777,""pp_uv"":5149},""1"":{""mean_uv"":993747,""error_uv"":-6253,""pp_uv"":2555},""2"":{""mean_uv"":1018676,""error_uv"":18676,""pp_uv"":705},""3"":{""mean_uv"":1119365,""error_uv"":119365,""pp_uv"":133},""4"":{""mean_uv"":742702,""error_uv"":-257298,""pp_uv"":133}}]},""codes"":[6,6,0,0]}"
24,coupled,False,18,2026-09-08T12:58:38,observation,    microajuste PI asentando: PGAgain=+1.7mV BPo=-7.4mV OPA_SUMo=+22.6mV SUMo=+119.4mV LPo=-257.3mV,"[6, 6, 0, 0]",,1,-7378,2555,2270,"{""at"":""2026-09-08T12:58:38"",""kind"":""observation"",""message"":""    microajuste PI asentando: PGAgain=+1.7mV BPo=-7.4mV OPA_SUMo=+22.6mV SUMo=+119.4mV LPo=-257.3mV"",""label"":""microajuste PI asentando"",""observation"":{""errors_uv"":{""0"":1701,""1"":-7378,""2"":22567,""3"":119365,""4"":-257298},""pp_uv"":{""0"":1926,""1"":2555,""2"":495,""3"":114,""4"":133},""spread_uv"":{""0"":114,""1"":2270,""2"":8374,""3"":38,""4"":19},""samples"":[{""0"":{""mean_uv"":1001663,""error_uv"":1663,""pp_uv"":1487},""1"":{""mean_uv"":991477,""error_uv"":-8523,""pp_uv"":2479},""2"":{""mean_uv"":1027050,""error_uv"":27050,""pp_uv"":381},""3"":{""mean_uv"":1119403,""error_uv"":119403,""pp_uv"":95},""4"":{""mean_uv"":742702,""error_uv"":-257298,""pp_uv"":171}},{""0"":{""mean_uv"":1001701,""error_uv"":1701,""pp_uv"":1926},""1"":{""mean_uv"":992622,""error_uv"":-7378,""pp_uv"":2975},""2"":{""mean_uv"":1022567,""error_uv"":22567,""pp_uv"":495},""3"":{""mean_uv"":1119365,""error_uv"":119365,""pp_uv"":114},""4"":{""mean_uv"":742721,""error_uv"":-257279,""pp_uv"":133}},{""0"":{""mean_uv"":1001777,""error_uv"":1777,""pp_uv"":5149},""1"":{""mean_uv"":993747,""error_uv"":-6253,""pp_uv"":2555},""2"":{""mean_uv"":1018676,""error_uv"":18676,""pp_uv"":705},""3"":{""mean_uv"":1119365,""error_uv"":119365,""pp_uv"":133},""4"":{""mean_uv"":742702,""error_uv"":-257298,""pp_uv"":133}}]},""codes"":[6,6,0,0]}"
24,coupled,False,18,2026-09-08T12:58:38,observation,    microajuste PI asentando: PGAgain=+1.7mV BPo=-7.4mV OPA_SUMo=+22.6mV SUMo=+119.4mV LPo=-257.3mV,"[6, 6, 0, 0]",,2,22567,495,8374,"{""at"":""2026-09-08T12:58:38"",""kind"":""observation"",""message"":""    microajuste PI asentando: PGAgain=+1.7mV BPo=-7.4mV OPA_SUMo=+22.6mV SUMo=+119.4mV LPo=-257.3mV"",""label"":""microajuste PI asentando"",""observation"":{""errors_uv"":{""0"":1701,""1"":-7378,""2"":22567,""3"":119365,""4"":-257298},""pp_uv"":{""0"":1926,""1"":2555,""2"":495,""3"":114,""4"":133},""spread_uv"":{""0"":114,""1"":2270,""2"":8374,""3"":38,""4"":19},""samples"":[{""0"":{""mean_uv"":1001663,""error_uv"":1663,""pp_uv"":1487},""1"":{""mean_uv"":991477,""error_uv"":-8523,""pp_uv"":2479},""2"":{""mean_uv"":1027050,""error_uv"":27050,""pp_uv"":381},""3"":{""mean_uv"":1119403,""error_uv"":119403,""pp_uv"":95},""4"":{""mean_uv"":742702,""error_uv"":-257298,""pp_uv"":171}},{""0"":{""mean_uv"":1001701,""error_uv"":1701,""pp_uv"":1926},""1"":{""mean_uv"":992622,""error_uv"":-7378,""pp_uv"":2975},""2"":{""mean_uv"":1022567,""error_uv"":22567,""pp_uv"":495},""3"":{""mean_uv"":1119365,""error_uv"":119365,""pp_uv"":114},""4"":{""mean_uv"":742721,""error_uv"":-257279,""pp_uv"":133}},{""0"":{""mean_uv"":1001777,""error_uv"":1777,""pp_uv"":5149},""1"":{""mean_uv"":993747,""error_uv"":-6253,""pp_uv"":2555},""2"":{""mean_uv"":1018676,""error_uv"":18676,""pp_uv"":705},""3"":{""mean_uv"":1119365,""error_uv"":119365,""pp_uv"":133},""4"":{""mean_uv"":742702,""error_uv"":-257298,""pp_uv"":133}}]},""codes"":[6,6,0,0]}"
24,coupled,False,18,2026-09-08T12:58:38,observation,    microajuste PI asentando: PGAgain=+1.7mV BPo=-7.4mV OPA_SUMo=+22.6mV SUMo=+119.4mV LPo=-257.3mV,"[6, 6, 0, 0]",,3,119365,114,38,"{""at"":""2026-09-08T12:58:38"",""kind"":""observation"",""message"":""    microajuste PI asentando: PGAgain=+1.7mV BPo=-7.4mV OPA_SUMo=+22.6mV SUMo=+119.4mV LPo=-257.3mV"",""label"":""microajuste PI asentando"",""observation"":{""errors_uv"":{""0"":1701,""1"":-7378,""2"":22567,""3"":119365,""4"":-257298},""pp_uv"":{""0"":1926,""1"":2555,""2"":495,""3"":114,""4"":133},""spread_uv"":{""0"":114,""1"":2270,""2"":8374,""3"":38,""4"":19},""samples"":[{""0"":{""mean_uv"":1001663,""error_uv"":1663,""pp_uv"":1487},""1"":{""mean_uv"":991477,""error_uv"":-8523,""pp_uv"":2479},""2"":{""mean_uv"":1027050,""error_uv"":27050,""pp_uv"":381},""3"":{""mean_uv"":1119403,""error_uv"":119403,""pp_uv"":95},""4"":{""mean_uv"":742702,""error_uv"":-257298,""pp_uv"":171}},{""0"":{""mean_uv"":1001701,""error_uv"":1701,""pp_uv"":1926},""1"":{""mean_uv"":992622,""error_uv"":-7378,""pp_uv"":2975},""2"":{""mean_uv"":1022567,""error_uv"":22567,""pp_uv"":495},""3"":{""mean_uv"":1119365,""error_uv"":119365,""pp_uv"":114},""4"":{""mean_uv"":742721,""error_uv"":-257279,""pp_uv"":133}},{""0"":{""mean_uv"":1001777,""error_uv"":1777,""pp_uv"":5149},""1"":{""mean_uv"":993747,""error_uv"":-6253,""pp_uv"":2555},""2"":{""mean_uv"":1018676,""error_uv"":18676,""pp_uv"":705},""3"":{""mean_uv"":1119365,""error_uv"":119365,""pp_uv"":133},""4"":{""mean_uv"":742702,""error_uv"":-257298,""pp_uv"":133}}]},""codes"":[6,6,0,0]}"
24,coupled,False,18,2026-09-08T12:58:38,observation,    microajuste PI asentando: PGAgain=+1.7mV BPo=-7.4mV OPA_SUMo=+22.6mV SUMo=+119.4mV LPo=-257.3mV,"[6, 6, 0, 0]",,4,-257298,133,19,"{""at"":""2026-09-08T12:58:38"",""kind"":""observation"",""message"":""    microajuste PI asentando: PGAgain=+1.7mV BPo=-7.4mV OPA_SUMo=+22.6mV SUMo=+119.4mV LPo=-257.3mV"",""label"":""microajuste PI asentando"",""observation"":{""errors_uv"":{""0"":1701,""1"":-7378,""2"":22567,""3"":119365,""4"":-257298},""pp_uv"":{""0"":1926,""1"":2555,""2"":495,""3"":114,""4"":133},""spread_uv"":{""0"":114,""1"":2270,""2"":8374,""3"":38,""4"":19},""samples"":[{""0"":{""mean_uv"":1001663,""error_uv"":1663,""pp_uv"":1487},""1"":{""mean_uv"":991477,""error_uv"":-8523,""pp_uv"":2479},""2"":{""mean_uv"":1027050,""error_uv"":27050,""pp_uv"":381},""3"":{""mean_uv"":1119403,""error_uv"":119403,""pp_uv"":95},""4"":{""mean_uv"":742702,""error_uv"":-257298,""pp_uv"":171}},{""0"":{""mean_uv"":1001701,""error_uv"":1701,""pp_uv"":1926},""1"":{""mean_uv"":992622,""error_uv"":-7378,""pp_uv"":2975},""2"":{""mean_uv"":1022567,""error_uv"":22567,""pp_uv"":495},""3"":{""mean_uv"":1119365,""error_uv"":119365,""pp_uv"":114},""4"":{""mean_uv"":742721,""error_uv"":-257279,""pp_uv"":133}},{""0"":{""mean_uv"":1001777,""error_uv"":1777,""pp_uv"":5149},""1"":{""mean_uv"":993747,""error_uv"":-6253,""pp_uv"":2555},""2"":{""mean_uv"":1018676,""error_uv"":18676,""pp_uv"":705},""3"":{""mean_uv"":1119365,""error_uv"":119365,""pp_uv"":133},""4"":{""mean_uv"":742702,""error_uv"":-257298,""pp_uv"":133}}]},""codes"":[6,6,0,0]}"
24,coupled,False,19,2026-09-08T12:58:54,observation,    verificación durante 2tau: PGAgain=+1.0mV BPo=-4.4mV OPA_SUMo=+8.6mV SUMo=+119.4mV LPo=-257.3mV,"[6, 6, 0, 0]",,0,995,1621,191,"{""at"":""2026-09-08T12:58:54"",""kind"":""observation"",""message"":""    verificación durante 2tau: PGAgain=+1.0mV BPo=-4.4mV OPA_SUMo=+8.6mV SUMo=+119.4mV LPo=-257.3mV"",""label"":""verificación durante 2tau"",""observation"":{""errors_uv"":{""0"":995,""1"":-4365,""2"":8644,""3"":119365,""4"":-257336},""pp_uv"":{""0"":1621,""1"":2155,""2"":457,""3"":133,""4"":133},""spread_uv"":{""0"":191,""1"":1011,""2"":4692,""3"":725,""4"":38},""samples"":[{""0"":{""mean_uv"":1000900,""error_uv"":900,""pp_uv"":1716},""1"":{""mean_uv"":995178,""error_uv"":-4822,""pp_uv"":2155},""2"":{""mean_uv"":1011142,""error_uv"":11142,""pp_uv"":457},""3"":{""mean_uv"":1119384,""error_uv"":119384,""pp_uv"":133},""4"":{""mean_uv"":742664,""error_uv"":-257336,""pp_uv"":133}},{""0"":{""mean_uv"":1001091,""error_uv"":1091,""pp_uv"":1449},""1"":{""mean_uv"":995635,""error_uv"":-4365,""pp_uv"":2079},""2"":{""mean_uv"":1008644,""error_uv"":8644,""pp_uv"":419},""3"":{""mean_uv"":1119365,""error_uv"":119365,""pp_uv"":95},""4"":{""mean_uv"":742683,""error_uv"":-257317,""pp_uv"":133}},{""0"":{""mean_uv"":1000995,""error_uv"":995,""pp_uv"":1621},""1"":{""mean_uv"":996189,""error_uv"":-3811,""pp_uv"":2155},""2"":{""mean_uv"":1006450,""error_uv"":6450,""pp_uv"":534},""3"":{""mean_uv"":1118659,""error_uv"":118659,""pp_uv"":2765},""4"":{""mean_uv"":742645,""error_uv"":-257355,""pp_uv"":152}}]},""codes"":[6,6,0,0]}"
24,coupled,False,19,2026-09-08T12:58:54,observation,    verificación durante 2tau: PGAgain=+1.0mV BPo=-4.4mV OPA_SUMo=+8.6mV SUMo=+119.4mV LPo=-257.3mV,"[6, 6, 0, 0]",,1,-4365,2155,1011,"{""at"":""2026-09-08T12:58:54"",""kind"":""observation"",""message"":""    verificación durante 2tau: PGAgain=+1.0mV BPo=-4.4mV OPA_SUMo=+8.6mV SUMo=+119.4mV LPo=-257.3mV"",""label"":""verificación durante 2tau"",""observation"":{""errors_uv"":{""0"":995,""1"":-4365,""2"":8644,""3"":119365,""4"":-257336},""pp_uv"":{""0"":1621,""1"":2155,""2"":457,""3"":133,""4"":133},""spread_uv"":{""0"":191,""1"":1011,""2"":4692,""3"":725,""4"":38},""samples"":[{""0"":{""mean_uv"":1000900,""error_uv"":900,""pp_uv"":1716},""1"":{""mean_uv"":995178,""error_uv"":-4822,""pp_uv"":2155},""2"":{""mean_uv"":1011142,""error_uv"":11142,""pp_uv"":457},""3"":{""mean_uv"":1119384,""error_uv"":119384,""pp_uv"":133},""4"":{""mean_uv"":742664,""error_uv"":-257336,""pp_uv"":133}},{""0"":{""mean_uv"":1001091,""error_uv"":1091,""pp_uv"":1449},""1"":{""mean_uv"":995635,""error_uv"":-4365,""pp_uv"":2079},""2"":{""mean_uv"":1008644,""error_uv"":8644,""pp_uv"":419},""3"":{""mean_uv"":1119365,""error_uv"":119365,""pp_uv"":95},""4"":{""mean_uv"":742683,""error_uv"":-257317,""pp_uv"":133}},{""0"":{""mean_uv"":1000995,""error_uv"":995,""pp_uv"":1621},""1"":{""mean_uv"":996189,""error_uv"":-3811,""pp_uv"":2155},""2"":{""mean_uv"":1006450,""error_uv"":6450,""pp_uv"":534},""3"":{""mean_uv"":1118659,""error_uv"":118659,""pp_uv"":2765},""4"":{""mean_uv"":742645,""error_uv"":-257355,""pp_uv"":152}}]},""codes"":[6,6,0,0]}"
24,coupled,False,19,2026-09-08T12:58:54,observation,    verificación durante 2tau: PGAgain=+1.0mV BPo=-4.4mV OPA_SUMo=+8.6mV SUMo=+119.4mV LPo=-257.3mV,"[6, 6, 0, 0]",,2,8644,457,4692,"{""at"":""2026-09-08T12:58:54"",""kind"":""observation"",""message"":""    verificación durante 2tau: PGAgain=+1.0mV BPo=-4.4mV OPA_SUMo=+8.6mV SUMo=+119.4mV LPo=-257.3mV"",""label"":""verificación durante 2tau"",""observation"":{""errors_uv"":{""0"":995,""1"":-4365,""2"":8644,""3"":119365,""4"":-257336},""pp_uv"":{""0"":1621,""1"":2155,""2"":457,""3"":133,""4"":133},""spread_uv"":{""0"":191,""1"":1011,""2"":4692,""3"":725,""4"":38},""samples"":[{""0"":{""mean_uv"":1000900,""error_uv"":900,""pp_uv"":1716},""1"":{""mean_uv"":995178,""error_uv"":-4822,""pp_uv"":2155},""2"":{""mean_uv"":1011142,""error_uv"":11142,""pp_uv"":457},""3"":{""mean_uv"":1119384,""error_uv"":119384,""pp_uv"":133},""4"":{""mean_uv"":742664,""error_uv"":-257336,""pp_uv"":133}},{""0"":{""mean_uv"":1001091,""error_uv"":1091,""pp_uv"":1449},""1"":{""mean_uv"":995635,""error_uv"":-4365,""pp_uv"":2079},""2"":{""mean_uv"":1008644,""error_uv"":8644,""pp_uv"":419},""3"":{""mean_uv"":1119365,""error_uv"":119365,""pp_uv"":95},""4"":{""mean_uv"":742683,""error_uv"":-257317,""pp_uv"":133}},{""0"":{""mean_uv"":1000995,""error_uv"":995,""pp_uv"":1621},""1"":{""mean_uv"":996189,""error_uv"":-3811,""pp_uv"":2155},""2"":{""mean_uv"":1006450,""error_uv"":6450,""pp_uv"":534},""3"":{""mean_uv"":1118659,""error_uv"":118659,""pp_uv"":2765},""4"":{""mean_uv"":742645,""error_uv"":-257355,""pp_uv"":152}}]},""codes"":[6,6,0,0]}"
24,coupled,False,19,2026-09-08T12:58:54,observation,    verificación durante 2tau: PGAgain=+1.0mV BPo=-4.4mV OPA_SUMo=+8.6mV SUMo=+119.4mV LPo=-257.3mV,"[6, 6, 0, 0]",,3,119365,133,725,"{""at"":""2026-09-08T12:58:54"",""kind"":""observation"",""message"":""    verificación durante 2tau: PGAgain=+1.0mV BPo=-4.4mV OPA_SUMo=+8.6mV SUMo=+119.4mV LPo=-257.3mV"",""label"":""verificación durante 2tau"",""observation"":{""errors_uv"":{""0"":995,""1"":-4365,""2"":8644,""3"":119365,""4"":-257336},""pp_uv"":{""0"":1621,""1"":2155,""2"":457,""3"":133,""4"":133},""spread_uv"":{""0"":191,""1"":1011,""2"":4692,""3"":725,""4"":38},""samples"":[{""0"":{""mean_uv"":1000900,""error_uv"":900,""pp_uv"":1716},""1"":{""mean_uv"":995178,""error_uv"":-4822,""pp_uv"":2155},""2"":{""mean_uv"":1011142,""error_uv"":11142,""pp_uv"":457},""3"":{""mean_uv"":1119384,""error_uv"":119384,""pp_uv"":133},""4"":{""mean_uv"":742664,""error_uv"":-257336,""pp_uv"":133}},{""0"":{""mean_uv"":1001091,""error_uv"":1091,""pp_uv"":1449},""1"":{""mean_uv"":995635,""error_uv"":-4365,""pp_uv"":2079},""2"":{""mean_uv"":1008644,""error_uv"":8644,""pp_uv"":419},""3"":{""mean_uv"":1119365,""error_uv"":119365,""pp_uv"":95},""4"":{""mean_uv"":742683,""error_uv"":-257317,""pp_uv"":133}},{""0"":{""mean_uv"":1000995,""error_uv"":995,""pp_uv"":1621},""1"":{""mean_uv"":996189,""error_uv"":-3811,""pp_uv"":2155},""2"":{""mean_uv"":1006450,""error_uv"":6450,""pp_uv"":534},""3"":{""mean_uv"":1118659,""error_uv"":118659,""pp_uv"":2765},""4"":{""mean_uv"":742645,""error_uv"":-257355,""pp_uv"":152}}]},""codes"":[6,6,0,0]}"
24,coupled,False,19,2026-09-08T12:58:54,observation,    verificación durante 2tau: PGAgain=+1.0mV BPo=-4.4mV OPA_SUMo=+8.6mV SUMo=+119.4mV LPo=-257.3mV,"[6, 6, 0, 0]",,4,-257336,133,38,"{""at"":""2026-09-08T12:58:54"",""kind"":""observation"",""message"":""    verificación durante 2tau: PGAgain=+1.0mV BPo=-4.4mV OPA_SUMo=+8.6mV SUMo=+119.4mV LPo=-257.3mV"",""label"":""verificación durante 2tau"",""observation"":{""errors_uv"":{""0"":995,""1"":-4365,""2"":8644,""3"":119365,""4"":-257336},""pp_uv"":{""0"":1621,""1"":2155,""2"":457,""3"":133,""4"":133},""spread_uv"":{""0"":191,""1"":1011,""2"":4692,""3"":725,""4"":38},""samples"":[{""0"":{""mean_uv"":1000900,""error_uv"":900,""pp_uv"":1716},""1"":{""mean_uv"":995178,""error_uv"":-4822,""pp_uv"":2155},""2"":{""mean_uv"":1011142,""error_uv"":11142,""pp_uv"":457},""3"":{""mean_uv"":1119384,""error_uv"":119384,""pp_uv"":133},""4"":{""mean_uv"":742664,""error_uv"":-257336,""pp_uv"":133}},{""0"":{""mean_uv"":1001091,""error_uv"":1091,""pp_uv"":1449},""1"":{""mean_uv"":995635,""error_uv"":-4365,""pp_uv"":2079},""2"":{""mean_uv"":1008644,""error_uv"":8644,""pp_uv"":419},""3"":{""mean_uv"":1119365,""error_uv"":119365,""pp_uv"":95},""4"":{""mean_uv"":742683,""error_uv"":-257317,""pp_uv"":133}},{""0"":{""mean_uv"":1000995,""error_uv"":995,""pp_uv"":1621},""1"":{""mean_uv"":996189,""error_uv"":-3811,""pp_uv"":2155},""2"":{""mean_uv"":1006450,""error_uv"":6450,""pp_uv"":534},""3"":{""mean_uv"":1118659,""error_uv"":118659,""pp_uv"":2765},""4"":{""mean_uv"":742645,""error_uv"":-257355,""pp_uv"":152}}]},""codes"":[6,6,0,0]}"
24,coupled,False,20,2026-09-08T12:58:54,closed_loop_window,    ventana 2tau BP terminó: peor=119.4mV,"[6, 6, 0, 0]",,,,,,"{""at"":""2026-09-08T12:58:54"",""kind"":""closed_loop_window"",""message"":""    ventana 2tau BP terminó: peor=119.4mV"",""stages"":[0,1],""cycles"":2,""window_s"":57.0,""final_score_uv"":[119365,59880.64213708801]}"
24,coupled,False,21,2026-09-08T12:58:54,gain_fail,"FAIL x24: PI vectorial (0, 1) no convergió en 2tau BP","[6, 6, 0, 0]",,,,,,"{""at"":""2026-09-08T12:58:54"",""kind"":""gain_fail"",""message"":""FAIL x24: PI vectorial (0, 1) no convergió en 2tau BP""}"
24,coupled,False,22,2026-09-08T13:00:03,observation,    estado neutro: PGAgain=-14.7mV BPo=+2.1mV OPA_SUMo=+43.3mV SUMo=+43.1mV LPo=-257.5mV,"[0, 0, 0, 0]",,0,-14702,2460,287,"{""at"":""2026-09-08T13:00:03"",""kind"":""observation"",""message"":""    estado neutro: PGAgain=-14.7mV BPo=+2.1mV OPA_SUMo=+43.3mV SUMo=+43.1mV LPo=-257.5mV"",""label"":""estado neutro"",""observation"":{""errors_uv"":{""0"":-14702,""1"":2082,""2"":43319,""3"":43128,""4"":-257489},""pp_uv"":{""0"":2460,""1"":2918,""2"":648,""3"":648,""4"":133},""spread_uv"":{""0"":287,""1"":248,""2"":1984,""3"":2041,""4"":57},""samples"":[{""0"":{""mean_uv"":985240,""error_uv"":-14760,""pp_uv"":1926},""1"":{""mean_uv"":1002082,""error_uv"":2082,""pp_uv"":2918},""2"":{""mean_uv"":1042232,""error_uv"":42232,""pp_uv"":419},""3"":{""mean_uv"":1042041,""error_uv"":42041,""pp_uv"":648},""4"":{""mean_uv"":742492,""error_uv"":-257508,""pp_uv"":114}},{""0"":{""mean_uv"":985298,""error_uv"":-14702,""pp_uv"":2613},""1"":{""mean_uv"":1002159,""error_uv"":2159,""pp_uv"":3433},""2"":{""mean_uv"":1043319,""error_uv"":43319,""pp_uv"":648},""3"":{""mean_uv"":1043128,""error_uv"":43128,""pp_uv"":381},""4"":{""mean_uv"":742511,""error_uv"":-257489,""pp_uv"":171}},{""0"":{""mean_uv"":985527,""error_uv"":-14473,""pp_uv"":2460},""1"":{""mean_uv"":1001911,""error_uv"":1911,""pp_uv"":2346},""2"":{""mean_uv"":1044216,""error_uv"":44216,""pp_uv"":667},""3"":{""mean_uv"":1044082,""error_uv"":44082,""pp_uv"":648},""4"":{""mean_uv"":742549,""error_uv"":-257451,""pp_uv"":133}}]},""codes"":[0,0,0,0]}"
24,coupled,False,22,2026-09-08T13:00:03,observation,    estado neutro: PGAgain=-14.7mV BPo=+2.1mV OPA_SUMo=+43.3mV SUMo=+43.1mV LPo=-257.5mV,"[0, 0, 0, 0]",,1,2082,2918,248,"{""at"":""2026-09-08T13:00:03"",""kind"":""observation"",""message"":""    estado neutro: PGAgain=-14.7mV BPo=+2.1mV OPA_SUMo=+43.3mV SUMo=+43.1mV LPo=-257.5mV"",""label"":""estado neutro"",""observation"":{""errors_uv"":{""0"":-14702,""1"":2082,""2"":43319,""3"":43128,""4"":-257489},""pp_uv"":{""0"":2460,""1"":2918,""2"":648,""3"":648,""4"":133},""spread_uv"":{""0"":287,""1"":248,""2"":1984,""3"":2041,""4"":57},""samples"":[{""0"":{""mean_uv"":985240,""error_uv"":-14760,""pp_uv"":1926},""1"":{""mean_uv"":1002082,""error_uv"":2082,""pp_uv"":2918},""2"":{""mean_uv"":1042232,""error_uv"":42232,""pp_uv"":419},""3"":{""mean_uv"":1042041,""error_uv"":42041,""pp_uv"":648},""4"":{""mean_uv"":742492,""error_uv"":-257508,""pp_uv"":114}},{""0"":{""mean_uv"":985298,""error_uv"":-14702,""pp_uv"":2613},""1"":{""mean_uv"":1002159,""error_uv"":2159,""pp_uv"":3433},""2"":{""mean_uv"":1043319,""error_uv"":43319,""pp_uv"":648},""3"":{""mean_uv"":1043128,""error_uv"":43128,""pp_uv"":381},""4"":{""mean_uv"":742511,""error_uv"":-257489,""pp_uv"":171}},{""0"":{""mean_uv"":985527,""error_uv"":-14473,""pp_uv"":2460},""1"":{""mean_uv"":1001911,""error_uv"":1911,""pp_uv"":2346},""2"":{""mean_uv"":1044216,""error_uv"":44216,""pp_uv"":667},""3"":{""mean_uv"":1044082,""error_uv"":44082,""pp_uv"":648},""4"":{""mean_uv"":742549,""error_uv"":-257451,""pp_uv"":133}}]},""codes"":[0,0,0,0]}"
24,coupled,False,22,2026-09-08T13:00:03,observation,    estado neutro: PGAgain=-14.7mV BPo=+2.1mV OPA_SUMo=+43.3mV SUMo=+43.1mV LPo=-257.5mV,"[0, 0, 0, 0]",,2,43319,648,1984,"{""at"":""2026-09-08T13:00:03"",""kind"":""observation"",""message"":""    estado neutro: PGAgain=-14.7mV BPo=+2.1mV OPA_SUMo=+43.3mV SUMo=+43.1mV LPo=-257.5mV"",""label"":""estado neutro"",""observation"":{""errors_uv"":{""0"":-14702,""1"":2082,""2"":43319,""3"":43128,""4"":-257489},""pp_uv"":{""0"":2460,""1"":2918,""2"":648,""3"":648,""4"":133},""spread_uv"":{""0"":287,""1"":248,""2"":1984,""3"":2041,""4"":57},""samples"":[{""0"":{""mean_uv"":985240,""error_uv"":-14760,""pp_uv"":1926},""1"":{""mean_uv"":1002082,""error_uv"":2082,""pp_uv"":2918},""2"":{""mean_uv"":1042232,""error_uv"":42232,""pp_uv"":419},""3"":{""mean_uv"":1042041,""error_uv"":42041,""pp_uv"":648},""4"":{""mean_uv"":742492,""error_uv"":-257508,""pp_uv"":114}},{""0"":{""mean_uv"":985298,""error_uv"":-14702,""pp_uv"":2613},""1"":{""mean_uv"":1002159,""error_uv"":2159,""pp_uv"":3433},""2"":{""mean_uv"":1043319,""error_uv"":43319,""pp_uv"":648},""3"":{""mean_uv"":1043128,""error_uv"":43128,""pp_uv"":381},""4"":{""mean_uv"":742511,""error_uv"":-257489,""pp_uv"":171}},{""0"":{""mean_uv"":985527,""error_uv"":-14473,""pp_uv"":2460},""1"":{""mean_uv"":1001911,""error_uv"":1911,""pp_uv"":2346},""2"":{""mean_uv"":1044216,""error_uv"":44216,""pp_uv"":667},""3"":{""mean_uv"":1044082,""error_uv"":44082,""pp_uv"":648},""4"":{""mean_uv"":742549,""error_uv"":-257451,""pp_uv"":133}}]},""codes"":[0,0,0,0]}"
24,coupled,False,22,2026-09-08T13:00:03,observation,    estado neutro: PGAgain=-14.7mV BPo=+2.1mV OPA_SUMo=+43.3mV SUMo=+43.1mV LPo=-257.5mV,"[0, 0, 0, 0]",,3,43128,648,2041,"{""at"":""2026-09-08T13:00:03"",""kind"":""observation"",""message"":""    estado neutro: PGAgain=-14.7mV BPo=+2.1mV OPA_SUMo=+43.3mV SUMo=+43.1mV LPo=-257.5mV"",""label"":""estado neutro"",""observation"":{""errors_uv"":{""0"":-14702,""1"":2082,""2"":43319,""3"":43128,""4"":-257489},""pp_uv"":{""0"":2460,""1"":2918,""2"":648,""3"":648,""4"":133},""spread_uv"":{""0"":287,""1"":248,""2"":1984,""3"":2041,""4"":57},""samples"":[{""0"":{""mean_uv"":985240,""error_uv"":-14760,""pp_uv"":1926},""1"":{""mean_uv"":1002082,""error_uv"":2082,""pp_uv"":2918},""2"":{""mean_uv"":1042232,""error_uv"":42232,""pp_uv"":419},""3"":{""mean_uv"":1042041,""error_uv"":42041,""pp_uv"":648},""4"":{""mean_uv"":742492,""error_uv"":-257508,""pp_uv"":114}},{""0"":{""mean_uv"":985298,""error_uv"":-14702,""pp_uv"":2613},""1"":{""mean_uv"":1002159,""error_uv"":2159,""pp_uv"":3433},""2"":{""mean_uv"":1043319,""error_uv"":43319,""pp_uv"":648},""3"":{""mean_uv"":1043128,""error_uv"":43128,""pp_uv"":381},""4"":{""mean_uv"":742511,""error_uv"":-257489,""pp_uv"":171}},{""0"":{""mean_uv"":985527,""error_uv"":-14473,""pp_uv"":2460},""1"":{""mean_uv"":1001911,""error_uv"":1911,""pp_uv"":2346},""2"":{""mean_uv"":1044216,""error_uv"":44216,""pp_uv"":667},""3"":{""mean_uv"":1044082,""error_uv"":44082,""pp_uv"":648},""4"":{""mean_uv"":742549,""error_uv"":-257451,""pp_uv"":133}}]},""codes"":[0,0,0,0]}"
24,coupled,False,22,2026-09-08T13:00:03,observation,    estado neutro: PGAgain=-14.7mV BPo=+2.1mV OPA_SUMo=+43.3mV SUMo=+43.1mV LPo=-257.5mV,"[0, 0, 0, 0]",,4,-257489,133,57,"{""at"":""2026-09-08T13:00:03"",""kind"":""observation"",""message"":""    estado neutro: PGAgain=-14.7mV BPo=+2.1mV OPA_SUMo=+43.3mV SUMo=+43.1mV LPo=-257.5mV"",""label"":""estado neutro"",""observation"":{""errors_uv"":{""0"":-14702,""1"":2082,""2"":43319,""3"":43128,""4"":-257489},""pp_uv"":{""0"":2460,""1"":2918,""2"":648,""3"":648,""4"":133},""spread_uv"":{""0"":287,""1"":248,""2"":1984,""3"":2041,""4"":57},""samples"":[{""0"":{""mean_uv"":985240,""error_uv"":-14760,""pp_uv"":1926},""1"":{""mean_uv"":1002082,""error_uv"":2082,""pp_uv"":2918},""2"":{""mean_uv"":1042232,""error_uv"":42232,""pp_uv"":419},""3"":{""mean_uv"":1042041,""error_uv"":42041,""pp_uv"":648},""4"":{""mean_uv"":742492,""error_uv"":-257508,""pp_uv"":114}},{""0"":{""mean_uv"":985298,""error_uv"":-14702,""pp_uv"":2613},""1"":{""mean_uv"":1002159,""error_uv"":2159,""pp_uv"":3433},""2"":{""mean_uv"":1043319,""error_uv"":43319,""pp_uv"":648},""3"":{""mean_uv"":1043128,""error_uv"":43128,""pp_uv"":381},""4"":{""mean_uv"":742511,""error_uv"":-257489,""pp_uv"":171}},{""0"":{""mean_uv"":985527,""error_uv"":-14473,""pp_uv"":2460},""1"":{""mean_uv"":1001911,""error_uv"":1911,""pp_uv"":2346},""2"":{""mean_uv"":1044216,""error_uv"":44216,""pp_uv"":667},""3"":{""mean_uv"":1044082,""error_uv"":44082,""pp_uv"":648},""4"":{""mean_uv"":742549,""error_uv"":-257451,""pp_uv"":133}}]},""codes"":[0,0,0,0]}"
