ISO-10303-21;
HEADER;
/* Generated by software containing ST-Developer
 * from STEP Tools, Inc. (www.steptools.com) 
 */

FILE_DESCRIPTION(
/* description */ (''),
/* implementation_level */ '2;1');

FILE_NAME(
/* name */ 'Soporte2.step',
/* time_stamp */ '2026-07-30T14:06:57-03:00',
/* author */ (''),
/* organization */ (''),
/* preprocessor_version */ 'ST-DEVELOPER v20.1',
/* originating_system */ 'Autodesk Translation Framework v14.24.0.0',
/* authorisation */ '');

FILE_SCHEMA (('AUTOMOTIVE_DESIGN { 1 0 10303 214 3 1 1 }'));
ENDSEC;

DATA;
#10=MECHANICAL_DESIGN_GEOMETRIC_PRESENTATION_REPRESENTATION('',(#39,#40,
#41,#42),#5326);
#11=ITEM_DEFINED_TRANSFORMATION($,$,#2907,#3272);
#12=ITEM_DEFINED_TRANSFORMATION($,$,#3034,#3273);
#13=ITEM_DEFINED_TRANSFORMATION($,$,#3099,#3274);
#14=ITEM_DEFINED_TRANSFORMATION($,$,#3185,#3275);
#15=ITEM_DEFINED_TRANSFORMATION($,$,#3271,#3276);
#16=(
REPRESENTATION_RELATIONSHIP($,$,#5349,#5348)
REPRESENTATION_RELATIONSHIP_WITH_TRANSFORMATION(#11)
SHAPE_REPRESENTATION_RELATIONSHIP()
);
#17=(
REPRESENTATION_RELATIONSHIP($,$,#5350,#5348)
REPRESENTATION_RELATIONSHIP_WITH_TRANSFORMATION(#12)
SHAPE_REPRESENTATION_RELATIONSHIP()
);
#18=(
REPRESENTATION_RELATIONSHIP($,$,#5351,#5348)
REPRESENTATION_RELATIONSHIP_WITH_TRANSFORMATION(#13)
SHAPE_REPRESENTATION_RELATIONSHIP()
);
#19=(
REPRESENTATION_RELATIONSHIP($,$,#5352,#5348)
REPRESENTATION_RELATIONSHIP_WITH_TRANSFORMATION(#14)
SHAPE_REPRESENTATION_RELATIONSHIP()
);
#20=(
REPRESENTATION_RELATIONSHIP($,$,#5353,#5348)
REPRESENTATION_RELATIONSHIP_WITH_TRANSFORMATION(#15)
SHAPE_REPRESENTATION_RELATIONSHIP()
);
#21=CONTEXT_DEPENDENT_SHAPE_REPRESENTATION(#16,#5343);
#22=CONTEXT_DEPENDENT_SHAPE_REPRESENTATION(#17,#5344);
#23=CONTEXT_DEPENDENT_SHAPE_REPRESENTATION(#18,#5345);
#24=CONTEXT_DEPENDENT_SHAPE_REPRESENTATION(#19,#5346);
#25=CONTEXT_DEPENDENT_SHAPE_REPRESENTATION(#20,#5347);
#26=NEXT_ASSEMBLY_USAGE_OCCURRENCE('Hammer:1','Hammer:1','Hammer:1',#5355,
#5356,'Hammer:1');
#27=NEXT_ASSEMBLY_USAGE_OCCURRENCE('Leva:1','Leva:1','Leva:1',#5355,#5357,
'Leva:1');
#28=NEXT_ASSEMBLY_USAGE_OCCURRENCE('soporte1:1','soporte1:1',
'soporte1:1',#5355,#5358,'soporte1:1');
#29=NEXT_ASSEMBLY_USAGE_OCCURRENCE('sopprte2:1','sopprte2:1',
'sopprte2:1',#5355,#5359,'sopprte2:1');
#30=NEXT_ASSEMBLY_USAGE_OCCURRENCE('Component5:1','Component5:1',
'Component5:1',#5355,#5360,'Component5:1');
#31=SHAPE_REPRESENTATION_RELATIONSHIP('SRR','None',#5349,#35);
#32=SHAPE_REPRESENTATION_RELATIONSHIP('SRR','None',#5350,#36);
#33=SHAPE_REPRESENTATION_RELATIONSHIP('SRR','None',#5351,#37);
#34=SHAPE_REPRESENTATION_RELATIONSHIP('SRR','None',#5352,#38);
#35=ADVANCED_BREP_SHAPE_REPRESENTATION('',(#43),#5321);
#36=ADVANCED_BREP_SHAPE_REPRESENTATION('',(#44),#5322);
#37=ADVANCED_BREP_SHAPE_REPRESENTATION('',(#45),#5323);
#38=ADVANCED_BREP_SHAPE_REPRESENTATION('',(#46),#5324);
#39=STYLED_ITEM('',(#5382),#43);
#40=STYLED_ITEM('',(#5382),#44);
#41=STYLED_ITEM('',(#5382),#45);
#42=STYLED_ITEM('',(#5382),#46);
#43=MANIFOLD_SOLID_BREP('Hammer',#2846);
#44=MANIFOLD_SOLID_BREP('Leva',#2847);
#45=MANIFOLD_SOLID_BREP('soporte1',#2848);
#46=MANIFOLD_SOLID_BREP('sopprte2',#2849);
#47=FACE_BOUND('',#381,.T.);
#48=FACE_BOUND('',#384,.T.);
#49=FACE_BOUND('',#413,.T.);
#50=FACE_BOUND('',#416,.T.);
#51=FACE_BOUND('',#427,.T.);
#52=FACE_BOUND('',#429,.T.);
#53=FACE_BOUND('',#435,.T.);
#54=FACE_BOUND('',#437,.T.);
#55=FACE_BOUND('',#450,.T.);
#56=FACE_BOUND('',#457,.T.);
#57=FACE_BOUND('',#500,.T.);
#58=FACE_BOUND('',#501,.T.);
#59=FACE_BOUND('',#503,.T.);
#60=FACE_BOUND('',#504,.T.);
#61=FACE_BOUND('',#547,.T.);
#62=FACE_BOUND('',#548,.T.);
#63=FACE_BOUND('',#550,.T.);
#64=FACE_BOUND('',#551,.T.);
#65=SPHERICAL_SURFACE('',#2945,2.);
#66=SPHERICAL_SURFACE('',#3009,2.);
#67=SPHERICAL_SURFACE('',#3078,2.);
#68=SPHERICAL_SURFACE('',#3100,4.999);
#69=SPHERICAL_SURFACE('',#3106,4.999);
#70=SPHERICAL_SURFACE('',#3113,4.999);
#71=SPHERICAL_SURFACE('',#3117,4.999);
#72=SPHERICAL_SURFACE('',#3186,4.999);
#73=SPHERICAL_SURFACE('',#3192,4.999);
#74=SPHERICAL_SURFACE('',#3199,4.999);
#75=SPHERICAL_SURFACE('',#3203,4.999);
#76=B_SPLINE_CURVE_WITH_KNOTS('',3,(#4295,#4296,#4297,#4298,#4299,#4300,
#4301,#4302),.UNSPECIFIED.,.F.,.F.,(4,2,2,4),(1.06028228364608,1.10986553162588,
1.18608643026725,1.26230732890863),.UNSPECIFIED.);
#77=B_SPLINE_CURVE_WITH_KNOTS('',3,(#4322,#4323,#4324,#4325,#4326,#4327,
#4328,#4329),.UNSPECIFIED.,.F.,.F.,(4,2,2,4),(0.,0.0762208986413735,0.152441797282747,
0.202025045262549),.UNSPECIFIED.);
#78=B_SPLINE_CURVE_WITH_KNOTS('',3,(#4515,#4516,#4517,#4518,#4519,#4520,
#4521,#4522),.UNSPECIFIED.,.F.,.F.,(4,2,2,4),(1.06028228364608,1.10986553162588,
1.18608643026725,1.26230732890863),.UNSPECIFIED.);
#79=B_SPLINE_CURVE_WITH_KNOTS('',3,(#4540,#4541,#4542,#4543,#4544,#4545,
#4546,#4547),.UNSPECIFIED.,.F.,.F.,(4,2,2,4),(0.,0.0762208986413735,0.152441797282747,
0.202025045262549),.UNSPECIFIED.);
#80=B_SPLINE_CURVE_WITH_KNOTS('',3,(#4676,#4677,#4678,#4679,#4680,#4681,
#4682,#4683,#4684,#4685,#4686,#4687),.UNSPECIFIED.,.F.,.F.,(4,2,2,2,2,4),
(-0.0116366577294109,0.,0.237793150301699,0.392235651457773,0.545825261321234,
0.621002106550143),.UNSPECIFIED.);
#81=B_SPLINE_CURVE_WITH_KNOTS('',3,(#4693,#4694,#4695,#4696,#4697,#4698,
#4699,#4700,#4701,#4702),.UNSPECIFIED.,.F.,.F.,(4,2,2,2,4),(-0.00148528908246626,
0.,0.586878395180792,0.880802141795111,0.978509297099545),.UNSPECIFIED.);
#82=B_SPLINE_CURVE_WITH_KNOTS('',3,(#4705,#4706,#4707,#4708,#4709,#4710,
#4711,#4712,#4713,#4714),.UNSPECIFIED.,.F.,.F.,(4,2,2,2,4),(-3.27208258244323,
-3.27065515262461,-2.84538267213519,-2.50865342523739,-2.31593212915519),
 .UNSPECIFIED.);
#83=B_SPLINE_CURVE_WITH_KNOTS('',3,(#4717,#4718,#4719,#4720,#4721,#4722,
#4723,#4724,#4725,#4726,#4727,#4728),.UNSPECIFIED.,.F.,.F.,(4,2,2,2,2,4),
(-0.00291638433531077,0.,0.159434237049385,0.315564374048768,0.471511688638214,
0.627518475821714),.UNSPECIFIED.);
#84=B_SPLINE_CURVE_WITH_KNOTS('',3,(#4803,#4804,#4805,#4806,#4807,#4808,
#4809,#4810,#4811,#4812),.UNSPECIFIED.,.F.,.F.,(4,2,2,2,4),(0.645320400776287,
0.80589228299683,0.966464165217373,1.11635741200348,1.26625065878958),
 .UNSPECIFIED.);
#85=B_SPLINE_CURVE_WITH_KNOTS('',3,(#4848,#4849,#4850,#4851,#4852,#4853,
#4854,#4855,#4856,#4857),.UNSPECIFIED.,.F.,.F.,(4,2,2,2,4),(0.645320400776287,
0.80589228299683,0.966464165217373,1.11635741200348,1.26625065878958),
 .UNSPECIFIED.);
#86=(
BOUNDED_SURFACE()
B_SPLINE_SURFACE(2,2,((#4271,#4272,#4273,#4274,#4275),(#4276,#4277,#4278,
#4279,#4280),(#4281,#4282,#4283,#4284,#4285)),.UNSPECIFIED.,.F.,.F.,.F.)
B_SPLINE_SURFACE_WITH_KNOTS((3,3),(3,2,3),(0.,1.5707963267949),(-1.57079632679491,
-6.66133814775094E-15,1.5707963267949),.UNSPECIFIED.)
GEOMETRIC_REPRESENTATION_ITEM()
RATIONAL_B_SPLINE_SURFACE(((1.,0.707106781186545,1.,0.707106781186545,1.),
(0.707106781186548,0.499999999999999,0.707106781186548,0.499999999999999,
0.707106781186548),(1.,0.707106781186545,1.,0.707106781186545,1.)))
REPRESENTATION_ITEM('')
SURFACE()
);
#87=(
BOUNDED_SURFACE()
B_SPLINE_SURFACE(2,2,((#4333,#4334,#4335),(#4336,#4337,#4338),(#4339,#4340,
#4341)),.UNSPECIFIED.,.F.,.F.,.F.)
B_SPLINE_SURFACE_WITH_KNOTS((3,3),(3,3),(0.,1.31811607165282),(-1.5707963267949,
4.82947015711943E-15),.UNSPECIFIED.)
GEOMETRIC_REPRESENTATION_ITEM()
RATIONAL_B_SPLINE_SURFACE(((1.,0.707106781186544,1.),(0.790569415042095,
0.559016994374944,0.790569415042095),(1.,0.707106781186544,1.)))
REPRESENTATION_ITEM('')
SURFACE()
);
#88=(
BOUNDED_SURFACE()
B_SPLINE_SURFACE(2,2,((#4355,#4356,#4357,#4358,#4359,#4360,#4361,#4362,
#4363),(#4364,#4365,#4366,#4367,#4368,#4369,#4370,#4371,#4372),(#4373,#4374,
#4375,#4376,#4377,#4378,#4379,#4380,#4381)),.UNSPECIFIED.,.F.,.T.,.F.)
B_SPLINE_SURFACE_WITH_KNOTS((3,3),(3,2,2,2,3),(-1.5707963267949,0.),(-3.14159265358979,
-1.5707963267949,0.,1.5707963267949,3.14159265358979),.UNSPECIFIED.)
GEOMETRIC_REPRESENTATION_ITEM()
RATIONAL_B_SPLINE_SURFACE(((1.,0.707106781186548,1.,0.707106781186548,1.,
0.707106781186548,1.,0.707106781186548,1.),(0.707106781186548,0.500000000000001,
0.707106781186548,0.500000000000001,0.707106781186548,0.500000000000001,
0.707106781186548,0.500000000000001,0.707106781186548),(1.,0.707106781186548,
1.,0.707106781186548,1.,0.707106781186548,1.,0.707106781186548,1.)))
REPRESENTATION_ITEM('')
SURFACE()
);
#89=(
BOUNDED_SURFACE()
B_SPLINE_SURFACE(2,2,((#4398,#4399,#4400,#4401,#4402,#4403,#4404,#4405,
#4406),(#4407,#4408,#4409,#4410,#4411,#4412,#4413,#4414,#4415),(#4416,#4417,
#4418,#4419,#4420,#4421,#4422,#4423,#4424)),.UNSPECIFIED.,.F.,.T.,.F.)
B_SPLINE_SURFACE_WITH_KNOTS((3,3),(3,2,2,2,3),(0.,1.5707963267949),(-3.14159265358979,
-1.5707963267949,0.,1.5707963267949,3.14159265358979),.UNSPECIFIED.)
GEOMETRIC_REPRESENTATION_ITEM()
RATIONAL_B_SPLINE_SURFACE(((1.,0.707106781186548,1.,0.707106781186548,1.,
0.707106781186548,1.,0.707106781186548,1.),(0.707106781186543,0.499999999999997,
0.707106781186543,0.499999999999997,0.707106781186543,0.499999999999997,
0.707106781186543,0.499999999999997,0.707106781186543),(1.,0.707106781186548,
1.,0.707106781186548,1.,0.707106781186548,1.,0.707106781186548,1.)))
REPRESENTATION_ITEM('')
SURFACE()
);
#90=(
BOUNDED_SURFACE()
B_SPLINE_SURFACE(2,2,((#4491,#4492,#4493,#4494,#4495),(#4496,#4497,#4498,
#4499,#4500),(#4501,#4502,#4503,#4504,#4505)),.UNSPECIFIED.,.F.,.F.,.F.)
B_SPLINE_SURFACE_WITH_KNOTS((3,3),(3,2,3),(0.,1.5707963267949),(-1.5707963267949,
2.22044604925031E-16,1.5707963267949),.UNSPECIFIED.)
GEOMETRIC_REPRESENTATION_ITEM()
RATIONAL_B_SPLINE_SURFACE(((1.,0.707106781186545,1.,0.707106781186545,1.),
(0.707106781186548,0.499999999999999,0.707106781186548,0.499999999999999,
0.707106781186548),(1.,0.707106781186545,1.,0.707106781186545,1.)))
REPRESENTATION_ITEM('')
SURFACE()
);
#91=(
BOUNDED_SURFACE()
B_SPLINE_SURFACE(2,2,((#4551,#4552,#4553),(#4554,#4555,#4556),(#4557,#4558,
#4559)),.UNSPECIFIED.,.F.,.F.,.F.)
B_SPLINE_SURFACE_WITH_KNOTS((3,3),(3,3),(0.,1.31811607165282),(-1.5707963267949,
4.82947015711943E-15),.UNSPECIFIED.)
GEOMETRIC_REPRESENTATION_ITEM()
RATIONAL_B_SPLINE_SURFACE(((1.,0.707106781186544,1.),(0.790569415042095,
0.559016994374944,0.790569415042095),(1.,0.707106781186544,1.)))
REPRESENTATION_ITEM('')
SURFACE()
);
#92=(
BOUNDED_SURFACE()
B_SPLINE_SURFACE(2,2,((#4583,#4584,#4585,#4586,#4587,#4588,#4589,#4590,
#4591),(#4592,#4593,#4594,#4595,#4596,#4597,#4598,#4599,#4600),(#4601,#4602,
#4603,#4604,#4605,#4606,#4607,#4608,#4609)),.UNSPECIFIED.,.F.,.T.,.F.)
B_SPLINE_SURFACE_WITH_KNOTS((3,3),(3,2,2,2,3),(-1.5707963267949,0.),(-3.14159265358979,
-1.5707963267949,0.,1.5707963267949,3.14159265358979),.UNSPECIFIED.)
GEOMETRIC_REPRESENTATION_ITEM()
RATIONAL_B_SPLINE_SURFACE(((1.,0.707106781186548,1.,0.707106781186548,1.,
0.707106781186548,1.,0.707106781186548,1.),(0.707106781186548,0.500000000000001,
0.707106781186548,0.500000000000001,0.707106781186548,0.500000000000001,
0.707106781186548,0.500000000000001,0.707106781186548),(1.,0.707106781186548,
1.,0.707106781186548,1.,0.707106781186548,1.,0.707106781186548,1.)))
REPRESENTATION_ITEM('')
SURFACE()
);
#93=(
BOUNDED_SURFACE()
B_SPLINE_SURFACE(2,2,((#4626,#4627,#4628,#4629,#4630,#4631,#4632,#4633,
#4634),(#4635,#4636,#4637,#4638,#4639,#4640,#4641,#4642,#4643),(#4644,#4645,
#4646,#4647,#4648,#4649,#4650,#4651,#4652)),.UNSPECIFIED.,.F.,.T.,.F.)
B_SPLINE_SURFACE_WITH_KNOTS((3,3),(3,2,2,2,3),(0.,1.5707963267949),(-3.14159265358979,
-1.5707963267949,0.,1.5707963267949,3.14159265358979),.UNSPECIFIED.)
GEOMETRIC_REPRESENTATION_ITEM()
RATIONAL_B_SPLINE_SURFACE(((1.,0.707106781186548,1.,0.707106781186548,1.,
0.707106781186548,1.,0.707106781186548,1.),(0.707106781186543,0.499999999999997,
0.707106781186543,0.499999999999997,0.707106781186543,0.499999999999997,
0.707106781186543,0.499999999999997,0.707106781186543),(1.,0.707106781186548,
1.,0.707106781186548,1.,0.707106781186548,1.,0.707106781186548,1.)))
REPRESENTATION_ITEM('')
SURFACE()
);
#94=(
BOUNDED_SURFACE()
B_SPLINE_SURFACE(2,2,((#4821,#4822,#4823,#4824,#4825,#4826,#4827),(#4828,
#4829,#4830,#4831,#4832,#4833,#4834),(#4835,#4836,#4837,#4838,#4839,#4840,
#4841)),.UNSPECIFIED.,.F.,.F.,.F.)
B_SPLINE_SURFACE_WITH_KNOTS((3,3),(3,2,2,3),(-3.14159265358979,-1.57079632679488),
(-1.59224755558311,-0.530749185194372,0.530749185194371,1.59224755558311),
 .UNSPECIFIED.)
GEOMETRIC_REPRESENTATION_ITEM()
RATIONAL_B_SPLINE_SURFACE(((1.,0.8624280903182,1.,0.8624280903182,1.,0.8624280903182,
1.),(0.707106781186541,0.609828750949758,0.707106781186541,0.609828750949758,
0.707106781186541,0.609828750949758,0.707106781186541),(1.,0.8624280903182,
1.,0.8624280903182,1.,0.8624280903182,1.)))
REPRESENTATION_ITEM('')
SURFACE()
);
#95=TOROIDAL_SURFACE('',#2917,9.00000000000001,4.);
#96=TOROIDAL_SURFACE('',#2922,9.,4.);
#97=TOROIDAL_SURFACE('',#2936,9.00000000000001,4.);
#98=TOROIDAL_SURFACE('',#2977,9.00000000000001,4.);
#99=TOROIDAL_SURFACE('',#2982,9.,4.);
#100=TOROIDAL_SURFACE('',#2996,9.00000000000001,4.);
#101=TOROIDAL_SURFACE('',#3047,3.,2.);
#102=TOROIDAL_SURFACE('',#3053,3.,2.);
#103=TOROIDAL_SURFACE('',#3064,3.,2.);
#104=TOROIDAL_SURFACE('',#3070,3.,2.);
#105=TOROIDAL_SURFACE('',#3083,18.,4.);
#106=TOROIDAL_SURFACE('',#3091,18.,4.);
#107=TOROIDAL_SURFACE('',#3121,9.998,4.999);
#108=TOROIDAL_SURFACE('',#3129,9.998,4.999);
#109=TOROIDAL_SURFACE('',#3207,9.998,4.999);
#110=TOROIDAL_SURFACE('',#3215,9.998,4.999);
#111=CYLINDRICAL_SURFACE('',#2914,4.);
#112=CYLINDRICAL_SURFACE('',#2920,4.);
#113=CYLINDRICAL_SURFACE('',#2925,4.);
#114=CYLINDRICAL_SURFACE('',#2929,4.);
#115=CYLINDRICAL_SURFACE('',#2931,4.);
#116=CYLINDRICAL_SURFACE('',#2933,4.);
#117=CYLINDRICAL_SURFACE('',#2939,4.);
#118=CYLINDRICAL_SURFACE('',#2941,4.);
#119=CYLINDRICAL_SURFACE('',#2949,2.);
#120=CYLINDRICAL_SURFACE('',#2955,5.);
#121=CYLINDRICAL_SURFACE('',#2963,2.);
#122=CYLINDRICAL_SURFACE('',#2975,4.);
#123=CYLINDRICAL_SURFACE('',#2980,4.);
#124=CYLINDRICAL_SURFACE('',#2985,4.);
#125=CYLINDRICAL_SURFACE('',#2989,4.);
#126=CYLINDRICAL_SURFACE('',#2991,4.);
#127=CYLINDRICAL_SURFACE('',#2993,4.);
#128=CYLINDRICAL_SURFACE('',#2999,4.);
#129=CYLINDRICAL_SURFACE('',#3000,4.);
#130=CYLINDRICAL_SURFACE('',#3005,5.00000000000001);
#131=CYLINDRICAL_SURFACE('',#3007,4.99999999999999);
#132=CYLINDRICAL_SURFACE('',#3013,2.);
#133=CYLINDRICAL_SURFACE('',#3019,5.);
#134=CYLINDRICAL_SURFACE('',#3027,2.);
#135=CYLINDRICAL_SURFACE('',#3028,4.99999999999999);
#136=CYLINDRICAL_SURFACE('',#3030,5.00000000000001);
#137=CYLINDRICAL_SURFACE('',#3032,5.);
#138=CYLINDRICAL_SURFACE('',#3035,17.6742673680956);
#139=CYLINDRICAL_SURFACE('',#3038,52.8480221162466);
#140=CYLINDRICAL_SURFACE('',#3051,5.);
#141=CYLINDRICAL_SURFACE('',#3055,2.);
#142=CYLINDRICAL_SURFACE('',#3068,5.);
#143=CYLINDRICAL_SURFACE('',#3072,2.);
#144=CYLINDRICAL_SURFACE('',#3074,2.);
#145=CYLINDRICAL_SURFACE('',#3076,2.);
#146=CYLINDRICAL_SURFACE('',#3081,4.);
#147=CYLINDRICAL_SURFACE('',#3089,4.);
#148=CYLINDRICAL_SURFACE('',#3094,14.);
#149=CYLINDRICAL_SURFACE('',#3096,23.4814506417057);
#150=CYLINDRICAL_SURFACE('',#3104,4.999);
#151=CYLINDRICAL_SURFACE('',#3110,4.999);
#152=CYLINDRICAL_SURFACE('',#3112,4.999);
#153=CYLINDRICAL_SURFACE('',#3126,4.999);
#154=CYLINDRICAL_SURFACE('',#3127,4.999);
#155=CYLINDRICAL_SURFACE('',#3134,4.999);
#156=CYLINDRICAL_SURFACE('',#3136,4.999);
#157=CYLINDRICAL_SURFACE('',#3137,4.999);
#158=CYLINDRICAL_SURFACE('',#3138,4.999);
#159=CYLINDRICAL_SURFACE('',#3139,4.999);
#160=CYLINDRICAL_SURFACE('',#3140,4.999);
#161=CYLINDRICAL_SURFACE('',#3148,2.5);
#162=CYLINDRICAL_SURFACE('',#3151,2.5);
#163=CYLINDRICAL_SURFACE('',#3154,5.);
#164=CYLINDRICAL_SURFACE('',#3158,10.);
#165=CYLINDRICAL_SURFACE('',#3162,4.99999999999999);
#166=CYLINDRICAL_SURFACE('',#3166,9.99999999999994);
#167=CYLINDRICAL_SURFACE('',#3170,5.);
#168=CYLINDRICAL_SURFACE('',#3174,10.);
#169=CYLINDRICAL_SURFACE('',#3179,5.);
#170=CYLINDRICAL_SURFACE('',#3190,4.999);
#171=CYLINDRICAL_SURFACE('',#3196,4.999);
#172=CYLINDRICAL_SURFACE('',#3198,4.999);
#173=CYLINDRICAL_SURFACE('',#3212,4.999);
#174=CYLINDRICAL_SURFACE('',#3213,4.999);
#175=CYLINDRICAL_SURFACE('',#3220,4.999);
#176=CYLINDRICAL_SURFACE('',#3222,4.999);
#177=CYLINDRICAL_SURFACE('',#3223,4.999);
#178=CYLINDRICAL_SURFACE('',#3224,4.999);
#179=CYLINDRICAL_SURFACE('',#3225,4.999);
#180=CYLINDRICAL_SURFACE('',#3226,4.999);
#181=CYLINDRICAL_SURFACE('',#3234,2.5);
#182=CYLINDRICAL_SURFACE('',#3237,2.5);
#183=CYLINDRICAL_SURFACE('',#3240,5.);
#184=CYLINDRICAL_SURFACE('',#3244,10.);
#185=CYLINDRICAL_SURFACE('',#3248,4.99999999999999);
#186=CYLINDRICAL_SURFACE('',#3252,9.99999999999994);
#187=CYLINDRICAL_SURFACE('',#3256,5.);
#188=CYLINDRICAL_SURFACE('',#3260,10.);
#189=CYLINDRICAL_SURFACE('',#3265,5.);
#190=FACE_OUTER_BOUND('',#362,.T.);
#191=FACE_OUTER_BOUND('',#363,.T.);
#192=FACE_OUTER_BOUND('',#364,.T.);
#193=FACE_OUTER_BOUND('',#365,.T.);
#194=FACE_OUTER_BOUND('',#366,.T.);
#195=FACE_OUTER_BOUND('',#367,.T.);
#196=FACE_OUTER_BOUND('',#368,.T.);
#197=FACE_OUTER_BOUND('',#369,.T.);
#198=FACE_OUTER_BOUND('',#370,.T.);
#199=FACE_OUTER_BOUND('',#371,.T.);
#200=FACE_OUTER_BOUND('',#372,.T.);
#201=FACE_OUTER_BOUND('',#373,.T.);
#202=FACE_OUTER_BOUND('',#374,.T.);
#203=FACE_OUTER_BOUND('',#375,.T.);
#204=FACE_OUTER_BOUND('',#376,.T.);
#205=FACE_OUTER_BOUND('',#377,.T.);
#206=FACE_OUTER_BOUND('',#378,.T.);
#207=FACE_OUTER_BOUND('',#379,.T.);
#208=FACE_OUTER_BOUND('',#380,.T.);
#209=FACE_OUTER_BOUND('',#382,.T.);
#210=FACE_OUTER_BOUND('',#383,.T.);
#211=FACE_OUTER_BOUND('',#385,.T.);
#212=FACE_OUTER_BOUND('',#386,.T.);
#213=FACE_OUTER_BOUND('',#387,.T.);
#214=FACE_OUTER_BOUND('',#388,.T.);
#215=FACE_OUTER_BOUND('',#389,.T.);
#216=FACE_OUTER_BOUND('',#390,.T.);
#217=FACE_OUTER_BOUND('',#391,.T.);
#218=FACE_OUTER_BOUND('',#392,.T.);
#219=FACE_OUTER_BOUND('',#393,.T.);
#220=FACE_OUTER_BOUND('',#394,.T.);
#221=FACE_OUTER_BOUND('',#395,.T.);
#222=FACE_OUTER_BOUND('',#396,.T.);
#223=FACE_OUTER_BOUND('',#397,.T.);
#224=FACE_OUTER_BOUND('',#398,.T.);
#225=FACE_OUTER_BOUND('',#399,.T.);
#226=FACE_OUTER_BOUND('',#400,.T.);
#227=FACE_OUTER_BOUND('',#401,.T.);
#228=FACE_OUTER_BOUND('',#402,.T.);
#229=FACE_OUTER_BOUND('',#403,.T.);
#230=FACE_OUTER_BOUND('',#404,.T.);
#231=FACE_OUTER_BOUND('',#405,.T.);
#232=FACE_OUTER_BOUND('',#406,.T.);
#233=FACE_OUTER_BOUND('',#407,.T.);
#234=FACE_OUTER_BOUND('',#408,.T.);
#235=FACE_OUTER_BOUND('',#409,.T.);
#236=FACE_OUTER_BOUND('',#410,.T.);
#237=FACE_OUTER_BOUND('',#411,.T.);
#238=FACE_OUTER_BOUND('',#412,.T.);
#239=FACE_OUTER_BOUND('',#414,.T.);
#240=FACE_OUTER_BOUND('',#415,.T.);
#241=FACE_OUTER_BOUND('',#417,.T.);
#242=FACE_OUTER_BOUND('',#418,.T.);
#243=FACE_OUTER_BOUND('',#419,.T.);
#244=FACE_OUTER_BOUND('',#420,.T.);
#245=FACE_OUTER_BOUND('',#421,.T.);
#246=FACE_OUTER_BOUND('',#422,.T.);
#247=FACE_OUTER_BOUND('',#423,.T.);
#248=FACE_OUTER_BOUND('',#424,.T.);
#249=FACE_OUTER_BOUND('',#425,.T.);
#250=FACE_OUTER_BOUND('',#426,.T.);
#251=FACE_OUTER_BOUND('',#428,.T.);
#252=FACE_OUTER_BOUND('',#430,.T.);
#253=FACE_OUTER_BOUND('',#431,.T.);
#254=FACE_OUTER_BOUND('',#432,.T.);
#255=FACE_OUTER_BOUND('',#433,.T.);
#256=FACE_OUTER_BOUND('',#434,.T.);
#257=FACE_OUTER_BOUND('',#436,.T.);
#258=FACE_OUTER_BOUND('',#438,.T.);
#259=FACE_OUTER_BOUND('',#439,.T.);
#260=FACE_OUTER_BOUND('',#440,.T.);
#261=FACE_OUTER_BOUND('',#441,.T.);
#262=FACE_OUTER_BOUND('',#442,.T.);
#263=FACE_OUTER_BOUND('',#443,.T.);
#264=FACE_OUTER_BOUND('',#444,.T.);
#265=FACE_OUTER_BOUND('',#445,.T.);
#266=FACE_OUTER_BOUND('',#446,.T.);
#267=FACE_OUTER_BOUND('',#447,.T.);
#268=FACE_OUTER_BOUND('',#448,.T.);
#269=FACE_OUTER_BOUND('',#449,.T.);
#270=FACE_OUTER_BOUND('',#451,.T.);
#271=FACE_OUTER_BOUND('',#452,.T.);
#272=FACE_OUTER_BOUND('',#453,.T.);
#273=FACE_OUTER_BOUND('',#454,.T.);
#274=FACE_OUTER_BOUND('',#455,.T.);
#275=FACE_OUTER_BOUND('',#456,.T.);
#276=FACE_OUTER_BOUND('',#458,.T.);
#277=FACE_OUTER_BOUND('',#459,.T.);
#278=FACE_OUTER_BOUND('',#460,.T.);
#279=FACE_OUTER_BOUND('',#461,.T.);
#280=FACE_OUTER_BOUND('',#462,.T.);
#281=FACE_OUTER_BOUND('',#463,.T.);
#282=FACE_OUTER_BOUND('',#464,.T.);
#283=FACE_OUTER_BOUND('',#465,.T.);
#284=FACE_OUTER_BOUND('',#466,.T.);
#285=FACE_OUTER_BOUND('',#467,.T.);
#286=FACE_OUTER_BOUND('',#468,.T.);
#287=FACE_OUTER_BOUND('',#469,.T.);
#288=FACE_OUTER_BOUND('',#470,.T.);
#289=FACE_OUTER_BOUND('',#471,.T.);
#290=FACE_OUTER_BOUND('',#472,.T.);
#291=FACE_OUTER_BOUND('',#473,.T.);
#292=FACE_OUTER_BOUND('',#474,.T.);
#293=FACE_OUTER_BOUND('',#475,.T.);
#294=FACE_OUTER_BOUND('',#476,.T.);
#295=FACE_OUTER_BOUND('',#477,.T.);
#296=FACE_OUTER_BOUND('',#478,.T.);
#297=FACE_OUTER_BOUND('',#479,.T.);
#298=FACE_OUTER_BOUND('',#480,.T.);
#299=FACE_OUTER_BOUND('',#481,.T.);
#300=FACE_OUTER_BOUND('',#482,.T.);
#301=FACE_OUTER_BOUND('',#483,.T.);
#302=FACE_OUTER_BOUND('',#484,.T.);
#303=FACE_OUTER_BOUND('',#485,.T.);
#304=FACE_OUTER_BOUND('',#486,.T.);
#305=FACE_OUTER_BOUND('',#487,.T.);
#306=FACE_OUTER_BOUND('',#488,.T.);
#307=FACE_OUTER_BOUND('',#489,.T.);
#308=FACE_OUTER_BOUND('',#490,.T.);
#309=FACE_OUTER_BOUND('',#491,.T.);
#310=FACE_OUTER_BOUND('',#492,.T.);
#311=FACE_OUTER_BOUND('',#493,.T.);
#312=FACE_OUTER_BOUND('',#494,.T.);
#313=FACE_OUTER_BOUND('',#495,.T.);
#314=FACE_OUTER_BOUND('',#496,.T.);
#315=FACE_OUTER_BOUND('',#497,.T.);
#316=FACE_OUTER_BOUND('',#498,.T.);
#317=FACE_OUTER_BOUND('',#499,.T.);
#318=FACE_OUTER_BOUND('',#502,.T.);
#319=FACE_OUTER_BOUND('',#505,.T.);
#320=FACE_OUTER_BOUND('',#506,.T.);
#321=FACE_OUTER_BOUND('',#507,.T.);
#322=FACE_OUTER_BOUND('',#508,.T.);
#323=FACE_OUTER_BOUND('',#509,.T.);
#324=FACE_OUTER_BOUND('',#510,.T.);
#325=FACE_OUTER_BOUND('',#511,.T.);
#326=FACE_OUTER_BOUND('',#512,.T.);
#327=FACE_OUTER_BOUND('',#513,.T.);
#328=FACE_OUTER_BOUND('',#514,.T.);
#329=FACE_OUTER_BOUND('',#515,.T.);
#330=FACE_OUTER_BOUND('',#516,.T.);
#331=FACE_OUTER_BOUND('',#517,.T.);
#332=FACE_OUTER_BOUND('',#518,.T.);
#333=FACE_OUTER_BOUND('',#519,.T.);
#334=FACE_OUTER_BOUND('',#520,.T.);
#335=FACE_OUTER_BOUND('',#521,.T.);
#336=FACE_OUTER_BOUND('',#522,.T.);
#337=FACE_OUTER_BOUND('',#523,.T.);
#338=FACE_OUTER_BOUND('',#524,.T.);
#339=FACE_OUTER_BOUND('',#525,.T.);
#340=FACE_OUTER_BOUND('',#526,.T.);
#341=FACE_OUTER_BOUND('',#527,.T.);
#342=FACE_OUTER_BOUND('',#528,.T.);
#343=FACE_OUTER_BOUND('',#529,.T.);
#344=FACE_OUTER_BOUND('',#530,.T.);
#345=FACE_OUTER_BOUND('',#531,.T.);
#346=FACE_OUTER_BOUND('',#532,.T.);
#347=FACE_OUTER_BOUND('',#533,.T.);
#348=FACE_OUTER_BOUND('',#534,.T.);
#349=FACE_OUTER_BOUND('',#535,.T.);
#350=FACE_OUTER_BOUND('',#536,.T.);
#351=FACE_OUTER_BOUND('',#537,.T.);
#352=FACE_OUTER_BOUND('',#538,.T.);
#353=FACE_OUTER_BOUND('',#539,.T.);
#354=FACE_OUTER_BOUND('',#540,.T.);
#355=FACE_OUTER_BOUND('',#541,.T.);
#356=FACE_OUTER_BOUND('',#542,.T.);
#357=FACE_OUTER_BOUND('',#543,.T.);
#358=FACE_OUTER_BOUND('',#544,.T.);
#359=FACE_OUTER_BOUND('',#545,.T.);
#360=FACE_OUTER_BOUND('',#546,.T.);
#361=FACE_OUTER_BOUND('',#549,.T.);
#362=EDGE_LOOP('',(#1805,#1806,#1807,#1808,#1809,#1810,#1811,#1812,#1813,
#1814,#1815,#1816,#1817,#1818));
#363=EDGE_LOOP('',(#1819,#1820,#1821,#1822));
#364=EDGE_LOOP('',(#1823,#1824,#1825,#1826));
#365=EDGE_LOOP('',(#1827,#1828,#1829,#1830));
#366=EDGE_LOOP('',(#1831,#1832,#1833,#1834));
#367=EDGE_LOOP('',(#1835,#1836,#1837,#1838));
#368=EDGE_LOOP('',(#1839,#1840,#1841,#1842));
#369=EDGE_LOOP('',(#1843,#1844,#1845,#1846));
#370=EDGE_LOOP('',(#1847,#1848,#1849,#1850));
#371=EDGE_LOOP('',(#1851,#1852,#1853,#1854));
#372=EDGE_LOOP('',(#1855,#1856,#1857,#1858));
#373=EDGE_LOOP('',(#1859,#1860,#1861,#1862));
#374=EDGE_LOOP('',(#1863,#1864,#1865,#1866));
#375=EDGE_LOOP('',(#1867,#1868,#1869,#1870));
#376=EDGE_LOOP('',(#1871,#1872,#1873,#1874));
#377=EDGE_LOOP('',(#1875,#1876,#1877,#1878,#1879));
#378=EDGE_LOOP('',(#1880,#1881,#1882,#1883,#1884));
#379=EDGE_LOOP('',(#1885,#1886,#1887,#1888,#1889,#1890));
#380=EDGE_LOOP('',(#1891));
#381=EDGE_LOOP('',(#1892));
#382=EDGE_LOOP('',(#1893,#1894,#1895,#1896,#1897));
#383=EDGE_LOOP('',(#1898));
#384=EDGE_LOOP('',(#1899));
#385=EDGE_LOOP('',(#1900,#1901,#1902,#1903,#1904,#1905,#1906));
#386=EDGE_LOOP('',(#1907,#1908,#1909,#1910,#1911,#1912));
#387=EDGE_LOOP('',(#1913,#1914,#1915,#1916,#1917,#1918));
#388=EDGE_LOOP('',(#1919,#1920,#1921,#1922));
#389=EDGE_LOOP('',(#1923,#1924,#1925,#1926,#1927,#1928,#1929,#1930,#1931,
#1932,#1933,#1934,#1935,#1936));
#390=EDGE_LOOP('',(#1937,#1938,#1939,#1940));
#391=EDGE_LOOP('',(#1941,#1942,#1943,#1944));
#392=EDGE_LOOP('',(#1945,#1946,#1947,#1948));
#393=EDGE_LOOP('',(#1949,#1950,#1951,#1952));
#394=EDGE_LOOP('',(#1953,#1954,#1955,#1956));
#395=EDGE_LOOP('',(#1957,#1958,#1959,#1960));
#396=EDGE_LOOP('',(#1961,#1962,#1963,#1964));
#397=EDGE_LOOP('',(#1965,#1966,#1967,#1968));
#398=EDGE_LOOP('',(#1969,#1970,#1971,#1972));
#399=EDGE_LOOP('',(#1973,#1974,#1975,#1976));
#400=EDGE_LOOP('',(#1977,#1978,#1979,#1980));
#401=EDGE_LOOP('',(#1981,#1982,#1983,#1984));
#402=EDGE_LOOP('',(#1985,#1986,#1987,#1988));
#403=EDGE_LOOP('',(#1989,#1990,#1991,#1992));
#404=EDGE_LOOP('',(#1993,#1994,#1995,#1996));
#405=EDGE_LOOP('',(#1997,#1998,#1999,#2000));
#406=EDGE_LOOP('',(#2001,#2002,#2003,#2004));
#407=EDGE_LOOP('',(#2005,#2006,#2007,#2008));
#408=EDGE_LOOP('',(#2009,#2010,#2011,#2012));
#409=EDGE_LOOP('',(#2013,#2014,#2015,#2016,#2017));
#410=EDGE_LOOP('',(#2018,#2019,#2020,#2021,#2022));
#411=EDGE_LOOP('',(#2023,#2024,#2025,#2026,#2027,#2028));
#412=EDGE_LOOP('',(#2029));
#413=EDGE_LOOP('',(#2030));
#414=EDGE_LOOP('',(#2031,#2032,#2033,#2034,#2035));
#415=EDGE_LOOP('',(#2036));
#416=EDGE_LOOP('',(#2037));
#417=EDGE_LOOP('',(#2038,#2039,#2040,#2041,#2042,#2043,#2044));
#418=EDGE_LOOP('',(#2045,#2046,#2047,#2048));
#419=EDGE_LOOP('',(#2049,#2050,#2051,#2052));
#420=EDGE_LOOP('',(#2053,#2054,#2055,#2056));
#421=EDGE_LOOP('',(#2057,#2058,#2059,#2060,#2061,#2062));
#422=EDGE_LOOP('',(#2063,#2064,#2065,#2066));
#423=EDGE_LOOP('',(#2067,#2068,#2069,#2070,#2071,#2072));
#424=EDGE_LOOP('',(#2073,#2074,#2075,#2076,#2077,#2078,#2079));
#425=EDGE_LOOP('',(#2080,#2081,#2082,#2083,#2084));
#426=EDGE_LOOP('',(#2085));
#427=EDGE_LOOP('',(#2086));
#428=EDGE_LOOP('',(#2087));
#429=EDGE_LOOP('',(#2088));
#430=EDGE_LOOP('',(#2089,#2090,#2091,#2092,#2093));
#431=EDGE_LOOP('',(#2094,#2095,#2096,#2097,#2098));
#432=EDGE_LOOP('',(#2099,#2100,#2101,#2102));
#433=EDGE_LOOP('',(#2103,#2104,#2105,#2106,#2107));
#434=EDGE_LOOP('',(#2108));
#435=EDGE_LOOP('',(#2109));
#436=EDGE_LOOP('',(#2110));
#437=EDGE_LOOP('',(#2111));
#438=EDGE_LOOP('',(#2112,#2113,#2114,#2115,#2116));
#439=EDGE_LOOP('',(#2117,#2118,#2119,#2120,#2121));
#440=EDGE_LOOP('',(#2122,#2123,#2124,#2125));
#441=EDGE_LOOP('',(#2126,#2127,#2128,#2129));
#442=EDGE_LOOP('',(#2130,#2131,#2132,#2133));
#443=EDGE_LOOP('',(#2134,#2135,#2136,#2137));
#444=EDGE_LOOP('',(#2138,#2139,#2140,#2141));
#445=EDGE_LOOP('',(#2142));
#446=EDGE_LOOP('',(#2143,#2144,#2145,#2146));
#447=EDGE_LOOP('',(#2147,#2148,#2149,#2150));
#448=EDGE_LOOP('',(#2151,#2152,#2153));
#449=EDGE_LOOP('',(#2154,#2155,#2156,#2157,#2158,#2159));
#450=EDGE_LOOP('',(#2160));
#451=EDGE_LOOP('',(#2161,#2162,#2163,#2164));
#452=EDGE_LOOP('',(#2165,#2166,#2167,#2168));
#453=EDGE_LOOP('',(#2169,#2170,#2171,#2172));
#454=EDGE_LOOP('',(#2173,#2174,#2175,#2176));
#455=EDGE_LOOP('',(#2177,#2178,#2179,#2180,#2181,#2182));
#456=EDGE_LOOP('',(#2183,#2184,#2185,#2186,#2187));
#457=EDGE_LOOP('',(#2188));
#458=EDGE_LOOP('',(#2189,#2190,#2191));
#459=EDGE_LOOP('',(#2192,#2193,#2194,#2195));
#460=EDGE_LOOP('',(#2196,#2197,#2198));
#461=EDGE_LOOP('',(#2199,#2200,#2201,#2202));
#462=EDGE_LOOP('',(#2203,#2204,#2205,#2206));
#463=EDGE_LOOP('',(#2207,#2208,#2209));
#464=EDGE_LOOP('',(#2210,#2211,#2212));
#465=EDGE_LOOP('',(#2213,#2214,#2215,#2216));
#466=EDGE_LOOP('',(#2217,#2218,#2219,#2220));
#467=EDGE_LOOP('',(#2221,#2222,#2223,#2224));
#468=EDGE_LOOP('',(#2225,#2226,#2227,#2228));
#469=EDGE_LOOP('',(#2229,#2230,#2231,#2232));
#470=EDGE_LOOP('',(#2233,#2234,#2235,#2236));
#471=EDGE_LOOP('',(#2237,#2238,#2239,#2240));
#472=EDGE_LOOP('',(#2241,#2242,#2243,#2244));
#473=EDGE_LOOP('',(#2245,#2246,#2247,#2248));
#474=EDGE_LOOP('',(#2249,#2250,#2251,#2252));
#475=EDGE_LOOP('',(#2253,#2254,#2255,#2256));
#476=EDGE_LOOP('',(#2257,#2258,#2259,#2260,#2261,#2262,#2263,#2264,#2265,
#2266));
#477=EDGE_LOOP('',(#2267,#2268,#2269,#2270,#2271,#2272,#2273));
#478=EDGE_LOOP('',(#2274,#2275,#2276,#2277));
#479=EDGE_LOOP('',(#2278,#2279,#2280,#2281));
#480=EDGE_LOOP('',(#2282,#2283,#2284,#2285));
#481=EDGE_LOOP('',(#2286,#2287,#2288,#2289,#2290,#2291,#2292));
#482=EDGE_LOOP('',(#2293,#2294,#2295,#2296));
#483=EDGE_LOOP('',(#2297,#2298,#2299,#2300));
#484=EDGE_LOOP('',(#2301,#2302,#2303,#2304));
#485=EDGE_LOOP('',(#2305,#2306,#2307,#2308));
#486=EDGE_LOOP('',(#2309,#2310,#2311,#2312));
#487=EDGE_LOOP('',(#2313,#2314,#2315,#2316));
#488=EDGE_LOOP('',(#2317,#2318,#2319,#2320));
#489=EDGE_LOOP('',(#2321,#2322,#2323,#2324));
#490=EDGE_LOOP('',(#2325,#2326,#2327,#2328));
#491=EDGE_LOOP('',(#2329,#2330,#2331,#2332));
#492=EDGE_LOOP('',(#2333,#2334,#2335,#2336));
#493=EDGE_LOOP('',(#2337,#2338,#2339,#2340));
#494=EDGE_LOOP('',(#2341,#2342,#2343,#2344));
#495=EDGE_LOOP('',(#2345,#2346,#2347,#2348));
#496=EDGE_LOOP('',(#2349,#2350,#2351,#2352));
#497=EDGE_LOOP('',(#2353,#2354,#2355,#2356));
#498=EDGE_LOOP('',(#2357,#2358,#2359,#2360));
#499=EDGE_LOOP('',(#2361,#2362,#2363,#2364,#2365,#2366,#2367,#2368,#2369,
#2370,#2371,#2372,#2373,#2374,#2375,#2376));
#500=EDGE_LOOP('',(#2377));
#501=EDGE_LOOP('',(#2378));
#502=EDGE_LOOP('',(#2379,#2380,#2381,#2382,#2383,#2384,#2385,#2386,#2387,
#2388,#2389,#2390,#2391,#2392,#2393,#2394,#2395,#2396,#2397,#2398,#2399,
#2400));
#503=EDGE_LOOP('',(#2401));
#504=EDGE_LOOP('',(#2402));
#505=EDGE_LOOP('',(#2403,#2404,#2405));
#506=EDGE_LOOP('',(#2406,#2407,#2408,#2409));
#507=EDGE_LOOP('',(#2410,#2411,#2412));
#508=EDGE_LOOP('',(#2413,#2414,#2415,#2416));
#509=EDGE_LOOP('',(#2417,#2418,#2419,#2420));
#510=EDGE_LOOP('',(#2421,#2422,#2423));
#511=EDGE_LOOP('',(#2424,#2425,#2426));
#512=EDGE_LOOP('',(#2427,#2428,#2429,#2430));
#513=EDGE_LOOP('',(#2431,#2432,#2433,#2434));
#514=EDGE_LOOP('',(#2435,#2436,#2437,#2438));
#515=EDGE_LOOP('',(#2439,#2440,#2441,#2442));
#516=EDGE_LOOP('',(#2443,#2444,#2445,#2446));
#517=EDGE_LOOP('',(#2447,#2448,#2449,#2450));
#518=EDGE_LOOP('',(#2451,#2452,#2453,#2454));
#519=EDGE_LOOP('',(#2455,#2456,#2457,#2458));
#520=EDGE_LOOP('',(#2459,#2460,#2461,#2462));
#521=EDGE_LOOP('',(#2463,#2464,#2465,#2466));
#522=EDGE_LOOP('',(#2467,#2468,#2469,#2470));
#523=EDGE_LOOP('',(#2471,#2472,#2473,#2474,#2475,#2476,#2477,#2478,#2479,
#2480));
#524=EDGE_LOOP('',(#2481,#2482,#2483,#2484,#2485,#2486,#2487));
#525=EDGE_LOOP('',(#2488,#2489,#2490,#2491));
#526=EDGE_LOOP('',(#2492,#2493,#2494,#2495));
#527=EDGE_LOOP('',(#2496,#2497,#2498,#2499));
#528=EDGE_LOOP('',(#2500,#2501,#2502,#2503,#2504,#2505,#2506));
#529=EDGE_LOOP('',(#2507,#2508,#2509,#2510));
#530=EDGE_LOOP('',(#2511,#2512,#2513,#2514));
#531=EDGE_LOOP('',(#2515,#2516,#2517,#2518));
#532=EDGE_LOOP('',(#2519,#2520,#2521,#2522));
#533=EDGE_LOOP('',(#2523,#2524,#2525,#2526));
#534=EDGE_LOOP('',(#2527,#2528,#2529,#2530));
#535=EDGE_LOOP('',(#2531,#2532,#2533,#2534));
#536=EDGE_LOOP('',(#2535,#2536,#2537,#2538));
#537=EDGE_LOOP('',(#2539,#2540,#2541,#2542));
#538=EDGE_LOOP('',(#2543,#2544,#2545,#2546));
#539=EDGE_LOOP('',(#2547,#2548,#2549,#2550));
#540=EDGE_LOOP('',(#2551,#2552,#2553,#2554));
#541=EDGE_LOOP('',(#2555,#2556,#2557,#2558));
#542=EDGE_LOOP('',(#2559,#2560,#2561,#2562));
#543=EDGE_LOOP('',(#2563,#2564,#2565,#2566));
#544=EDGE_LOOP('',(#2567,#2568,#2569,#2570));
#545=EDGE_LOOP('',(#2571,#2572,#2573,#2574));
#546=EDGE_LOOP('',(#2575,#2576,#2577,#2578,#2579,#2580,#2581,#2582,#2583,
#2584,#2585,#2586,#2587,#2588,#2589,#2590));
#547=EDGE_LOOP('',(#2591));
#548=EDGE_LOOP('',(#2592));
#549=EDGE_LOOP('',(#2593,#2594,#2595,#2596,#2597,#2598,#2599,#2600,#2601,
#2602,#2603,#2604,#2605,#2606,#2607,#2608,#2609,#2610,#2611,#2612,#2613,
#2614));
#550=EDGE_LOOP('',(#2615));
#551=EDGE_LOOP('',(#2616));
#552=CIRCLE('',#2909,9.00000000000001);
#553=CIRCLE('',#2910,2.);
#554=CIRCLE('',#2911,0.99999999999999);
#555=CIRCLE('',#2912,8.99999999999999);
#556=CIRCLE('',#2913,9.00000000000001);
#557=CIRCLE('',#2915,4.);
#558=CIRCLE('',#2916,4.);
#559=CIRCLE('',#2918,4.);
#560=CIRCLE('',#2919,5.00000000000001);
#561=CIRCLE('',#2921,4.);
#562=CIRCLE('',#2923,4.);
#563=CIRCLE('',#2924,4.99999999999999);
#564=CIRCLE('',#2926,4.);
#565=CIRCLE('',#2927,4.00000000000002);
#566=CIRCLE('',#2928,4.99999999999999);
#567=CIRCLE('',#2930,4.);
#568=CIRCLE('',#2932,4.);
#569=CIRCLE('',#2934,4.);
#570=CIRCLE('',#2935,4.);
#571=CIRCLE('',#2937,4.);
#572=CIRCLE('',#2938,5.00000000000001);
#573=CIRCLE('',#2940,4.);
#574=CIRCLE('',#2942,4.);
#575=CIRCLE('',#2943,2.);
#576=CIRCLE('',#2944,4.99999999999999);
#577=CIRCLE('',#2946,2.);
#578=CIRCLE('',#2947,2.);
#579=CIRCLE('',#2948,2.);
#580=CIRCLE('',#2950,2.);
#581=CIRCLE('',#2951,5.);
#582=CIRCLE('',#2952,5.);
#583=CIRCLE('',#2953,2.5);
#584=CIRCLE('',#2954,2.5);
#585=CIRCLE('',#2956,5.);
#586=CIRCLE('',#2957,5.);
#587=CIRCLE('',#2959,2.);
#588=CIRCLE('',#2960,2.5);
#589=CIRCLE('',#2961,2.5);
#590=CIRCLE('',#2965,4.);
#591=CIRCLE('',#2967,4.);
#592=CIRCLE('',#2970,9.00000000000001);
#593=CIRCLE('',#2971,8.99999999999999);
#594=CIRCLE('',#2972,0.99999999999999);
#595=CIRCLE('',#2973,2.);
#596=CIRCLE('',#2974,9.00000000000001);
#597=CIRCLE('',#2976,4.);
#598=CIRCLE('',#2978,4.);
#599=CIRCLE('',#2979,5.00000000000001);
#600=CIRCLE('',#2981,4.);
#601=CIRCLE('',#2983,4.);
#602=CIRCLE('',#2984,4.99999999999999);
#603=CIRCLE('',#2986,4.);
#604=CIRCLE('',#2987,4.00000000000002);
#605=CIRCLE('',#2988,4.99999999999999);
#606=CIRCLE('',#2990,4.);
#607=CIRCLE('',#2992,4.);
#608=CIRCLE('',#2994,4.);
#609=CIRCLE('',#2995,4.);
#610=CIRCLE('',#2997,4.);
#611=CIRCLE('',#2998,5.00000000000001);
#612=CIRCLE('',#3001,4.);
#613=CIRCLE('',#3002,2.);
#614=CIRCLE('',#3003,4.99999999999999);
#615=CIRCLE('',#3010,2.);
#616=CIRCLE('',#3011,2.);
#617=CIRCLE('',#3012,2.);
#618=CIRCLE('',#3014,2.);
#619=CIRCLE('',#3015,5.);
#620=CIRCLE('',#3016,2.5);
#621=CIRCLE('',#3017,2.5);
#622=CIRCLE('',#3018,5.);
#623=CIRCLE('',#3020,5.);
#624=CIRCLE('',#3021,5.);
#625=CIRCLE('',#3023,2.);
#626=CIRCLE('',#3024,2.5);
#627=CIRCLE('',#3025,2.5);
#628=CIRCLE('',#3036,17.6742673680956);
#629=CIRCLE('',#3037,17.6742673680956);
#630=CIRCLE('',#3039,52.8480221162466);
#631=CIRCLE('',#3040,52.8480221162466);
#632=CIRCLE('',#3042,3.);
#633=CIRCLE('',#3043,2.);
#634=CIRCLE('',#3045,3.);
#635=CIRCLE('',#3046,2.);
#636=CIRCLE('',#3048,2.);
#637=CIRCLE('',#3049,5.);
#638=CIRCLE('',#3050,5.);
#639=CIRCLE('',#3052,5.);
#640=CIRCLE('',#3054,2.);
#641=CIRCLE('',#3056,2.);
#642=CIRCLE('',#3057,2.);
#643=CIRCLE('',#3059,3.);
#644=CIRCLE('',#3060,2.);
#645=CIRCLE('',#3062,3.);
#646=CIRCLE('',#3063,2.);
#647=CIRCLE('',#3065,2.);
#648=CIRCLE('',#3066,5.);
#649=CIRCLE('',#3067,5.);
#650=CIRCLE('',#3069,5.);
#651=CIRCLE('',#3071,2.);
#652=CIRCLE('',#3073,2.);
#653=CIRCLE('',#3075,2.);
#654=CIRCLE('',#3077,2.);
#655=CIRCLE('',#3079,2.);
#656=CIRCLE('',#3082,4.);
#657=CIRCLE('',#3084,18.);
#658=CIRCLE('',#3085,14.);
#659=CIRCLE('',#3086,4.);
#660=CIRCLE('',#3088,23.4814506417057);
#661=CIRCLE('',#3090,4.);
#662=CIRCLE('',#3092,18.);
#663=CIRCLE('',#3093,14.);
#664=CIRCLE('',#3097,23.4814506417057);
#665=CIRCLE('',#3101,4.999);
#666=CIRCLE('',#3102,4.999);
#667=CIRCLE('',#3103,4.999);
#668=CIRCLE('',#3105,4.999);
#669=CIRCLE('',#3107,4.999);
#670=CIRCLE('',#3108,4.999);
#671=CIRCLE('',#3109,4.999);
#672=CIRCLE('',#3111,4.999);
#673=CIRCLE('',#3114,4.999);
#674=CIRCLE('',#3115,4.999);
#675=CIRCLE('',#3116,4.999);
#676=CIRCLE('',#3118,4.999);
#677=CIRCLE('',#3119,4.999);
#678=CIRCLE('',#3120,4.999);
#679=CIRCLE('',#3122,4.999);
#680=CIRCLE('',#3123,4.999);
#681=CIRCLE('',#3124,9.998);
#682=CIRCLE('',#3125,4.999);
#683=CIRCLE('',#3128,4.999);
#684=CIRCLE('',#3130,4.999);
#685=CIRCLE('',#3131,4.999);
#686=CIRCLE('',#3132,9.998);
#687=CIRCLE('',#3133,4.999);
#688=CIRCLE('',#3135,4.999);
#689=CIRCLE('',#3149,2.5);
#690=CIRCLE('',#3150,2.5);
#691=CIRCLE('',#3152,2.5);
#692=CIRCLE('',#3153,2.5);
#693=CIRCLE('',#3155,5.);
#694=CIRCLE('',#3156,5.);
#695=CIRCLE('',#3159,10.);
#696=CIRCLE('',#3160,10.);
#697=CIRCLE('',#3163,4.99999999999999);
#698=CIRCLE('',#3164,4.99999999999999);
#699=CIRCLE('',#3167,9.99999999999994);
#700=CIRCLE('',#3168,9.99999999999994);
#701=CIRCLE('',#3171,5.);
#702=CIRCLE('',#3172,5.);
#703=CIRCLE('',#3175,10.);
#704=CIRCLE('',#3176,10.);
#705=CIRCLE('',#3180,5.);
#706=CIRCLE('',#3181,5.);
#707=CIRCLE('',#3187,4.999);
#708=CIRCLE('',#3188,4.999);
#709=CIRCLE('',#3189,4.999);
#710=CIRCLE('',#3191,4.999);
#711=CIRCLE('',#3193,4.999);
#712=CIRCLE('',#3194,4.999);
#713=CIRCLE('',#3195,4.999);
#714=CIRCLE('',#3197,4.999);
#715=CIRCLE('',#3200,4.999);
#716=CIRCLE('',#3201,4.999);
#717=CIRCLE('',#3202,4.999);
#718=CIRCLE('',#3204,4.999);
#719=CIRCLE('',#3205,4.999);
#720=CIRCLE('',#3206,4.999);
#721=CIRCLE('',#3208,4.999);
#722=CIRCLE('',#3209,4.999);
#723=CIRCLE('',#3210,9.998);
#724=CIRCLE('',#3211,4.999);
#725=CIRCLE('',#3214,4.999);
#726=CIRCLE('',#3216,4.999);
#727=CIRCLE('',#3217,4.999);
#728=CIRCLE('',#3218,9.998);
#729=CIRCLE('',#3219,4.999);
#730=CIRCLE('',#3221,4.999);
#731=CIRCLE('',#3235,2.5);
#732=CIRCLE('',#3236,2.5);
#733=CIRCLE('',#3238,2.5);
#734=CIRCLE('',#3239,2.5);
#735=CIRCLE('',#3241,5.);
#736=CIRCLE('',#3242,5.);
#737=CIRCLE('',#3245,10.);
#738=CIRCLE('',#3246,10.);
#739=CIRCLE('',#3249,4.99999999999999);
#740=CIRCLE('',#3250,4.99999999999999);
#741=CIRCLE('',#3253,9.99999999999994);
#742=CIRCLE('',#3254,9.99999999999994);
#743=CIRCLE('',#3257,5.);
#744=CIRCLE('',#3258,5.);
#745=CIRCLE('',#3261,10.);
#746=CIRCLE('',#3262,10.);
#747=CIRCLE('',#3266,5.);
#748=CIRCLE('',#3267,5.);
#749=LINE('',#4223,#948);
#750=LINE('',#4225,#949);
#751=LINE('',#4227,#950);
#752=LINE('',#4229,#951);
#753=LINE('',#4233,#952);
#754=LINE('',#4237,#953);
#755=LINE('',#4241,#954);
#756=LINE('',#4245,#955);
#757=LINE('',#4248,#956);
#758=LINE('',#4254,#957);
#759=LINE('',#4262,#958);
#760=LINE('',#4270,#959);
#761=LINE('',#4292,#960);
#762=LINE('',#4305,#961);
#763=LINE('',#4311,#962);
#764=LINE('',#4319,#963);
#765=LINE('',#4331,#964);
#766=LINE('',#4353,#965);
#767=LINE('',#4394,#966);
#768=LINE('',#4430,#967);
#769=LINE('',#4435,#968);
#770=LINE('',#4437,#969);
#771=LINE('',#4438,#970);
#772=LINE('',#4444,#971);
#773=LINE('',#4445,#972);
#774=LINE('',#4446,#973);
#775=LINE('',#4448,#974);
#776=LINE('',#4451,#975);
#777=LINE('',#4455,#976);
#778=LINE('',#4459,#977);
#779=LINE('',#4463,#978);
#780=LINE('',#4467,#979);
#781=LINE('',#4470,#980);
#782=LINE('',#4473,#981);
#783=LINE('',#4482,#982);
#784=LINE('',#4490,#983);
#785=LINE('',#4512,#984);
#786=LINE('',#4524,#985);
#787=LINE('',#4530,#986);
#788=LINE('',#4537,#987);
#789=LINE('',#4550,#988);
#790=LINE('',#4563,#989);
#791=LINE('',#4565,#990);
#792=LINE('',#4567,#991);
#793=LINE('',#4569,#992);
#794=LINE('',#4571,#993);
#795=LINE('',#4581,#994);
#796=LINE('',#4621,#995);
#797=LINE('',#4658,#996);
#798=LINE('',#4660,#997);
#799=LINE('',#4662,#998);
#800=LINE('',#4664,#999);
#801=LINE('',#4666,#1000);
#802=LINE('',#4668,#1001);
#803=LINE('',#4689,#1002);
#804=LINE('',#4704,#1003);
#805=LINE('',#4732,#1004);
#806=LINE('',#4753,#1005);
#807=LINE('',#4760,#1006);
#808=LINE('',#4781,#1007);
#809=LINE('',#4786,#1008);
#810=LINE('',#4790,#1009);
#811=LINE('',#4795,#1010);
#812=LINE('',#4814,#1011);
#813=LINE('',#4817,#1012);
#814=LINE('',#4859,#1013);
#815=LINE('',#4862,#1014);
#816=LINE('',#4867,#1015);
#817=LINE('',#4869,#1016);
#818=LINE('',#4885,#1017);
#819=LINE('',#4886,#1018);
#820=LINE('',#4898,#1019);
#821=LINE('',#4899,#1020);
#822=LINE('',#4901,#1021);
#823=LINE('',#4902,#1022);
#824=LINE('',#4927,#1023);
#825=LINE('',#4928,#1024);
#826=LINE('',#4933,#1025);
#827=LINE('',#4934,#1026);
#828=LINE('',#4948,#1027);
#829=LINE('',#4949,#1028);
#830=LINE('',#4951,#1029);
#831=LINE('',#4952,#1030);
#832=LINE('',#4954,#1031);
#833=LINE('',#4955,#1032);
#834=LINE('',#4957,#1033);
#835=LINE('',#4958,#1034);
#836=LINE('',#4960,#1035);
#837=LINE('',#4961,#1036);
#838=LINE('',#4963,#1037);
#839=LINE('',#4964,#1038);
#840=LINE('',#4966,#1039);
#841=LINE('',#4969,#1040);
#842=LINE('',#4971,#1041);
#843=LINE('',#4973,#1042);
#844=LINE('',#4975,#1043);
#845=LINE('',#4977,#1044);
#846=LINE('',#4979,#1045);
#847=LINE('',#4980,#1046);
#848=LINE('',#4982,#1047);
#849=LINE('',#4986,#1048);
#850=LINE('',#4988,#1049);
#851=LINE('',#4993,#1050);
#852=LINE('',#4999,#1051);
#853=LINE('',#5006,#1052);
#854=LINE('',#5009,#1053);
#855=LINE('',#5012,#1054);
#856=LINE('',#5014,#1055);
#857=LINE('',#5015,#1056);
#858=LINE('',#5021,#1057);
#859=LINE('',#5024,#1058);
#860=LINE('',#5026,#1059);
#861=LINE('',#5027,#1060);
#862=LINE('',#5033,#1061);
#863=LINE('',#5036,#1062);
#864=LINE('',#5038,#1063);
#865=LINE('',#5039,#1064);
#866=LINE('',#5045,#1065);
#867=LINE('',#5048,#1066);
#868=LINE('',#5050,#1067);
#869=LINE('',#5051,#1068);
#870=LINE('',#5057,#1069);
#871=LINE('',#5060,#1070);
#872=LINE('',#5062,#1071);
#873=LINE('',#5063,#1072);
#874=LINE('',#5069,#1073);
#875=LINE('',#5071,#1074);
#876=LINE('',#5072,#1075);
#877=LINE('',#5075,#1076);
#878=LINE('',#5077,#1077);
#879=LINE('',#5078,#1078);
#880=LINE('',#5084,#1079);
#881=LINE('',#5086,#1080);
#882=LINE('',#5087,#1081);
#883=LINE('',#5102,#1082);
#884=LINE('',#5103,#1083);
#885=LINE('',#5115,#1084);
#886=LINE('',#5116,#1085);
#887=LINE('',#5118,#1086);
#888=LINE('',#5119,#1087);
#889=LINE('',#5144,#1088);
#890=LINE('',#5145,#1089);
#891=LINE('',#5150,#1090);
#892=LINE('',#5151,#1091);
#893=LINE('',#5165,#1092);
#894=LINE('',#5166,#1093);
#895=LINE('',#5168,#1094);
#896=LINE('',#5169,#1095);
#897=LINE('',#5171,#1096);
#898=LINE('',#5172,#1097);
#899=LINE('',#5174,#1098);
#900=LINE('',#5175,#1099);
#901=LINE('',#5177,#1100);
#902=LINE('',#5178,#1101);
#903=LINE('',#5180,#1102);
#904=LINE('',#5181,#1103);
#905=LINE('',#5183,#1104);
#906=LINE('',#5186,#1105);
#907=LINE('',#5188,#1106);
#908=LINE('',#5190,#1107);
#909=LINE('',#5192,#1108);
#910=LINE('',#5194,#1109);
#911=LINE('',#5196,#1110);
#912=LINE('',#5197,#1111);
#913=LINE('',#5199,#1112);
#914=LINE('',#5203,#1113);
#915=LINE('',#5205,#1114);
#916=LINE('',#5210,#1115);
#917=LINE('',#5216,#1116);
#918=LINE('',#5223,#1117);
#919=LINE('',#5226,#1118);
#920=LINE('',#5229,#1119);
#921=LINE('',#5231,#1120);
#922=LINE('',#5232,#1121);
#923=LINE('',#5237,#1122);
#924=LINE('',#5241,#1123);
#925=LINE('',#5243,#1124);
#926=LINE('',#5244,#1125);
#927=LINE('',#5249,#1126);
#928=LINE('',#5253,#1127);
#929=LINE('',#5255,#1128);
#930=LINE('',#5256,#1129);
#931=LINE('',#5261,#1130);
#932=LINE('',#5265,#1131);
#933=LINE('',#5267,#1132);
#934=LINE('',#5268,#1133);
#935=LINE('',#5273,#1134);
#936=LINE('',#5277,#1135);
#937=LINE('',#5279,#1136);
#938=LINE('',#5280,#1137);
#939=LINE('',#5285,#1138);
#940=LINE('',#5288,#1139);
#941=LINE('',#5289,#1140);
#942=LINE('',#5292,#1141);
#943=LINE('',#5294,#1142);
#944=LINE('',#5295,#1143);
#945=LINE('',#5300,#1144);
#946=LINE('',#5303,#1145);
#947=LINE('',#5304,#1146);
#948=VECTOR('',#3283,10.);
#949=VECTOR('',#3284,10.);
#950=VECTOR('',#3285,10.);
#951=VECTOR('',#3286,10.);
#952=VECTOR('',#3289,10.);
#953=VECTOR('',#3292,10.);
#954=VECTOR('',#3295,10.);
#955=VECTOR('',#3298,10.);
#956=VECTOR('',#3301,10.);
#957=VECTOR('',#3308,10.);
#958=VECTOR('',#3319,10.);
#959=VECTOR('',#3330,10.);
#960=VECTOR('',#3339,10.);
#961=VECTOR('',#3344,10.);
#962=VECTOR('',#3351,10.);
#963=VECTOR('',#3362,10.);
#964=VECTOR('',#3365,10.);
#965=VECTOR('',#3382,2.);
#966=VECTOR('',#3399,5.);
#967=VECTOR('',#3412,2.);
#968=VECTOR('',#3417,10.);
#969=VECTOR('',#3418,10.);
#970=VECTOR('',#3419,10.);
#971=VECTOR('',#3424,10.);
#972=VECTOR('',#3425,10.);
#973=VECTOR('',#3426,10.);
#974=VECTOR('',#3429,10.);
#975=VECTOR('',#3432,10.);
#976=VECTOR('',#3435,10.);
#977=VECTOR('',#3438,10.);
#978=VECTOR('',#3441,10.);
#979=VECTOR('',#3444,10.);
#980=VECTOR('',#3447,10.);
#981=VECTOR('',#3450,10.);
#982=VECTOR('',#3463,10.);
#983=VECTOR('',#3474,10.);
#984=VECTOR('',#3483,10.);
#985=VECTOR('',#3486,10.);
#986=VECTOR('',#3493,10.);
#987=VECTOR('',#3504,10.);
#988=VECTOR('',#3509,10.);
#989=VECTOR('',#3516,10.);
#990=VECTOR('',#3519,10.);
#991=VECTOR('',#3522,10.);
#992=VECTOR('',#3525,10.);
#993=VECTOR('',#3528,10.);
#994=VECTOR('',#3539,2.);
#995=VECTOR('',#3554,5.);
#996=VECTOR('',#3569,2.);
#997=VECTOR('',#3572,10.);
#998=VECTOR('',#3575,10.);
#999=VECTOR('',#3578,10.);
#1000=VECTOR('',#3581,10.);
#1001=VECTOR('',#3584,10.);
#1002=VECTOR('',#3593,10.);
#1003=VECTOR('',#3596,10.);
#1004=VECTOR('',#3601,10.);
#1005=VECTOR('',#3628,5.);
#1006=VECTOR('',#3637,2.);
#1007=VECTOR('',#3664,5.);
#1008=VECTOR('',#3671,2.);
#1009=VECTOR('',#3676,2.);
#1010=VECTOR('',#3683,2.);
#1011=VECTOR('',#3692,10.);
#1012=VECTOR('',#3695,10.);
#1013=VECTOR('',#3710,10.);
#1014=VECTOR('',#3713,10.);
#1015=VECTOR('',#3722,10.);
#1016=VECTOR('',#3725,10.);
#1017=VECTOR('',#3746,10.);
#1018=VECTOR('',#3747,10.);
#1019=VECTOR('',#3760,10.);
#1020=VECTOR('',#3761,10.);
#1021=VECTOR('',#3764,10.);
#1022=VECTOR('',#3765,10.);
#1023=VECTOR('',#3794,10.);
#1024=VECTOR('',#3795,10.);
#1025=VECTOR('',#3800,10.);
#1026=VECTOR('',#3801,10.);
#1027=VECTOR('',#3816,10.);
#1028=VECTOR('',#3817,10.);
#1029=VECTOR('',#3820,10.);
#1030=VECTOR('',#3821,10.);
#1031=VECTOR('',#3824,10.);
#1032=VECTOR('',#3825,10.);
#1033=VECTOR('',#3828,10.);
#1034=VECTOR('',#3829,10.);
#1035=VECTOR('',#3832,10.);
#1036=VECTOR('',#3833,10.);
#1037=VECTOR('',#3836,10.);
#1038=VECTOR('',#3837,10.);
#1039=VECTOR('',#3840,10.);
#1040=VECTOR('',#3843,10.);
#1041=VECTOR('',#3844,10.);
#1042=VECTOR('',#3845,10.);
#1043=VECTOR('',#3846,10.);
#1044=VECTOR('',#3847,10.);
#1045=VECTOR('',#3848,10.);
#1046=VECTOR('',#3849,10.);
#1047=VECTOR('',#3852,10.);
#1048=VECTOR('',#3859,10.);
#1049=VECTOR('',#3862,10.);
#1050=VECTOR('',#3867,2.5);
#1051=VECTOR('',#3874,2.5);
#1052=VECTOR('',#3881,10.);
#1053=VECTOR('',#3884,10.);
#1054=VECTOR('',#3887,10.);
#1055=VECTOR('',#3888,10.);
#1056=VECTOR('',#3889,10.);
#1057=VECTOR('',#3896,10.);
#1058=VECTOR('',#3899,10.);
#1059=VECTOR('',#3900,10.);
#1060=VECTOR('',#3901,10.);
#1061=VECTOR('',#3908,10.);
#1062=VECTOR('',#3911,10.);
#1063=VECTOR('',#3912,10.);
#1064=VECTOR('',#3913,10.);
#1065=VECTOR('',#3920,10.);
#1066=VECTOR('',#3923,10.);
#1067=VECTOR('',#3924,10.);
#1068=VECTOR('',#3925,10.);
#1069=VECTOR('',#3932,10.);
#1070=VECTOR('',#3935,10.);
#1071=VECTOR('',#3936,10.);
#1072=VECTOR('',#3937,10.);
#1073=VECTOR('',#3944,10.);
#1074=VECTOR('',#3947,10.);
#1075=VECTOR('',#3948,10.);
#1076=VECTOR('',#3951,10.);
#1077=VECTOR('',#3952,10.);
#1078=VECTOR('',#3953,10.);
#1079=VECTOR('',#3960,10.);
#1080=VECTOR('',#3963,10.);
#1081=VECTOR('',#3964,10.);
#1082=VECTOR('',#3983,10.);
#1083=VECTOR('',#3984,10.);
#1084=VECTOR('',#3997,10.);
#1085=VECTOR('',#3998,10.);
#1086=VECTOR('',#4001,10.);
#1087=VECTOR('',#4002,10.);
#1088=VECTOR('',#4031,10.);
#1089=VECTOR('',#4032,10.);
#1090=VECTOR('',#4037,10.);
#1091=VECTOR('',#4038,10.);
#1092=VECTOR('',#4053,10.);
#1093=VECTOR('',#4054,10.);
#1094=VECTOR('',#4057,10.);
#1095=VECTOR('',#4058,10.);
#1096=VECTOR('',#4061,10.);
#1097=VECTOR('',#4062,10.);
#1098=VECTOR('',#4065,10.);
#1099=VECTOR('',#4066,10.);
#1100=VECTOR('',#4069,10.);
#1101=VECTOR('',#4070,10.);
#1102=VECTOR('',#4073,10.);
#1103=VECTOR('',#4074,10.);
#1104=VECTOR('',#4077,10.);
#1105=VECTOR('',#4080,10.);
#1106=VECTOR('',#4081,10.);
#1107=VECTOR('',#4082,10.);
#1108=VECTOR('',#4083,10.);
#1109=VECTOR('',#4084,10.);
#1110=VECTOR('',#4085,10.);
#1111=VECTOR('',#4086,10.);
#1112=VECTOR('',#4089,10.);
#1113=VECTOR('',#4096,10.);
#1114=VECTOR('',#4099,10.);
#1115=VECTOR('',#4104,2.5);
#1116=VECTOR('',#4111,2.5);
#1117=VECTOR('',#4118,10.);
#1118=VECTOR('',#4121,10.);
#1119=VECTOR('',#4124,10.);
#1120=VECTOR('',#4125,10.);
#1121=VECTOR('',#4126,10.);
#1122=VECTOR('',#4131,10.);
#1123=VECTOR('',#4136,10.);
#1124=VECTOR('',#4137,10.);
#1125=VECTOR('',#4138,10.);
#1126=VECTOR('',#4143,10.);
#1127=VECTOR('',#4148,10.);
#1128=VECTOR('',#4149,10.);
#1129=VECTOR('',#4150,10.);
#1130=VECTOR('',#4155,10.);
#1131=VECTOR('',#4160,10.);
#1132=VECTOR('',#4161,10.);
#1133=VECTOR('',#4162,10.);
#1134=VECTOR('',#4167,10.);
#1135=VECTOR('',#4172,10.);
#1136=VECTOR('',#4173,10.);
#1137=VECTOR('',#4174,10.);
#1138=VECTOR('',#4179,10.);
#1139=VECTOR('',#4184,10.);
#1140=VECTOR('',#4185,10.);
#1141=VECTOR('',#4188,10.);
#1142=VECTOR('',#4189,10.);
#1143=VECTOR('',#4190,10.);
#1144=VECTOR('',#4195,10.);
#1145=VECTOR('',#4200,10.);
#1146=VECTOR('',#4201,10.);
#1147=VERTEX_POINT('',#4221);
#1148=VERTEX_POINT('',#4222);
#1149=VERTEX_POINT('',#4224);
#1150=VERTEX_POINT('',#4226);
#1151=VERTEX_POINT('',#4228);
#1152=VERTEX_POINT('',#4230);
#1153=VERTEX_POINT('',#4232);
#1154=VERTEX_POINT('',#4234);
#1155=VERTEX_POINT('',#4236);
#1156=VERTEX_POINT('',#4238);
#1157=VERTEX_POINT('',#4240);
#1158=VERTEX_POINT('',#4242);
#1159=VERTEX_POINT('',#4244);
#1160=VERTEX_POINT('',#4246);
#1161=VERTEX_POINT('',#4250);
#1162=VERTEX_POINT('',#4252);
#1163=VERTEX_POINT('',#4256);
#1164=VERTEX_POINT('',#4260);
#1165=VERTEX_POINT('',#4264);
#1166=VERTEX_POINT('',#4268);
#1167=VERTEX_POINT('',#4286);
#1168=VERTEX_POINT('',#4290);
#1169=VERTEX_POINT('',#4294);
#1170=VERTEX_POINT('',#4303);
#1171=VERTEX_POINT('',#4307);
#1172=VERTEX_POINT('',#4309);
#1173=VERTEX_POINT('',#4313);
#1174=VERTEX_POINT('',#4317);
#1175=VERTEX_POINT('',#4321);
#1176=VERTEX_POINT('',#4330);
#1177=VERTEX_POINT('',#4345);
#1178=VERTEX_POINT('',#4346);
#1179=VERTEX_POINT('',#4349);
#1180=VERTEX_POINT('',#4352);
#1181=VERTEX_POINT('',#4382);
#1182=VERTEX_POINT('',#4383);
#1183=VERTEX_POINT('',#4386);
#1184=VERTEX_POINT('',#4390);
#1185=VERTEX_POINT('',#4391);
#1186=VERTEX_POINT('',#4396);
#1187=VERTEX_POINT('',#4425);
#1188=VERTEX_POINT('',#4432);
#1189=VERTEX_POINT('',#4433);
#1190=VERTEX_POINT('',#4436);
#1191=VERTEX_POINT('',#4440);
#1192=VERTEX_POINT('',#4441);
#1193=VERTEX_POINT('',#4443);
#1194=VERTEX_POINT('',#4450);
#1195=VERTEX_POINT('',#4452);
#1196=VERTEX_POINT('',#4454);
#1197=VERTEX_POINT('',#4456);
#1198=VERTEX_POINT('',#4458);
#1199=VERTEX_POINT('',#4460);
#1200=VERTEX_POINT('',#4462);
#1201=VERTEX_POINT('',#4464);
#1202=VERTEX_POINT('',#4466);
#1203=VERTEX_POINT('',#4468);
#1204=VERTEX_POINT('',#4472);
#1205=VERTEX_POINT('',#4476);
#1206=VERTEX_POINT('',#4480);
#1207=VERTEX_POINT('',#4484);
#1208=VERTEX_POINT('',#4488);
#1209=VERTEX_POINT('',#4506);
#1210=VERTEX_POINT('',#4510);
#1211=VERTEX_POINT('',#4514);
#1212=VERTEX_POINT('',#4523);
#1213=VERTEX_POINT('',#4527);
#1214=VERTEX_POINT('',#4529);
#1215=VERTEX_POINT('',#4533);
#1216=VERTEX_POINT('',#4539);
#1217=VERTEX_POINT('',#4548);
#1218=VERTEX_POINT('',#4573);
#1219=VERTEX_POINT('',#4574);
#1220=VERTEX_POINT('',#4576);
#1221=VERTEX_POINT('',#4580);
#1222=VERTEX_POINT('',#4610);
#1223=VERTEX_POINT('',#4611);
#1224=VERTEX_POINT('',#4613);
#1225=VERTEX_POINT('',#4618);
#1226=VERTEX_POINT('',#4619);
#1227=VERTEX_POINT('',#4624);
#1228=VERTEX_POINT('',#4653);
#1229=VERTEX_POINT('',#4672);
#1230=VERTEX_POINT('',#4673);
#1231=VERTEX_POINT('',#4675);
#1232=VERTEX_POINT('',#4688);
#1233=VERTEX_POINT('',#4690);
#1234=VERTEX_POINT('',#4692);
#1235=VERTEX_POINT('',#4703);
#1236=VERTEX_POINT('',#4716);
#1237=VERTEX_POINT('',#4729);
#1238=VERTEX_POINT('',#4731);
#1239=VERTEX_POINT('',#4735);
#1240=VERTEX_POINT('',#4737);
#1241=VERTEX_POINT('',#4740);
#1242=VERTEX_POINT('',#4742);
#1243=VERTEX_POINT('',#4745);
#1244=VERTEX_POINT('',#4747);
#1245=VERTEX_POINT('',#4751);
#1246=VERTEX_POINT('',#4757);
#1247=VERTEX_POINT('',#4758);
#1248=VERTEX_POINT('',#4763);
#1249=VERTEX_POINT('',#4765);
#1250=VERTEX_POINT('',#4768);
#1251=VERTEX_POINT('',#4770);
#1252=VERTEX_POINT('',#4773);
#1253=VERTEX_POINT('',#4775);
#1254=VERTEX_POINT('',#4779);
#1255=VERTEX_POINT('',#4785);
#1256=VERTEX_POINT('',#4789);
#1257=VERTEX_POINT('',#4793);
#1258=VERTEX_POINT('',#4797);
#1259=VERTEX_POINT('',#4801);
#1260=VERTEX_POINT('',#4802);
#1261=VERTEX_POINT('',#4813);
#1262=VERTEX_POINT('',#4815);
#1263=VERTEX_POINT('',#4846);
#1264=VERTEX_POINT('',#4847);
#1265=VERTEX_POINT('',#4858);
#1266=VERTEX_POINT('',#4860);
#1267=VERTEX_POINT('',#4875);
#1268=VERTEX_POINT('',#4876);
#1269=VERTEX_POINT('',#4878);
#1270=VERTEX_POINT('',#4882);
#1271=VERTEX_POINT('',#4883);
#1272=VERTEX_POINT('',#4888);
#1273=VERTEX_POINT('',#4889);
#1274=VERTEX_POINT('',#4891);
#1275=VERTEX_POINT('',#4895);
#1276=VERTEX_POINT('',#4896);
#1277=VERTEX_POINT('',#4904);
#1278=VERTEX_POINT('',#4905);
#1279=VERTEX_POINT('',#4907);
#1280=VERTEX_POINT('',#4911);
#1281=VERTEX_POINT('',#4912);
#1282=VERTEX_POINT('',#4914);
#1283=VERTEX_POINT('',#4918);
#1284=VERTEX_POINT('',#4919);
#1285=VERTEX_POINT('',#4921);
#1286=VERTEX_POINT('',#4923);
#1287=VERTEX_POINT('',#4930);
#1288=VERTEX_POINT('',#4931);
#1289=VERTEX_POINT('',#4936);
#1290=VERTEX_POINT('',#4937);
#1291=VERTEX_POINT('',#4939);
#1292=VERTEX_POINT('',#4941);
#1293=VERTEX_POINT('',#4945);
#1294=VERTEX_POINT('',#4946);
#1295=VERTEX_POINT('',#4968);
#1296=VERTEX_POINT('',#4970);
#1297=VERTEX_POINT('',#4972);
#1298=VERTEX_POINT('',#4974);
#1299=VERTEX_POINT('',#4976);
#1300=VERTEX_POINT('',#4978);
#1301=VERTEX_POINT('',#4990);
#1302=VERTEX_POINT('',#4992);
#1303=VERTEX_POINT('',#4996);
#1304=VERTEX_POINT('',#4998);
#1305=VERTEX_POINT('',#5002);
#1306=VERTEX_POINT('',#5003);
#1307=VERTEX_POINT('',#5005);
#1308=VERTEX_POINT('',#5007);
#1309=VERTEX_POINT('',#5011);
#1310=VERTEX_POINT('',#5013);
#1311=VERTEX_POINT('',#5017);
#1312=VERTEX_POINT('',#5019);
#1313=VERTEX_POINT('',#5023);
#1314=VERTEX_POINT('',#5025);
#1315=VERTEX_POINT('',#5029);
#1316=VERTEX_POINT('',#5031);
#1317=VERTEX_POINT('',#5035);
#1318=VERTEX_POINT('',#5037);
#1319=VERTEX_POINT('',#5041);
#1320=VERTEX_POINT('',#5043);
#1321=VERTEX_POINT('',#5047);
#1322=VERTEX_POINT('',#5049);
#1323=VERTEX_POINT('',#5053);
#1324=VERTEX_POINT('',#5055);
#1325=VERTEX_POINT('',#5059);
#1326=VERTEX_POINT('',#5061);
#1327=VERTEX_POINT('',#5065);
#1328=VERTEX_POINT('',#5067);
#1329=VERTEX_POINT('',#5074);
#1330=VERTEX_POINT('',#5076);
#1331=VERTEX_POINT('',#5080);
#1332=VERTEX_POINT('',#5082);
#1333=VERTEX_POINT('',#5092);
#1334=VERTEX_POINT('',#5093);
#1335=VERTEX_POINT('',#5095);
#1336=VERTEX_POINT('',#5099);
#1337=VERTEX_POINT('',#5100);
#1338=VERTEX_POINT('',#5105);
#1339=VERTEX_POINT('',#5106);
#1340=VERTEX_POINT('',#5108);
#1341=VERTEX_POINT('',#5112);
#1342=VERTEX_POINT('',#5113);
#1343=VERTEX_POINT('',#5121);
#1344=VERTEX_POINT('',#5122);
#1345=VERTEX_POINT('',#5124);
#1346=VERTEX_POINT('',#5128);
#1347=VERTEX_POINT('',#5129);
#1348=VERTEX_POINT('',#5131);
#1349=VERTEX_POINT('',#5135);
#1350=VERTEX_POINT('',#5136);
#1351=VERTEX_POINT('',#5138);
#1352=VERTEX_POINT('',#5140);
#1353=VERTEX_POINT('',#5147);
#1354=VERTEX_POINT('',#5148);
#1355=VERTEX_POINT('',#5153);
#1356=VERTEX_POINT('',#5154);
#1357=VERTEX_POINT('',#5156);
#1358=VERTEX_POINT('',#5158);
#1359=VERTEX_POINT('',#5162);
#1360=VERTEX_POINT('',#5163);
#1361=VERTEX_POINT('',#5185);
#1362=VERTEX_POINT('',#5187);
#1363=VERTEX_POINT('',#5189);
#1364=VERTEX_POINT('',#5191);
#1365=VERTEX_POINT('',#5193);
#1366=VERTEX_POINT('',#5195);
#1367=VERTEX_POINT('',#5207);
#1368=VERTEX_POINT('',#5209);
#1369=VERTEX_POINT('',#5213);
#1370=VERTEX_POINT('',#5215);
#1371=VERTEX_POINT('',#5219);
#1372=VERTEX_POINT('',#5220);
#1373=VERTEX_POINT('',#5222);
#1374=VERTEX_POINT('',#5224);
#1375=VERTEX_POINT('',#5228);
#1376=VERTEX_POINT('',#5230);
#1377=VERTEX_POINT('',#5234);
#1378=VERTEX_POINT('',#5236);
#1379=VERTEX_POINT('',#5240);
#1380=VERTEX_POINT('',#5242);
#1381=VERTEX_POINT('',#5246);
#1382=VERTEX_POINT('',#5248);
#1383=VERTEX_POINT('',#5252);
#1384=VERTEX_POINT('',#5254);
#1385=VERTEX_POINT('',#5258);
#1386=VERTEX_POINT('',#5260);
#1387=VERTEX_POINT('',#5264);
#1388=VERTEX_POINT('',#5266);
#1389=VERTEX_POINT('',#5270);
#1390=VERTEX_POINT('',#5272);
#1391=VERTEX_POINT('',#5276);
#1392=VERTEX_POINT('',#5278);
#1393=VERTEX_POINT('',#5282);
#1394=VERTEX_POINT('',#5284);
#1395=VERTEX_POINT('',#5291);
#1396=VERTEX_POINT('',#5293);
#1397=VERTEX_POINT('',#5297);
#1398=VERTEX_POINT('',#5299);
#1399=EDGE_CURVE('',#1147,#1148,#749,.T.);
#1400=EDGE_CURVE('',#1147,#1149,#750,.T.);
#1401=EDGE_CURVE('',#1149,#1150,#751,.T.);
#1402=EDGE_CURVE('',#1151,#1150,#752,.T.);
#1403=EDGE_CURVE('',#1151,#1152,#552,.T.);
#1404=EDGE_CURVE('',#1152,#1153,#753,.T.);
#1405=EDGE_CURVE('',#1154,#1153,#553,.T.);
#1406=EDGE_CURVE('',#1154,#1155,#754,.T.);
#1407=EDGE_CURVE('',#1155,#1156,#554,.T.);
#1408=EDGE_CURVE('',#1156,#1157,#755,.T.);
#1409=EDGE_CURVE('',#1157,#1158,#555,.T.);
#1410=EDGE_CURVE('',#1158,#1159,#756,.T.);
#1411=EDGE_CURVE('',#1159,#1160,#556,.T.);
#1412=EDGE_CURVE('',#1160,#1148,#757,.T.);
#1413=EDGE_CURVE('',#1148,#1161,#557,.T.);
#1414=EDGE_CURVE('',#1162,#1160,#558,.T.);
#1415=EDGE_CURVE('',#1161,#1162,#758,.T.);
#1416=EDGE_CURVE('',#1163,#1159,#559,.T.);
#1417=EDGE_CURVE('',#1162,#1163,#560,.T.);
#1418=EDGE_CURVE('',#1164,#1158,#561,.T.);
#1419=EDGE_CURVE('',#1163,#1164,#759,.T.);
#1420=EDGE_CURVE('',#1165,#1157,#562,.T.);
#1421=EDGE_CURVE('',#1164,#1165,#563,.T.);
#1422=EDGE_CURVE('',#1166,#1156,#564,.T.);
#1423=EDGE_CURVE('',#1165,#1166,#760,.T.);
#1424=EDGE_CURVE('',#1167,#1155,#565,.T.);
#1425=EDGE_CURVE('',#1166,#1167,#566,.T.);
#1426=EDGE_CURVE('',#1168,#1154,#567,.T.);
#1427=EDGE_CURVE('',#1167,#1168,#761,.T.);
#1428=EDGE_CURVE('',#1169,#1154,#76,.F.);
#1429=EDGE_CURVE('',#1170,#1169,#568,.T.);
#1430=EDGE_CURVE('',#1168,#1170,#762,.T.);
#1431=EDGE_CURVE('',#1153,#1171,#569,.T.);
#1432=EDGE_CURVE('',#1172,#1152,#570,.T.);
#1433=EDGE_CURVE('',#1171,#1172,#763,.T.);
#1434=EDGE_CURVE('',#1173,#1151,#571,.T.);
#1435=EDGE_CURVE('',#1172,#1173,#572,.T.);
#1436=EDGE_CURVE('',#1150,#1174,#573,.T.);
#1437=EDGE_CURVE('',#1173,#1174,#764,.T.);
#1438=EDGE_CURVE('',#1153,#1175,#77,.F.);
#1439=EDGE_CURVE('',#1176,#1171,#765,.T.);
#1440=EDGE_CURVE('',#1175,#1176,#574,.T.);
#1441=EDGE_CURVE('',#1175,#1169,#575,.F.);
#1442=EDGE_CURVE('',#1170,#1176,#576,.T.);
#1443=EDGE_CURVE('',#1177,#1178,#577,.T.);
#1444=EDGE_CURVE('',#1178,#1177,#578,.T.);
#1445=EDGE_CURVE('',#1178,#1179,#579,.T.);
#1446=EDGE_CURVE('',#1177,#1180,#766,.T.);
#1447=EDGE_CURVE('',#1180,#1180,#580,.T.);
#1448=EDGE_CURVE('',#1181,#1182,#581,.T.);
#1449=EDGE_CURVE('',#1182,#1181,#582,.T.);
#1450=EDGE_CURVE('',#1182,#1183,#583,.T.);
#1451=EDGE_CURVE('',#1183,#1183,#584,.T.);
#1452=EDGE_CURVE('',#1184,#1185,#585,.T.);
#1453=EDGE_CURVE('',#1185,#1184,#586,.T.);
#1454=EDGE_CURVE('',#1184,#1181,#767,.T.);
#1455=EDGE_CURVE('',#1186,#1186,#587,.T.);
#1456=EDGE_CURVE('',#1187,#1187,#588,.T.);
#1457=EDGE_CURVE('',#1187,#1185,#589,.T.);
#1458=EDGE_CURVE('',#1186,#1169,#768,.T.);
#1459=EDGE_CURVE('',#1188,#1189,#590,.T.);
#1460=EDGE_CURVE('',#1189,#1174,#769,.T.);
#1461=EDGE_CURVE('',#1190,#1149,#770,.T.);
#1462=EDGE_CURVE('',#1190,#1188,#771,.T.);
#1463=EDGE_CURVE('',#1191,#1192,#591,.T.);
#1464=EDGE_CURVE('',#1193,#1191,#772,.T.);
#1465=EDGE_CURVE('',#1193,#1147,#773,.T.);
#1466=EDGE_CURVE('',#1161,#1192,#774,.T.);
#1467=EDGE_CURVE('',#1193,#1190,#775,.T.);
#1468=EDGE_CURVE('',#1194,#1191,#776,.T.);
#1469=EDGE_CURVE('',#1195,#1194,#592,.T.);
#1470=EDGE_CURVE('',#1196,#1195,#777,.T.);
#1471=EDGE_CURVE('',#1197,#1196,#593,.T.);
#1472=EDGE_CURVE('',#1198,#1197,#778,.T.);
#1473=EDGE_CURVE('',#1199,#1198,#594,.T.);
#1474=EDGE_CURVE('',#1200,#1199,#779,.T.);
#1475=EDGE_CURVE('',#1200,#1201,#595,.T.);
#1476=EDGE_CURVE('',#1202,#1201,#780,.T.);
#1477=EDGE_CURVE('',#1203,#1202,#596,.T.);
#1478=EDGE_CURVE('',#1203,#1188,#781,.T.);
#1479=EDGE_CURVE('',#1192,#1204,#782,.T.);
#1480=EDGE_CURVE('',#1204,#1194,#597,.T.);
#1481=EDGE_CURVE('',#1205,#1195,#598,.T.);
#1482=EDGE_CURVE('',#1204,#1205,#599,.T.);
#1483=EDGE_CURVE('',#1206,#1196,#600,.T.);
#1484=EDGE_CURVE('',#1205,#1206,#783,.T.);
#1485=EDGE_CURVE('',#1207,#1197,#601,.T.);
#1486=EDGE_CURVE('',#1206,#1207,#602,.T.);
#1487=EDGE_CURVE('',#1208,#1198,#603,.T.);
#1488=EDGE_CURVE('',#1207,#1208,#784,.T.);
#1489=EDGE_CURVE('',#1209,#1199,#604,.T.);
#1490=EDGE_CURVE('',#1208,#1209,#605,.T.);
#1491=EDGE_CURVE('',#1210,#1200,#606,.T.);
#1492=EDGE_CURVE('',#1209,#1210,#785,.T.);
#1493=EDGE_CURVE('',#1211,#1200,#78,.F.);
#1494=EDGE_CURVE('',#1210,#1212,#786,.T.);
#1495=EDGE_CURVE('',#1212,#1211,#607,.T.);
#1496=EDGE_CURVE('',#1201,#1213,#608,.T.);
#1497=EDGE_CURVE('',#1213,#1214,#787,.T.);
#1498=EDGE_CURVE('',#1214,#1202,#609,.T.);
#1499=EDGE_CURVE('',#1215,#1203,#610,.T.);
#1500=EDGE_CURVE('',#1214,#1215,#611,.T.);
#1501=EDGE_CURVE('',#1215,#1189,#788,.T.);
#1502=EDGE_CURVE('',#1201,#1216,#79,.F.);
#1503=EDGE_CURVE('',#1216,#1217,#612,.T.);
#1504=EDGE_CURVE('',#1217,#1213,#789,.T.);
#1505=EDGE_CURVE('',#1216,#1211,#613,.F.);
#1506=EDGE_CURVE('',#1212,#1217,#614,.T.);
#1507=EDGE_CURVE('',#1162,#1204,#790,.T.);
#1508=EDGE_CURVE('',#1163,#1205,#791,.T.);
#1509=EDGE_CURVE('',#1164,#1206,#792,.T.);
#1510=EDGE_CURVE('',#1165,#1207,#793,.T.);
#1511=EDGE_CURVE('',#1166,#1208,#794,.T.);
#1512=EDGE_CURVE('',#1218,#1219,#615,.T.);
#1513=EDGE_CURVE('',#1219,#1220,#616,.T.);
#1514=EDGE_CURVE('',#1219,#1218,#617,.T.);
#1515=EDGE_CURVE('',#1218,#1221,#795,.T.);
#1516=EDGE_CURVE('',#1221,#1221,#618,.T.);
#1517=EDGE_CURVE('',#1222,#1223,#619,.T.);
#1518=EDGE_CURVE('',#1223,#1224,#620,.T.);
#1519=EDGE_CURVE('',#1224,#1224,#621,.T.);
#1520=EDGE_CURVE('',#1223,#1222,#622,.T.);
#1521=EDGE_CURVE('',#1225,#1226,#623,.T.);
#1522=EDGE_CURVE('',#1225,#1222,#796,.T.);
#1523=EDGE_CURVE('',#1226,#1225,#624,.T.);
#1524=EDGE_CURVE('',#1227,#1227,#625,.T.);
#1525=EDGE_CURVE('',#1228,#1228,#626,.T.);
#1526=EDGE_CURVE('',#1228,#1226,#627,.T.);
#1527=EDGE_CURVE('',#1227,#1211,#797,.T.);
#1528=EDGE_CURVE('',#1167,#1209,#798,.T.);
#1529=EDGE_CURVE('',#1215,#1173,#799,.T.);
#1530=EDGE_CURVE('',#1214,#1172,#800,.T.);
#1531=EDGE_CURVE('',#1217,#1176,#801,.T.);
#1532=EDGE_CURVE('',#1212,#1170,#802,.T.);
#1533=EDGE_CURVE('',#1229,#1230,#628,.T.);
#1534=EDGE_CURVE('',#1231,#1230,#80,.T.);
#1535=EDGE_CURVE('',#1231,#1232,#803,.T.);
#1536=EDGE_CURVE('',#1233,#1232,#629,.T.);
#1537=EDGE_CURVE('',#1234,#1233,#81,.T.);
#1538=EDGE_CURVE('',#1235,#1234,#804,.T.);
#1539=EDGE_CURVE('',#1235,#1229,#82,.T.);
#1540=EDGE_CURVE('',#1231,#1236,#83,.T.);
#1541=EDGE_CURVE('',#1236,#1237,#630,.T.);
#1542=EDGE_CURVE('',#1237,#1238,#805,.T.);
#1543=EDGE_CURVE('',#1232,#1238,#631,.T.);
#1544=EDGE_CURVE('',#1239,#1239,#632,.T.);
#1545=EDGE_CURVE('',#1240,#1240,#633,.T.);
#1546=EDGE_CURVE('',#1241,#1241,#634,.T.);
#1547=EDGE_CURVE('',#1242,#1242,#635,.T.);
#1548=EDGE_CURVE('',#1239,#1243,#636,.T.);
#1549=EDGE_CURVE('',#1243,#1244,#637,.T.);
#1550=EDGE_CURVE('',#1244,#1243,#638,.T.);
#1551=EDGE_CURVE('',#1245,#1245,#639,.T.);
#1552=EDGE_CURVE('',#1245,#1244,#806,.T.);
#1553=EDGE_CURVE('',#1241,#1245,#640,.T.);
#1554=EDGE_CURVE('',#1246,#1247,#641,.T.);
#1555=EDGE_CURVE('',#1246,#1242,#807,.T.);
#1556=EDGE_CURVE('',#1247,#1246,#642,.T.);
#1557=EDGE_CURVE('',#1248,#1248,#643,.T.);
#1558=EDGE_CURVE('',#1249,#1249,#644,.T.);
#1559=EDGE_CURVE('',#1250,#1250,#645,.T.);
#1560=EDGE_CURVE('',#1251,#1251,#646,.T.);
#1561=EDGE_CURVE('',#1248,#1252,#647,.T.);
#1562=EDGE_CURVE('',#1253,#1252,#648,.T.);
#1563=EDGE_CURVE('',#1252,#1253,#649,.T.);
#1564=EDGE_CURVE('',#1254,#1254,#650,.T.);
#1565=EDGE_CURVE('',#1254,#1253,#808,.T.);
#1566=EDGE_CURVE('',#1250,#1254,#651,.T.);
#1567=EDGE_CURVE('',#1251,#1255,#809,.T.);
#1568=EDGE_CURVE('',#1255,#1255,#652,.T.);
#1569=EDGE_CURVE('',#1240,#1256,#810,.T.);
#1570=EDGE_CURVE('',#1256,#1256,#653,.T.);
#1571=EDGE_CURVE('',#1257,#1257,#654,.T.);
#1572=EDGE_CURVE('',#1257,#1249,#811,.T.);
#1573=EDGE_CURVE('',#1247,#1258,#655,.T.);
#1574=EDGE_CURVE('',#1259,#1260,#84,.T.);
#1575=EDGE_CURVE('',#1261,#1259,#812,.T.);
#1576=EDGE_CURVE('',#1262,#1261,#656,.T.);
#1577=EDGE_CURVE('',#1260,#1262,#813,.T.);
#1578=EDGE_CURVE('',#1229,#1261,#657,.T.);
#1579=EDGE_CURVE('',#1262,#1235,#658,.T.);
#1580=EDGE_CURVE('',#1236,#1230,#659,.T.);
#1581=EDGE_CURVE('',#1237,#1259,#660,.T.);
#1582=EDGE_CURVE('',#1263,#1264,#85,.T.);
#1583=EDGE_CURVE('',#1264,#1265,#814,.T.);
#1584=EDGE_CURVE('',#1265,#1266,#661,.T.);
#1585=EDGE_CURVE('',#1266,#1263,#815,.T.);
#1586=EDGE_CURVE('',#1233,#1266,#662,.T.);
#1587=EDGE_CURVE('',#1265,#1234,#663,.T.);
#1588=EDGE_CURVE('',#1262,#1265,#816,.T.);
#1589=EDGE_CURVE('',#1260,#1264,#817,.T.);
#1590=EDGE_CURVE('',#1238,#1263,#664,.T.);
#1591=EDGE_CURVE('',#1267,#1268,#665,.F.);
#1592=EDGE_CURVE('',#1269,#1267,#666,.F.);
#1593=EDGE_CURVE('',#1268,#1269,#667,.F.);
#1594=EDGE_CURVE('',#1270,#1271,#668,.T.);
#1595=EDGE_CURVE('',#1271,#1269,#818,.T.);
#1596=EDGE_CURVE('',#1267,#1270,#819,.T.);
#1597=EDGE_CURVE('',#1272,#1273,#669,.F.);
#1598=EDGE_CURVE('',#1274,#1272,#670,.F.);
#1599=EDGE_CURVE('',#1273,#1274,#671,.F.);
#1600=EDGE_CURVE('',#1275,#1276,#672,.T.);
#1601=EDGE_CURVE('',#1276,#1274,#820,.T.);
#1602=EDGE_CURVE('',#1272,#1275,#821,.T.);
#1603=EDGE_CURVE('',#1268,#1273,#822,.T.);
#1604=EDGE_CURVE('',#1274,#1267,#823,.T.);
#1605=EDGE_CURVE('',#1277,#1278,#673,.F.);
#1606=EDGE_CURVE('',#1279,#1277,#674,.F.);
#1607=EDGE_CURVE('',#1278,#1279,#675,.F.);
#1608=EDGE_CURVE('',#1280,#1281,#676,.F.);
#1609=EDGE_CURVE('',#1282,#1280,#677,.F.);
#1610=EDGE_CURVE('',#1281,#1282,#678,.F.);
#1611=EDGE_CURVE('',#1283,#1284,#679,.F.);
#1612=EDGE_CURVE('',#1285,#1283,#680,.T.);
#1613=EDGE_CURVE('',#1285,#1286,#681,.T.);
#1614=EDGE_CURVE('',#1284,#1286,#682,.T.);
#1615=EDGE_CURVE('',#1277,#1285,#824,.T.);
#1616=EDGE_CURVE('',#1283,#1279,#825,.T.);
#1617=EDGE_CURVE('',#1287,#1288,#683,.F.);
#1618=EDGE_CURVE('',#1288,#1284,#826,.T.);
#1619=EDGE_CURVE('',#1286,#1287,#827,.T.);
#1620=EDGE_CURVE('',#1289,#1290,#684,.F.);
#1621=EDGE_CURVE('',#1291,#1289,#685,.T.);
#1622=EDGE_CURVE('',#1291,#1292,#686,.T.);
#1623=EDGE_CURVE('',#1290,#1292,#687,.T.);
#1624=EDGE_CURVE('',#1293,#1294,#688,.F.);
#1625=EDGE_CURVE('',#1294,#1291,#828,.T.);
#1626=EDGE_CURVE('',#1289,#1293,#829,.T.);
#1627=EDGE_CURVE('',#1280,#1290,#830,.T.);
#1628=EDGE_CURVE('',#1292,#1282,#831,.T.);
#1629=EDGE_CURVE('',#1284,#1289,#832,.T.);
#1630=EDGE_CURVE('',#1290,#1283,#833,.T.);
#1631=EDGE_CURVE('',#1273,#1281,#834,.T.);
#1632=EDGE_CURVE('',#1282,#1272,#835,.T.);
#1633=EDGE_CURVE('',#1281,#1278,#836,.T.);
#1634=EDGE_CURVE('',#1279,#1280,#837,.T.);
#1635=EDGE_CURVE('',#1278,#1268,#838,.T.);
#1636=EDGE_CURVE('',#1269,#1277,#839,.T.);
#1637=EDGE_CURVE('',#1276,#1270,#840,.T.);
#1638=EDGE_CURVE('',#1295,#1275,#841,.T.);
#1639=EDGE_CURVE('',#1295,#1296,#842,.T.);
#1640=EDGE_CURVE('',#1296,#1297,#843,.T.);
#1641=EDGE_CURVE('',#1298,#1297,#844,.T.);
#1642=EDGE_CURVE('',#1299,#1298,#845,.T.);
#1643=EDGE_CURVE('',#1299,#1300,#846,.T.);
#1644=EDGE_CURVE('',#1300,#1271,#847,.T.);
#1645=EDGE_CURVE('',#1295,#1294,#848,.T.);
#1646=EDGE_CURVE('',#1293,#1288,#849,.T.);
#1647=EDGE_CURVE('',#1287,#1300,#850,.T.);
#1648=EDGE_CURVE('',#1301,#1301,#689,.T.);
#1649=EDGE_CURVE('',#1301,#1302,#851,.T.);
#1650=EDGE_CURVE('',#1302,#1302,#690,.T.);
#1651=EDGE_CURVE('',#1303,#1303,#691,.T.);
#1652=EDGE_CURVE('',#1303,#1304,#852,.T.);
#1653=EDGE_CURVE('',#1304,#1304,#692,.T.);
#1654=EDGE_CURVE('',#1305,#1306,#693,.T.);
#1655=EDGE_CURVE('',#1305,#1307,#853,.T.);
#1656=EDGE_CURVE('',#1308,#1307,#694,.T.);
#1657=EDGE_CURVE('',#1306,#1308,#854,.T.);
#1658=EDGE_CURVE('',#1309,#1306,#855,.T.);
#1659=EDGE_CURVE('',#1310,#1308,#856,.T.);
#1660=EDGE_CURVE('',#1309,#1310,#857,.T.);
#1661=EDGE_CURVE('',#1309,#1311,#695,.T.);
#1662=EDGE_CURVE('',#1312,#1310,#696,.T.);
#1663=EDGE_CURVE('',#1311,#1312,#858,.T.);
#1664=EDGE_CURVE('',#1313,#1311,#859,.T.);
#1665=EDGE_CURVE('',#1314,#1312,#860,.T.);
#1666=EDGE_CURVE('',#1313,#1314,#861,.T.);
#1667=EDGE_CURVE('',#1315,#1313,#697,.T.);
#1668=EDGE_CURVE('',#1316,#1314,#698,.T.);
#1669=EDGE_CURVE('',#1315,#1316,#862,.T.);
#1670=EDGE_CURVE('',#1315,#1317,#863,.T.);
#1671=EDGE_CURVE('',#1318,#1316,#864,.T.);
#1672=EDGE_CURVE('',#1317,#1318,#865,.T.);
#1673=EDGE_CURVE('',#1317,#1319,#699,.T.);
#1674=EDGE_CURVE('',#1320,#1318,#700,.T.);
#1675=EDGE_CURVE('',#1319,#1320,#866,.T.);
#1676=EDGE_CURVE('',#1319,#1321,#867,.T.);
#1677=EDGE_CURVE('',#1322,#1320,#868,.T.);
#1678=EDGE_CURVE('',#1321,#1322,#869,.T.);
#1679=EDGE_CURVE('',#1321,#1323,#701,.T.);
#1680=EDGE_CURVE('',#1324,#1322,#702,.T.);
#1681=EDGE_CURVE('',#1323,#1324,#870,.T.);
#1682=EDGE_CURVE('',#1325,#1323,#871,.T.);
#1683=EDGE_CURVE('',#1326,#1324,#872,.T.);
#1684=EDGE_CURVE('',#1325,#1326,#873,.T.);
#1685=EDGE_CURVE('',#1327,#1325,#703,.T.);
#1686=EDGE_CURVE('',#1328,#1326,#704,.T.);
#1687=EDGE_CURVE('',#1327,#1328,#874,.T.);
#1688=EDGE_CURVE('',#1296,#1327,#875,.T.);
#1689=EDGE_CURVE('',#1297,#1328,#876,.T.);
#1690=EDGE_CURVE('',#1329,#1299,#877,.T.);
#1691=EDGE_CURVE('',#1330,#1298,#878,.T.);
#1692=EDGE_CURVE('',#1329,#1330,#879,.T.);
#1693=EDGE_CURVE('',#1331,#1329,#705,.T.);
#1694=EDGE_CURVE('',#1332,#1330,#706,.T.);
#1695=EDGE_CURVE('',#1331,#1332,#880,.T.);
#1696=EDGE_CURVE('',#1305,#1331,#881,.T.);
#1697=EDGE_CURVE('',#1307,#1332,#882,.T.);
#1698=EDGE_CURVE('',#1333,#1334,#707,.F.);
#1699=EDGE_CURVE('',#1334,#1335,#708,.F.);
#1700=EDGE_CURVE('',#1335,#1333,#709,.F.);
#1701=EDGE_CURVE('',#1336,#1337,#710,.T.);
#1702=EDGE_CURVE('',#1333,#1336,#883,.T.);
#1703=EDGE_CURVE('',#1337,#1335,#884,.T.);
#1704=EDGE_CURVE('',#1338,#1339,#711,.F.);
#1705=EDGE_CURVE('',#1339,#1340,#712,.F.);
#1706=EDGE_CURVE('',#1340,#1338,#713,.F.);
#1707=EDGE_CURVE('',#1341,#1342,#714,.T.);
#1708=EDGE_CURVE('',#1338,#1341,#885,.T.);
#1709=EDGE_CURVE('',#1342,#1340,#886,.T.);
#1710=EDGE_CURVE('',#1340,#1333,#887,.T.);
#1711=EDGE_CURVE('',#1334,#1339,#888,.T.);
#1712=EDGE_CURVE('',#1343,#1344,#715,.F.);
#1713=EDGE_CURVE('',#1344,#1345,#716,.F.);
#1714=EDGE_CURVE('',#1345,#1343,#717,.F.);
#1715=EDGE_CURVE('',#1346,#1347,#718,.F.);
#1716=EDGE_CURVE('',#1347,#1348,#719,.F.);
#1717=EDGE_CURVE('',#1348,#1346,#720,.F.);
#1718=EDGE_CURVE('',#1349,#1350,#721,.F.);
#1719=EDGE_CURVE('',#1350,#1351,#722,.T.);
#1720=EDGE_CURVE('',#1352,#1351,#723,.T.);
#1721=EDGE_CURVE('',#1352,#1349,#724,.T.);
#1722=EDGE_CURVE('',#1349,#1345,#889,.T.);
#1723=EDGE_CURVE('',#1343,#1352,#890,.T.);
#1724=EDGE_CURVE('',#1353,#1354,#725,.F.);
#1725=EDGE_CURVE('',#1351,#1353,#891,.T.);
#1726=EDGE_CURVE('',#1354,#1350,#892,.T.);
#1727=EDGE_CURVE('',#1355,#1356,#726,.F.);
#1728=EDGE_CURVE('',#1356,#1357,#727,.T.);
#1729=EDGE_CURVE('',#1358,#1357,#728,.T.);
#1730=EDGE_CURVE('',#1358,#1355,#729,.T.);
#1731=EDGE_CURVE('',#1359,#1360,#730,.F.);
#1732=EDGE_CURVE('',#1355,#1359,#893,.T.);
#1733=EDGE_CURVE('',#1360,#1358,#894,.T.);
#1734=EDGE_CURVE('',#1357,#1348,#895,.T.);
#1735=EDGE_CURVE('',#1346,#1356,#896,.T.);
#1736=EDGE_CURVE('',#1356,#1349,#897,.T.);
#1737=EDGE_CURVE('',#1350,#1355,#898,.T.);
#1738=EDGE_CURVE('',#1348,#1338,#899,.T.);
#1739=EDGE_CURVE('',#1339,#1347,#900,.T.);
#1740=EDGE_CURVE('',#1345,#1346,#901,.T.);
#1741=EDGE_CURVE('',#1347,#1344,#902,.T.);
#1742=EDGE_CURVE('',#1335,#1343,#903,.T.);
#1743=EDGE_CURVE('',#1344,#1334,#904,.T.);
#1744=EDGE_CURVE('',#1342,#1336,#905,.T.);
#1745=EDGE_CURVE('',#1361,#1337,#906,.T.);
#1746=EDGE_CURVE('',#1362,#1361,#907,.T.);
#1747=EDGE_CURVE('',#1362,#1363,#908,.T.);
#1748=EDGE_CURVE('',#1363,#1364,#909,.T.);
#1749=EDGE_CURVE('',#1365,#1364,#910,.T.);
#1750=EDGE_CURVE('',#1366,#1365,#911,.T.);
#1751=EDGE_CURVE('',#1366,#1341,#912,.T.);
#1752=EDGE_CURVE('',#1366,#1360,#913,.T.);
#1753=EDGE_CURVE('',#1359,#1354,#914,.T.);
#1754=EDGE_CURVE('',#1353,#1361,#915,.T.);
#1755=EDGE_CURVE('',#1367,#1367,#731,.T.);
#1756=EDGE_CURVE('',#1367,#1368,#916,.T.);
#1757=EDGE_CURVE('',#1368,#1368,#732,.T.);
#1758=EDGE_CURVE('',#1369,#1369,#733,.T.);
#1759=EDGE_CURVE('',#1369,#1370,#917,.T.);
#1760=EDGE_CURVE('',#1370,#1370,#734,.T.);
#1761=EDGE_CURVE('',#1371,#1372,#735,.T.);
#1762=EDGE_CURVE('',#1372,#1373,#918,.T.);
#1763=EDGE_CURVE('',#1373,#1374,#736,.T.);
#1764=EDGE_CURVE('',#1371,#1374,#919,.T.);
#1765=EDGE_CURVE('',#1375,#1372,#920,.T.);
#1766=EDGE_CURVE('',#1375,#1376,#921,.T.);
#1767=EDGE_CURVE('',#1376,#1373,#922,.T.);
#1768=EDGE_CURVE('',#1375,#1377,#737,.T.);
#1769=EDGE_CURVE('',#1377,#1378,#923,.T.);
#1770=EDGE_CURVE('',#1378,#1376,#738,.T.);
#1771=EDGE_CURVE('',#1379,#1377,#924,.T.);
#1772=EDGE_CURVE('',#1379,#1380,#925,.T.);
#1773=EDGE_CURVE('',#1380,#1378,#926,.T.);
#1774=EDGE_CURVE('',#1381,#1379,#739,.T.);
#1775=EDGE_CURVE('',#1381,#1382,#927,.T.);
#1776=EDGE_CURVE('',#1382,#1380,#740,.T.);
#1777=EDGE_CURVE('',#1381,#1383,#928,.T.);
#1778=EDGE_CURVE('',#1383,#1384,#929,.T.);
#1779=EDGE_CURVE('',#1384,#1382,#930,.T.);
#1780=EDGE_CURVE('',#1383,#1385,#741,.T.);
#1781=EDGE_CURVE('',#1385,#1386,#931,.T.);
#1782=EDGE_CURVE('',#1386,#1384,#742,.T.);
#1783=EDGE_CURVE('',#1385,#1387,#932,.T.);
#1784=EDGE_CURVE('',#1387,#1388,#933,.T.);
#1785=EDGE_CURVE('',#1388,#1386,#934,.T.);
#1786=EDGE_CURVE('',#1387,#1389,#743,.T.);
#1787=EDGE_CURVE('',#1389,#1390,#935,.T.);
#1788=EDGE_CURVE('',#1390,#1388,#744,.T.);
#1789=EDGE_CURVE('',#1391,#1389,#936,.T.);
#1790=EDGE_CURVE('',#1391,#1392,#937,.T.);
#1791=EDGE_CURVE('',#1392,#1390,#938,.T.);
#1792=EDGE_CURVE('',#1393,#1391,#745,.T.);
#1793=EDGE_CURVE('',#1393,#1394,#939,.T.);
#1794=EDGE_CURVE('',#1394,#1392,#746,.T.);
#1795=EDGE_CURVE('',#1365,#1393,#940,.T.);
#1796=EDGE_CURVE('',#1364,#1394,#941,.T.);
#1797=EDGE_CURVE('',#1395,#1362,#942,.T.);
#1798=EDGE_CURVE('',#1395,#1396,#943,.T.);
#1799=EDGE_CURVE('',#1396,#1363,#944,.T.);
#1800=EDGE_CURVE('',#1397,#1395,#747,.T.);
#1801=EDGE_CURVE('',#1397,#1398,#945,.T.);
#1802=EDGE_CURVE('',#1398,#1396,#748,.T.);
#1803=EDGE_CURVE('',#1371,#1397,#946,.T.);
#1804=EDGE_CURVE('',#1374,#1398,#947,.T.);
#1805=ORIENTED_EDGE('',*,*,#1399,.F.);
#1806=ORIENTED_EDGE('',*,*,#1400,.T.);
#1807=ORIENTED_EDGE('',*,*,#1401,.T.);
#1808=ORIENTED_EDGE('',*,*,#1402,.F.);
#1809=ORIENTED_EDGE('',*,*,#1403,.T.);
#1810=ORIENTED_EDGE('',*,*,#1404,.T.);
#1811=ORIENTED_EDGE('',*,*,#1405,.F.);
#1812=ORIENTED_EDGE('',*,*,#1406,.T.);
#1813=ORIENTED_EDGE('',*,*,#1407,.T.);
#1814=ORIENTED_EDGE('',*,*,#1408,.T.);
#1815=ORIENTED_EDGE('',*,*,#1409,.T.);
#1816=ORIENTED_EDGE('',*,*,#1410,.T.);
#1817=ORIENTED_EDGE('',*,*,#1411,.T.);
#1818=ORIENTED_EDGE('',*,*,#1412,.T.);
#1819=ORIENTED_EDGE('',*,*,#1413,.F.);
#1820=ORIENTED_EDGE('',*,*,#1412,.F.);
#1821=ORIENTED_EDGE('',*,*,#1414,.F.);
#1822=ORIENTED_EDGE('',*,*,#1415,.F.);
#1823=ORIENTED_EDGE('',*,*,#1416,.F.);
#1824=ORIENTED_EDGE('',*,*,#1417,.F.);
#1825=ORIENTED_EDGE('',*,*,#1414,.T.);
#1826=ORIENTED_EDGE('',*,*,#1411,.F.);
#1827=ORIENTED_EDGE('',*,*,#1418,.F.);
#1828=ORIENTED_EDGE('',*,*,#1419,.F.);
#1829=ORIENTED_EDGE('',*,*,#1416,.T.);
#1830=ORIENTED_EDGE('',*,*,#1410,.F.);
#1831=ORIENTED_EDGE('',*,*,#1420,.F.);
#1832=ORIENTED_EDGE('',*,*,#1421,.F.);
#1833=ORIENTED_EDGE('',*,*,#1418,.T.);
#1834=ORIENTED_EDGE('',*,*,#1409,.F.);
#1835=ORIENTED_EDGE('',*,*,#1422,.F.);
#1836=ORIENTED_EDGE('',*,*,#1423,.F.);
#1837=ORIENTED_EDGE('',*,*,#1420,.T.);
#1838=ORIENTED_EDGE('',*,*,#1408,.F.);
#1839=ORIENTED_EDGE('',*,*,#1424,.F.);
#1840=ORIENTED_EDGE('',*,*,#1425,.F.);
#1841=ORIENTED_EDGE('',*,*,#1422,.T.);
#1842=ORIENTED_EDGE('',*,*,#1407,.F.);
#1843=ORIENTED_EDGE('',*,*,#1426,.F.);
#1844=ORIENTED_EDGE('',*,*,#1427,.F.);
#1845=ORIENTED_EDGE('',*,*,#1424,.T.);
#1846=ORIENTED_EDGE('',*,*,#1406,.F.);
#1847=ORIENTED_EDGE('',*,*,#1428,.F.);
#1848=ORIENTED_EDGE('',*,*,#1429,.F.);
#1849=ORIENTED_EDGE('',*,*,#1430,.F.);
#1850=ORIENTED_EDGE('',*,*,#1426,.T.);
#1851=ORIENTED_EDGE('',*,*,#1431,.F.);
#1852=ORIENTED_EDGE('',*,*,#1404,.F.);
#1853=ORIENTED_EDGE('',*,*,#1432,.F.);
#1854=ORIENTED_EDGE('',*,*,#1433,.F.);
#1855=ORIENTED_EDGE('',*,*,#1434,.F.);
#1856=ORIENTED_EDGE('',*,*,#1435,.F.);
#1857=ORIENTED_EDGE('',*,*,#1432,.T.);
#1858=ORIENTED_EDGE('',*,*,#1403,.F.);
#1859=ORIENTED_EDGE('',*,*,#1402,.T.);
#1860=ORIENTED_EDGE('',*,*,#1436,.T.);
#1861=ORIENTED_EDGE('',*,*,#1437,.F.);
#1862=ORIENTED_EDGE('',*,*,#1434,.T.);
#1863=ORIENTED_EDGE('',*,*,#1438,.F.);
#1864=ORIENTED_EDGE('',*,*,#1431,.T.);
#1865=ORIENTED_EDGE('',*,*,#1439,.F.);
#1866=ORIENTED_EDGE('',*,*,#1440,.F.);
#1867=ORIENTED_EDGE('',*,*,#1441,.F.);
#1868=ORIENTED_EDGE('',*,*,#1440,.T.);
#1869=ORIENTED_EDGE('',*,*,#1442,.F.);
#1870=ORIENTED_EDGE('',*,*,#1429,.T.);
#1871=ORIENTED_EDGE('',*,*,#1443,.F.);
#1872=ORIENTED_EDGE('',*,*,#1444,.F.);
#1873=ORIENTED_EDGE('',*,*,#1445,.T.);
#1874=ORIENTED_EDGE('',*,*,#1445,.F.);
#1875=ORIENTED_EDGE('',*,*,#1443,.T.);
#1876=ORIENTED_EDGE('',*,*,#1444,.T.);
#1877=ORIENTED_EDGE('',*,*,#1446,.T.);
#1878=ORIENTED_EDGE('',*,*,#1447,.F.);
#1879=ORIENTED_EDGE('',*,*,#1446,.F.);
#1880=ORIENTED_EDGE('',*,*,#1448,.F.);
#1881=ORIENTED_EDGE('',*,*,#1449,.F.);
#1882=ORIENTED_EDGE('',*,*,#1450,.T.);
#1883=ORIENTED_EDGE('',*,*,#1451,.F.);
#1884=ORIENTED_EDGE('',*,*,#1450,.F.);
#1885=ORIENTED_EDGE('',*,*,#1452,.T.);
#1886=ORIENTED_EDGE('',*,*,#1453,.T.);
#1887=ORIENTED_EDGE('',*,*,#1454,.T.);
#1888=ORIENTED_EDGE('',*,*,#1448,.T.);
#1889=ORIENTED_EDGE('',*,*,#1449,.T.);
#1890=ORIENTED_EDGE('',*,*,#1454,.F.);
#1891=ORIENTED_EDGE('',*,*,#1451,.T.);
#1892=ORIENTED_EDGE('',*,*,#1455,.T.);
#1893=ORIENTED_EDGE('',*,*,#1456,.F.);
#1894=ORIENTED_EDGE('',*,*,#1457,.T.);
#1895=ORIENTED_EDGE('',*,*,#1452,.F.);
#1896=ORIENTED_EDGE('',*,*,#1453,.F.);
#1897=ORIENTED_EDGE('',*,*,#1457,.F.);
#1898=ORIENTED_EDGE('',*,*,#1456,.T.);
#1899=ORIENTED_EDGE('',*,*,#1447,.T.);
#1900=ORIENTED_EDGE('',*,*,#1455,.F.);
#1901=ORIENTED_EDGE('',*,*,#1458,.T.);
#1902=ORIENTED_EDGE('',*,*,#1428,.T.);
#1903=ORIENTED_EDGE('',*,*,#1405,.T.);
#1904=ORIENTED_EDGE('',*,*,#1438,.T.);
#1905=ORIENTED_EDGE('',*,*,#1441,.T.);
#1906=ORIENTED_EDGE('',*,*,#1458,.F.);
#1907=ORIENTED_EDGE('',*,*,#1459,.T.);
#1908=ORIENTED_EDGE('',*,*,#1460,.T.);
#1909=ORIENTED_EDGE('',*,*,#1436,.F.);
#1910=ORIENTED_EDGE('',*,*,#1401,.F.);
#1911=ORIENTED_EDGE('',*,*,#1461,.F.);
#1912=ORIENTED_EDGE('',*,*,#1462,.T.);
#1913=ORIENTED_EDGE('',*,*,#1463,.F.);
#1914=ORIENTED_EDGE('',*,*,#1464,.F.);
#1915=ORIENTED_EDGE('',*,*,#1465,.T.);
#1916=ORIENTED_EDGE('',*,*,#1399,.T.);
#1917=ORIENTED_EDGE('',*,*,#1413,.T.);
#1918=ORIENTED_EDGE('',*,*,#1466,.T.);
#1919=ORIENTED_EDGE('',*,*,#1465,.F.);
#1920=ORIENTED_EDGE('',*,*,#1467,.T.);
#1921=ORIENTED_EDGE('',*,*,#1461,.T.);
#1922=ORIENTED_EDGE('',*,*,#1400,.F.);
#1923=ORIENTED_EDGE('',*,*,#1464,.T.);
#1924=ORIENTED_EDGE('',*,*,#1468,.F.);
#1925=ORIENTED_EDGE('',*,*,#1469,.F.);
#1926=ORIENTED_EDGE('',*,*,#1470,.F.);
#1927=ORIENTED_EDGE('',*,*,#1471,.F.);
#1928=ORIENTED_EDGE('',*,*,#1472,.F.);
#1929=ORIENTED_EDGE('',*,*,#1473,.F.);
#1930=ORIENTED_EDGE('',*,*,#1474,.F.);
#1931=ORIENTED_EDGE('',*,*,#1475,.T.);
#1932=ORIENTED_EDGE('',*,*,#1476,.F.);
#1933=ORIENTED_EDGE('',*,*,#1477,.F.);
#1934=ORIENTED_EDGE('',*,*,#1478,.T.);
#1935=ORIENTED_EDGE('',*,*,#1462,.F.);
#1936=ORIENTED_EDGE('',*,*,#1467,.F.);
#1937=ORIENTED_EDGE('',*,*,#1463,.T.);
#1938=ORIENTED_EDGE('',*,*,#1479,.T.);
#1939=ORIENTED_EDGE('',*,*,#1480,.T.);
#1940=ORIENTED_EDGE('',*,*,#1468,.T.);
#1941=ORIENTED_EDGE('',*,*,#1481,.T.);
#1942=ORIENTED_EDGE('',*,*,#1469,.T.);
#1943=ORIENTED_EDGE('',*,*,#1480,.F.);
#1944=ORIENTED_EDGE('',*,*,#1482,.T.);
#1945=ORIENTED_EDGE('',*,*,#1483,.T.);
#1946=ORIENTED_EDGE('',*,*,#1470,.T.);
#1947=ORIENTED_EDGE('',*,*,#1481,.F.);
#1948=ORIENTED_EDGE('',*,*,#1484,.T.);
#1949=ORIENTED_EDGE('',*,*,#1485,.T.);
#1950=ORIENTED_EDGE('',*,*,#1471,.T.);
#1951=ORIENTED_EDGE('',*,*,#1483,.F.);
#1952=ORIENTED_EDGE('',*,*,#1486,.T.);
#1953=ORIENTED_EDGE('',*,*,#1487,.T.);
#1954=ORIENTED_EDGE('',*,*,#1472,.T.);
#1955=ORIENTED_EDGE('',*,*,#1485,.F.);
#1956=ORIENTED_EDGE('',*,*,#1488,.T.);
#1957=ORIENTED_EDGE('',*,*,#1489,.T.);
#1958=ORIENTED_EDGE('',*,*,#1473,.T.);
#1959=ORIENTED_EDGE('',*,*,#1487,.F.);
#1960=ORIENTED_EDGE('',*,*,#1490,.T.);
#1961=ORIENTED_EDGE('',*,*,#1491,.T.);
#1962=ORIENTED_EDGE('',*,*,#1474,.T.);
#1963=ORIENTED_EDGE('',*,*,#1489,.F.);
#1964=ORIENTED_EDGE('',*,*,#1492,.T.);
#1965=ORIENTED_EDGE('',*,*,#1493,.T.);
#1966=ORIENTED_EDGE('',*,*,#1491,.F.);
#1967=ORIENTED_EDGE('',*,*,#1494,.T.);
#1968=ORIENTED_EDGE('',*,*,#1495,.T.);
#1969=ORIENTED_EDGE('',*,*,#1496,.T.);
#1970=ORIENTED_EDGE('',*,*,#1497,.T.);
#1971=ORIENTED_EDGE('',*,*,#1498,.T.);
#1972=ORIENTED_EDGE('',*,*,#1476,.T.);
#1973=ORIENTED_EDGE('',*,*,#1499,.T.);
#1974=ORIENTED_EDGE('',*,*,#1477,.T.);
#1975=ORIENTED_EDGE('',*,*,#1498,.F.);
#1976=ORIENTED_EDGE('',*,*,#1500,.T.);
#1977=ORIENTED_EDGE('',*,*,#1478,.F.);
#1978=ORIENTED_EDGE('',*,*,#1499,.F.);
#1979=ORIENTED_EDGE('',*,*,#1501,.T.);
#1980=ORIENTED_EDGE('',*,*,#1459,.F.);
#1981=ORIENTED_EDGE('',*,*,#1502,.T.);
#1982=ORIENTED_EDGE('',*,*,#1503,.T.);
#1983=ORIENTED_EDGE('',*,*,#1504,.T.);
#1984=ORIENTED_EDGE('',*,*,#1496,.F.);
#1985=ORIENTED_EDGE('',*,*,#1505,.T.);
#1986=ORIENTED_EDGE('',*,*,#1495,.F.);
#1987=ORIENTED_EDGE('',*,*,#1506,.T.);
#1988=ORIENTED_EDGE('',*,*,#1503,.F.);
#1989=ORIENTED_EDGE('',*,*,#1466,.F.);
#1990=ORIENTED_EDGE('',*,*,#1415,.T.);
#1991=ORIENTED_EDGE('',*,*,#1507,.T.);
#1992=ORIENTED_EDGE('',*,*,#1479,.F.);
#1993=ORIENTED_EDGE('',*,*,#1482,.F.);
#1994=ORIENTED_EDGE('',*,*,#1507,.F.);
#1995=ORIENTED_EDGE('',*,*,#1417,.T.);
#1996=ORIENTED_EDGE('',*,*,#1508,.T.);
#1997=ORIENTED_EDGE('',*,*,#1484,.F.);
#1998=ORIENTED_EDGE('',*,*,#1508,.F.);
#1999=ORIENTED_EDGE('',*,*,#1419,.T.);
#2000=ORIENTED_EDGE('',*,*,#1509,.T.);
#2001=ORIENTED_EDGE('',*,*,#1486,.F.);
#2002=ORIENTED_EDGE('',*,*,#1509,.F.);
#2003=ORIENTED_EDGE('',*,*,#1421,.T.);
#2004=ORIENTED_EDGE('',*,*,#1510,.T.);
#2005=ORIENTED_EDGE('',*,*,#1488,.F.);
#2006=ORIENTED_EDGE('',*,*,#1510,.F.);
#2007=ORIENTED_EDGE('',*,*,#1423,.T.);
#2008=ORIENTED_EDGE('',*,*,#1511,.T.);
#2009=ORIENTED_EDGE('',*,*,#1512,.T.);
#2010=ORIENTED_EDGE('',*,*,#1513,.T.);
#2011=ORIENTED_EDGE('',*,*,#1513,.F.);
#2012=ORIENTED_EDGE('',*,*,#1514,.T.);
#2013=ORIENTED_EDGE('',*,*,#1512,.F.);
#2014=ORIENTED_EDGE('',*,*,#1515,.T.);
#2015=ORIENTED_EDGE('',*,*,#1516,.T.);
#2016=ORIENTED_EDGE('',*,*,#1515,.F.);
#2017=ORIENTED_EDGE('',*,*,#1514,.F.);
#2018=ORIENTED_EDGE('',*,*,#1517,.T.);
#2019=ORIENTED_EDGE('',*,*,#1518,.T.);
#2020=ORIENTED_EDGE('',*,*,#1519,.T.);
#2021=ORIENTED_EDGE('',*,*,#1518,.F.);
#2022=ORIENTED_EDGE('',*,*,#1520,.T.);
#2023=ORIENTED_EDGE('',*,*,#1521,.F.);
#2024=ORIENTED_EDGE('',*,*,#1522,.T.);
#2025=ORIENTED_EDGE('',*,*,#1520,.F.);
#2026=ORIENTED_EDGE('',*,*,#1517,.F.);
#2027=ORIENTED_EDGE('',*,*,#1522,.F.);
#2028=ORIENTED_EDGE('',*,*,#1523,.F.);
#2029=ORIENTED_EDGE('',*,*,#1519,.F.);
#2030=ORIENTED_EDGE('',*,*,#1524,.F.);
#2031=ORIENTED_EDGE('',*,*,#1525,.T.);
#2032=ORIENTED_EDGE('',*,*,#1526,.T.);
#2033=ORIENTED_EDGE('',*,*,#1523,.T.);
#2034=ORIENTED_EDGE('',*,*,#1521,.T.);
#2035=ORIENTED_EDGE('',*,*,#1526,.F.);
#2036=ORIENTED_EDGE('',*,*,#1525,.F.);
#2037=ORIENTED_EDGE('',*,*,#1516,.F.);
#2038=ORIENTED_EDGE('',*,*,#1524,.T.);
#2039=ORIENTED_EDGE('',*,*,#1527,.T.);
#2040=ORIENTED_EDGE('',*,*,#1505,.F.);
#2041=ORIENTED_EDGE('',*,*,#1502,.F.);
#2042=ORIENTED_EDGE('',*,*,#1475,.F.);
#2043=ORIENTED_EDGE('',*,*,#1493,.F.);
#2044=ORIENTED_EDGE('',*,*,#1527,.F.);
#2045=ORIENTED_EDGE('',*,*,#1490,.F.);
#2046=ORIENTED_EDGE('',*,*,#1511,.F.);
#2047=ORIENTED_EDGE('',*,*,#1425,.T.);
#2048=ORIENTED_EDGE('',*,*,#1528,.T.);
#2049=ORIENTED_EDGE('',*,*,#1501,.F.);
#2050=ORIENTED_EDGE('',*,*,#1529,.T.);
#2051=ORIENTED_EDGE('',*,*,#1437,.T.);
#2052=ORIENTED_EDGE('',*,*,#1460,.F.);
#2053=ORIENTED_EDGE('',*,*,#1500,.F.);
#2054=ORIENTED_EDGE('',*,*,#1530,.T.);
#2055=ORIENTED_EDGE('',*,*,#1435,.T.);
#2056=ORIENTED_EDGE('',*,*,#1529,.F.);
#2057=ORIENTED_EDGE('',*,*,#1504,.F.);
#2058=ORIENTED_EDGE('',*,*,#1531,.T.);
#2059=ORIENTED_EDGE('',*,*,#1439,.T.);
#2060=ORIENTED_EDGE('',*,*,#1433,.T.);
#2061=ORIENTED_EDGE('',*,*,#1530,.F.);
#2062=ORIENTED_EDGE('',*,*,#1497,.F.);
#2063=ORIENTED_EDGE('',*,*,#1506,.F.);
#2064=ORIENTED_EDGE('',*,*,#1532,.T.);
#2065=ORIENTED_EDGE('',*,*,#1442,.T.);
#2066=ORIENTED_EDGE('',*,*,#1531,.F.);
#2067=ORIENTED_EDGE('',*,*,#1492,.F.);
#2068=ORIENTED_EDGE('',*,*,#1528,.F.);
#2069=ORIENTED_EDGE('',*,*,#1427,.T.);
#2070=ORIENTED_EDGE('',*,*,#1430,.T.);
#2071=ORIENTED_EDGE('',*,*,#1532,.F.);
#2072=ORIENTED_EDGE('',*,*,#1494,.F.);
#2073=ORIENTED_EDGE('',*,*,#1533,.T.);
#2074=ORIENTED_EDGE('',*,*,#1534,.F.);
#2075=ORIENTED_EDGE('',*,*,#1535,.T.);
#2076=ORIENTED_EDGE('',*,*,#1536,.F.);
#2077=ORIENTED_EDGE('',*,*,#1537,.F.);
#2078=ORIENTED_EDGE('',*,*,#1538,.F.);
#2079=ORIENTED_EDGE('',*,*,#1539,.T.);
#2080=ORIENTED_EDGE('',*,*,#1535,.F.);
#2081=ORIENTED_EDGE('',*,*,#1540,.T.);
#2082=ORIENTED_EDGE('',*,*,#1541,.T.);
#2083=ORIENTED_EDGE('',*,*,#1542,.T.);
#2084=ORIENTED_EDGE('',*,*,#1543,.F.);
#2085=ORIENTED_EDGE('',*,*,#1544,.F.);
#2086=ORIENTED_EDGE('',*,*,#1545,.F.);
#2087=ORIENTED_EDGE('',*,*,#1546,.F.);
#2088=ORIENTED_EDGE('',*,*,#1547,.F.);
#2089=ORIENTED_EDGE('',*,*,#1544,.T.);
#2090=ORIENTED_EDGE('',*,*,#1548,.T.);
#2091=ORIENTED_EDGE('',*,*,#1549,.T.);
#2092=ORIENTED_EDGE('',*,*,#1550,.T.);
#2093=ORIENTED_EDGE('',*,*,#1548,.F.);
#2094=ORIENTED_EDGE('',*,*,#1551,.F.);
#2095=ORIENTED_EDGE('',*,*,#1552,.T.);
#2096=ORIENTED_EDGE('',*,*,#1549,.F.);
#2097=ORIENTED_EDGE('',*,*,#1550,.F.);
#2098=ORIENTED_EDGE('',*,*,#1552,.F.);
#2099=ORIENTED_EDGE('',*,*,#1546,.T.);
#2100=ORIENTED_EDGE('',*,*,#1553,.T.);
#2101=ORIENTED_EDGE('',*,*,#1551,.T.);
#2102=ORIENTED_EDGE('',*,*,#1553,.F.);
#2103=ORIENTED_EDGE('',*,*,#1554,.F.);
#2104=ORIENTED_EDGE('',*,*,#1555,.T.);
#2105=ORIENTED_EDGE('',*,*,#1547,.T.);
#2106=ORIENTED_EDGE('',*,*,#1555,.F.);
#2107=ORIENTED_EDGE('',*,*,#1556,.F.);
#2108=ORIENTED_EDGE('',*,*,#1557,.T.);
#2109=ORIENTED_EDGE('',*,*,#1558,.F.);
#2110=ORIENTED_EDGE('',*,*,#1559,.T.);
#2111=ORIENTED_EDGE('',*,*,#1560,.F.);
#2112=ORIENTED_EDGE('',*,*,#1557,.F.);
#2113=ORIENTED_EDGE('',*,*,#1561,.T.);
#2114=ORIENTED_EDGE('',*,*,#1562,.F.);
#2115=ORIENTED_EDGE('',*,*,#1563,.F.);
#2116=ORIENTED_EDGE('',*,*,#1561,.F.);
#2117=ORIENTED_EDGE('',*,*,#1564,.T.);
#2118=ORIENTED_EDGE('',*,*,#1565,.T.);
#2119=ORIENTED_EDGE('',*,*,#1562,.T.);
#2120=ORIENTED_EDGE('',*,*,#1563,.T.);
#2121=ORIENTED_EDGE('',*,*,#1565,.F.);
#2122=ORIENTED_EDGE('',*,*,#1559,.F.);
#2123=ORIENTED_EDGE('',*,*,#1566,.T.);
#2124=ORIENTED_EDGE('',*,*,#1564,.F.);
#2125=ORIENTED_EDGE('',*,*,#1566,.F.);
#2126=ORIENTED_EDGE('',*,*,#1560,.T.);
#2127=ORIENTED_EDGE('',*,*,#1567,.T.);
#2128=ORIENTED_EDGE('',*,*,#1568,.T.);
#2129=ORIENTED_EDGE('',*,*,#1567,.F.);
#2130=ORIENTED_EDGE('',*,*,#1545,.T.);
#2131=ORIENTED_EDGE('',*,*,#1569,.T.);
#2132=ORIENTED_EDGE('',*,*,#1570,.F.);
#2133=ORIENTED_EDGE('',*,*,#1569,.F.);
#2134=ORIENTED_EDGE('',*,*,#1571,.F.);
#2135=ORIENTED_EDGE('',*,*,#1572,.T.);
#2136=ORIENTED_EDGE('',*,*,#1558,.T.);
#2137=ORIENTED_EDGE('',*,*,#1572,.F.);
#2138=ORIENTED_EDGE('',*,*,#1554,.T.);
#2139=ORIENTED_EDGE('',*,*,#1573,.T.);
#2140=ORIENTED_EDGE('',*,*,#1573,.F.);
#2141=ORIENTED_EDGE('',*,*,#1556,.T.);
#2142=ORIENTED_EDGE('',*,*,#1568,.F.);
#2143=ORIENTED_EDGE('',*,*,#1574,.F.);
#2144=ORIENTED_EDGE('',*,*,#1575,.F.);
#2145=ORIENTED_EDGE('',*,*,#1576,.F.);
#2146=ORIENTED_EDGE('',*,*,#1577,.F.);
#2147=ORIENTED_EDGE('',*,*,#1578,.F.);
#2148=ORIENTED_EDGE('',*,*,#1539,.F.);
#2149=ORIENTED_EDGE('',*,*,#1579,.F.);
#2150=ORIENTED_EDGE('',*,*,#1576,.T.);
#2151=ORIENTED_EDGE('',*,*,#1534,.T.);
#2152=ORIENTED_EDGE('',*,*,#1580,.F.);
#2153=ORIENTED_EDGE('',*,*,#1540,.F.);
#2154=ORIENTED_EDGE('',*,*,#1578,.T.);
#2155=ORIENTED_EDGE('',*,*,#1575,.T.);
#2156=ORIENTED_EDGE('',*,*,#1581,.F.);
#2157=ORIENTED_EDGE('',*,*,#1541,.F.);
#2158=ORIENTED_EDGE('',*,*,#1580,.T.);
#2159=ORIENTED_EDGE('',*,*,#1533,.F.);
#2160=ORIENTED_EDGE('',*,*,#1571,.T.);
#2161=ORIENTED_EDGE('',*,*,#1582,.T.);
#2162=ORIENTED_EDGE('',*,*,#1583,.T.);
#2163=ORIENTED_EDGE('',*,*,#1584,.T.);
#2164=ORIENTED_EDGE('',*,*,#1585,.T.);
#2165=ORIENTED_EDGE('',*,*,#1537,.T.);
#2166=ORIENTED_EDGE('',*,*,#1586,.T.);
#2167=ORIENTED_EDGE('',*,*,#1584,.F.);
#2168=ORIENTED_EDGE('',*,*,#1587,.T.);
#2169=ORIENTED_EDGE('',*,*,#1587,.F.);
#2170=ORIENTED_EDGE('',*,*,#1588,.F.);
#2171=ORIENTED_EDGE('',*,*,#1579,.T.);
#2172=ORIENTED_EDGE('',*,*,#1538,.T.);
#2173=ORIENTED_EDGE('',*,*,#1583,.F.);
#2174=ORIENTED_EDGE('',*,*,#1589,.F.);
#2175=ORIENTED_EDGE('',*,*,#1577,.T.);
#2176=ORIENTED_EDGE('',*,*,#1588,.T.);
#2177=ORIENTED_EDGE('',*,*,#1582,.F.);
#2178=ORIENTED_EDGE('',*,*,#1590,.F.);
#2179=ORIENTED_EDGE('',*,*,#1542,.F.);
#2180=ORIENTED_EDGE('',*,*,#1581,.T.);
#2181=ORIENTED_EDGE('',*,*,#1574,.T.);
#2182=ORIENTED_EDGE('',*,*,#1589,.T.);
#2183=ORIENTED_EDGE('',*,*,#1543,.T.);
#2184=ORIENTED_EDGE('',*,*,#1590,.T.);
#2185=ORIENTED_EDGE('',*,*,#1585,.F.);
#2186=ORIENTED_EDGE('',*,*,#1586,.F.);
#2187=ORIENTED_EDGE('',*,*,#1536,.T.);
#2188=ORIENTED_EDGE('',*,*,#1570,.T.);
#2189=ORIENTED_EDGE('',*,*,#1591,.F.);
#2190=ORIENTED_EDGE('',*,*,#1592,.F.);
#2191=ORIENTED_EDGE('',*,*,#1593,.F.);
#2192=ORIENTED_EDGE('',*,*,#1594,.T.);
#2193=ORIENTED_EDGE('',*,*,#1595,.T.);
#2194=ORIENTED_EDGE('',*,*,#1592,.T.);
#2195=ORIENTED_EDGE('',*,*,#1596,.T.);
#2196=ORIENTED_EDGE('',*,*,#1597,.F.);
#2197=ORIENTED_EDGE('',*,*,#1598,.F.);
#2198=ORIENTED_EDGE('',*,*,#1599,.F.);
#2199=ORIENTED_EDGE('',*,*,#1600,.T.);
#2200=ORIENTED_EDGE('',*,*,#1601,.T.);
#2201=ORIENTED_EDGE('',*,*,#1598,.T.);
#2202=ORIENTED_EDGE('',*,*,#1602,.T.);
#2203=ORIENTED_EDGE('',*,*,#1591,.T.);
#2204=ORIENTED_EDGE('',*,*,#1603,.T.);
#2205=ORIENTED_EDGE('',*,*,#1599,.T.);
#2206=ORIENTED_EDGE('',*,*,#1604,.T.);
#2207=ORIENTED_EDGE('',*,*,#1605,.F.);
#2208=ORIENTED_EDGE('',*,*,#1606,.F.);
#2209=ORIENTED_EDGE('',*,*,#1607,.F.);
#2210=ORIENTED_EDGE('',*,*,#1608,.F.);
#2211=ORIENTED_EDGE('',*,*,#1609,.F.);
#2212=ORIENTED_EDGE('',*,*,#1610,.F.);
#2213=ORIENTED_EDGE('',*,*,#1611,.F.);
#2214=ORIENTED_EDGE('',*,*,#1612,.F.);
#2215=ORIENTED_EDGE('',*,*,#1613,.T.);
#2216=ORIENTED_EDGE('',*,*,#1614,.F.);
#2217=ORIENTED_EDGE('',*,*,#1606,.T.);
#2218=ORIENTED_EDGE('',*,*,#1615,.T.);
#2219=ORIENTED_EDGE('',*,*,#1612,.T.);
#2220=ORIENTED_EDGE('',*,*,#1616,.T.);
#2221=ORIENTED_EDGE('',*,*,#1617,.T.);
#2222=ORIENTED_EDGE('',*,*,#1618,.T.);
#2223=ORIENTED_EDGE('',*,*,#1614,.T.);
#2224=ORIENTED_EDGE('',*,*,#1619,.T.);
#2225=ORIENTED_EDGE('',*,*,#1620,.F.);
#2226=ORIENTED_EDGE('',*,*,#1621,.F.);
#2227=ORIENTED_EDGE('',*,*,#1622,.T.);
#2228=ORIENTED_EDGE('',*,*,#1623,.F.);
#2229=ORIENTED_EDGE('',*,*,#1624,.T.);
#2230=ORIENTED_EDGE('',*,*,#1625,.T.);
#2231=ORIENTED_EDGE('',*,*,#1621,.T.);
#2232=ORIENTED_EDGE('',*,*,#1626,.T.);
#2233=ORIENTED_EDGE('',*,*,#1609,.T.);
#2234=ORIENTED_EDGE('',*,*,#1627,.T.);
#2235=ORIENTED_EDGE('',*,*,#1623,.T.);
#2236=ORIENTED_EDGE('',*,*,#1628,.T.);
#2237=ORIENTED_EDGE('',*,*,#1611,.T.);
#2238=ORIENTED_EDGE('',*,*,#1629,.T.);
#2239=ORIENTED_EDGE('',*,*,#1620,.T.);
#2240=ORIENTED_EDGE('',*,*,#1630,.T.);
#2241=ORIENTED_EDGE('',*,*,#1597,.T.);
#2242=ORIENTED_EDGE('',*,*,#1631,.T.);
#2243=ORIENTED_EDGE('',*,*,#1610,.T.);
#2244=ORIENTED_EDGE('',*,*,#1632,.T.);
#2245=ORIENTED_EDGE('',*,*,#1608,.T.);
#2246=ORIENTED_EDGE('',*,*,#1633,.T.);
#2247=ORIENTED_EDGE('',*,*,#1607,.T.);
#2248=ORIENTED_EDGE('',*,*,#1634,.T.);
#2249=ORIENTED_EDGE('',*,*,#1605,.T.);
#2250=ORIENTED_EDGE('',*,*,#1635,.T.);
#2251=ORIENTED_EDGE('',*,*,#1593,.T.);
#2252=ORIENTED_EDGE('',*,*,#1636,.T.);
#2253=ORIENTED_EDGE('',*,*,#1596,.F.);
#2254=ORIENTED_EDGE('',*,*,#1604,.F.);
#2255=ORIENTED_EDGE('',*,*,#1601,.F.);
#2256=ORIENTED_EDGE('',*,*,#1637,.T.);
#2257=ORIENTED_EDGE('',*,*,#1594,.F.);
#2258=ORIENTED_EDGE('',*,*,#1637,.F.);
#2259=ORIENTED_EDGE('',*,*,#1600,.F.);
#2260=ORIENTED_EDGE('',*,*,#1638,.F.);
#2261=ORIENTED_EDGE('',*,*,#1639,.T.);
#2262=ORIENTED_EDGE('',*,*,#1640,.T.);
#2263=ORIENTED_EDGE('',*,*,#1641,.F.);
#2264=ORIENTED_EDGE('',*,*,#1642,.F.);
#2265=ORIENTED_EDGE('',*,*,#1643,.T.);
#2266=ORIENTED_EDGE('',*,*,#1644,.T.);
#2267=ORIENTED_EDGE('',*,*,#1602,.F.);
#2268=ORIENTED_EDGE('',*,*,#1632,.F.);
#2269=ORIENTED_EDGE('',*,*,#1628,.F.);
#2270=ORIENTED_EDGE('',*,*,#1622,.F.);
#2271=ORIENTED_EDGE('',*,*,#1625,.F.);
#2272=ORIENTED_EDGE('',*,*,#1645,.F.);
#2273=ORIENTED_EDGE('',*,*,#1638,.T.);
#2274=ORIENTED_EDGE('',*,*,#1603,.F.);
#2275=ORIENTED_EDGE('',*,*,#1635,.F.);
#2276=ORIENTED_EDGE('',*,*,#1633,.F.);
#2277=ORIENTED_EDGE('',*,*,#1631,.F.);
#2278=ORIENTED_EDGE('',*,*,#1627,.F.);
#2279=ORIENTED_EDGE('',*,*,#1634,.F.);
#2280=ORIENTED_EDGE('',*,*,#1616,.F.);
#2281=ORIENTED_EDGE('',*,*,#1630,.F.);
#2282=ORIENTED_EDGE('',*,*,#1618,.F.);
#2283=ORIENTED_EDGE('',*,*,#1646,.F.);
#2284=ORIENTED_EDGE('',*,*,#1626,.F.);
#2285=ORIENTED_EDGE('',*,*,#1629,.F.);
#2286=ORIENTED_EDGE('',*,*,#1595,.F.);
#2287=ORIENTED_EDGE('',*,*,#1644,.F.);
#2288=ORIENTED_EDGE('',*,*,#1647,.F.);
#2289=ORIENTED_EDGE('',*,*,#1619,.F.);
#2290=ORIENTED_EDGE('',*,*,#1613,.F.);
#2291=ORIENTED_EDGE('',*,*,#1615,.F.);
#2292=ORIENTED_EDGE('',*,*,#1636,.F.);
#2293=ORIENTED_EDGE('',*,*,#1648,.F.);
#2294=ORIENTED_EDGE('',*,*,#1649,.T.);
#2295=ORIENTED_EDGE('',*,*,#1650,.T.);
#2296=ORIENTED_EDGE('',*,*,#1649,.F.);
#2297=ORIENTED_EDGE('',*,*,#1651,.F.);
#2298=ORIENTED_EDGE('',*,*,#1652,.T.);
#2299=ORIENTED_EDGE('',*,*,#1653,.T.);
#2300=ORIENTED_EDGE('',*,*,#1652,.F.);
#2301=ORIENTED_EDGE('',*,*,#1654,.F.);
#2302=ORIENTED_EDGE('',*,*,#1655,.T.);
#2303=ORIENTED_EDGE('',*,*,#1656,.F.);
#2304=ORIENTED_EDGE('',*,*,#1657,.F.);
#2305=ORIENTED_EDGE('',*,*,#1658,.T.);
#2306=ORIENTED_EDGE('',*,*,#1657,.T.);
#2307=ORIENTED_EDGE('',*,*,#1659,.F.);
#2308=ORIENTED_EDGE('',*,*,#1660,.F.);
#2309=ORIENTED_EDGE('',*,*,#1661,.F.);
#2310=ORIENTED_EDGE('',*,*,#1660,.T.);
#2311=ORIENTED_EDGE('',*,*,#1662,.F.);
#2312=ORIENTED_EDGE('',*,*,#1663,.F.);
#2313=ORIENTED_EDGE('',*,*,#1664,.T.);
#2314=ORIENTED_EDGE('',*,*,#1663,.T.);
#2315=ORIENTED_EDGE('',*,*,#1665,.F.);
#2316=ORIENTED_EDGE('',*,*,#1666,.F.);
#2317=ORIENTED_EDGE('',*,*,#1667,.T.);
#2318=ORIENTED_EDGE('',*,*,#1666,.T.);
#2319=ORIENTED_EDGE('',*,*,#1668,.F.);
#2320=ORIENTED_EDGE('',*,*,#1669,.F.);
#2321=ORIENTED_EDGE('',*,*,#1670,.F.);
#2322=ORIENTED_EDGE('',*,*,#1669,.T.);
#2323=ORIENTED_EDGE('',*,*,#1671,.F.);
#2324=ORIENTED_EDGE('',*,*,#1672,.F.);
#2325=ORIENTED_EDGE('',*,*,#1673,.F.);
#2326=ORIENTED_EDGE('',*,*,#1672,.T.);
#2327=ORIENTED_EDGE('',*,*,#1674,.F.);
#2328=ORIENTED_EDGE('',*,*,#1675,.F.);
#2329=ORIENTED_EDGE('',*,*,#1676,.F.);
#2330=ORIENTED_EDGE('',*,*,#1675,.T.);
#2331=ORIENTED_EDGE('',*,*,#1677,.F.);
#2332=ORIENTED_EDGE('',*,*,#1678,.F.);
#2333=ORIENTED_EDGE('',*,*,#1679,.F.);
#2334=ORIENTED_EDGE('',*,*,#1678,.T.);
#2335=ORIENTED_EDGE('',*,*,#1680,.F.);
#2336=ORIENTED_EDGE('',*,*,#1681,.F.);
#2337=ORIENTED_EDGE('',*,*,#1682,.T.);
#2338=ORIENTED_EDGE('',*,*,#1681,.T.);
#2339=ORIENTED_EDGE('',*,*,#1683,.F.);
#2340=ORIENTED_EDGE('',*,*,#1684,.F.);
#2341=ORIENTED_EDGE('',*,*,#1685,.T.);
#2342=ORIENTED_EDGE('',*,*,#1684,.T.);
#2343=ORIENTED_EDGE('',*,*,#1686,.F.);
#2344=ORIENTED_EDGE('',*,*,#1687,.F.);
#2345=ORIENTED_EDGE('',*,*,#1688,.T.);
#2346=ORIENTED_EDGE('',*,*,#1687,.T.);
#2347=ORIENTED_EDGE('',*,*,#1689,.F.);
#2348=ORIENTED_EDGE('',*,*,#1640,.F.);
#2349=ORIENTED_EDGE('',*,*,#1690,.T.);
#2350=ORIENTED_EDGE('',*,*,#1642,.T.);
#2351=ORIENTED_EDGE('',*,*,#1691,.F.);
#2352=ORIENTED_EDGE('',*,*,#1692,.F.);
#2353=ORIENTED_EDGE('',*,*,#1693,.T.);
#2354=ORIENTED_EDGE('',*,*,#1692,.T.);
#2355=ORIENTED_EDGE('',*,*,#1694,.F.);
#2356=ORIENTED_EDGE('',*,*,#1695,.F.);
#2357=ORIENTED_EDGE('',*,*,#1696,.T.);
#2358=ORIENTED_EDGE('',*,*,#1695,.T.);
#2359=ORIENTED_EDGE('',*,*,#1697,.F.);
#2360=ORIENTED_EDGE('',*,*,#1655,.F.);
#2361=ORIENTED_EDGE('',*,*,#1697,.T.);
#2362=ORIENTED_EDGE('',*,*,#1694,.T.);
#2363=ORIENTED_EDGE('',*,*,#1691,.T.);
#2364=ORIENTED_EDGE('',*,*,#1641,.T.);
#2365=ORIENTED_EDGE('',*,*,#1689,.T.);
#2366=ORIENTED_EDGE('',*,*,#1686,.T.);
#2367=ORIENTED_EDGE('',*,*,#1683,.T.);
#2368=ORIENTED_EDGE('',*,*,#1680,.T.);
#2369=ORIENTED_EDGE('',*,*,#1677,.T.);
#2370=ORIENTED_EDGE('',*,*,#1674,.T.);
#2371=ORIENTED_EDGE('',*,*,#1671,.T.);
#2372=ORIENTED_EDGE('',*,*,#1668,.T.);
#2373=ORIENTED_EDGE('',*,*,#1665,.T.);
#2374=ORIENTED_EDGE('',*,*,#1662,.T.);
#2375=ORIENTED_EDGE('',*,*,#1659,.T.);
#2376=ORIENTED_EDGE('',*,*,#1656,.T.);
#2377=ORIENTED_EDGE('',*,*,#1651,.T.);
#2378=ORIENTED_EDGE('',*,*,#1648,.T.);
#2379=ORIENTED_EDGE('',*,*,#1647,.T.);
#2380=ORIENTED_EDGE('',*,*,#1643,.F.);
#2381=ORIENTED_EDGE('',*,*,#1690,.F.);
#2382=ORIENTED_EDGE('',*,*,#1693,.F.);
#2383=ORIENTED_EDGE('',*,*,#1696,.F.);
#2384=ORIENTED_EDGE('',*,*,#1654,.T.);
#2385=ORIENTED_EDGE('',*,*,#1658,.F.);
#2386=ORIENTED_EDGE('',*,*,#1661,.T.);
#2387=ORIENTED_EDGE('',*,*,#1664,.F.);
#2388=ORIENTED_EDGE('',*,*,#1667,.F.);
#2389=ORIENTED_EDGE('',*,*,#1670,.T.);
#2390=ORIENTED_EDGE('',*,*,#1673,.T.);
#2391=ORIENTED_EDGE('',*,*,#1676,.T.);
#2392=ORIENTED_EDGE('',*,*,#1679,.T.);
#2393=ORIENTED_EDGE('',*,*,#1682,.F.);
#2394=ORIENTED_EDGE('',*,*,#1685,.F.);
#2395=ORIENTED_EDGE('',*,*,#1688,.F.);
#2396=ORIENTED_EDGE('',*,*,#1639,.F.);
#2397=ORIENTED_EDGE('',*,*,#1645,.T.);
#2398=ORIENTED_EDGE('',*,*,#1624,.F.);
#2399=ORIENTED_EDGE('',*,*,#1646,.T.);
#2400=ORIENTED_EDGE('',*,*,#1617,.F.);
#2401=ORIENTED_EDGE('',*,*,#1653,.F.);
#2402=ORIENTED_EDGE('',*,*,#1650,.F.);
#2403=ORIENTED_EDGE('',*,*,#1698,.T.);
#2404=ORIENTED_EDGE('',*,*,#1699,.T.);
#2405=ORIENTED_EDGE('',*,*,#1700,.T.);
#2406=ORIENTED_EDGE('',*,*,#1701,.F.);
#2407=ORIENTED_EDGE('',*,*,#1702,.F.);
#2408=ORIENTED_EDGE('',*,*,#1700,.F.);
#2409=ORIENTED_EDGE('',*,*,#1703,.F.);
#2410=ORIENTED_EDGE('',*,*,#1704,.T.);
#2411=ORIENTED_EDGE('',*,*,#1705,.T.);
#2412=ORIENTED_EDGE('',*,*,#1706,.T.);
#2413=ORIENTED_EDGE('',*,*,#1707,.F.);
#2414=ORIENTED_EDGE('',*,*,#1708,.F.);
#2415=ORIENTED_EDGE('',*,*,#1706,.F.);
#2416=ORIENTED_EDGE('',*,*,#1709,.F.);
#2417=ORIENTED_EDGE('',*,*,#1698,.F.);
#2418=ORIENTED_EDGE('',*,*,#1710,.F.);
#2419=ORIENTED_EDGE('',*,*,#1705,.F.);
#2420=ORIENTED_EDGE('',*,*,#1711,.F.);
#2421=ORIENTED_EDGE('',*,*,#1712,.T.);
#2422=ORIENTED_EDGE('',*,*,#1713,.T.);
#2423=ORIENTED_EDGE('',*,*,#1714,.T.);
#2424=ORIENTED_EDGE('',*,*,#1715,.T.);
#2425=ORIENTED_EDGE('',*,*,#1716,.T.);
#2426=ORIENTED_EDGE('',*,*,#1717,.T.);
#2427=ORIENTED_EDGE('',*,*,#1718,.T.);
#2428=ORIENTED_EDGE('',*,*,#1719,.T.);
#2429=ORIENTED_EDGE('',*,*,#1720,.F.);
#2430=ORIENTED_EDGE('',*,*,#1721,.T.);
#2431=ORIENTED_EDGE('',*,*,#1714,.F.);
#2432=ORIENTED_EDGE('',*,*,#1722,.F.);
#2433=ORIENTED_EDGE('',*,*,#1721,.F.);
#2434=ORIENTED_EDGE('',*,*,#1723,.F.);
#2435=ORIENTED_EDGE('',*,*,#1724,.F.);
#2436=ORIENTED_EDGE('',*,*,#1725,.F.);
#2437=ORIENTED_EDGE('',*,*,#1719,.F.);
#2438=ORIENTED_EDGE('',*,*,#1726,.F.);
#2439=ORIENTED_EDGE('',*,*,#1727,.T.);
#2440=ORIENTED_EDGE('',*,*,#1728,.T.);
#2441=ORIENTED_EDGE('',*,*,#1729,.F.);
#2442=ORIENTED_EDGE('',*,*,#1730,.T.);
#2443=ORIENTED_EDGE('',*,*,#1731,.F.);
#2444=ORIENTED_EDGE('',*,*,#1732,.F.);
#2445=ORIENTED_EDGE('',*,*,#1730,.F.);
#2446=ORIENTED_EDGE('',*,*,#1733,.F.);
#2447=ORIENTED_EDGE('',*,*,#1717,.F.);
#2448=ORIENTED_EDGE('',*,*,#1734,.F.);
#2449=ORIENTED_EDGE('',*,*,#1728,.F.);
#2450=ORIENTED_EDGE('',*,*,#1735,.F.);
#2451=ORIENTED_EDGE('',*,*,#1718,.F.);
#2452=ORIENTED_EDGE('',*,*,#1736,.F.);
#2453=ORIENTED_EDGE('',*,*,#1727,.F.);
#2454=ORIENTED_EDGE('',*,*,#1737,.F.);
#2455=ORIENTED_EDGE('',*,*,#1704,.F.);
#2456=ORIENTED_EDGE('',*,*,#1738,.F.);
#2457=ORIENTED_EDGE('',*,*,#1716,.F.);
#2458=ORIENTED_EDGE('',*,*,#1739,.F.);
#2459=ORIENTED_EDGE('',*,*,#1715,.F.);
#2460=ORIENTED_EDGE('',*,*,#1740,.F.);
#2461=ORIENTED_EDGE('',*,*,#1713,.F.);
#2462=ORIENTED_EDGE('',*,*,#1741,.F.);
#2463=ORIENTED_EDGE('',*,*,#1712,.F.);
#2464=ORIENTED_EDGE('',*,*,#1742,.F.);
#2465=ORIENTED_EDGE('',*,*,#1699,.F.);
#2466=ORIENTED_EDGE('',*,*,#1743,.F.);
#2467=ORIENTED_EDGE('',*,*,#1702,.T.);
#2468=ORIENTED_EDGE('',*,*,#1744,.F.);
#2469=ORIENTED_EDGE('',*,*,#1709,.T.);
#2470=ORIENTED_EDGE('',*,*,#1710,.T.);
#2471=ORIENTED_EDGE('',*,*,#1701,.T.);
#2472=ORIENTED_EDGE('',*,*,#1745,.F.);
#2473=ORIENTED_EDGE('',*,*,#1746,.F.);
#2474=ORIENTED_EDGE('',*,*,#1747,.T.);
#2475=ORIENTED_EDGE('',*,*,#1748,.T.);
#2476=ORIENTED_EDGE('',*,*,#1749,.F.);
#2477=ORIENTED_EDGE('',*,*,#1750,.F.);
#2478=ORIENTED_EDGE('',*,*,#1751,.T.);
#2479=ORIENTED_EDGE('',*,*,#1707,.T.);
#2480=ORIENTED_EDGE('',*,*,#1744,.T.);
#2481=ORIENTED_EDGE('',*,*,#1708,.T.);
#2482=ORIENTED_EDGE('',*,*,#1751,.F.);
#2483=ORIENTED_EDGE('',*,*,#1752,.T.);
#2484=ORIENTED_EDGE('',*,*,#1733,.T.);
#2485=ORIENTED_EDGE('',*,*,#1729,.T.);
#2486=ORIENTED_EDGE('',*,*,#1734,.T.);
#2487=ORIENTED_EDGE('',*,*,#1738,.T.);
#2488=ORIENTED_EDGE('',*,*,#1711,.T.);
#2489=ORIENTED_EDGE('',*,*,#1739,.T.);
#2490=ORIENTED_EDGE('',*,*,#1741,.T.);
#2491=ORIENTED_EDGE('',*,*,#1743,.T.);
#2492=ORIENTED_EDGE('',*,*,#1735,.T.);
#2493=ORIENTED_EDGE('',*,*,#1736,.T.);
#2494=ORIENTED_EDGE('',*,*,#1722,.T.);
#2495=ORIENTED_EDGE('',*,*,#1740,.T.);
#2496=ORIENTED_EDGE('',*,*,#1726,.T.);
#2497=ORIENTED_EDGE('',*,*,#1737,.T.);
#2498=ORIENTED_EDGE('',*,*,#1732,.T.);
#2499=ORIENTED_EDGE('',*,*,#1753,.T.);
#2500=ORIENTED_EDGE('',*,*,#1703,.T.);
#2501=ORIENTED_EDGE('',*,*,#1742,.T.);
#2502=ORIENTED_EDGE('',*,*,#1723,.T.);
#2503=ORIENTED_EDGE('',*,*,#1720,.T.);
#2504=ORIENTED_EDGE('',*,*,#1725,.T.);
#2505=ORIENTED_EDGE('',*,*,#1754,.T.);
#2506=ORIENTED_EDGE('',*,*,#1745,.T.);
#2507=ORIENTED_EDGE('',*,*,#1755,.T.);
#2508=ORIENTED_EDGE('',*,*,#1756,.T.);
#2509=ORIENTED_EDGE('',*,*,#1757,.F.);
#2510=ORIENTED_EDGE('',*,*,#1756,.F.);
#2511=ORIENTED_EDGE('',*,*,#1758,.T.);
#2512=ORIENTED_EDGE('',*,*,#1759,.T.);
#2513=ORIENTED_EDGE('',*,*,#1760,.F.);
#2514=ORIENTED_EDGE('',*,*,#1759,.F.);
#2515=ORIENTED_EDGE('',*,*,#1761,.T.);
#2516=ORIENTED_EDGE('',*,*,#1762,.T.);
#2517=ORIENTED_EDGE('',*,*,#1763,.T.);
#2518=ORIENTED_EDGE('',*,*,#1764,.F.);
#2519=ORIENTED_EDGE('',*,*,#1765,.F.);
#2520=ORIENTED_EDGE('',*,*,#1766,.T.);
#2521=ORIENTED_EDGE('',*,*,#1767,.T.);
#2522=ORIENTED_EDGE('',*,*,#1762,.F.);
#2523=ORIENTED_EDGE('',*,*,#1768,.T.);
#2524=ORIENTED_EDGE('',*,*,#1769,.T.);
#2525=ORIENTED_EDGE('',*,*,#1770,.T.);
#2526=ORIENTED_EDGE('',*,*,#1766,.F.);
#2527=ORIENTED_EDGE('',*,*,#1771,.F.);
#2528=ORIENTED_EDGE('',*,*,#1772,.T.);
#2529=ORIENTED_EDGE('',*,*,#1773,.T.);
#2530=ORIENTED_EDGE('',*,*,#1769,.F.);
#2531=ORIENTED_EDGE('',*,*,#1774,.F.);
#2532=ORIENTED_EDGE('',*,*,#1775,.T.);
#2533=ORIENTED_EDGE('',*,*,#1776,.T.);
#2534=ORIENTED_EDGE('',*,*,#1772,.F.);
#2535=ORIENTED_EDGE('',*,*,#1777,.T.);
#2536=ORIENTED_EDGE('',*,*,#1778,.T.);
#2537=ORIENTED_EDGE('',*,*,#1779,.T.);
#2538=ORIENTED_EDGE('',*,*,#1775,.F.);
#2539=ORIENTED_EDGE('',*,*,#1780,.T.);
#2540=ORIENTED_EDGE('',*,*,#1781,.T.);
#2541=ORIENTED_EDGE('',*,*,#1782,.T.);
#2542=ORIENTED_EDGE('',*,*,#1778,.F.);
#2543=ORIENTED_EDGE('',*,*,#1783,.T.);
#2544=ORIENTED_EDGE('',*,*,#1784,.T.);
#2545=ORIENTED_EDGE('',*,*,#1785,.T.);
#2546=ORIENTED_EDGE('',*,*,#1781,.F.);
#2547=ORIENTED_EDGE('',*,*,#1786,.T.);
#2548=ORIENTED_EDGE('',*,*,#1787,.T.);
#2549=ORIENTED_EDGE('',*,*,#1788,.T.);
#2550=ORIENTED_EDGE('',*,*,#1784,.F.);
#2551=ORIENTED_EDGE('',*,*,#1789,.F.);
#2552=ORIENTED_EDGE('',*,*,#1790,.T.);
#2553=ORIENTED_EDGE('',*,*,#1791,.T.);
#2554=ORIENTED_EDGE('',*,*,#1787,.F.);
#2555=ORIENTED_EDGE('',*,*,#1792,.F.);
#2556=ORIENTED_EDGE('',*,*,#1793,.T.);
#2557=ORIENTED_EDGE('',*,*,#1794,.T.);
#2558=ORIENTED_EDGE('',*,*,#1790,.F.);
#2559=ORIENTED_EDGE('',*,*,#1795,.F.);
#2560=ORIENTED_EDGE('',*,*,#1749,.T.);
#2561=ORIENTED_EDGE('',*,*,#1796,.T.);
#2562=ORIENTED_EDGE('',*,*,#1793,.F.);
#2563=ORIENTED_EDGE('',*,*,#1797,.F.);
#2564=ORIENTED_EDGE('',*,*,#1798,.T.);
#2565=ORIENTED_EDGE('',*,*,#1799,.T.);
#2566=ORIENTED_EDGE('',*,*,#1747,.F.);
#2567=ORIENTED_EDGE('',*,*,#1800,.F.);
#2568=ORIENTED_EDGE('',*,*,#1801,.T.);
#2569=ORIENTED_EDGE('',*,*,#1802,.T.);
#2570=ORIENTED_EDGE('',*,*,#1798,.F.);
#2571=ORIENTED_EDGE('',*,*,#1803,.F.);
#2572=ORIENTED_EDGE('',*,*,#1764,.T.);
#2573=ORIENTED_EDGE('',*,*,#1804,.T.);
#2574=ORIENTED_EDGE('',*,*,#1801,.F.);
#2575=ORIENTED_EDGE('',*,*,#1804,.F.);
#2576=ORIENTED_EDGE('',*,*,#1763,.F.);
#2577=ORIENTED_EDGE('',*,*,#1767,.F.);
#2578=ORIENTED_EDGE('',*,*,#1770,.F.);
#2579=ORIENTED_EDGE('',*,*,#1773,.F.);
#2580=ORIENTED_EDGE('',*,*,#1776,.F.);
#2581=ORIENTED_EDGE('',*,*,#1779,.F.);
#2582=ORIENTED_EDGE('',*,*,#1782,.F.);
#2583=ORIENTED_EDGE('',*,*,#1785,.F.);
#2584=ORIENTED_EDGE('',*,*,#1788,.F.);
#2585=ORIENTED_EDGE('',*,*,#1791,.F.);
#2586=ORIENTED_EDGE('',*,*,#1794,.F.);
#2587=ORIENTED_EDGE('',*,*,#1796,.F.);
#2588=ORIENTED_EDGE('',*,*,#1748,.F.);
#2589=ORIENTED_EDGE('',*,*,#1799,.F.);
#2590=ORIENTED_EDGE('',*,*,#1802,.F.);
#2591=ORIENTED_EDGE('',*,*,#1758,.F.);
#2592=ORIENTED_EDGE('',*,*,#1755,.F.);
#2593=ORIENTED_EDGE('',*,*,#1754,.F.);
#2594=ORIENTED_EDGE('',*,*,#1724,.T.);
#2595=ORIENTED_EDGE('',*,*,#1753,.F.);
#2596=ORIENTED_EDGE('',*,*,#1731,.T.);
#2597=ORIENTED_EDGE('',*,*,#1752,.F.);
#2598=ORIENTED_EDGE('',*,*,#1750,.T.);
#2599=ORIENTED_EDGE('',*,*,#1795,.T.);
#2600=ORIENTED_EDGE('',*,*,#1792,.T.);
#2601=ORIENTED_EDGE('',*,*,#1789,.T.);
#2602=ORIENTED_EDGE('',*,*,#1786,.F.);
#2603=ORIENTED_EDGE('',*,*,#1783,.F.);
#2604=ORIENTED_EDGE('',*,*,#1780,.F.);
#2605=ORIENTED_EDGE('',*,*,#1777,.F.);
#2606=ORIENTED_EDGE('',*,*,#1774,.T.);
#2607=ORIENTED_EDGE('',*,*,#1771,.T.);
#2608=ORIENTED_EDGE('',*,*,#1768,.F.);
#2609=ORIENTED_EDGE('',*,*,#1765,.T.);
#2610=ORIENTED_EDGE('',*,*,#1761,.F.);
#2611=ORIENTED_EDGE('',*,*,#1803,.T.);
#2612=ORIENTED_EDGE('',*,*,#1800,.T.);
#2613=ORIENTED_EDGE('',*,*,#1797,.T.);
#2614=ORIENTED_EDGE('',*,*,#1746,.T.);
#2615=ORIENTED_EDGE('',*,*,#1760,.T.);
#2616=ORIENTED_EDGE('',*,*,#1757,.T.);
#2617=PLANE('',#2908);
#2618=PLANE('',#2958);
#2619=PLANE('',#2962);
#2620=PLANE('',#2964);
#2621=PLANE('',#2966);
#2622=PLANE('',#2968);
#2623=PLANE('',#2969);
#2624=PLANE('',#3004);
#2625=PLANE('',#3006);
#2626=PLANE('',#3008);
#2627=PLANE('',#3022);
#2628=PLANE('',#3026);
#2629=PLANE('',#3029);
#2630=PLANE('',#3031);
#2631=PLANE('',#3033);
#2632=PLANE('',#3041);
#2633=PLANE('',#3044);
#2634=PLANE('',#3058);
#2635=PLANE('',#3061);
#2636=PLANE('',#3080);
#2637=PLANE('',#3087);
#2638=PLANE('',#3095);
#2639=PLANE('',#3098);
#2640=PLANE('',#3141);
#2641=PLANE('',#3142);
#2642=PLANE('',#3143);
#2643=PLANE('',#3144);
#2644=PLANE('',#3145);
#2645=PLANE('',#3146);
#2646=PLANE('',#3147);
#2647=PLANE('',#3157);
#2648=PLANE('',#3161);
#2649=PLANE('',#3165);
#2650=PLANE('',#3169);
#2651=PLANE('',#3173);
#2652=PLANE('',#3177);
#2653=PLANE('',#3178);
#2654=PLANE('',#3182);
#2655=PLANE('',#3183);
#2656=PLANE('',#3184);
#2657=PLANE('',#3227);
#2658=PLANE('',#3228);
#2659=PLANE('',#3229);
#2660=PLANE('',#3230);
#2661=PLANE('',#3231);
#2662=PLANE('',#3232);
#2663=PLANE('',#3233);
#2664=PLANE('',#3243);
#2665=PLANE('',#3247);
#2666=PLANE('',#3251);
#2667=PLANE('',#3255);
#2668=PLANE('',#3259);
#2669=PLANE('',#3263);
#2670=PLANE('',#3264);
#2671=PLANE('',#3268);
#2672=PLANE('',#3269);
#2673=PLANE('',#3270);
#2674=ADVANCED_FACE('',(#190),#2617,.F.);
#2675=ADVANCED_FACE('',(#191),#111,.T.);
#2676=ADVANCED_FACE('',(#192),#95,.T.);
#2677=ADVANCED_FACE('',(#193),#112,.T.);
#2678=ADVANCED_FACE('',(#194),#96,.T.);
#2679=ADVANCED_FACE('',(#195),#113,.T.);
#2680=ADVANCED_FACE('',(#196),#86,.T.);
#2681=ADVANCED_FACE('',(#197),#114,.T.);
#2682=ADVANCED_FACE('',(#198),#115,.T.);
#2683=ADVANCED_FACE('',(#199),#116,.T.);
#2684=ADVANCED_FACE('',(#200),#97,.T.);
#2685=ADVANCED_FACE('',(#201),#117,.T.);
#2686=ADVANCED_FACE('',(#202),#118,.T.);
#2687=ADVANCED_FACE('',(#203),#87,.T.);
#2688=ADVANCED_FACE('',(#204),#65,.T.);
#2689=ADVANCED_FACE('',(#205),#119,.T.);
#2690=ADVANCED_FACE('',(#206),#88,.T.);
#2691=ADVANCED_FACE('',(#207),#120,.T.);
#2692=ADVANCED_FACE('',(#208,#47),#2618,.T.);
#2693=ADVANCED_FACE('',(#209),#89,.T.);
#2694=ADVANCED_FACE('',(#210,#48),#2619,.F.);
#2695=ADVANCED_FACE('',(#211),#121,.T.);
#2696=ADVANCED_FACE('',(#212),#2620,.T.);
#2697=ADVANCED_FACE('',(#213),#2621,.T.);
#2698=ADVANCED_FACE('',(#214),#2622,.T.);
#2699=ADVANCED_FACE('',(#215),#2623,.T.);
#2700=ADVANCED_FACE('',(#216),#122,.T.);
#2701=ADVANCED_FACE('',(#217),#98,.T.);
#2702=ADVANCED_FACE('',(#218),#123,.T.);
#2703=ADVANCED_FACE('',(#219),#99,.T.);
#2704=ADVANCED_FACE('',(#220),#124,.T.);
#2705=ADVANCED_FACE('',(#221),#90,.F.);
#2706=ADVANCED_FACE('',(#222),#125,.T.);
#2707=ADVANCED_FACE('',(#223),#126,.T.);
#2708=ADVANCED_FACE('',(#224),#127,.T.);
#2709=ADVANCED_FACE('',(#225),#100,.T.);
#2710=ADVANCED_FACE('',(#226),#128,.T.);
#2711=ADVANCED_FACE('',(#227),#129,.T.);
#2712=ADVANCED_FACE('',(#228),#91,.F.);
#2713=ADVANCED_FACE('',(#229),#2624,.T.);
#2714=ADVANCED_FACE('',(#230),#130,.F.);
#2715=ADVANCED_FACE('',(#231),#2625,.T.);
#2716=ADVANCED_FACE('',(#232),#131,.F.);
#2717=ADVANCED_FACE('',(#233),#2626,.T.);
#2718=ADVANCED_FACE('',(#234),#66,.T.);
#2719=ADVANCED_FACE('',(#235),#132,.T.);
#2720=ADVANCED_FACE('',(#236),#92,.F.);
#2721=ADVANCED_FACE('',(#237),#133,.T.);
#2722=ADVANCED_FACE('',(#238,#49),#2627,.F.);
#2723=ADVANCED_FACE('',(#239),#93,.F.);
#2724=ADVANCED_FACE('',(#240,#50),#2628,.T.);
#2725=ADVANCED_FACE('',(#241),#134,.T.);
#2726=ADVANCED_FACE('',(#242),#135,.T.);
#2727=ADVANCED_FACE('',(#243),#2629,.T.);
#2728=ADVANCED_FACE('',(#244),#136,.F.);
#2729=ADVANCED_FACE('',(#245),#2630,.T.);
#2730=ADVANCED_FACE('',(#246),#137,.T.);
#2731=ADVANCED_FACE('',(#247),#2631,.T.);
#2732=ADVANCED_FACE('',(#248),#138,.T.);
#2733=ADVANCED_FACE('',(#249),#139,.T.);
#2734=ADVANCED_FACE('',(#250,#51),#2632,.T.);
#2735=ADVANCED_FACE('',(#251,#52),#2633,.T.);
#2736=ADVANCED_FACE('',(#252),#101,.T.);
#2737=ADVANCED_FACE('',(#253),#140,.T.);
#2738=ADVANCED_FACE('',(#254),#102,.T.);
#2739=ADVANCED_FACE('',(#255),#141,.T.);
#2740=ADVANCED_FACE('',(#256,#53),#2634,.F.);
#2741=ADVANCED_FACE('',(#257,#54),#2635,.F.);
#2742=ADVANCED_FACE('',(#258),#103,.T.);
#2743=ADVANCED_FACE('',(#259),#142,.T.);
#2744=ADVANCED_FACE('',(#260),#104,.T.);
#2745=ADVANCED_FACE('',(#261),#143,.T.);
#2746=ADVANCED_FACE('',(#262),#144,.T.);
#2747=ADVANCED_FACE('',(#263),#145,.T.);
#2748=ADVANCED_FACE('',(#264),#67,.T.);
#2749=ADVANCED_FACE('',(#265),#2636,.F.);
#2750=ADVANCED_FACE('',(#266),#146,.T.);
#2751=ADVANCED_FACE('',(#267),#105,.T.);
#2752=ADVANCED_FACE('',(#268),#94,.F.);
#2753=ADVANCED_FACE('',(#269,#55),#2637,.F.);
#2754=ADVANCED_FACE('',(#270),#147,.T.);
#2755=ADVANCED_FACE('',(#271),#106,.T.);
#2756=ADVANCED_FACE('',(#272),#148,.F.);
#2757=ADVANCED_FACE('',(#273),#2638,.T.);
#2758=ADVANCED_FACE('',(#274),#149,.T.);
#2759=ADVANCED_FACE('',(#275,#56),#2639,.T.);
#2760=ADVANCED_FACE('',(#276),#68,.T.);
#2761=ADVANCED_FACE('',(#277),#150,.T.);
#2762=ADVANCED_FACE('',(#278),#69,.T.);
#2763=ADVANCED_FACE('',(#279),#151,.T.);
#2764=ADVANCED_FACE('',(#280),#152,.T.);
#2765=ADVANCED_FACE('',(#281),#70,.T.);
#2766=ADVANCED_FACE('',(#282),#71,.T.);
#2767=ADVANCED_FACE('',(#283),#107,.T.);
#2768=ADVANCED_FACE('',(#284),#153,.T.);
#2769=ADVANCED_FACE('',(#285),#154,.T.);
#2770=ADVANCED_FACE('',(#286),#108,.T.);
#2771=ADVANCED_FACE('',(#287),#155,.T.);
#2772=ADVANCED_FACE('',(#288),#156,.T.);
#2773=ADVANCED_FACE('',(#289),#157,.F.);
#2774=ADVANCED_FACE('',(#290),#158,.T.);
#2775=ADVANCED_FACE('',(#291),#159,.T.);
#2776=ADVANCED_FACE('',(#292),#160,.T.);
#2777=ADVANCED_FACE('',(#293),#2640,.T.);
#2778=ADVANCED_FACE('',(#294),#2641,.T.);
#2779=ADVANCED_FACE('',(#295),#2642,.T.);
#2780=ADVANCED_FACE('',(#296),#2643,.T.);
#2781=ADVANCED_FACE('',(#297),#2644,.T.);
#2782=ADVANCED_FACE('',(#298),#2645,.T.);
#2783=ADVANCED_FACE('',(#299),#2646,.T.);
#2784=ADVANCED_FACE('',(#300),#161,.F.);
#2785=ADVANCED_FACE('',(#301),#162,.F.);
#2786=ADVANCED_FACE('',(#302),#163,.F.);
#2787=ADVANCED_FACE('',(#303),#2647,.T.);
#2788=ADVANCED_FACE('',(#304),#164,.F.);
#2789=ADVANCED_FACE('',(#305),#2648,.T.);
#2790=ADVANCED_FACE('',(#306),#165,.T.);
#2791=ADVANCED_FACE('',(#307),#2649,.T.);
#2792=ADVANCED_FACE('',(#308),#166,.F.);
#2793=ADVANCED_FACE('',(#309),#2650,.T.);
#2794=ADVANCED_FACE('',(#310),#167,.F.);
#2795=ADVANCED_FACE('',(#311),#2651,.T.);
#2796=ADVANCED_FACE('',(#312),#168,.T.);
#2797=ADVANCED_FACE('',(#313),#2652,.T.);
#2798=ADVANCED_FACE('',(#314),#2653,.T.);
#2799=ADVANCED_FACE('',(#315),#169,.T.);
#2800=ADVANCED_FACE('',(#316),#2654,.T.);
#2801=ADVANCED_FACE('',(#317,#57,#58),#2655,.T.);
#2802=ADVANCED_FACE('',(#318,#59,#60),#2656,.F.);
#2803=ADVANCED_FACE('',(#319),#72,.T.);
#2804=ADVANCED_FACE('',(#320),#170,.T.);
#2805=ADVANCED_FACE('',(#321),#73,.T.);
#2806=ADVANCED_FACE('',(#322),#171,.T.);
#2807=ADVANCED_FACE('',(#323),#172,.T.);
#2808=ADVANCED_FACE('',(#324),#74,.T.);
#2809=ADVANCED_FACE('',(#325),#75,.T.);
#2810=ADVANCED_FACE('',(#326),#109,.T.);
#2811=ADVANCED_FACE('',(#327),#173,.T.);
#2812=ADVANCED_FACE('',(#328),#174,.T.);
#2813=ADVANCED_FACE('',(#329),#110,.T.);
#2814=ADVANCED_FACE('',(#330),#175,.T.);
#2815=ADVANCED_FACE('',(#331),#176,.T.);
#2816=ADVANCED_FACE('',(#332),#177,.F.);
#2817=ADVANCED_FACE('',(#333),#178,.T.);
#2818=ADVANCED_FACE('',(#334),#179,.T.);
#2819=ADVANCED_FACE('',(#335),#180,.T.);
#2820=ADVANCED_FACE('',(#336),#2657,.F.);
#2821=ADVANCED_FACE('',(#337),#2658,.F.);
#2822=ADVANCED_FACE('',(#338),#2659,.F.);
#2823=ADVANCED_FACE('',(#339),#2660,.F.);
#2824=ADVANCED_FACE('',(#340),#2661,.F.);
#2825=ADVANCED_FACE('',(#341),#2662,.F.);
#2826=ADVANCED_FACE('',(#342),#2663,.F.);
#2827=ADVANCED_FACE('',(#343),#181,.F.);
#2828=ADVANCED_FACE('',(#344),#182,.F.);
#2829=ADVANCED_FACE('',(#345),#183,.F.);
#2830=ADVANCED_FACE('',(#346),#2664,.F.);
#2831=ADVANCED_FACE('',(#347),#184,.F.);
#2832=ADVANCED_FACE('',(#348),#2665,.F.);
#2833=ADVANCED_FACE('',(#349),#185,.T.);
#2834=ADVANCED_FACE('',(#350),#2666,.F.);
#2835=ADVANCED_FACE('',(#351),#186,.F.);
#2836=ADVANCED_FACE('',(#352),#2667,.F.);
#2837=ADVANCED_FACE('',(#353),#187,.F.);
#2838=ADVANCED_FACE('',(#354),#2668,.F.);
#2839=ADVANCED_FACE('',(#355),#188,.T.);
#2840=ADVANCED_FACE('',(#356),#2669,.F.);
#2841=ADVANCED_FACE('',(#357),#2670,.F.);
#2842=ADVANCED_FACE('',(#358),#189,.T.);
#2843=ADVANCED_FACE('',(#359),#2671,.F.);
#2844=ADVANCED_FACE('',(#360,#61,#62),#2672,.F.);
#2845=ADVANCED_FACE('',(#361,#63,#64),#2673,.T.);
#2846=CLOSED_SHELL('',(#2674,#2675,#2676,#2677,#2678,#2679,#2680,#2681,
#2682,#2683,#2684,#2685,#2686,#2687,#2688,#2689,#2690,#2691,#2692,#2693,
#2694,#2695,#2696,#2697,#2698,#2699,#2700,#2701,#2702,#2703,#2704,#2705,
#2706,#2707,#2708,#2709,#2710,#2711,#2712,#2713,#2714,#2715,#2716,#2717,
#2718,#2719,#2720,#2721,#2722,#2723,#2724,#2725,#2726,#2727,#2728,#2729,
#2730,#2731));
#2847=CLOSED_SHELL('',(#2732,#2733,#2734,#2735,#2736,#2737,#2738,#2739,
#2740,#2741,#2742,#2743,#2744,#2745,#2746,#2747,#2748,#2749,#2750,#2751,
#2752,#2753,#2754,#2755,#2756,#2757,#2758,#2759));
#2848=CLOSED_SHELL('',(#2760,#2761,#2762,#2763,#2764,#2765,#2766,#2767,
#2768,#2769,#2770,#2771,#2772,#2773,#2774,#2775,#2776,#2777,#2778,#2779,
#2780,#2781,#2782,#2783,#2784,#2785,#2786,#2787,#2788,#2789,#2790,#2791,
#2792,#2793,#2794,#2795,#2796,#2797,#2798,#2799,#2800,#2801,#2802));
#2849=CLOSED_SHELL('',(#2803,#2804,#2805,#2806,#2807,#2808,#2809,#2810,
#2811,#2812,#2813,#2814,#2815,#2816,#2817,#2818,#2819,#2820,#2821,#2822,
#2823,#2824,#2825,#2826,#2827,#2828,#2829,#2830,#2831,#2832,#2833,#2834,
#2835,#2836,#2837,#2838,#2839,#2840,#2841,#2842,#2843,#2844,#2845));
#2850=DERIVED_UNIT_ELEMENT(#2860,1.);
#2851=DERIVED_UNIT_ELEMENT(#5328,-3.);
#2852=DERIVED_UNIT_ELEMENT(#2860,1.);
#2853=DERIVED_UNIT_ELEMENT(#5328,-3.);
#2854=DERIVED_UNIT_ELEMENT(#2860,1.);
#2855=DERIVED_UNIT_ELEMENT(#5328,-3.);
#2856=DERIVED_UNIT_ELEMENT(#2860,1.);
#2857=DERIVED_UNIT_ELEMENT(#5328,-3.);
#2858=DERIVED_UNIT_ELEMENT(#2860,1.);
#2859=DERIVED_UNIT_ELEMENT(#5328,-3.);
#2860=(
MASS_UNIT()
NAMED_UNIT(*)
SI_UNIT(.KILO.,.GRAM.)
);
#2861=DERIVED_UNIT((#2850,#2851));
#2862=DERIVED_UNIT((#2852,#2853));
#2863=DERIVED_UNIT((#2854,#2855));
#2864=DERIVED_UNIT((#2856,#2857));
#2865=DERIVED_UNIT((#2858,#2859));
#2866=MEASURE_REPRESENTATION_ITEM('density measure',
POSITIVE_RATIO_MEASURE(7850.),#2861);
#2867=MEASURE_REPRESENTATION_ITEM('density measure',
POSITIVE_RATIO_MEASURE(7850.),#2862);
#2868=MEASURE_REPRESENTATION_ITEM('density measure',
POSITIVE_RATIO_MEASURE(7850.),#2863);
#2869=MEASURE_REPRESENTATION_ITEM('density measure',
POSITIVE_RATIO_MEASURE(7850.),#2864);
#2870=MEASURE_REPRESENTATION_ITEM('density measure',
POSITIVE_RATIO_MEASURE(7850.),#2865);
#2871=PROPERTY_DEFINITION_REPRESENTATION(#2896,#2881);
#2872=PROPERTY_DEFINITION_REPRESENTATION(#2897,#2882);
#2873=PROPERTY_DEFINITION_REPRESENTATION(#2898,#2883);
#2874=PROPERTY_DEFINITION_REPRESENTATION(#2899,#2884);
#2875=PROPERTY_DEFINITION_REPRESENTATION(#2900,#2885);
#2876=PROPERTY_DEFINITION_REPRESENTATION(#2901,#2886);
#2877=PROPERTY_DEFINITION_REPRESENTATION(#2902,#2887);
#2878=PROPERTY_DEFINITION_REPRESENTATION(#2903,#2888);
#2879=PROPERTY_DEFINITION_REPRESENTATION(#2904,#2889);
#2880=PROPERTY_DEFINITION_REPRESENTATION(#2905,#2890);
#2881=REPRESENTATION('material name',(#2891),#5321);
#2882=REPRESENTATION('density',(#2866),#5321);
#2883=REPRESENTATION('material name',(#2892),#5322);
#2884=REPRESENTATION('density',(#2867),#5322);
#2885=REPRESENTATION('material name',(#2893),#5323);
#2886=REPRESENTATION('density',(#2868),#5323);
#2887=REPRESENTATION('material name',(#2894),#5324);
#2888=REPRESENTATION('density',(#2869),#5324);
#2889=REPRESENTATION('material name',(#2895),#5325);
#2890=REPRESENTATION('density',(#2870),#5325);
#2891=DESCRIPTIVE_REPRESENTATION_ITEM('Steel','Steel');
#2892=DESCRIPTIVE_REPRESENTATION_ITEM('Steel','Steel');
#2893=DESCRIPTIVE_REPRESENTATION_ITEM('Steel','Steel');
#2894=DESCRIPTIVE_REPRESENTATION_ITEM('Steel','Steel');
#2895=DESCRIPTIVE_REPRESENTATION_ITEM('Steel','Steel');
#2896=PROPERTY_DEFINITION('material property','material name',#5356);
#2897=PROPERTY_DEFINITION('material property','density of part',#5356);
#2898=PROPERTY_DEFINITION('material property','material name',#5357);
#2899=PROPERTY_DEFINITION('material property','density of part',#5357);
#2900=PROPERTY_DEFINITION('material property','material name',#5358);
#2901=PROPERTY_DEFINITION('material property','density of part',#5358);
#2902=PROPERTY_DEFINITION('material property','material name',#5359);
#2903=PROPERTY_DEFINITION('material property','density of part',#5359);
#2904=PROPERTY_DEFINITION('material property','material name',#5360);
#2905=PROPERTY_DEFINITION('material property','density of part',#5360);
#2906=AXIS2_PLACEMENT_3D('',#4218,#3277,#3278);
#2907=AXIS2_PLACEMENT_3D('',#4219,#3279,#3280);
#2908=AXIS2_PLACEMENT_3D('',#4220,#3281,#3282);
#2909=AXIS2_PLACEMENT_3D('',#4231,#3287,#3288);
#2910=AXIS2_PLACEMENT_3D('',#4235,#3290,#3291);
#2911=AXIS2_PLACEMENT_3D('',#4239,#3293,#3294);
#2912=AXIS2_PLACEMENT_3D('',#4243,#3296,#3297);
#2913=AXIS2_PLACEMENT_3D('',#4247,#3299,#3300);
#2914=AXIS2_PLACEMENT_3D('',#4249,#3302,#3303);
#2915=AXIS2_PLACEMENT_3D('',#4251,#3304,#3305);
#2916=AXIS2_PLACEMENT_3D('',#4253,#3306,#3307);
#2917=AXIS2_PLACEMENT_3D('',#4255,#3309,#3310);
#2918=AXIS2_PLACEMENT_3D('',#4257,#3311,#3312);
#2919=AXIS2_PLACEMENT_3D('',#4258,#3313,#3314);
#2920=AXIS2_PLACEMENT_3D('',#4259,#3315,#3316);
#2921=AXIS2_PLACEMENT_3D('',#4261,#3317,#3318);
#2922=AXIS2_PLACEMENT_3D('',#4263,#3320,#3321);
#2923=AXIS2_PLACEMENT_3D('',#4265,#3322,#3323);
#2924=AXIS2_PLACEMENT_3D('',#4266,#3324,#3325);
#2925=AXIS2_PLACEMENT_3D('',#4267,#3326,#3327);
#2926=AXIS2_PLACEMENT_3D('',#4269,#3328,#3329);
#2927=AXIS2_PLACEMENT_3D('',#4287,#3331,#3332);
#2928=AXIS2_PLACEMENT_3D('',#4288,#3333,#3334);
#2929=AXIS2_PLACEMENT_3D('',#4289,#3335,#3336);
#2930=AXIS2_PLACEMENT_3D('',#4291,#3337,#3338);
#2931=AXIS2_PLACEMENT_3D('',#4293,#3340,#3341);
#2932=AXIS2_PLACEMENT_3D('',#4304,#3342,#3343);
#2933=AXIS2_PLACEMENT_3D('',#4306,#3345,#3346);
#2934=AXIS2_PLACEMENT_3D('',#4308,#3347,#3348);
#2935=AXIS2_PLACEMENT_3D('',#4310,#3349,#3350);
#2936=AXIS2_PLACEMENT_3D('',#4312,#3352,#3353);
#2937=AXIS2_PLACEMENT_3D('',#4314,#3354,#3355);
#2938=AXIS2_PLACEMENT_3D('',#4315,#3356,#3357);
#2939=AXIS2_PLACEMENT_3D('',#4316,#3358,#3359);
#2940=AXIS2_PLACEMENT_3D('',#4318,#3360,#3361);
#2941=AXIS2_PLACEMENT_3D('',#4320,#3363,#3364);
#2942=AXIS2_PLACEMENT_3D('',#4332,#3366,#3367);
#2943=AXIS2_PLACEMENT_3D('',#4342,#3368,#3369);
#2944=AXIS2_PLACEMENT_3D('',#4343,#3370,#3371);
#2945=AXIS2_PLACEMENT_3D('',#4344,#3372,#3373);
#2946=AXIS2_PLACEMENT_3D('',#4347,#3374,#3375);
#2947=AXIS2_PLACEMENT_3D('',#4348,#3376,#3377);
#2948=AXIS2_PLACEMENT_3D('',#4350,#3378,#3379);
#2949=AXIS2_PLACEMENT_3D('',#4351,#3380,#3381);
#2950=AXIS2_PLACEMENT_3D('',#4354,#3383,#3384);
#2951=AXIS2_PLACEMENT_3D('',#4384,#3385,#3386);
#2952=AXIS2_PLACEMENT_3D('',#4385,#3387,#3388);
#2953=AXIS2_PLACEMENT_3D('',#4387,#3389,#3390);
#2954=AXIS2_PLACEMENT_3D('',#4388,#3391,#3392);
#2955=AXIS2_PLACEMENT_3D('',#4389,#3393,#3394);
#2956=AXIS2_PLACEMENT_3D('',#4392,#3395,#3396);
#2957=AXIS2_PLACEMENT_3D('',#4393,#3397,#3398);
#2958=AXIS2_PLACEMENT_3D('',#4395,#3400,#3401);
#2959=AXIS2_PLACEMENT_3D('',#4397,#3402,#3403);
#2960=AXIS2_PLACEMENT_3D('',#4426,#3404,#3405);
#2961=AXIS2_PLACEMENT_3D('',#4427,#3406,#3407);
#2962=AXIS2_PLACEMENT_3D('',#4428,#3408,#3409);
#2963=AXIS2_PLACEMENT_3D('',#4429,#3410,#3411);
#2964=AXIS2_PLACEMENT_3D('',#4431,#3413,#3414);
#2965=AXIS2_PLACEMENT_3D('',#4434,#3415,#3416);
#2966=AXIS2_PLACEMENT_3D('',#4439,#3420,#3421);
#2967=AXIS2_PLACEMENT_3D('',#4442,#3422,#3423);
#2968=AXIS2_PLACEMENT_3D('',#4447,#3427,#3428);
#2969=AXIS2_PLACEMENT_3D('',#4449,#3430,#3431);
#2970=AXIS2_PLACEMENT_3D('',#4453,#3433,#3434);
#2971=AXIS2_PLACEMENT_3D('',#4457,#3436,#3437);
#2972=AXIS2_PLACEMENT_3D('',#4461,#3439,#3440);
#2973=AXIS2_PLACEMENT_3D('',#4465,#3442,#3443);
#2974=AXIS2_PLACEMENT_3D('',#4469,#3445,#3446);
#2975=AXIS2_PLACEMENT_3D('',#4471,#3448,#3449);
#2976=AXIS2_PLACEMENT_3D('',#4474,#3451,#3452);
#2977=AXIS2_PLACEMENT_3D('',#4475,#3453,#3454);
#2978=AXIS2_PLACEMENT_3D('',#4477,#3455,#3456);
#2979=AXIS2_PLACEMENT_3D('',#4478,#3457,#3458);
#2980=AXIS2_PLACEMENT_3D('',#4479,#3459,#3460);
#2981=AXIS2_PLACEMENT_3D('',#4481,#3461,#3462);
#2982=AXIS2_PLACEMENT_3D('',#4483,#3464,#3465);
#2983=AXIS2_PLACEMENT_3D('',#4485,#3466,#3467);
#2984=AXIS2_PLACEMENT_3D('',#4486,#3468,#3469);
#2985=AXIS2_PLACEMENT_3D('',#4487,#3470,#3471);
#2986=AXIS2_PLACEMENT_3D('',#4489,#3472,#3473);
#2987=AXIS2_PLACEMENT_3D('',#4507,#3475,#3476);
#2988=AXIS2_PLACEMENT_3D('',#4508,#3477,#3478);
#2989=AXIS2_PLACEMENT_3D('',#4509,#3479,#3480);
#2990=AXIS2_PLACEMENT_3D('',#4511,#3481,#3482);
#2991=AXIS2_PLACEMENT_3D('',#4513,#3484,#3485);
#2992=AXIS2_PLACEMENT_3D('',#4525,#3487,#3488);
#2993=AXIS2_PLACEMENT_3D('',#4526,#3489,#3490);
#2994=AXIS2_PLACEMENT_3D('',#4528,#3491,#3492);
#2995=AXIS2_PLACEMENT_3D('',#4531,#3494,#3495);
#2996=AXIS2_PLACEMENT_3D('',#4532,#3496,#3497);
#2997=AXIS2_PLACEMENT_3D('',#4534,#3498,#3499);
#2998=AXIS2_PLACEMENT_3D('',#4535,#3500,#3501);
#2999=AXIS2_PLACEMENT_3D('',#4536,#3502,#3503);
#3000=AXIS2_PLACEMENT_3D('',#4538,#3505,#3506);
#3001=AXIS2_PLACEMENT_3D('',#4549,#3507,#3508);
#3002=AXIS2_PLACEMENT_3D('',#4560,#3510,#3511);
#3003=AXIS2_PLACEMENT_3D('',#4561,#3512,#3513);
#3004=AXIS2_PLACEMENT_3D('',#4562,#3514,#3515);
#3005=AXIS2_PLACEMENT_3D('',#4564,#3517,#3518);
#3006=AXIS2_PLACEMENT_3D('',#4566,#3520,#3521);
#3007=AXIS2_PLACEMENT_3D('',#4568,#3523,#3524);
#3008=AXIS2_PLACEMENT_3D('',#4570,#3526,#3527);
#3009=AXIS2_PLACEMENT_3D('',#4572,#3529,#3530);
#3010=AXIS2_PLACEMENT_3D('',#4575,#3531,#3532);
#3011=AXIS2_PLACEMENT_3D('',#4577,#3533,#3534);
#3012=AXIS2_PLACEMENT_3D('',#4578,#3535,#3536);
#3013=AXIS2_PLACEMENT_3D('',#4579,#3537,#3538);
#3014=AXIS2_PLACEMENT_3D('',#4582,#3540,#3541);
#3015=AXIS2_PLACEMENT_3D('',#4612,#3542,#3543);
#3016=AXIS2_PLACEMENT_3D('',#4614,#3544,#3545);
#3017=AXIS2_PLACEMENT_3D('',#4615,#3546,#3547);
#3018=AXIS2_PLACEMENT_3D('',#4616,#3548,#3549);
#3019=AXIS2_PLACEMENT_3D('',#4617,#3550,#3551);
#3020=AXIS2_PLACEMENT_3D('',#4620,#3552,#3553);
#3021=AXIS2_PLACEMENT_3D('',#4622,#3555,#3556);
#3022=AXIS2_PLACEMENT_3D('',#4623,#3557,#3558);
#3023=AXIS2_PLACEMENT_3D('',#4625,#3559,#3560);
#3024=AXIS2_PLACEMENT_3D('',#4654,#3561,#3562);
#3025=AXIS2_PLACEMENT_3D('',#4655,#3563,#3564);
#3026=AXIS2_PLACEMENT_3D('',#4656,#3565,#3566);
#3027=AXIS2_PLACEMENT_3D('',#4657,#3567,#3568);
#3028=AXIS2_PLACEMENT_3D('',#4659,#3570,#3571);
#3029=AXIS2_PLACEMENT_3D('',#4661,#3573,#3574);
#3030=AXIS2_PLACEMENT_3D('',#4663,#3576,#3577);
#3031=AXIS2_PLACEMENT_3D('',#4665,#3579,#3580);
#3032=AXIS2_PLACEMENT_3D('',#4667,#3582,#3583);
#3033=AXIS2_PLACEMENT_3D('',#4669,#3585,#3586);
#3034=AXIS2_PLACEMENT_3D('',#4670,#3587,#3588);
#3035=AXIS2_PLACEMENT_3D('',#4671,#3589,#3590);
#3036=AXIS2_PLACEMENT_3D('',#4674,#3591,#3592);
#3037=AXIS2_PLACEMENT_3D('',#4691,#3594,#3595);
#3038=AXIS2_PLACEMENT_3D('',#4715,#3597,#3598);
#3039=AXIS2_PLACEMENT_3D('',#4730,#3599,#3600);
#3040=AXIS2_PLACEMENT_3D('',#4733,#3602,#3603);
#3041=AXIS2_PLACEMENT_3D('',#4734,#3604,#3605);
#3042=AXIS2_PLACEMENT_3D('',#4736,#3606,#3607);
#3043=AXIS2_PLACEMENT_3D('',#4738,#3608,#3609);
#3044=AXIS2_PLACEMENT_3D('',#4739,#3610,#3611);
#3045=AXIS2_PLACEMENT_3D('',#4741,#3612,#3613);
#3046=AXIS2_PLACEMENT_3D('',#4743,#3614,#3615);
#3047=AXIS2_PLACEMENT_3D('',#4744,#3616,#3617);
#3048=AXIS2_PLACEMENT_3D('',#4746,#3618,#3619);
#3049=AXIS2_PLACEMENT_3D('',#4748,#3620,#3621);
#3050=AXIS2_PLACEMENT_3D('',#4749,#3622,#3623);
#3051=AXIS2_PLACEMENT_3D('',#4750,#3624,#3625);
#3052=AXIS2_PLACEMENT_3D('',#4752,#3626,#3627);
#3053=AXIS2_PLACEMENT_3D('',#4754,#3629,#3630);
#3054=AXIS2_PLACEMENT_3D('',#4755,#3631,#3632);
#3055=AXIS2_PLACEMENT_3D('',#4756,#3633,#3634);
#3056=AXIS2_PLACEMENT_3D('',#4759,#3635,#3636);
#3057=AXIS2_PLACEMENT_3D('',#4761,#3638,#3639);
#3058=AXIS2_PLACEMENT_3D('',#4762,#3640,#3641);
#3059=AXIS2_PLACEMENT_3D('',#4764,#3642,#3643);
#3060=AXIS2_PLACEMENT_3D('',#4766,#3644,#3645);
#3061=AXIS2_PLACEMENT_3D('',#4767,#3646,#3647);
#3062=AXIS2_PLACEMENT_3D('',#4769,#3648,#3649);
#3063=AXIS2_PLACEMENT_3D('',#4771,#3650,#3651);
#3064=AXIS2_PLACEMENT_3D('',#4772,#3652,#3653);
#3065=AXIS2_PLACEMENT_3D('',#4774,#3654,#3655);
#3066=AXIS2_PLACEMENT_3D('',#4776,#3656,#3657);
#3067=AXIS2_PLACEMENT_3D('',#4777,#3658,#3659);
#3068=AXIS2_PLACEMENT_3D('',#4778,#3660,#3661);
#3069=AXIS2_PLACEMENT_3D('',#4780,#3662,#3663);
#3070=AXIS2_PLACEMENT_3D('',#4782,#3665,#3666);
#3071=AXIS2_PLACEMENT_3D('',#4783,#3667,#3668);
#3072=AXIS2_PLACEMENT_3D('',#4784,#3669,#3670);
#3073=AXIS2_PLACEMENT_3D('',#4787,#3672,#3673);
#3074=AXIS2_PLACEMENT_3D('',#4788,#3674,#3675);
#3075=AXIS2_PLACEMENT_3D('',#4791,#3677,#3678);
#3076=AXIS2_PLACEMENT_3D('',#4792,#3679,#3680);
#3077=AXIS2_PLACEMENT_3D('',#4794,#3681,#3682);
#3078=AXIS2_PLACEMENT_3D('',#4796,#3684,#3685);
#3079=AXIS2_PLACEMENT_3D('',#4798,#3686,#3687);
#3080=AXIS2_PLACEMENT_3D('',#4799,#3688,#3689);
#3081=AXIS2_PLACEMENT_3D('',#4800,#3690,#3691);
#3082=AXIS2_PLACEMENT_3D('',#4816,#3693,#3694);
#3083=AXIS2_PLACEMENT_3D('',#4818,#3696,#3697);
#3084=AXIS2_PLACEMENT_3D('',#4819,#3698,#3699);
#3085=AXIS2_PLACEMENT_3D('',#4820,#3700,#3701);
#3086=AXIS2_PLACEMENT_3D('',#4842,#3702,#3703);
#3087=AXIS2_PLACEMENT_3D('',#4843,#3704,#3705);
#3088=AXIS2_PLACEMENT_3D('',#4844,#3706,#3707);
#3089=AXIS2_PLACEMENT_3D('',#4845,#3708,#3709);
#3090=AXIS2_PLACEMENT_3D('',#4861,#3711,#3712);
#3091=AXIS2_PLACEMENT_3D('',#4863,#3714,#3715);
#3092=AXIS2_PLACEMENT_3D('',#4864,#3716,#3717);
#3093=AXIS2_PLACEMENT_3D('',#4865,#3718,#3719);
#3094=AXIS2_PLACEMENT_3D('',#4866,#3720,#3721);
#3095=AXIS2_PLACEMENT_3D('',#4868,#3723,#3724);
#3096=AXIS2_PLACEMENT_3D('',#4870,#3726,#3727);
#3097=AXIS2_PLACEMENT_3D('',#4871,#3728,#3729);
#3098=AXIS2_PLACEMENT_3D('',#4872,#3730,#3731);
#3099=AXIS2_PLACEMENT_3D('',#4873,#3732,#3733);
#3100=AXIS2_PLACEMENT_3D('',#4874,#3734,#3735);
#3101=AXIS2_PLACEMENT_3D('',#4877,#3736,#3737);
#3102=AXIS2_PLACEMENT_3D('',#4879,#3738,#3739);
#3103=AXIS2_PLACEMENT_3D('',#4880,#3740,#3741);
#3104=AXIS2_PLACEMENT_3D('',#4881,#3742,#3743);
#3105=AXIS2_PLACEMENT_3D('',#4884,#3744,#3745);
#3106=AXIS2_PLACEMENT_3D('',#4887,#3748,#3749);
#3107=AXIS2_PLACEMENT_3D('',#4890,#3750,#3751);
#3108=AXIS2_PLACEMENT_3D('',#4892,#3752,#3753);
#3109=AXIS2_PLACEMENT_3D('',#4893,#3754,#3755);
#3110=AXIS2_PLACEMENT_3D('',#4894,#3756,#3757);
#3111=AXIS2_PLACEMENT_3D('',#4897,#3758,#3759);
#3112=AXIS2_PLACEMENT_3D('',#4900,#3762,#3763);
#3113=AXIS2_PLACEMENT_3D('',#4903,#3766,#3767);
#3114=AXIS2_PLACEMENT_3D('',#4906,#3768,#3769);
#3115=AXIS2_PLACEMENT_3D('',#4908,#3770,#3771);
#3116=AXIS2_PLACEMENT_3D('',#4909,#3772,#3773);
#3117=AXIS2_PLACEMENT_3D('',#4910,#3774,#3775);
#3118=AXIS2_PLACEMENT_3D('',#4913,#3776,#3777);
#3119=AXIS2_PLACEMENT_3D('',#4915,#3778,#3779);
#3120=AXIS2_PLACEMENT_3D('',#4916,#3780,#3781);
#3121=AXIS2_PLACEMENT_3D('',#4917,#3782,#3783);
#3122=AXIS2_PLACEMENT_3D('',#4920,#3784,#3785);
#3123=AXIS2_PLACEMENT_3D('',#4922,#3786,#3787);
#3124=AXIS2_PLACEMENT_3D('',#4924,#3788,#3789);
#3125=AXIS2_PLACEMENT_3D('',#4925,#3790,#3791);
#3126=AXIS2_PLACEMENT_3D('',#4926,#3792,#3793);
#3127=AXIS2_PLACEMENT_3D('',#4929,#3796,#3797);
#3128=AXIS2_PLACEMENT_3D('',#4932,#3798,#3799);
#3129=AXIS2_PLACEMENT_3D('',#4935,#3802,#3803);
#3130=AXIS2_PLACEMENT_3D('',#4938,#3804,#3805);
#3131=AXIS2_PLACEMENT_3D('',#4940,#3806,#3807);
#3132=AXIS2_PLACEMENT_3D('',#4942,#3808,#3809);
#3133=AXIS2_PLACEMENT_3D('',#4943,#3810,#3811);
#3134=AXIS2_PLACEMENT_3D('',#4944,#3812,#3813);
#3135=AXIS2_PLACEMENT_3D('',#4947,#3814,#3815);
#3136=AXIS2_PLACEMENT_3D('',#4950,#3818,#3819);
#3137=AXIS2_PLACEMENT_3D('',#4953,#3822,#3823);
#3138=AXIS2_PLACEMENT_3D('',#4956,#3826,#3827);
#3139=AXIS2_PLACEMENT_3D('',#4959,#3830,#3831);
#3140=AXIS2_PLACEMENT_3D('',#4962,#3834,#3835);
#3141=AXIS2_PLACEMENT_3D('',#4965,#3838,#3839);
#3142=AXIS2_PLACEMENT_3D('',#4967,#3841,#3842);
#3143=AXIS2_PLACEMENT_3D('',#4981,#3850,#3851);
#3144=AXIS2_PLACEMENT_3D('',#4983,#3853,#3854);
#3145=AXIS2_PLACEMENT_3D('',#4984,#3855,#3856);
#3146=AXIS2_PLACEMENT_3D('',#4985,#3857,#3858);
#3147=AXIS2_PLACEMENT_3D('',#4987,#3860,#3861);
#3148=AXIS2_PLACEMENT_3D('',#4989,#3863,#3864);
#3149=AXIS2_PLACEMENT_3D('',#4991,#3865,#3866);
#3150=AXIS2_PLACEMENT_3D('',#4994,#3868,#3869);
#3151=AXIS2_PLACEMENT_3D('',#4995,#3870,#3871);
#3152=AXIS2_PLACEMENT_3D('',#4997,#3872,#3873);
#3153=AXIS2_PLACEMENT_3D('',#5000,#3875,#3876);
#3154=AXIS2_PLACEMENT_3D('',#5001,#3877,#3878);
#3155=AXIS2_PLACEMENT_3D('',#5004,#3879,#3880);
#3156=AXIS2_PLACEMENT_3D('',#5008,#3882,#3883);
#3157=AXIS2_PLACEMENT_3D('',#5010,#3885,#3886);
#3158=AXIS2_PLACEMENT_3D('',#5016,#3890,#3891);
#3159=AXIS2_PLACEMENT_3D('',#5018,#3892,#3893);
#3160=AXIS2_PLACEMENT_3D('',#5020,#3894,#3895);
#3161=AXIS2_PLACEMENT_3D('',#5022,#3897,#3898);
#3162=AXIS2_PLACEMENT_3D('',#5028,#3902,#3903);
#3163=AXIS2_PLACEMENT_3D('',#5030,#3904,#3905);
#3164=AXIS2_PLACEMENT_3D('',#5032,#3906,#3907);
#3165=AXIS2_PLACEMENT_3D('',#5034,#3909,#3910);
#3166=AXIS2_PLACEMENT_3D('',#5040,#3914,#3915);
#3167=AXIS2_PLACEMENT_3D('',#5042,#3916,#3917);
#3168=AXIS2_PLACEMENT_3D('',#5044,#3918,#3919);
#3169=AXIS2_PLACEMENT_3D('',#5046,#3921,#3922);
#3170=AXIS2_PLACEMENT_3D('',#5052,#3926,#3927);
#3171=AXIS2_PLACEMENT_3D('',#5054,#3928,#3929);
#3172=AXIS2_PLACEMENT_3D('',#5056,#3930,#3931);
#3173=AXIS2_PLACEMENT_3D('',#5058,#3933,#3934);
#3174=AXIS2_PLACEMENT_3D('',#5064,#3938,#3939);
#3175=AXIS2_PLACEMENT_3D('',#5066,#3940,#3941);
#3176=AXIS2_PLACEMENT_3D('',#5068,#3942,#3943);
#3177=AXIS2_PLACEMENT_3D('',#5070,#3945,#3946);
#3178=AXIS2_PLACEMENT_3D('',#5073,#3949,#3950);
#3179=AXIS2_PLACEMENT_3D('',#5079,#3954,#3955);
#3180=AXIS2_PLACEMENT_3D('',#5081,#3956,#3957);
#3181=AXIS2_PLACEMENT_3D('',#5083,#3958,#3959);
#3182=AXIS2_PLACEMENT_3D('',#5085,#3961,#3962);
#3183=AXIS2_PLACEMENT_3D('',#5088,#3965,#3966);
#3184=AXIS2_PLACEMENT_3D('',#5089,#3967,#3968);
#3185=AXIS2_PLACEMENT_3D('',#5090,#3969,#3970);
#3186=AXIS2_PLACEMENT_3D('',#5091,#3971,#3972);
#3187=AXIS2_PLACEMENT_3D('',#5094,#3973,#3974);
#3188=AXIS2_PLACEMENT_3D('',#5096,#3975,#3976);
#3189=AXIS2_PLACEMENT_3D('',#5097,#3977,#3978);
#3190=AXIS2_PLACEMENT_3D('',#5098,#3979,#3980);
#3191=AXIS2_PLACEMENT_3D('',#5101,#3981,#3982);
#3192=AXIS2_PLACEMENT_3D('',#5104,#3985,#3986);
#3193=AXIS2_PLACEMENT_3D('',#5107,#3987,#3988);
#3194=AXIS2_PLACEMENT_3D('',#5109,#3989,#3990);
#3195=AXIS2_PLACEMENT_3D('',#5110,#3991,#3992);
#3196=AXIS2_PLACEMENT_3D('',#5111,#3993,#3994);
#3197=AXIS2_PLACEMENT_3D('',#5114,#3995,#3996);
#3198=AXIS2_PLACEMENT_3D('',#5117,#3999,#4000);
#3199=AXIS2_PLACEMENT_3D('',#5120,#4003,#4004);
#3200=AXIS2_PLACEMENT_3D('',#5123,#4005,#4006);
#3201=AXIS2_PLACEMENT_3D('',#5125,#4007,#4008);
#3202=AXIS2_PLACEMENT_3D('',#5126,#4009,#4010);
#3203=AXIS2_PLACEMENT_3D('',#5127,#4011,#4012);
#3204=AXIS2_PLACEMENT_3D('',#5130,#4013,#4014);
#3205=AXIS2_PLACEMENT_3D('',#5132,#4015,#4016);
#3206=AXIS2_PLACEMENT_3D('',#5133,#4017,#4018);
#3207=AXIS2_PLACEMENT_3D('',#5134,#4019,#4020);
#3208=AXIS2_PLACEMENT_3D('',#5137,#4021,#4022);
#3209=AXIS2_PLACEMENT_3D('',#5139,#4023,#4024);
#3210=AXIS2_PLACEMENT_3D('',#5141,#4025,#4026);
#3211=AXIS2_PLACEMENT_3D('',#5142,#4027,#4028);
#3212=AXIS2_PLACEMENT_3D('',#5143,#4029,#4030);
#3213=AXIS2_PLACEMENT_3D('',#5146,#4033,#4034);
#3214=AXIS2_PLACEMENT_3D('',#5149,#4035,#4036);
#3215=AXIS2_PLACEMENT_3D('',#5152,#4039,#4040);
#3216=AXIS2_PLACEMENT_3D('',#5155,#4041,#4042);
#3217=AXIS2_PLACEMENT_3D('',#5157,#4043,#4044);
#3218=AXIS2_PLACEMENT_3D('',#5159,#4045,#4046);
#3219=AXIS2_PLACEMENT_3D('',#5160,#4047,#4048);
#3220=AXIS2_PLACEMENT_3D('',#5161,#4049,#4050);
#3221=AXIS2_PLACEMENT_3D('',#5164,#4051,#4052);
#3222=AXIS2_PLACEMENT_3D('',#5167,#4055,#4056);
#3223=AXIS2_PLACEMENT_3D('',#5170,#4059,#4060);
#3224=AXIS2_PLACEMENT_3D('',#5173,#4063,#4064);
#3225=AXIS2_PLACEMENT_3D('',#5176,#4067,#4068);
#3226=AXIS2_PLACEMENT_3D('',#5179,#4071,#4072);
#3227=AXIS2_PLACEMENT_3D('',#5182,#4075,#4076);
#3228=AXIS2_PLACEMENT_3D('',#5184,#4078,#4079);
#3229=AXIS2_PLACEMENT_3D('',#5198,#4087,#4088);
#3230=AXIS2_PLACEMENT_3D('',#5200,#4090,#4091);
#3231=AXIS2_PLACEMENT_3D('',#5201,#4092,#4093);
#3232=AXIS2_PLACEMENT_3D('',#5202,#4094,#4095);
#3233=AXIS2_PLACEMENT_3D('',#5204,#4097,#4098);
#3234=AXIS2_PLACEMENT_3D('',#5206,#4100,#4101);
#3235=AXIS2_PLACEMENT_3D('',#5208,#4102,#4103);
#3236=AXIS2_PLACEMENT_3D('',#5211,#4105,#4106);
#3237=AXIS2_PLACEMENT_3D('',#5212,#4107,#4108);
#3238=AXIS2_PLACEMENT_3D('',#5214,#4109,#4110);
#3239=AXIS2_PLACEMENT_3D('',#5217,#4112,#4113);
#3240=AXIS2_PLACEMENT_3D('',#5218,#4114,#4115);
#3241=AXIS2_PLACEMENT_3D('',#5221,#4116,#4117);
#3242=AXIS2_PLACEMENT_3D('',#5225,#4119,#4120);
#3243=AXIS2_PLACEMENT_3D('',#5227,#4122,#4123);
#3244=AXIS2_PLACEMENT_3D('',#5233,#4127,#4128);
#3245=AXIS2_PLACEMENT_3D('',#5235,#4129,#4130);
#3246=AXIS2_PLACEMENT_3D('',#5238,#4132,#4133);
#3247=AXIS2_PLACEMENT_3D('',#5239,#4134,#4135);
#3248=AXIS2_PLACEMENT_3D('',#5245,#4139,#4140);
#3249=AXIS2_PLACEMENT_3D('',#5247,#4141,#4142);
#3250=AXIS2_PLACEMENT_3D('',#5250,#4144,#4145);
#3251=AXIS2_PLACEMENT_3D('',#5251,#4146,#4147);
#3252=AXIS2_PLACEMENT_3D('',#5257,#4151,#4152);
#3253=AXIS2_PLACEMENT_3D('',#5259,#4153,#4154);
#3254=AXIS2_PLACEMENT_3D('',#5262,#4156,#4157);
#3255=AXIS2_PLACEMENT_3D('',#5263,#4158,#4159);
#3256=AXIS2_PLACEMENT_3D('',#5269,#4163,#4164);
#3257=AXIS2_PLACEMENT_3D('',#5271,#4165,#4166);
#3258=AXIS2_PLACEMENT_3D('',#5274,#4168,#4169);
#3259=AXIS2_PLACEMENT_3D('',#5275,#4170,#4171);
#3260=AXIS2_PLACEMENT_3D('',#5281,#4175,#4176);
#3261=AXIS2_PLACEMENT_3D('',#5283,#4177,#4178);
#3262=AXIS2_PLACEMENT_3D('',#5286,#4180,#4181);
#3263=AXIS2_PLACEMENT_3D('',#5287,#4182,#4183);
#3264=AXIS2_PLACEMENT_3D('',#5290,#4186,#4187);
#3265=AXIS2_PLACEMENT_3D('',#5296,#4191,#4192);
#3266=AXIS2_PLACEMENT_3D('',#5298,#4193,#4194);
#3267=AXIS2_PLACEMENT_3D('',#5301,#4196,#4197);
#3268=AXIS2_PLACEMENT_3D('',#5302,#4198,#4199);
#3269=AXIS2_PLACEMENT_3D('',#5305,#4202,#4203);
#3270=AXIS2_PLACEMENT_3D('',#5306,#4204,#4205);
#3271=AXIS2_PLACEMENT_3D('',#5307,#4206,#4207);
#3272=AXIS2_PLACEMENT_3D('',#5308,#4208,#4209);
#3273=AXIS2_PLACEMENT_3D('',#5309,#4210,#4211);
#3274=AXIS2_PLACEMENT_3D('',#5310,#4212,#4213);
#3275=AXIS2_PLACEMENT_3D('',#5311,#4214,#4215);
#3276=AXIS2_PLACEMENT_3D('',#5312,#4216,#4217);
#3277=DIRECTION('axis',(0.,0.,1.));
#3278=DIRECTION('refdir',(1.,0.,0.));
#3279=DIRECTION('axis',(0.,0.,1.));
#3280=DIRECTION('refdir',(1.,0.,0.));
#3281=DIRECTION('center_axis',(1.,0.,0.));
#3282=DIRECTION('ref_axis',(0.,1.,0.));
#3283=DIRECTION('',(0.,-1.,0.));
#3284=DIRECTION('',(0.,0.,-1.));
#3285=DIRECTION('',(0.,-1.,0.));
#3286=DIRECTION('',(0.,0.,-1.));
#3287=DIRECTION('center_axis',(1.,0.,0.));
#3288=DIRECTION('ref_axis',(0.,0.707106781186549,0.707106781186546));
#3289=DIRECTION('',(0.,-1.,0.));
#3290=DIRECTION('center_axis',(-1.,0.,0.));
#3291=DIRECTION('ref_axis',(0.,1.,0.));
#3292=DIRECTION('',(0.,0.,1.));
#3293=DIRECTION('center_axis',(-1.,0.,0.));
#3294=DIRECTION('ref_axis',(0.,-8.26946079742754E-16,1.));
#3295=DIRECTION('',(0.,9.52901657814212E-17,-1.));
#3296=DIRECTION('center_axis',(1.,0.,0.));
#3297=DIRECTION('ref_axis',(0.,-0.707106781186548,-0.707106781186547));
#3298=DIRECTION('',(0.,1.,0.));
#3299=DIRECTION('center_axis',(1.,0.,0.));
#3300=DIRECTION('ref_axis',(0.,0.707106781186547,-0.707106781186548));
#3301=DIRECTION('',(0.,0.,1.));
#3302=DIRECTION('center_axis',(0.,0.,1.));
#3303=DIRECTION('ref_axis',(-0.707106781186546,-0.707106781186549,0.));
#3304=DIRECTION('center_axis',(0.,0.,1.));
#3305=DIRECTION('ref_axis',(-0.707106781186546,-0.707106781186549,0.));
#3306=DIRECTION('center_axis',(0.,2.77555756156289E-16,-1.));
#3307=DIRECTION('ref_axis',(0.,-1.,-2.77555756156289E-16));
#3308=DIRECTION('',(0.,0.,-1.));
#3309=DIRECTION('center_axis',(1.,0.,0.));
#3310=DIRECTION('ref_axis',(0.,0.,1.));
#3311=DIRECTION('center_axis',(0.,-1.,-4.44089209850063E-15));
#3312=DIRECTION('ref_axis',(0.,-4.44089209850063E-15,1.));
#3313=DIRECTION('center_axis',(-1.,0.,0.));
#3314=DIRECTION('ref_axis',(0.,0.707106781186547,-0.707106781186548));
#3315=DIRECTION('center_axis',(0.,1.,0.));
#3316=DIRECTION('ref_axis',(-0.707106781186547,0.,0.707106781186548));
#3317=DIRECTION('center_axis',(0.,-1.,-2.77555756156289E-16));
#3318=DIRECTION('ref_axis',(0.,-2.77555756156289E-16,1.));
#3319=DIRECTION('',(0.,-1.,0.));
#3320=DIRECTION('center_axis',(1.,0.,0.));
#3321=DIRECTION('ref_axis',(0.,0.,1.));
#3322=DIRECTION('center_axis',(0.,1.11022302462516E-15,1.));
#3323=DIRECTION('ref_axis',(0.,1.,-1.11022302462516E-15));
#3324=DIRECTION('center_axis',(-1.,0.,0.));
#3325=DIRECTION('ref_axis',(0.,-0.707106781186548,-0.707106781186547));
#3326=DIRECTION('center_axis',(0.,9.52901657814212E-17,-1.));
#3327=DIRECTION('ref_axis',(-0.707106781186548,0.707106781186547,0.));
#3328=DIRECTION('center_axis',(0.,0.,1.));
#3329=DIRECTION('ref_axis',(0.,1.,0.));
#3330=DIRECTION('',(0.,-9.52901657814212E-17,1.));
#3331=DIRECTION('center_axis',(0.,2.2204460492503E-15,-1.));
#3332=DIRECTION('ref_axis',(0.,-1.,-2.2204460492503E-15));
#3333=DIRECTION('center_axis',(1.,0.,0.));
#3334=DIRECTION('ref_axis',(0.,-8.26946079742754E-16,1.));
#3335=DIRECTION('center_axis',(0.,0.,1.));
#3336=DIRECTION('ref_axis',(-0.707106781186548,-0.707106781186547,0.));
#3337=DIRECTION('center_axis',(-6.93889390390723E-17,0.,-1.));
#3338=DIRECTION('ref_axis',(0.,-1.,0.));
#3339=DIRECTION('',(0.,0.,-1.));
#3340=DIRECTION('center_axis',(0.,0.,1.));
#3341=DIRECTION('ref_axis',(-0.707106781186548,-0.707106781186547,0.));
#3342=DIRECTION('center_axis',(0.,2.77555756156289E-16,-1.));
#3343=DIRECTION('ref_axis',(0.,-1.,-2.77555756156289E-16));
#3344=DIRECTION('',(0.,0.,-1.));
#3345=DIRECTION('center_axis',(0.,-1.,0.));
#3346=DIRECTION('ref_axis',(-0.707106781186547,0.,-0.707106781186548));
#3347=DIRECTION('center_axis',(-3.46944695195361E-16,-1.,0.));
#3348=DIRECTION('ref_axis',(-1.,3.46944695195361E-16,0.));
#3349=DIRECTION('center_axis',(0.,1.,0.));
#3350=DIRECTION('ref_axis',(0.,0.,-1.));
#3351=DIRECTION('',(0.,1.,0.));
#3352=DIRECTION('center_axis',(1.,0.,0.));
#3353=DIRECTION('ref_axis',(0.,0.,1.));
#3354=DIRECTION('center_axis',(0.,3.05311331771918E-15,-1.));
#3355=DIRECTION('ref_axis',(0.,-1.,-3.05311331771918E-15));
#3356=DIRECTION('center_axis',(-1.,0.,0.));
#3357=DIRECTION('ref_axis',(0.,0.707106781186549,0.707106781186546));
#3358=DIRECTION('center_axis',(0.,0.,1.));
#3359=DIRECTION('ref_axis',(-0.707106781186546,-0.707106781186549,0.));
#3360=DIRECTION('center_axis',(0.,0.,1.));
#3361=DIRECTION('ref_axis',(-0.707106781186546,-0.707106781186549,0.));
#3362=DIRECTION('',(0.,0.,-1.));
#3363=DIRECTION('center_axis',(0.,-1.,0.));
#3364=DIRECTION('ref_axis',(-0.707106781186547,0.,-0.707106781186548));
#3365=DIRECTION('',(0.,1.,0.));
#3366=DIRECTION('center_axis',(0.,-1.,7.15148590763915E-18));
#3367=DIRECTION('ref_axis',(-1.,0.,0.));
#3368=DIRECTION('center_axis',(1.,0.,0.));
#3369=DIRECTION('ref_axis',(0.,1.,0.));
#3370=DIRECTION('center_axis',(1.,0.,0.));
#3371=DIRECTION('ref_axis',(0.,-0.707106781186547,-0.707106781186548));
#3372=DIRECTION('center_axis',(1.,-6.12323399573677E-17,-7.49879891330929E-33));
#3373=DIRECTION('ref_axis',(0.,-1.,-1.22464679914735E-16));
#3374=DIRECTION('center_axis',(1.,0.,0.));
#3375=DIRECTION('ref_axis',(0.,1.,0.));
#3376=DIRECTION('center_axis',(1.,0.,0.));
#3377=DIRECTION('ref_axis',(0.,1.,0.));
#3378=DIRECTION('center_axis',(0.,0.,1.));
#3379=DIRECTION('ref_axis',(0.,1.,0.));
#3380=DIRECTION('center_axis',(1.,0.,0.));
#3381=DIRECTION('ref_axis',(0.,1.,0.));
#3382=DIRECTION('',(1.,0.,0.));
#3383=DIRECTION('center_axis',(1.,0.,0.));
#3384=DIRECTION('ref_axis',(0.,1.,0.));
#3385=DIRECTION('center_axis',(-1.,0.,0.));
#3386=DIRECTION('ref_axis',(0.,1.,0.));
#3387=DIRECTION('center_axis',(-1.,0.,0.));
#3388=DIRECTION('ref_axis',(0.,1.,0.));
#3389=DIRECTION('center_axis',(0.,1.,1.22464679914735E-16));
#3390=DIRECTION('ref_axis',(0.,-1.22464679914735E-16,1.));
#3391=DIRECTION('center_axis',(1.,0.,0.));
#3392=DIRECTION('ref_axis',(0.,1.,0.));
#3393=DIRECTION('center_axis',(1.,0.,0.));
#3394=DIRECTION('ref_axis',(0.,1.,0.));
#3395=DIRECTION('center_axis',(1.,0.,0.));
#3396=DIRECTION('ref_axis',(0.,1.,0.));
#3397=DIRECTION('center_axis',(1.,0.,0.));
#3398=DIRECTION('ref_axis',(0.,1.,0.));
#3399=DIRECTION('',(1.,0.,0.));
#3400=DIRECTION('center_axis',(1.,0.,0.));
#3401=DIRECTION('ref_axis',(0.,1.,0.));
#3402=DIRECTION('center_axis',(-1.,0.,0.));
#3403=DIRECTION('ref_axis',(0.,1.,0.));
#3404=DIRECTION('center_axis',(-1.,0.,0.));
#3405=DIRECTION('ref_axis',(0.,1.,0.));
#3406=DIRECTION('center_axis',(0.,1.,1.22464679914735E-16));
#3407=DIRECTION('ref_axis',(0.,-1.22464679914735E-16,1.));
#3408=DIRECTION('center_axis',(1.,0.,0.));
#3409=DIRECTION('ref_axis',(0.,1.,0.));
#3410=DIRECTION('center_axis',(1.,0.,0.));
#3411=DIRECTION('ref_axis',(0.,1.,0.));
#3412=DIRECTION('',(1.,0.,0.));
#3413=DIRECTION('center_axis',(0.,0.,-1.));
#3414=DIRECTION('ref_axis',(0.,1.,0.));
#3415=DIRECTION('center_axis',(0.,0.,-1.));
#3416=DIRECTION('ref_axis',(0.707106781186546,-0.707106781186549,0.));
#3417=DIRECTION('',(-1.,0.,0.));
#3418=DIRECTION('',(-1.,0.,0.));
#3419=DIRECTION('',(0.,-1.,0.));
#3420=DIRECTION('center_axis',(0.,0.,1.));
#3421=DIRECTION('ref_axis',(0.,-1.,0.));
#3422=DIRECTION('center_axis',(0.,0.,-1.));
#3423=DIRECTION('ref_axis',(0.707106781186546,-0.707106781186549,0.));
#3424=DIRECTION('',(0.,-1.,0.));
#3425=DIRECTION('',(-1.,0.,0.));
#3426=DIRECTION('',(1.,0.,0.));
#3427=DIRECTION('center_axis',(0.,1.,0.));
#3428=DIRECTION('ref_axis',(0.,0.,1.));
#3429=DIRECTION('',(0.,0.,-1.));
#3430=DIRECTION('center_axis',(1.,0.,0.));
#3431=DIRECTION('ref_axis',(0.,1.,0.));
#3432=DIRECTION('',(0.,0.,1.));
#3433=DIRECTION('center_axis',(1.,0.,0.));
#3434=DIRECTION('ref_axis',(0.,0.707106781186547,-0.707106781186548));
#3435=DIRECTION('',(0.,1.,0.));
#3436=DIRECTION('center_axis',(1.,0.,0.));
#3437=DIRECTION('ref_axis',(0.,-0.707106781186548,-0.707106781186547));
#3438=DIRECTION('',(0.,9.52901657814212E-17,-1.));
#3439=DIRECTION('center_axis',(-1.,0.,0.));
#3440=DIRECTION('ref_axis',(0.,-8.26946079742754E-16,1.));
#3441=DIRECTION('',(0.,0.,1.));
#3442=DIRECTION('center_axis',(-1.,0.,0.));
#3443=DIRECTION('ref_axis',(0.,1.,0.));
#3444=DIRECTION('',(0.,-1.,0.));
#3445=DIRECTION('center_axis',(1.,0.,0.));
#3446=DIRECTION('ref_axis',(0.,0.707106781186549,0.707106781186546));
#3447=DIRECTION('',(0.,0.,-1.));
#3448=DIRECTION('center_axis',(0.,0.,-1.));
#3449=DIRECTION('ref_axis',(0.707106781186546,-0.707106781186549,0.));
#3450=DIRECTION('',(0.,0.,-1.));
#3451=DIRECTION('center_axis',(0.,-2.77555756156289E-16,1.));
#3452=DIRECTION('ref_axis',(0.,-1.,-2.77555756156289E-16));
#3453=DIRECTION('center_axis',(-1.,0.,0.));
#3454=DIRECTION('ref_axis',(0.,0.,1.));
#3455=DIRECTION('center_axis',(0.,1.,4.44089209850063E-15));
#3456=DIRECTION('ref_axis',(0.,-4.44089209850063E-15,1.));
#3457=DIRECTION('center_axis',(-1.,0.,0.));
#3458=DIRECTION('ref_axis',(0.,0.707106781186547,-0.707106781186548));
#3459=DIRECTION('center_axis',(0.,-1.,0.));
#3460=DIRECTION('ref_axis',(0.707106781186547,0.,0.707106781186548));
#3461=DIRECTION('center_axis',(0.,1.,2.77555756156289E-16));
#3462=DIRECTION('ref_axis',(0.,-2.77555756156289E-16,1.));
#3463=DIRECTION('',(0.,-1.,0.));
#3464=DIRECTION('center_axis',(-1.,0.,0.));
#3465=DIRECTION('ref_axis',(0.,0.,1.));
#3466=DIRECTION('center_axis',(0.,-1.11022302462516E-15,-1.));
#3467=DIRECTION('ref_axis',(0.,1.,-1.11022302462516E-15));
#3468=DIRECTION('center_axis',(-1.,0.,0.));
#3469=DIRECTION('ref_axis',(0.,-0.707106781186548,-0.707106781186547));
#3470=DIRECTION('center_axis',(0.,-9.52901657814212E-17,1.));
#3471=DIRECTION('ref_axis',(0.707106781186548,0.707106781186547,0.));
#3472=DIRECTION('center_axis',(0.,0.,-1.));
#3473=DIRECTION('ref_axis',(0.,1.,0.));
#3474=DIRECTION('',(0.,-9.52901657814212E-17,1.));
#3475=DIRECTION('center_axis',(0.,-2.2204460492503E-15,1.));
#3476=DIRECTION('ref_axis',(0.,-1.,-2.2204460492503E-15));
#3477=DIRECTION('center_axis',(1.,0.,0.));
#3478=DIRECTION('ref_axis',(0.,-8.26946079742754E-16,1.));
#3479=DIRECTION('center_axis',(0.,0.,-1.));
#3480=DIRECTION('ref_axis',(0.707106781186548,-0.707106781186547,0.));
#3481=DIRECTION('center_axis',(-6.93889390390723E-17,0.,1.));
#3482=DIRECTION('ref_axis',(0.,-1.,0.));
#3483=DIRECTION('',(0.,0.,-1.));
#3484=DIRECTION('center_axis',(0.,0.,-1.));
#3485=DIRECTION('ref_axis',(0.707106781186548,-0.707106781186547,0.));
#3486=DIRECTION('',(0.,0.,-1.));
#3487=DIRECTION('center_axis',(0.,-2.77555756156289E-16,1.));
#3488=DIRECTION('ref_axis',(0.,-1.,-2.77555756156289E-16));
#3489=DIRECTION('center_axis',(0.,1.,0.));
#3490=DIRECTION('ref_axis',(0.707106781186547,0.,-0.707106781186548));
#3491=DIRECTION('center_axis',(-3.46944695195361E-16,1.,0.));
#3492=DIRECTION('ref_axis',(1.,3.46944695195361E-16,0.));
#3493=DIRECTION('',(0.,1.,0.));
#3494=DIRECTION('center_axis',(0.,-1.,0.));
#3495=DIRECTION('ref_axis',(0.,0.,-1.));
#3496=DIRECTION('center_axis',(-1.,0.,0.));
#3497=DIRECTION('ref_axis',(0.,0.,1.));
#3498=DIRECTION('center_axis',(0.,-3.05311331771918E-15,1.));
#3499=DIRECTION('ref_axis',(0.,-1.,-3.05311331771918E-15));
#3500=DIRECTION('center_axis',(-1.,0.,0.));
#3501=DIRECTION('ref_axis',(0.,0.707106781186549,0.707106781186546));
#3502=DIRECTION('center_axis',(0.,0.,-1.));
#3503=DIRECTION('ref_axis',(0.707106781186546,-0.707106781186549,0.));
#3504=DIRECTION('',(0.,0.,-1.));
#3505=DIRECTION('center_axis',(0.,1.,0.));
#3506=DIRECTION('ref_axis',(0.707106781186547,0.,-0.707106781186548));
#3507=DIRECTION('center_axis',(0.,1.,-7.15148590763915E-18));
#3508=DIRECTION('ref_axis',(1.,0.,0.));
#3509=DIRECTION('',(0.,1.,0.));
#3510=DIRECTION('center_axis',(1.,0.,0.));
#3511=DIRECTION('ref_axis',(0.,1.,0.));
#3512=DIRECTION('center_axis',(1.,0.,0.));
#3513=DIRECTION('ref_axis',(0.,-0.707106781186547,-0.707106781186548));
#3514=DIRECTION('center_axis',(0.,-1.,0.));
#3515=DIRECTION('ref_axis',(0.,0.,-1.));
#3516=DIRECTION('',(1.,0.,0.));
#3517=DIRECTION('center_axis',(1.,0.,0.));
#3518=DIRECTION('ref_axis',(0.,1.77635683940025E-15,-1.));
#3519=DIRECTION('',(1.,0.,0.));
#3520=DIRECTION('center_axis',(0.,0.,1.));
#3521=DIRECTION('ref_axis',(0.,-1.,0.));
#3522=DIRECTION('',(1.,0.,0.));
#3523=DIRECTION('center_axis',(1.,0.,0.));
#3524=DIRECTION('ref_axis',(0.,-1.,1.11022302462516E-15));
#3525=DIRECTION('',(1.,0.,0.));
#3526=DIRECTION('center_axis',(0.,1.,9.52901657814212E-17));
#3527=DIRECTION('ref_axis',(0.,-9.52901657814212E-17,1.));
#3528=DIRECTION('',(1.,0.,0.));
#3529=DIRECTION('center_axis',(-1.,-6.12323399573677E-17,-7.49879891330929E-33));
#3530=DIRECTION('ref_axis',(0.,-1.,-1.22464679914735E-16));
#3531=DIRECTION('center_axis',(1.,0.,0.));
#3532=DIRECTION('ref_axis',(0.,1.,0.));
#3533=DIRECTION('center_axis',(0.,0.,-1.));
#3534=DIRECTION('ref_axis',(0.,1.,0.));
#3535=DIRECTION('center_axis',(1.,0.,0.));
#3536=DIRECTION('ref_axis',(0.,1.,0.));
#3537=DIRECTION('center_axis',(1.,0.,0.));
#3538=DIRECTION('ref_axis',(0.,1.,0.));
#3539=DIRECTION('',(-1.,0.,0.));
#3540=DIRECTION('center_axis',(1.,0.,0.));
#3541=DIRECTION('ref_axis',(0.,1.,0.));
#3542=DIRECTION('center_axis',(-1.,0.,0.));
#3543=DIRECTION('ref_axis',(0.,1.,0.));
#3544=DIRECTION('center_axis',(0.,-1.,-1.22464679914735E-16));
#3545=DIRECTION('ref_axis',(0.,-1.22464679914735E-16,1.));
#3546=DIRECTION('center_axis',(1.,0.,0.));
#3547=DIRECTION('ref_axis',(0.,1.,0.));
#3548=DIRECTION('center_axis',(-1.,0.,0.));
#3549=DIRECTION('ref_axis',(0.,1.,0.));
#3550=DIRECTION('center_axis',(1.,0.,0.));
#3551=DIRECTION('ref_axis',(0.,1.,0.));
#3552=DIRECTION('center_axis',(1.,0.,0.));
#3553=DIRECTION('ref_axis',(0.,1.,0.));
#3554=DIRECTION('',(-1.,0.,0.));
#3555=DIRECTION('center_axis',(1.,0.,0.));
#3556=DIRECTION('ref_axis',(0.,1.,0.));
#3557=DIRECTION('center_axis',(1.,0.,0.));
#3558=DIRECTION('ref_axis',(0.,1.,0.));
#3559=DIRECTION('center_axis',(-1.,0.,0.));
#3560=DIRECTION('ref_axis',(0.,1.,0.));
#3561=DIRECTION('center_axis',(-1.,0.,0.));
#3562=DIRECTION('ref_axis',(0.,1.,0.));
#3563=DIRECTION('center_axis',(0.,-1.,-1.22464679914735E-16));
#3564=DIRECTION('ref_axis',(0.,-1.22464679914735E-16,1.));
#3565=DIRECTION('center_axis',(1.,0.,0.));
#3566=DIRECTION('ref_axis',(0.,1.,0.));
#3567=DIRECTION('center_axis',(1.,0.,0.));
#3568=DIRECTION('ref_axis',(0.,1.,0.));
#3569=DIRECTION('',(-1.,0.,0.));
#3570=DIRECTION('center_axis',(1.,0.,0.));
#3571=DIRECTION('ref_axis',(0.,1.,-1.77635683940025E-15));
#3572=DIRECTION('',(1.,0.,0.));
#3573=DIRECTION('center_axis',(0.,-1.,0.));
#3574=DIRECTION('ref_axis',(0.,0.,-1.));
#3575=DIRECTION('',(-1.,0.,0.));
#3576=DIRECTION('center_axis',(1.,0.,0.));
#3577=DIRECTION('ref_axis',(0.,1.,2.44249065417534E-15));
#3578=DIRECTION('',(-1.,0.,0.));
#3579=DIRECTION('center_axis',(0.,0.,-1.));
#3580=DIRECTION('ref_axis',(0.,1.,0.));
#3581=DIRECTION('',(-1.,0.,0.));
#3582=DIRECTION('center_axis',(1.,0.,0.));
#3583=DIRECTION('ref_axis',(0.,-1.,7.7715611723761E-16));
#3584=DIRECTION('',(-1.,0.,0.));
#3585=DIRECTION('center_axis',(0.,-1.,0.));
#3586=DIRECTION('ref_axis',(0.,0.,-1.));
#3587=DIRECTION('axis',(0.,0.,1.));
#3588=DIRECTION('refdir',(1.,0.,0.));
#3589=DIRECTION('center_axis',(1.,0.,0.));
#3590=DIRECTION('ref_axis',(0.,0.433865520660564,-0.900977641221988));
#3591=DIRECTION('center_axis',(1.,0.,0.));
#3592=DIRECTION('ref_axis',(0.,-0.998411678596227,0.0563393294481272));
#3593=DIRECTION('',(1.,0.,0.));
#3594=DIRECTION('center_axis',(1.,0.,0.));
#3595=DIRECTION('ref_axis',(0.,-0.998411678596227,0.0563393294481272));
#3596=DIRECTION('',(1.,0.,0.));
#3597=DIRECTION('center_axis',(1.,0.,0.));
#3598=DIRECTION('ref_axis',(0.,0.612820963180166,0.790221783480393));
#3599=DIRECTION('center_axis',(1.,0.,0.));
#3600=DIRECTION('ref_axis',(0.,0.612820963180166,0.790221783480393));
#3601=DIRECTION('',(1.,0.,0.));
#3602=DIRECTION('center_axis',(1.,0.,0.));
#3603=DIRECTION('ref_axis',(0.,0.612820963180166,0.790221783480393));
#3604=DIRECTION('center_axis',(-1.,-1.0920917196893E-16,-1.93331744248517E-16));
#3605=DIRECTION('ref_axis',(2.22044604925031E-16,-0.491834386184714,-0.870688771356508));
#3606=DIRECTION('center_axis',(1.,1.0920917196893E-16,1.93331744248517E-16));
#3607=DIRECTION('ref_axis',(2.22044604925031E-16,-0.491834386184714,-0.870688771356508));
#3608=DIRECTION('center_axis',(-1.,-1.0920917196893E-16,-1.93331744248517E-16));
#3609=DIRECTION('ref_axis',(0.,-0.870688771356508,0.491834386184714));
#3610=DIRECTION('center_axis',(1.,1.0920917196893E-16,1.93331744248517E-16));
#3611=DIRECTION('ref_axis',(-2.22044604925031E-16,0.491834386184714,0.870688771356508));
#3612=DIRECTION('center_axis',(-1.,-1.0920917196893E-16,-1.93331744248517E-16));
#3613=DIRECTION('ref_axis',(2.22044604925031E-16,-0.491834386184714,-0.870688771356508));
#3614=DIRECTION('center_axis',(1.,1.0920917196893E-16,1.93331744248517E-16));
#3615=DIRECTION('ref_axis',(0.,-0.870688771356508,0.491834386184714));
#3616=DIRECTION('center_axis',(-1.,-1.0920917196893E-16,-1.93331744248517E-16));
#3617=DIRECTION('ref_axis',(0.,-0.491834386184714,-0.870688771356508));
#3618=DIRECTION('center_axis',(0.,0.870688771356508,-0.491834386184714));
#3619=DIRECTION('ref_axis',(0.,0.491834386184714,0.870688771356508));
#3620=DIRECTION('center_axis',(-1.,-1.0920917196893E-16,-1.93331744248517E-16));
#3621=DIRECTION('ref_axis',(2.22044604925031E-16,-0.491834386184714,-0.870688771356508));
#3622=DIRECTION('center_axis',(-1.,-1.0920917196893E-16,-1.93331744248517E-16));
#3623=DIRECTION('ref_axis',(2.22044604925031E-16,-0.491834386184714,-0.870688771356508));
#3624=DIRECTION('center_axis',(1.,1.0920917196893E-16,1.93331744248517E-16));
#3625=DIRECTION('ref_axis',(-2.22044604925031E-16,0.491834386184714,0.870688771356508));
#3626=DIRECTION('center_axis',(1.,1.0920917196893E-16,1.93331744248517E-16));
#3627=DIRECTION('ref_axis',(2.22044604925031E-16,-0.491834386184714,-0.870688771356508));
#3628=DIRECTION('',(-1.,-1.0920917196893E-16,-1.93331744248517E-16));
#3629=DIRECTION('center_axis',(1.,1.0920917196893E-16,1.93331744248517E-16));
#3630=DIRECTION('ref_axis',(0.,0.491834386184714,0.870688771356508));
#3631=DIRECTION('center_axis',(0.,0.870688771356508,-0.491834386184714));
#3632=DIRECTION('ref_axis',(0.,-0.491834386184714,-0.870688771356508));
#3633=DIRECTION('center_axis',(1.,0.,0.));
#3634=DIRECTION('ref_axis',(0.,-0.870688771356508,0.491834386184714));
#3635=DIRECTION('center_axis',(1.,0.,0.));
#3636=DIRECTION('ref_axis',(0.,-0.870688771356508,0.491834386184714));
#3637=DIRECTION('',(-1.,0.,0.));
#3638=DIRECTION('center_axis',(1.,0.,0.));
#3639=DIRECTION('ref_axis',(0.,-0.870688771356508,0.491834386184714));
#3640=DIRECTION('center_axis',(-1.,1.0920917196893E-16,1.93331744248517E-16));
#3641=DIRECTION('ref_axis',(-2.22044604925031E-16,-0.491834386184714,-0.870688771356508));
#3642=DIRECTION('center_axis',(1.,-1.0920917196893E-16,-1.93331744248517E-16));
#3643=DIRECTION('ref_axis',(-2.22044604925031E-16,-0.491834386184714,-0.870688771356508));
#3644=DIRECTION('center_axis',(1.,-1.0920917196893E-16,-1.93331744248517E-16));
#3645=DIRECTION('ref_axis',(0.,-0.870688771356508,0.491834386184714));
#3646=DIRECTION('center_axis',(1.,-1.0920917196893E-16,-1.93331744248517E-16));
#3647=DIRECTION('ref_axis',(2.22044604925031E-16,0.491834386184714,0.870688771356508));
#3648=DIRECTION('center_axis',(-1.,1.0920917196893E-16,1.93331744248517E-16));
#3649=DIRECTION('ref_axis',(-2.22044604925031E-16,-0.491834386184714,-0.870688771356508));
#3650=DIRECTION('center_axis',(-1.,1.0920917196893E-16,1.93331744248517E-16));
#3651=DIRECTION('ref_axis',(0.,-0.870688771356508,0.491834386184714));
#3652=DIRECTION('center_axis',(1.,-1.0920917196893E-16,-1.93331744248517E-16));
#3653=DIRECTION('ref_axis',(0.,-0.491834386184714,-0.870688771356508));
#3654=DIRECTION('center_axis',(0.,-0.870688771356508,0.491834386184714));
#3655=DIRECTION('ref_axis',(0.,0.491834386184714,0.870688771356508));
#3656=DIRECTION('center_axis',(-1.,1.0920917196893E-16,1.93331744248517E-16));
#3657=DIRECTION('ref_axis',(-2.22044604925031E-16,-0.491834386184714,-0.870688771356508));
#3658=DIRECTION('center_axis',(-1.,1.0920917196893E-16,1.93331744248517E-16));
#3659=DIRECTION('ref_axis',(-2.22044604925031E-16,-0.491834386184714,-0.870688771356508));
#3660=DIRECTION('center_axis',(1.,-1.0920917196893E-16,-1.93331744248517E-16));
#3661=DIRECTION('ref_axis',(2.22044604925031E-16,0.491834386184714,0.870688771356508));
#3662=DIRECTION('center_axis',(1.,-1.0920917196893E-16,-1.93331744248517E-16));
#3663=DIRECTION('ref_axis',(-2.22044604925031E-16,-0.491834386184714,-0.870688771356508));
#3664=DIRECTION('',(1.,-1.0920917196893E-16,-1.93331744248517E-16));
#3665=DIRECTION('center_axis',(-1.,1.0920917196893E-16,1.93331744248517E-16));
#3666=DIRECTION('ref_axis',(0.,0.491834386184714,0.870688771356508));
#3667=DIRECTION('center_axis',(0.,-0.870688771356508,0.491834386184714));
#3668=DIRECTION('ref_axis',(0.,-0.491834386184714,-0.870688771356508));
#3669=DIRECTION('center_axis',(1.,0.,0.));
#3670=DIRECTION('ref_axis',(0.,-0.870688771356508,0.491834386184714));
#3671=DIRECTION('',(-1.,0.,0.));
#3672=DIRECTION('center_axis',(1.,0.,0.));
#3673=DIRECTION('ref_axis',(0.,-0.870688771356508,0.491834386184714));
#3674=DIRECTION('center_axis',(1.,0.,0.));
#3675=DIRECTION('ref_axis',(0.,-0.870688771356508,0.491834386184714));
#3676=DIRECTION('',(-1.,0.,0.));
#3677=DIRECTION('center_axis',(-1.,0.,0.));
#3678=DIRECTION('ref_axis',(0.,-0.870688771356508,0.491834386184714));
#3679=DIRECTION('center_axis',(1.,0.,0.));
#3680=DIRECTION('ref_axis',(0.,-0.870688771356508,0.491834386184714));
#3681=DIRECTION('center_axis',(1.,0.,0.));
#3682=DIRECTION('ref_axis',(0.,-0.870688771356508,0.491834386184714));
#3683=DIRECTION('',(-1.,0.,0.));
#3684=DIRECTION('center_axis',(-1.,0.,0.));
#3685=DIRECTION('ref_axis',(0.,0.870688771356509,-0.491834386184713));
#3686=DIRECTION('center_axis',(0.,0.491834386184714,0.870688771356508));
#3687=DIRECTION('ref_axis',(0.,-0.870688771356508,0.491834386184714));
#3688=DIRECTION('center_axis',(1.,0.,0.));
#3689=DIRECTION('ref_axis',(0.,-0.870688771356508,0.491834386184714));
#3690=DIRECTION('center_axis',(0.,-0.870688771356508,0.491834386184714));
#3691=DIRECTION('ref_axis',(-0.707106781186548,-0.347779429691934,-0.61566993452917));
#3692=DIRECTION('',(0.,-0.870688771356508,0.491834386184714));
#3693=DIRECTION('center_axis',(0.,0.870688771356508,-0.491834386184714));
#3694=DIRECTION('ref_axis',(0.,-0.491834386184714,-0.870688771356508));
#3695=DIRECTION('',(0.,0.870688771356508,-0.491834386184714));
#3696=DIRECTION('center_axis',(1.,0.,0.));
#3697=DIRECTION('ref_axis',(0.,-0.491834386184714,-0.870688771356508));
#3698=DIRECTION('center_axis',(1.,0.,0.));
#3699=DIRECTION('ref_axis',(0.,0.877526984382322,0.479527258537893));
#3700=DIRECTION('center_axis',(-1.,0.,0.));
#3701=DIRECTION('ref_axis',(0.,0.877526984382322,0.479527258537893));
#3702=DIRECTION('center_axis',(1.,0.,0.));
#3703=DIRECTION('ref_axis',(0.,0.578484626715595,0.815693285894716));
#3704=DIRECTION('center_axis',(1.,0.,0.));
#3705=DIRECTION('ref_axis',(0.,-0.870688771356508,0.491834386184714));
#3706=DIRECTION('center_axis',(1.,0.,0.));
#3707=DIRECTION('ref_axis',(0.,0.45299347527009,0.891513831279541));
#3708=DIRECTION('center_axis',(0.,0.870688771356508,-0.491834386184714));
#3709=DIRECTION('ref_axis',(0.707106781186548,-0.347779429691934,-0.61566993452917));
#3710=DIRECTION('',(0.,0.870688771356508,-0.491834386184714));
#3711=DIRECTION('center_axis',(0.,-0.870688771356508,0.491834386184714));
#3712=DIRECTION('ref_axis',(0.,-0.491834386184714,-0.870688771356508));
#3713=DIRECTION('',(0.,-0.870688771356508,0.491834386184714));
#3714=DIRECTION('center_axis',(-1.,0.,0.));
#3715=DIRECTION('ref_axis',(0.,-0.491834386184714,-0.870688771356508));
#3716=DIRECTION('center_axis',(1.,0.,0.));
#3717=DIRECTION('ref_axis',(0.,0.877526984382322,0.479527258537893));
#3718=DIRECTION('center_axis',(-1.,0.,0.));
#3719=DIRECTION('ref_axis',(0.,0.877526984382322,0.479527258537893));
#3720=DIRECTION('center_axis',(1.,0.,0.));
#3721=DIRECTION('ref_axis',(0.,0.998411678596227,-0.0563393294481266));
#3722=DIRECTION('',(1.,0.,0.));
#3723=DIRECTION('center_axis',(0.,-0.491834386184714,-0.870688771356508));
#3724=DIRECTION('ref_axis',(0.,0.870688771356508,-0.491834386184714));
#3725=DIRECTION('',(1.,0.,0.));
#3726=DIRECTION('center_axis',(1.,0.,0.));
#3727=DIRECTION('ref_axis',(0.,0.45299347527009,0.891513831279541));
#3728=DIRECTION('center_axis',(1.,0.,0.));
#3729=DIRECTION('ref_axis',(0.,0.45299347527009,0.891513831279541));
#3730=DIRECTION('center_axis',(1.,0.,0.));
#3731=DIRECTION('ref_axis',(0.,-0.870688771356508,0.491834386184714));
#3732=DIRECTION('axis',(0.,0.,1.));
#3733=DIRECTION('refdir',(1.,0.,0.));
#3734=DIRECTION('center_axis',(-0.408248290463863,-0.408248290463864,-0.816496580927726));
#3735=DIRECTION('ref_axis',(-0.577350269189626,-0.577350269189627,0.577350269189625));
#3736=DIRECTION('center_axis',(0.,-1.,0.));
#3737=DIRECTION('ref_axis',(-1.,0.,0.));
#3738=DIRECTION('center_axis',(0.,0.,1.));
#3739=DIRECTION('ref_axis',(0.,-1.,0.));
#3740=DIRECTION('center_axis',(-1.,-4.44178045459154E-16,0.));
#3741=DIRECTION('ref_axis',(0.,0.,1.));
#3742=DIRECTION('center_axis',(0.,0.,1.));
#3743=DIRECTION('ref_axis',(-0.707106781186547,-0.707106781186547,0.));
#3744=DIRECTION('center_axis',(0.,0.,1.));
#3745=DIRECTION('ref_axis',(-0.707106781186547,-0.707106781186547,0.));
#3746=DIRECTION('',(0.,0.,1.));
#3747=DIRECTION('',(0.,0.,-1.));
#3748=DIRECTION('center_axis',(-0.408248290463863,-0.816496580927726,0.408248290463863));
#3749=DIRECTION('ref_axis',(-0.577350269189625,0.577350269189627,0.577350269189625));
#3750=DIRECTION('center_axis',(-1.,0.,0.));
#3751=DIRECTION('ref_axis',(0.,1.,0.));
#3752=DIRECTION('center_axis',(0.,0.,1.));
#3753=DIRECTION('ref_axis',(-1.,0.,0.));
#3754=DIRECTION('center_axis',(0.,1.,0.));
#3755=DIRECTION('ref_axis',(0.,0.,1.));
#3756=DIRECTION('center_axis',(0.,0.,1.));
#3757=DIRECTION('ref_axis',(-0.707106781186547,0.707106781186548,0.));
#3758=DIRECTION('center_axis',(0.,0.,1.));
#3759=DIRECTION('ref_axis',(-0.707106781186547,0.707106781186548,0.));
#3760=DIRECTION('',(0.,0.,1.));
#3761=DIRECTION('',(0.,0.,-1.));
#3762=DIRECTION('center_axis',(0.,-1.,0.));
#3763=DIRECTION('ref_axis',(-0.707106781186547,0.,0.707106781186548));
#3764=DIRECTION('',(0.,1.,0.));
#3765=DIRECTION('',(0.,-1.,0.));
#3766=DIRECTION('center_axis',(-0.408248290463863,-0.816496580927726,-0.408248290463863));
#3767=DIRECTION('ref_axis',(0.577350269189625,-0.577350269189627,0.577350269189625));
#3768=DIRECTION('center_axis',(1.,0.,0.));
#3769=DIRECTION('ref_axis',(0.,-1.,0.));
#3770=DIRECTION('center_axis',(0.,0.,1.));
#3771=DIRECTION('ref_axis',(1.,0.,0.));
#3772=DIRECTION('center_axis',(0.,-1.,0.));
#3773=DIRECTION('ref_axis',(0.,0.,1.));
#3774=DIRECTION('center_axis',(0.408248290463863,0.408248290463864,-0.816496580927726));
#3775=DIRECTION('ref_axis',(0.577350269189626,0.577350269189627,0.577350269189625));
#3776=DIRECTION('center_axis',(0.,1.,0.));
#3777=DIRECTION('ref_axis',(1.,0.,0.));
#3778=DIRECTION('center_axis',(0.,0.,1.));
#3779=DIRECTION('ref_axis',(0.,1.,0.));
#3780=DIRECTION('center_axis',(1.,4.44178045459154E-16,0.));
#3781=DIRECTION('ref_axis',(0.,0.,1.));
#3782=DIRECTION('center_axis',(0.,1.,0.));
#3783=DIRECTION('ref_axis',(0.,0.,1.));
#3784=DIRECTION('center_axis',(0.,1.,0.));
#3785=DIRECTION('ref_axis',(-1.,0.,0.));
#3786=DIRECTION('center_axis',(0.,0.,1.));
#3787=DIRECTION('ref_axis',(0.,-1.,0.));
#3788=DIRECTION('center_axis',(0.,-1.,0.));
#3789=DIRECTION('ref_axis',(-0.707106781186548,0.,-0.707106781186547));
#3790=DIRECTION('center_axis',(1.,0.,0.));
#3791=DIRECTION('ref_axis',(0.,0.,1.));
#3792=DIRECTION('center_axis',(0.,0.,1.));
#3793=DIRECTION('ref_axis',(0.707106781186547,-0.707106781186548,0.));
#3794=DIRECTION('',(0.,0.,-1.));
#3795=DIRECTION('',(0.,0.,1.));
#3796=DIRECTION('center_axis',(-1.,0.,0.));
#3797=DIRECTION('ref_axis',(0.,-0.707106781186548,0.707106781186547));
#3798=DIRECTION('center_axis',(1.,0.,0.));
#3799=DIRECTION('ref_axis',(0.,-0.707106781186548,0.707106781186547));
#3800=DIRECTION('',(-1.,0.,0.));
#3801=DIRECTION('',(1.,0.,0.));
#3802=DIRECTION('center_axis',(0.,-1.,0.));
#3803=DIRECTION('ref_axis',(0.,0.,-1.));
#3804=DIRECTION('center_axis',(0.,-1.,0.));
#3805=DIRECTION('ref_axis',(0.,0.,-1.));
#3806=DIRECTION('center_axis',(1.,0.,0.));
#3807=DIRECTION('ref_axis',(0.,1.,0.));
#3808=DIRECTION('center_axis',(0.,1.,0.));
#3809=DIRECTION('ref_axis',(-0.707106781186548,0.,-0.707106781186547));
#3810=DIRECTION('center_axis',(0.,0.,1.));
#3811=DIRECTION('ref_axis',(1.,0.,0.));
#3812=DIRECTION('center_axis',(-1.,0.,0.));
#3813=DIRECTION('ref_axis',(0.,0.707106781186548,0.707106781186547));
#3814=DIRECTION('center_axis',(1.,0.,0.));
#3815=DIRECTION('ref_axis',(0.,0.707106781186548,0.707106781186547));
#3816=DIRECTION('',(-1.,0.,0.));
#3817=DIRECTION('',(1.,0.,0.));
#3818=DIRECTION('center_axis',(0.,0.,1.));
#3819=DIRECTION('ref_axis',(0.707106781186547,0.707106781186547,0.));
#3820=DIRECTION('',(0.,0.,-1.));
#3821=DIRECTION('',(0.,0.,1.));
#3822=DIRECTION('center_axis',(0.,-1.,0.));
#3823=DIRECTION('ref_axis',(-0.707106781186548,0.,-0.707106781186547));
#3824=DIRECTION('',(0.,1.,0.));
#3825=DIRECTION('',(0.,-1.,0.));
#3826=DIRECTION('center_axis',(-1.,0.,0.));
#3827=DIRECTION('ref_axis',(0.,0.707106781186547,0.707106781186547));
#3828=DIRECTION('',(1.,0.,0.));
#3829=DIRECTION('',(-1.,0.,0.));
#3830=DIRECTION('center_axis',(0.,1.,0.));
#3831=DIRECTION('ref_axis',(0.707106781186547,0.,0.707106781186548));
#3832=DIRECTION('',(0.,-1.,0.));
#3833=DIRECTION('',(0.,1.,0.));
#3834=DIRECTION('center_axis',(1.,0.,0.));
#3835=DIRECTION('ref_axis',(0.,-0.707106781186547,0.707106781186547));
#3836=DIRECTION('',(-1.,0.,0.));
#3837=DIRECTION('',(1.,0.,0.));
#3838=DIRECTION('center_axis',(-1.,0.,0.));
#3839=DIRECTION('ref_axis',(0.,0.,1.));
#3840=DIRECTION('',(0.,-1.,0.));
#3841=DIRECTION('center_axis',(0.,0.,-1.));
#3842=DIRECTION('ref_axis',(0.,1.,0.));
#3843=DIRECTION('',(-1.,0.,0.));
#3844=DIRECTION('',(0.,1.,0.));
#3845=DIRECTION('',(1.,0.,0.));
#3846=DIRECTION('',(0.,1.,0.));
#3847=DIRECTION('',(1.,0.,0.));
#3848=DIRECTION('',(0.,1.,0.));
#3849=DIRECTION('',(-1.,0.,0.));
#3850=DIRECTION('center_axis',(0.,1.,0.));
#3851=DIRECTION('ref_axis',(0.,0.,-1.));
#3852=DIRECTION('',(0.,0.,1.));
#3853=DIRECTION('center_axis',(0.,0.,1.));
#3854=DIRECTION('ref_axis',(1.,0.,0.));
#3855=DIRECTION('center_axis',(1.,0.,0.));
#3856=DIRECTION('ref_axis',(0.,1.,0.));
#3857=DIRECTION('center_axis',(0.,0.,1.));
#3858=DIRECTION('ref_axis',(0.,1.,0.));
#3859=DIRECTION('',(0.,-1.,0.));
#3860=DIRECTION('center_axis',(0.,-1.,0.));
#3861=DIRECTION('ref_axis',(0.,0.,1.));
#3862=DIRECTION('',(0.,0.,-1.));
#3863=DIRECTION('center_axis',(1.,0.,0.));
#3864=DIRECTION('ref_axis',(0.,1.,0.));
#3865=DIRECTION('center_axis',(-1.,0.,0.));
#3866=DIRECTION('ref_axis',(0.,1.,0.));
#3867=DIRECTION('',(-1.,0.,0.));
#3868=DIRECTION('center_axis',(-1.,0.,0.));
#3869=DIRECTION('ref_axis',(0.,1.,0.));
#3870=DIRECTION('center_axis',(1.,0.,0.));
#3871=DIRECTION('ref_axis',(0.,1.,0.));
#3872=DIRECTION('center_axis',(-1.,0.,0.));
#3873=DIRECTION('ref_axis',(0.,1.,0.));
#3874=DIRECTION('',(-1.,0.,0.));
#3875=DIRECTION('center_axis',(-1.,0.,0.));
#3876=DIRECTION('ref_axis',(0.,1.,0.));
#3877=DIRECTION('center_axis',(1.,0.,0.));
#3878=DIRECTION('ref_axis',(0.,-2.22044604925031E-16,-1.));
#3879=DIRECTION('center_axis',(1.,0.,0.));
#3880=DIRECTION('ref_axis',(0.,-2.22044604925031E-16,-1.));
#3881=DIRECTION('',(1.,0.,0.));
#3882=DIRECTION('center_axis',(-1.,0.,0.));
#3883=DIRECTION('ref_axis',(0.,-2.22044604925031E-16,-1.));
#3884=DIRECTION('',(1.,0.,0.));
#3885=DIRECTION('center_axis',(0.,-0.707106781186548,0.707106781186547));
#3886=DIRECTION('ref_axis',(0.,-0.707106781186547,-0.707106781186548));
#3887=DIRECTION('',(0.,-0.707106781186547,-0.707106781186548));
#3888=DIRECTION('',(0.,-0.707106781186547,-0.707106781186548));
#3889=DIRECTION('',(1.,0.,0.));
#3890=DIRECTION('center_axis',(1.,0.,0.));
#3891=DIRECTION('ref_axis',(0.,0.707106781186548,-0.707106781186547));
#3892=DIRECTION('center_axis',(1.,0.,0.));
#3893=DIRECTION('ref_axis',(0.,0.707106781186548,-0.707106781186547));
#3894=DIRECTION('center_axis',(-1.,0.,0.));
#3895=DIRECTION('ref_axis',(0.,0.707106781186548,-0.707106781186547));
#3896=DIRECTION('',(1.,0.,0.));
#3897=DIRECTION('center_axis',(0.,-1.,0.));
#3898=DIRECTION('ref_axis',(0.,0.,-1.));
#3899=DIRECTION('',(0.,0.,-1.));
#3900=DIRECTION('',(0.,0.,-1.));
#3901=DIRECTION('',(1.,0.,0.));
#3902=DIRECTION('center_axis',(1.,0.,0.));
#3903=DIRECTION('ref_axis',(0.,7.45057799362093E-9,1.));
#3904=DIRECTION('center_axis',(1.,0.,0.));
#3905=DIRECTION('ref_axis',(0.,1.,-1.49011611938477E-8));
#3906=DIRECTION('center_axis',(1.,0.,0.));
#3907=DIRECTION('ref_axis',(0.,1.,-1.49011611938477E-8));
#3908=DIRECTION('',(1.,0.,0.));
#3909=DIRECTION('center_axis',(0.,1.,-2.48352677704326E-8));
#3910=DIRECTION('ref_axis',(0.,2.48352677704326E-8,1.));
#3911=DIRECTION('',(0.,-2.48352677704326E-8,-1.));
#3912=DIRECTION('',(0.,2.48352677704326E-8,1.));
#3913=DIRECTION('',(1.,0.,0.));
#3914=DIRECTION('center_axis',(1.,0.,0.));
#3915=DIRECTION('ref_axis',(0.,-1.,2.48352693965616E-8));
#3916=DIRECTION('center_axis',(1.,0.,0.));
#3917=DIRECTION('ref_axis',(0.,-1.,2.48352693965616E-8));
#3918=DIRECTION('center_axis',(-1.,0.,0.));
#3919=DIRECTION('ref_axis',(0.,-1.,2.48352693965616E-8));
#3920=DIRECTION('',(1.,0.,0.));
#3921=DIRECTION('center_axis',(0.,0.707106781186548,0.707106781186548));
#3922=DIRECTION('ref_axis',(0.,-0.707106781186548,0.707106781186548));
#3923=DIRECTION('',(0.,0.707106781186547,-0.707106781186547));
#3924=DIRECTION('',(0.,-0.707106781186547,0.707106781186547));
#3925=DIRECTION('',(1.,0.,0.));
#3926=DIRECTION('center_axis',(1.,0.,0.));
#3927=DIRECTION('ref_axis',(0.,-0.707106781186548,-0.707106781186547));
#3928=DIRECTION('center_axis',(1.,0.,0.));
#3929=DIRECTION('ref_axis',(0.,-0.707106781186548,-0.707106781186547));
#3930=DIRECTION('center_axis',(-1.,0.,0.));
#3931=DIRECTION('ref_axis',(0.,-0.707106781186548,-0.707106781186547));
#3932=DIRECTION('',(1.,0.,0.));
#3933=DIRECTION('center_axis',(0.,-2.3416910744932E-16,1.));
#3934=DIRECTION('ref_axis',(0.,-1.,-2.3416910744932E-16));
#3935=DIRECTION('',(0.,-1.,-2.3416910744932E-16));
#3936=DIRECTION('',(0.,-1.,-2.3416910744932E-16));
#3937=DIRECTION('',(1.,0.,0.));
#3938=DIRECTION('center_axis',(1.,0.,0.));
#3939=DIRECTION('ref_axis',(0.,1.,-7.7715611723761E-16));
#3940=DIRECTION('center_axis',(1.,0.,0.));
#3941=DIRECTION('ref_axis',(0.,1.,-7.7715611723761E-16));
#3942=DIRECTION('center_axis',(1.,0.,0.));
#3943=DIRECTION('ref_axis',(0.,1.,-7.7715611723761E-16));
#3944=DIRECTION('',(1.,0.,0.));
#3945=DIRECTION('center_axis',(0.,1.,0.));
#3946=DIRECTION('ref_axis',(0.,0.,1.));
#3947=DIRECTION('',(0.,0.,1.));
#3948=DIRECTION('',(0.,0.,1.));
#3949=DIRECTION('center_axis',(0.,-1.,0.));
#3950=DIRECTION('ref_axis',(0.,0.,-1.));
#3951=DIRECTION('',(0.,0.,-1.));
#3952=DIRECTION('',(0.,0.,-1.));
#3953=DIRECTION('',(1.,0.,0.));
#3954=DIRECTION('center_axis',(1.,0.,0.));
#3955=DIRECTION('ref_axis',(0.,6.66133814775095E-16,1.));
#3956=DIRECTION('center_axis',(1.,0.,0.));
#3957=DIRECTION('ref_axis',(0.,6.66133814775095E-16,1.));
#3958=DIRECTION('center_axis',(1.,0.,0.));
#3959=DIRECTION('ref_axis',(0.,6.66133814775095E-16,1.));
#3960=DIRECTION('',(1.,0.,0.));
#3961=DIRECTION('center_axis',(0.,3.79053850793408E-16,1.));
#3962=DIRECTION('ref_axis',(0.,-1.,3.79053850793408E-16));
#3963=DIRECTION('',(0.,-1.,3.79053850793408E-16));
#3964=DIRECTION('',(0.,-1.,3.79053850793408E-16));
#3965=DIRECTION('center_axis',(1.,0.,0.));
#3966=DIRECTION('ref_axis',(0.,1.,0.));
#3967=DIRECTION('center_axis',(1.,0.,0.));
#3968=DIRECTION('ref_axis',(0.,1.,0.));
#3969=DIRECTION('axis',(0.,0.,1.));
#3970=DIRECTION('refdir',(1.,0.,0.));
#3971=DIRECTION('center_axis',(0.408248290463863,-0.408248290463864,-0.816496580927726));
#3972=DIRECTION('ref_axis',(0.577350269189626,-0.577350269189627,0.577350269189625));
#3973=DIRECTION('center_axis',(0.,1.,0.));
#3974=DIRECTION('ref_axis',(1.,0.,0.));
#3975=DIRECTION('center_axis',(-1.,4.44178045459154E-16,0.));
#3976=DIRECTION('ref_axis',(0.,0.,1.));
#3977=DIRECTION('center_axis',(0.,0.,-1.));
#3978=DIRECTION('ref_axis',(0.,-1.,0.));
#3979=DIRECTION('center_axis',(0.,0.,-1.));
#3980=DIRECTION('ref_axis',(0.707106781186547,-0.707106781186547,0.));
#3981=DIRECTION('center_axis',(0.,0.,-1.));
#3982=DIRECTION('ref_axis',(0.707106781186547,-0.707106781186547,0.));
#3983=DIRECTION('',(0.,0.,-1.));
#3984=DIRECTION('',(0.,0.,1.));
#3985=DIRECTION('center_axis',(0.408248290463863,-0.816496580927726,0.408248290463863));
#3986=DIRECTION('ref_axis',(0.577350269189625,0.577350269189627,0.577350269189625));
#3987=DIRECTION('center_axis',(-1.,0.,0.));
#3988=DIRECTION('ref_axis',(0.,1.,0.));
#3989=DIRECTION('center_axis',(0.,-1.,0.));
#3990=DIRECTION('ref_axis',(0.,0.,1.));
#3991=DIRECTION('center_axis',(0.,0.,-1.));
#3992=DIRECTION('ref_axis',(1.,0.,0.));
#3993=DIRECTION('center_axis',(0.,0.,-1.));
#3994=DIRECTION('ref_axis',(0.707106781186547,0.707106781186548,0.));
#3995=DIRECTION('center_axis',(0.,0.,-1.));
#3996=DIRECTION('ref_axis',(0.707106781186547,0.707106781186548,0.));
#3997=DIRECTION('',(0.,0.,-1.));
#3998=DIRECTION('',(0.,0.,1.));
#3999=DIRECTION('center_axis',(0.,1.,0.));
#4000=DIRECTION('ref_axis',(0.707106781186547,0.,0.707106781186548));
#4001=DIRECTION('',(0.,-1.,0.));
#4002=DIRECTION('',(0.,1.,0.));
#4003=DIRECTION('center_axis',(0.408248290463863,-0.816496580927726,-0.408248290463863));
#4004=DIRECTION('ref_axis',(-0.577350269189625,-0.577350269189627,0.577350269189625));
#4005=DIRECTION('center_axis',(1.,0.,0.));
#4006=DIRECTION('ref_axis',(0.,-1.,0.));
#4007=DIRECTION('center_axis',(0.,1.,0.));
#4008=DIRECTION('ref_axis',(0.,0.,1.));
#4009=DIRECTION('center_axis',(0.,0.,-1.));
#4010=DIRECTION('ref_axis',(-1.,0.,0.));
#4011=DIRECTION('center_axis',(-0.408248290463863,0.408248290463864,-0.816496580927726));
#4012=DIRECTION('ref_axis',(-0.577350269189626,0.577350269189627,0.577350269189625));
#4013=DIRECTION('center_axis',(0.,-1.,0.));
#4014=DIRECTION('ref_axis',(-1.,0.,0.));
#4015=DIRECTION('center_axis',(1.,-4.44178045459154E-16,0.));
#4016=DIRECTION('ref_axis',(0.,0.,1.));
#4017=DIRECTION('center_axis',(0.,0.,-1.));
#4018=DIRECTION('ref_axis',(0.,1.,0.));
#4019=DIRECTION('center_axis',(0.,1.,0.));
#4020=DIRECTION('ref_axis',(0.,0.,1.));
#4021=DIRECTION('center_axis',(0.,-1.,0.));
#4022=DIRECTION('ref_axis',(1.,0.,0.));
#4023=DIRECTION('center_axis',(1.,0.,0.));
#4024=DIRECTION('ref_axis',(0.,0.,1.));
#4025=DIRECTION('center_axis',(0.,1.,0.));
#4026=DIRECTION('ref_axis',(0.707106781186548,0.,-0.707106781186547));
#4027=DIRECTION('center_axis',(0.,0.,-1.));
#4028=DIRECTION('ref_axis',(0.,-1.,0.));
#4029=DIRECTION('center_axis',(0.,0.,-1.));
#4030=DIRECTION('ref_axis',(-0.707106781186547,-0.707106781186548,0.));
#4031=DIRECTION('',(0.,0.,1.));
#4032=DIRECTION('',(0.,0.,-1.));
#4033=DIRECTION('center_axis',(-1.,0.,0.));
#4034=DIRECTION('ref_axis',(0.,-0.707106781186548,0.707106781186547));
#4035=DIRECTION('center_axis',(1.,0.,0.));
#4036=DIRECTION('ref_axis',(0.,-0.707106781186548,0.707106781186547));
#4037=DIRECTION('',(-1.,0.,0.));
#4038=DIRECTION('',(1.,0.,0.));
#4039=DIRECTION('center_axis',(0.,-1.,0.));
#4040=DIRECTION('ref_axis',(0.,0.,-1.));
#4041=DIRECTION('center_axis',(0.,1.,0.));
#4042=DIRECTION('ref_axis',(0.,0.,-1.));
#4043=DIRECTION('center_axis',(0.,0.,-1.));
#4044=DIRECTION('ref_axis',(-1.,0.,0.));
#4045=DIRECTION('center_axis',(0.,-1.,0.));
#4046=DIRECTION('ref_axis',(0.707106781186548,0.,-0.707106781186547));
#4047=DIRECTION('center_axis',(1.,0.,0.));
#4048=DIRECTION('ref_axis',(0.,1.,0.));
#4049=DIRECTION('center_axis',(-1.,0.,0.));
#4050=DIRECTION('ref_axis',(0.,0.707106781186548,0.707106781186547));
#4051=DIRECTION('center_axis',(1.,0.,0.));
#4052=DIRECTION('ref_axis',(0.,0.707106781186548,0.707106781186547));
#4053=DIRECTION('',(-1.,0.,0.));
#4054=DIRECTION('',(1.,0.,0.));
#4055=DIRECTION('center_axis',(0.,0.,-1.));
#4056=DIRECTION('ref_axis',(-0.707106781186547,0.707106781186547,0.));
#4057=DIRECTION('',(0.,0.,1.));
#4058=DIRECTION('',(0.,0.,-1.));
#4059=DIRECTION('center_axis',(0.,1.,0.));
#4060=DIRECTION('ref_axis',(0.707106781186548,0.,-0.707106781186547));
#4061=DIRECTION('',(0.,-1.,0.));
#4062=DIRECTION('',(0.,1.,0.));
#4063=DIRECTION('center_axis',(-1.,0.,0.));
#4064=DIRECTION('ref_axis',(0.,0.707106781186547,0.707106781186547));
#4065=DIRECTION('',(1.,0.,0.));
#4066=DIRECTION('',(-1.,0.,0.));
#4067=DIRECTION('center_axis',(0.,-1.,0.));
#4068=DIRECTION('ref_axis',(-0.707106781186547,0.,0.707106781186548));
#4069=DIRECTION('',(0.,1.,0.));
#4070=DIRECTION('',(0.,-1.,0.));
#4071=DIRECTION('center_axis',(1.,0.,0.));
#4072=DIRECTION('ref_axis',(0.,-0.707106781186547,0.707106781186547));
#4073=DIRECTION('',(-1.,0.,0.));
#4074=DIRECTION('',(1.,0.,0.));
#4075=DIRECTION('center_axis',(-1.,0.,0.));
#4076=DIRECTION('ref_axis',(0.,0.,1.));
#4077=DIRECTION('',(0.,-1.,0.));
#4078=DIRECTION('center_axis',(0.,0.,1.));
#4079=DIRECTION('ref_axis',(0.,1.,0.));
#4080=DIRECTION('',(1.,0.,0.));
#4081=DIRECTION('',(0.,1.,0.));
#4082=DIRECTION('',(-1.,0.,0.));
#4083=DIRECTION('',(0.,1.,0.));
#4084=DIRECTION('',(-1.,0.,0.));
#4085=DIRECTION('',(0.,1.,0.));
#4086=DIRECTION('',(1.,0.,0.));
#4087=DIRECTION('center_axis',(0.,-1.,0.));
#4088=DIRECTION('ref_axis',(0.,0.,-1.));
#4089=DIRECTION('',(0.,0.,1.));
#4090=DIRECTION('center_axis',(0.,0.,-1.));
#4091=DIRECTION('ref_axis',(-1.,0.,0.));
#4092=DIRECTION('center_axis',(1.,0.,0.));
#4093=DIRECTION('ref_axis',(0.,1.,0.));
#4094=DIRECTION('center_axis',(0.,0.,-1.));
#4095=DIRECTION('ref_axis',(0.,1.,0.));
#4096=DIRECTION('',(0.,-1.,0.));
#4097=DIRECTION('center_axis',(0.,1.,0.));
#4098=DIRECTION('ref_axis',(0.,0.,1.));
#4099=DIRECTION('',(0.,0.,-1.));
#4100=DIRECTION('center_axis',(1.,0.,0.));
#4101=DIRECTION('ref_axis',(0.,1.,0.));
#4102=DIRECTION('center_axis',(-1.,0.,0.));
#4103=DIRECTION('ref_axis',(0.,1.,0.));
#4104=DIRECTION('',(1.,0.,0.));
#4105=DIRECTION('center_axis',(-1.,0.,0.));
#4106=DIRECTION('ref_axis',(0.,1.,0.));
#4107=DIRECTION('center_axis',(1.,0.,0.));
#4108=DIRECTION('ref_axis',(0.,1.,0.));
#4109=DIRECTION('center_axis',(-1.,0.,0.));
#4110=DIRECTION('ref_axis',(0.,1.,0.));
#4111=DIRECTION('',(1.,0.,0.));
#4112=DIRECTION('center_axis',(-1.,0.,0.));
#4113=DIRECTION('ref_axis',(0.,1.,0.));
#4114=DIRECTION('center_axis',(1.,0.,0.));
#4115=DIRECTION('ref_axis',(0.,-2.22044604925031E-16,-1.));
#4116=DIRECTION('center_axis',(1.,0.,0.));
#4117=DIRECTION('ref_axis',(0.,-2.22044604925031E-16,-1.));
#4118=DIRECTION('',(-1.,0.,0.));
#4119=DIRECTION('center_axis',(-1.,0.,0.));
#4120=DIRECTION('ref_axis',(0.,-2.22044604925031E-16,-1.));
#4121=DIRECTION('',(-1.,0.,0.));
#4122=DIRECTION('center_axis',(0.,0.707106781186548,-0.707106781186547));
#4123=DIRECTION('ref_axis',(0.,-0.707106781186547,-0.707106781186548));
#4124=DIRECTION('',(0.,-0.707106781186547,-0.707106781186548));
#4125=DIRECTION('',(-1.,0.,0.));
#4126=DIRECTION('',(0.,-0.707106781186547,-0.707106781186548));
#4127=DIRECTION('center_axis',(1.,0.,0.));
#4128=DIRECTION('ref_axis',(0.,0.707106781186548,-0.707106781186547));
#4129=DIRECTION('center_axis',(1.,0.,0.));
#4130=DIRECTION('ref_axis',(0.,0.707106781186548,-0.707106781186547));
#4131=DIRECTION('',(-1.,0.,0.));
#4132=DIRECTION('center_axis',(-1.,0.,0.));
#4133=DIRECTION('ref_axis',(0.,0.707106781186548,-0.707106781186547));
#4134=DIRECTION('center_axis',(0.,1.,0.));
#4135=DIRECTION('ref_axis',(0.,0.,-1.));
#4136=DIRECTION('',(0.,0.,-1.));
#4137=DIRECTION('',(-1.,0.,0.));
#4138=DIRECTION('',(0.,0.,-1.));
#4139=DIRECTION('center_axis',(1.,0.,0.));
#4140=DIRECTION('ref_axis',(0.,7.45057799362093E-9,1.));
#4141=DIRECTION('center_axis',(1.,0.,0.));
#4142=DIRECTION('ref_axis',(0.,1.,-1.49011611938477E-8));
#4143=DIRECTION('',(-1.,0.,0.));
#4144=DIRECTION('center_axis',(1.,0.,0.));
#4145=DIRECTION('ref_axis',(0.,1.,-1.49011611938477E-8));
#4146=DIRECTION('center_axis',(0.,-1.,2.48352677704326E-8));
#4147=DIRECTION('ref_axis',(0.,2.48352677704326E-8,1.));
#4148=DIRECTION('',(0.,-2.48352677704326E-8,-1.));
#4149=DIRECTION('',(-1.,0.,0.));
#4150=DIRECTION('',(0.,2.48352677704326E-8,1.));
#4151=DIRECTION('center_axis',(1.,0.,0.));
#4152=DIRECTION('ref_axis',(0.,-1.,2.48352693965616E-8));
#4153=DIRECTION('center_axis',(1.,0.,0.));
#4154=DIRECTION('ref_axis',(0.,-1.,2.48352693965616E-8));
#4155=DIRECTION('',(-1.,0.,0.));
#4156=DIRECTION('center_axis',(-1.,0.,0.));
#4157=DIRECTION('ref_axis',(0.,-1.,2.48352693965616E-8));
#4158=DIRECTION('center_axis',(0.,-0.707106781186548,-0.707106781186548));
#4159=DIRECTION('ref_axis',(0.,-0.707106781186548,0.707106781186548));
#4160=DIRECTION('',(0.,0.707106781186547,-0.707106781186547));
#4161=DIRECTION('',(-1.,0.,0.));
#4162=DIRECTION('',(0.,-0.707106781186547,0.707106781186547));
#4163=DIRECTION('center_axis',(1.,0.,0.));
#4164=DIRECTION('ref_axis',(0.,-0.707106781186548,-0.707106781186547));
#4165=DIRECTION('center_axis',(1.,0.,0.));
#4166=DIRECTION('ref_axis',(0.,-0.707106781186548,-0.707106781186547));
#4167=DIRECTION('',(-1.,0.,0.));
#4168=DIRECTION('center_axis',(-1.,0.,0.));
#4169=DIRECTION('ref_axis',(0.,-0.707106781186548,-0.707106781186547));
#4170=DIRECTION('center_axis',(0.,2.3416910744932E-16,-1.));
#4171=DIRECTION('ref_axis',(0.,-1.,-2.3416910744932E-16));
#4172=DIRECTION('',(0.,-1.,-2.3416910744932E-16));
#4173=DIRECTION('',(-1.,0.,0.));
#4174=DIRECTION('',(0.,-1.,-2.3416910744932E-16));
#4175=DIRECTION('center_axis',(1.,0.,0.));
#4176=DIRECTION('ref_axis',(0.,1.,-7.7715611723761E-16));
#4177=DIRECTION('center_axis',(1.,0.,0.));
#4178=DIRECTION('ref_axis',(0.,1.,-7.7715611723761E-16));
#4179=DIRECTION('',(-1.,0.,0.));
#4180=DIRECTION('center_axis',(1.,0.,0.));
#4181=DIRECTION('ref_axis',(0.,1.,-7.7715611723761E-16));
#4182=DIRECTION('center_axis',(0.,-1.,0.));
#4183=DIRECTION('ref_axis',(0.,0.,1.));
#4184=DIRECTION('',(0.,0.,1.));
#4185=DIRECTION('',(0.,0.,1.));
#4186=DIRECTION('center_axis',(0.,1.,0.));
#4187=DIRECTION('ref_axis',(0.,0.,-1.));
#4188=DIRECTION('',(0.,0.,-1.));
#4189=DIRECTION('',(-1.,0.,0.));
#4190=DIRECTION('',(0.,0.,-1.));
#4191=DIRECTION('center_axis',(1.,0.,0.));
#4192=DIRECTION('ref_axis',(0.,6.66133814775095E-16,1.));
#4193=DIRECTION('center_axis',(1.,0.,0.));
#4194=DIRECTION('ref_axis',(0.,6.66133814775095E-16,1.));
#4195=DIRECTION('',(-1.,0.,0.));
#4196=DIRECTION('center_axis',(1.,0.,0.));
#4197=DIRECTION('ref_axis',(0.,6.66133814775095E-16,1.));
#4198=DIRECTION('center_axis',(0.,-3.79053850793408E-16,-1.));
#4199=DIRECTION('ref_axis',(0.,-1.,3.79053850793408E-16));
#4200=DIRECTION('',(0.,-1.,3.79053850793408E-16));
#4201=DIRECTION('',(0.,-1.,3.79053850793408E-16));
#4202=DIRECTION('center_axis',(1.,0.,0.));
#4203=DIRECTION('ref_axis',(0.,1.,0.));
#4204=DIRECTION('center_axis',(1.,0.,0.));
#4205=DIRECTION('ref_axis',(0.,1.,0.));
#4206=DIRECTION('axis',(0.,0.,1.));
#4207=DIRECTION('refdir',(1.,0.,0.));
#4208=DIRECTION('',(1.62278317260857E-17,-0.273901370623283,0.961757786124289));
#4209=DIRECTION('',(0.999999999999998,-2.13184363690228E-16,-7.75863967132458E-17));
#4210=DIRECTION('',(0.,0.,1.));
#4211=DIRECTION('',(1.,0.,0.));
#4212=DIRECTION('',(0.,0.,1.));
#4213=DIRECTION('',(1.,0.,0.));
#4214=DIRECTION('',(0.,0.,1.));
#4215=DIRECTION('',(1.,0.,0.));
#4216=DIRECTION('',(0.,0.,1.));
#4217=DIRECTION('',(1.,0.,0.));
#4218=CARTESIAN_POINT('',(0.,0.,0.));
#4219=CARTESIAN_POINT('',(0.,0.,0.));
#4220=CARTESIAN_POINT('Origin',(-5.,45.,24.0118723258376));
#4221=CARTESIAN_POINT('',(-5.,95.,14.9998578593355));
#4222=CARTESIAN_POINT('',(-5.,89.,14.9998578593355));
#4223=CARTESIAN_POINT('',(-5.,70.,14.9998578593355));
#4224=CARTESIAN_POINT('',(-5.,95.,-15.0001421406645));
#4225=CARTESIAN_POINT('',(-5.,95.,-13.5801421406645));
#4226=CARTESIAN_POINT('',(-5.,89.,-15.0001421406645));
#4227=CARTESIAN_POINT('',(-5.,95.,-15.0001421406645));
#4228=CARTESIAN_POINT('',(-5.,89.,-9.99999999999999));
#4229=CARTESIAN_POINT('',(-5.,89.,-13.5801421406645));
#4230=CARTESIAN_POINT('',(-5.,80.,-0.999999999999999));
#4231=CARTESIAN_POINT('Origin',(-5.,80.,-10.));
#4232=CARTESIAN_POINT('',(-5.,1.73205080756888,-0.999999999999999));
#4233=CARTESIAN_POINT('',(-5.,22.5,-0.999999999999999));
#4234=CARTESIAN_POINT('',(-5.,-1.,1.73205080756888));
#4235=CARTESIAN_POINT('Origin',(-5.,0.,0.));
#4236=CARTESIAN_POINT('',(-5.,-0.999999999999985,56.6038867923396));
#4237=CARTESIAN_POINT('',(-5.,-1.,40.3078795590886));
#4238=CARTESIAN_POINT('',(-5.,0.999999999999997,56.6038867923396));
#4239=CARTESIAN_POINT('Origin',(-5.,4.9960036108132E-15,56.6038867923396));
#4240=CARTESIAN_POINT('',(-5.,0.999999999999999,10.));
#4241=CARTESIAN_POINT('',(-5.,1.,17.0059361629188));
#4242=CARTESIAN_POINT('',(-5.,10.,0.999999999999999));
#4243=CARTESIAN_POINT('Origin',(-5.,9.99999999999999,9.99999999999999));
#4244=CARTESIAN_POINT('',(-5.,80.,1.));
#4245=CARTESIAN_POINT('',(-5.,62.5,0.999999999999999));
#4246=CARTESIAN_POINT('',(-5.,89.,10.));
#4247=CARTESIAN_POINT('Origin',(-5.,80.,10.));
#4248=CARTESIAN_POINT('',(-5.,89.,20.2158650925866));
#4249=CARTESIAN_POINT('Origin',(-1.,89.,20.2158650925866));
#4250=CARTESIAN_POINT('',(-1.,85.,14.9998578593355));
#4251=CARTESIAN_POINT('Origin',(-1.,89.,14.9998578593355));
#4252=CARTESIAN_POINT('',(-1.,85.,10.));
#4253=CARTESIAN_POINT('Origin',(-1.,89.,10.));
#4254=CARTESIAN_POINT('',(-1.,85.,20.2158650925866));
#4255=CARTESIAN_POINT('Origin',(-1.,80.,10.));
#4256=CARTESIAN_POINT('',(-1.,80.,5.));
#4257=CARTESIAN_POINT('Origin',(-1.,80.,1.));
#4258=CARTESIAN_POINT('Origin',(-1.,80.,10.));
#4259=CARTESIAN_POINT('Origin',(-1.,62.5,0.999999999999999));
#4260=CARTESIAN_POINT('',(-1.,10.,5.));
#4261=CARTESIAN_POINT('Origin',(-1.,10.,0.999999999999999));
#4262=CARTESIAN_POINT('',(-1.,62.5,5.));
#4263=CARTESIAN_POINT('Origin',(-1.,9.99999999999999,9.99999999999999));
#4264=CARTESIAN_POINT('',(-1.,5.,10.));
#4265=CARTESIAN_POINT('Origin',(-1.,0.999999999999999,10.));
#4266=CARTESIAN_POINT('Origin',(-1.,9.99999999999999,9.99999999999999));
#4267=CARTESIAN_POINT('Origin',(-1.,1.,17.0059361629188));
#4268=CARTESIAN_POINT('',(-1.,5.,56.6038867923396));
#4269=CARTESIAN_POINT('Origin',(-1.,0.999999999999997,56.6038867923396));
#4270=CARTESIAN_POINT('',(-1.,5.,17.0059361629188));
#4271=CARTESIAN_POINT('Ctrl Pts',(-1.,5.,56.6038867923396));
#4272=CARTESIAN_POINT('Ctrl Pts',(-1.,4.99999999999999,61.6038867923397));
#4273=CARTESIAN_POINT('Ctrl Pts',(-1.,-1.21552413836156E-14,61.6038867923396));
#4274=CARTESIAN_POINT('Ctrl Pts',(-1.,-5.00000000000002,61.6038867923396));
#4275=CARTESIAN_POINT('Ctrl Pts',(-1.,-4.99999999999999,56.6038867923396));
#4276=CARTESIAN_POINT('Ctrl Pts',(-5.,5.,56.6038867923396));
#4277=CARTESIAN_POINT('Ctrl Pts',(-5.,4.99999999999999,61.6038867923397));
#4278=CARTESIAN_POINT('Ctrl Pts',(-5.,-1.21552413836156E-14,61.6038867923396));
#4279=CARTESIAN_POINT('Ctrl Pts',(-5.,-5.00000000000002,61.6038867923396));
#4280=CARTESIAN_POINT('Ctrl Pts',(-5.,-4.99999999999999,56.6038867923396));
#4281=CARTESIAN_POINT('Ctrl Pts',(-5.,0.999999999999993,56.6038867923396));
#4282=CARTESIAN_POINT('Ctrl Pts',(-5.,0.999999999999992,57.6038867923396));
#4283=CARTESIAN_POINT('Ctrl Pts',(-5.,1.56575461192748E-15,57.6038867923396));
#4284=CARTESIAN_POINT('Ctrl Pts',(-5.,-0.999999999999989,57.6038867923396));
#4285=CARTESIAN_POINT('Ctrl Pts',(-5.,-0.999999999999983,56.6038867923396));
#4286=CARTESIAN_POINT('',(-1.,-5.,56.6038867923396));
#4287=CARTESIAN_POINT('Origin',(-1.,-0.999999999999985,56.6038867923396));
#4288=CARTESIAN_POINT('Origin',(-1.,4.9960036108132E-15,56.6038867923396));
#4289=CARTESIAN_POINT('Origin',(-1.,-1.,40.3078795590886));
#4290=CARTESIAN_POINT('',(-1.,-5.,1.73205080756888));
#4291=CARTESIAN_POINT('Origin',(-1.,-1.,1.73205080756888));
#4292=CARTESIAN_POINT('',(-1.,-5.,40.3078795590886));
#4293=CARTESIAN_POINT('Origin',(-1.,-1.,40.3078795590886));
#4294=CARTESIAN_POINT('',(-4.87298334620742,-2.,-2.77555756156289E-16));
#4295=CARTESIAN_POINT('Ctrl Pts',(-5.,-1.00000000000009,1.73205080756882));
#4296=CARTESIAN_POINT('Ctrl Pts',(-5.,-1.15059396649613,1.64510534047399));
#4297=CARTESIAN_POINT('Ctrl Pts',(-4.99135420635515,-1.28808109937878,1.53883754307428));
#4298=CARTESIAN_POINT('Ctrl Pts',(-4.96104016584888,-1.58566673108599,1.2449397930064));
#4299=CARTESIAN_POINT('Ctrl Pts',(-4.93209963841503,-1.74150248744498,1.01943419491735));
#4300=CARTESIAN_POINT('Ctrl Pts',(-4.88731385298687,-1.94869650985943,0.524078474384401));
#4301=CARTESIAN_POINT('Ctrl Pts',(-4.87298334620742,-2.,0.254069662137912));
#4302=CARTESIAN_POINT('Ctrl Pts',(-4.87298334620742,-2.,0.));
#4303=CARTESIAN_POINT('',(-1.,-5.,-1.11022302462516E-15));
#4304=CARTESIAN_POINT('Origin',(-1.,-1.,0.));
#4305=CARTESIAN_POINT('',(-1.,-5.,40.3078795590886));
#4306=CARTESIAN_POINT('Origin',(-1.,22.5,-0.999999999999999));
#4307=CARTESIAN_POINT('',(-1.,1.73205080756888,-5.));
#4308=CARTESIAN_POINT('Origin',(-1.,1.73205080756888,-0.999999999999999));
#4309=CARTESIAN_POINT('',(-1.,80.,-5.));
#4310=CARTESIAN_POINT('Origin',(-1.,80.,-0.999999999999999));
#4311=CARTESIAN_POINT('',(-1.,22.5,-5.));
#4312=CARTESIAN_POINT('Origin',(-1.,80.,-10.));
#4313=CARTESIAN_POINT('',(-1.,85.,-10.));
#4314=CARTESIAN_POINT('Origin',(-1.,89.,-9.99999999999999));
#4315=CARTESIAN_POINT('Origin',(-1.,80.,-10.));
#4316=CARTESIAN_POINT('Origin',(-1.,89.,7.00593616291879));
#4317=CARTESIAN_POINT('',(-1.,85.,-15.0001421406645));
#4318=CARTESIAN_POINT('Origin',(-1.,89.,-15.0001421406645));
#4319=CARTESIAN_POINT('',(-1.,85.,-13.5801421406645));
#4320=CARTESIAN_POINT('Origin',(-1.,22.5,-0.999999999999999));
#4321=CARTESIAN_POINT('',(-4.87298334620742,-7.15148590763916E-18,-2.));
#4322=CARTESIAN_POINT('Ctrl Pts',(-4.87298334620742,6.93889390390723E-17,
-2.));
#4323=CARTESIAN_POINT('Ctrl Pts',(-4.87298334620742,0.254069662137912,-2.));
#4324=CARTESIAN_POINT('Ctrl Pts',(-4.88731385298687,0.524078474384401,-1.94869650985943));
#4325=CARTESIAN_POINT('Ctrl Pts',(-4.93209963841503,1.01943419491735,-1.74150248744498));
#4326=CARTESIAN_POINT('Ctrl Pts',(-4.96104016584888,1.2449397930064,-1.58566673108599));
#4327=CARTESIAN_POINT('Ctrl Pts',(-4.99135420635515,1.53883754307428,-1.28808109937878));
#4328=CARTESIAN_POINT('Ctrl Pts',(-5.,1.64510534047399,-1.15059396649613));
#4329=CARTESIAN_POINT('Ctrl Pts',(-5.,1.73205080756883,-1.00000000000009));
#4330=CARTESIAN_POINT('',(-1.,-2.86059436305566E-17,-5.));
#4331=CARTESIAN_POINT('',(-1.,22.5,-5.));
#4332=CARTESIAN_POINT('Origin',(-1.,0.,-0.999999999999999));
#4333=CARTESIAN_POINT('Ctrl Pts',(-1.,-5.,-4.9960036108132E-15));
#4334=CARTESIAN_POINT('Ctrl Pts',(-1.,-5.00000000000002,-5.00000000000002));
#4335=CARTESIAN_POINT('Ctrl Pts',(-1.,-4.71844785465692E-15,-5.));
#4336=CARTESIAN_POINT('Ctrl Pts',(-4.09838667696593,-5.,-4.9960036108132E-15));
#4337=CARTESIAN_POINT('Ctrl Pts',(-4.09838667696593,-5.00000000000002,-5.00000000000002));
#4338=CARTESIAN_POINT('Ctrl Pts',(-4.09838667696593,-4.71844785465692E-15,
-5.));
#4339=CARTESIAN_POINT('Ctrl Pts',(-4.87298334620742,-2.,-4.9960036108132E-15));
#4340=CARTESIAN_POINT('Ctrl Pts',(-4.87298334620742,-2.00000000000001,-2.00000000000001));
#4341=CARTESIAN_POINT('Ctrl Pts',(-4.87298334620742,-4.71844785465692E-15,
-2.));
#4342=CARTESIAN_POINT('Origin',(-4.87298334620742,-4.71844785465692E-15,
-4.9960036108132E-15));
#4343=CARTESIAN_POINT('Origin',(-1.,-4.71844785465692E-15,-4.9960036108132E-15));
#4344=CARTESIAN_POINT('Origin',(-54.6038867923396,0.,0.));
#4345=CARTESIAN_POINT('',(-54.6038867923396,-2.,-2.44929359829471E-16));
#4346=CARTESIAN_POINT('',(-54.6038867923396,2.,0.));
#4347=CARTESIAN_POINT('Origin',(-54.6038867923396,0.,0.));
#4348=CARTESIAN_POINT('Origin',(-54.6038867923396,0.,0.));
#4349=CARTESIAN_POINT('',(-56.6038867923396,1.22464679914735E-16,0.));
#4350=CARTESIAN_POINT('Origin',(-54.6038867923396,0.,0.));
#4351=CARTESIAN_POINT('Origin',(0.,0.,0.));
#4352=CARTESIAN_POINT('',(-44.6038867923396,-2.,-2.44929359829471E-16));
#4353=CARTESIAN_POINT('',(0.,-2.,-2.44929359829471E-16));
#4354=CARTESIAN_POINT('Origin',(-44.6038867923396,0.,0.));
#4355=CARTESIAN_POINT('Ctrl Pts',(-36.6038867923396,0.,2.5));
#4356=CARTESIAN_POINT('Ctrl Pts',(-36.6038867923396,-2.5,2.5));
#4357=CARTESIAN_POINT('Ctrl Pts',(-36.6038867923396,-2.5,0.));
#4358=CARTESIAN_POINT('Ctrl Pts',(-36.6038867923396,-2.5,-2.5));
#4359=CARTESIAN_POINT('Ctrl Pts',(-36.6038867923396,0.,-2.5));
#4360=CARTESIAN_POINT('Ctrl Pts',(-36.6038867923396,2.5,-2.5));
#4361=CARTESIAN_POINT('Ctrl Pts',(-36.6038867923396,2.5,0.));
#4362=CARTESIAN_POINT('Ctrl Pts',(-36.6038867923396,2.5,2.5));
#4363=CARTESIAN_POINT('Ctrl Pts',(-36.6038867923396,0.,2.5));
#4364=CARTESIAN_POINT('Ctrl Pts',(-36.6038867923396,0.,5.));
#4365=CARTESIAN_POINT('Ctrl Pts',(-36.6038867923396,-5.,5.));
#4366=CARTESIAN_POINT('Ctrl Pts',(-36.6038867923396,-5.,0.));
#4367=CARTESIAN_POINT('Ctrl Pts',(-36.6038867923396,-5.,-5.));
#4368=CARTESIAN_POINT('Ctrl Pts',(-36.6038867923396,0.,-5.));
#4369=CARTESIAN_POINT('Ctrl Pts',(-36.6038867923396,5.,-5.));
#4370=CARTESIAN_POINT('Ctrl Pts',(-36.6038867923396,5.,0.));
#4371=CARTESIAN_POINT('Ctrl Pts',(-36.6038867923396,5.,5.));
#4372=CARTESIAN_POINT('Ctrl Pts',(-36.6038867923396,0.,5.));
#4373=CARTESIAN_POINT('Ctrl Pts',(-39.1038867923396,0.,5.));
#4374=CARTESIAN_POINT('Ctrl Pts',(-39.1038867923396,-5.,5.));
#4375=CARTESIAN_POINT('Ctrl Pts',(-39.1038867923396,-5.,0.));
#4376=CARTESIAN_POINT('Ctrl Pts',(-39.1038867923396,-5.,-5.));
#4377=CARTESIAN_POINT('Ctrl Pts',(-39.1038867923396,0.,-5.));
#4378=CARTESIAN_POINT('Ctrl Pts',(-39.1038867923396,5.,-5.));
#4379=CARTESIAN_POINT('Ctrl Pts',(-39.1038867923396,5.,0.));
#4380=CARTESIAN_POINT('Ctrl Pts',(-39.1038867923396,5.,5.));
#4381=CARTESIAN_POINT('Ctrl Pts',(-39.1038867923396,0.,5.));
#4382=CARTESIAN_POINT('',(-39.1038867923396,-5.,6.12323399573677E-16));
#4383=CARTESIAN_POINT('',(-39.1038867923396,-6.12323399573677E-16,5.));
#4384=CARTESIAN_POINT('Origin',(-39.1038867923396,0.,0.));
#4385=CARTESIAN_POINT('Origin',(-39.1038867923396,0.,0.));
#4386=CARTESIAN_POINT('',(-36.6038867923396,-3.06161699786838E-16,2.5));
#4387=CARTESIAN_POINT('Origin',(-39.1038867923396,-3.06161699786838E-16,
2.5));
#4388=CARTESIAN_POINT('Origin',(-36.6038867923396,0.,0.));
#4389=CARTESIAN_POINT('Origin',(-36.6038867923396,0.,0.));
#4390=CARTESIAN_POINT('',(-42.1038867923396,-5.,-6.12323399573677E-16));
#4391=CARTESIAN_POINT('',(-42.1038867923396,-6.12323399573677E-16,5.));
#4392=CARTESIAN_POINT('Origin',(-42.1038867923396,0.,0.));
#4393=CARTESIAN_POINT('Origin',(-42.1038867923396,0.,0.));
#4394=CARTESIAN_POINT('',(-36.6038867923396,-5.,-6.12323399573677E-16));
#4395=CARTESIAN_POINT('Origin',(-36.6038867923396,0.,0.));
#4396=CARTESIAN_POINT('',(-36.6038867923396,-2.,2.44929359829471E-16));
#4397=CARTESIAN_POINT('Origin',(-36.6038867923396,0.,0.));
#4398=CARTESIAN_POINT('Ctrl Pts',(-42.1038867923396,0.,5.));
#4399=CARTESIAN_POINT('Ctrl Pts',(-42.1038867923396,-5.,5.));
#4400=CARTESIAN_POINT('Ctrl Pts',(-42.1038867923396,-5.,0.));
#4401=CARTESIAN_POINT('Ctrl Pts',(-42.1038867923396,-5.,-5.));
#4402=CARTESIAN_POINT('Ctrl Pts',(-42.1038867923396,0.,-5.));
#4403=CARTESIAN_POINT('Ctrl Pts',(-42.1038867923396,5.,-5.));
#4404=CARTESIAN_POINT('Ctrl Pts',(-42.1038867923396,5.,0.));
#4405=CARTESIAN_POINT('Ctrl Pts',(-42.1038867923396,5.,5.));
#4406=CARTESIAN_POINT('Ctrl Pts',(-42.1038867923396,0.,5.));
#4407=CARTESIAN_POINT('Ctrl Pts',(-44.6038867923396,0.,5.));
#4408=CARTESIAN_POINT('Ctrl Pts',(-44.6038867923396,-5.,5.));
#4409=CARTESIAN_POINT('Ctrl Pts',(-44.6038867923396,-5.,0.));
#4410=CARTESIAN_POINT('Ctrl Pts',(-44.6038867923396,-5.,-5.));
#4411=CARTESIAN_POINT('Ctrl Pts',(-44.6038867923396,0.,-5.));
#4412=CARTESIAN_POINT('Ctrl Pts',(-44.6038867923396,5.,-5.));
#4413=CARTESIAN_POINT('Ctrl Pts',(-44.6038867923396,5.,0.));
#4414=CARTESIAN_POINT('Ctrl Pts',(-44.6038867923396,5.,5.));
#4415=CARTESIAN_POINT('Ctrl Pts',(-44.6038867923396,0.,5.));
#4416=CARTESIAN_POINT('Ctrl Pts',(-44.6038867923396,0.,2.5));
#4417=CARTESIAN_POINT('Ctrl Pts',(-44.6038867923396,-2.5,2.5));
#4418=CARTESIAN_POINT('Ctrl Pts',(-44.6038867923396,-2.5,0.));
#4419=CARTESIAN_POINT('Ctrl Pts',(-44.6038867923396,-2.5,-2.5));
#4420=CARTESIAN_POINT('Ctrl Pts',(-44.6038867923396,0.,-2.5));
#4421=CARTESIAN_POINT('Ctrl Pts',(-44.6038867923396,2.5,-2.5));
#4422=CARTESIAN_POINT('Ctrl Pts',(-44.6038867923396,2.5,0.));
#4423=CARTESIAN_POINT('Ctrl Pts',(-44.6038867923396,2.5,2.5));
#4424=CARTESIAN_POINT('Ctrl Pts',(-44.6038867923396,0.,2.5));
#4425=CARTESIAN_POINT('',(-44.6038867923396,-3.06161699786838E-16,2.5));
#4426=CARTESIAN_POINT('Origin',(-44.6038867923396,0.,0.));
#4427=CARTESIAN_POINT('Origin',(-42.1038867923396,-3.06161699786838E-16,
2.5));
#4428=CARTESIAN_POINT('Origin',(-44.6038867923396,0.,0.));
#4429=CARTESIAN_POINT('Origin',(0.,0.,0.));
#4430=CARTESIAN_POINT('',(0.,-2.,-2.44929359829471E-16));
#4431=CARTESIAN_POINT('Origin',(0.,85.,-15.0001421406645));
#4432=CARTESIAN_POINT('',(5.,89.,-15.0001421406645));
#4433=CARTESIAN_POINT('',(1.,85.,-15.0001421406645));
#4434=CARTESIAN_POINT('Origin',(1.,89.,-15.0001421406645));
#4435=CARTESIAN_POINT('',(0.,85.,-15.0001421406645));
#4436=CARTESIAN_POINT('',(5.,95.,-15.0001421406645));
#4437=CARTESIAN_POINT('',(0.,95.,-15.0001421406645));
#4438=CARTESIAN_POINT('',(5.,95.,-15.0001421406645));
#4439=CARTESIAN_POINT('Origin',(0.,95.,14.9998578593355));
#4440=CARTESIAN_POINT('',(5.,89.,14.9998578593355));
#4441=CARTESIAN_POINT('',(1.,85.,14.9998578593355));
#4442=CARTESIAN_POINT('Origin',(1.,89.,14.9998578593355));
#4443=CARTESIAN_POINT('',(5.,95.,14.9998578593355));
#4444=CARTESIAN_POINT('',(5.,70.,14.9998578593355));
#4445=CARTESIAN_POINT('',(0.,95.,14.9998578593355));
#4446=CARTESIAN_POINT('',(0.,85.,14.9998578593355));
#4447=CARTESIAN_POINT('Origin',(0.,95.,-13.5801421406645));
#4448=CARTESIAN_POINT('',(5.,95.,-13.5801421406645));
#4449=CARTESIAN_POINT('Origin',(5.,45.,24.0118723258376));
#4450=CARTESIAN_POINT('',(5.,89.,10.));
#4451=CARTESIAN_POINT('',(5.,89.,20.2158650925866));
#4452=CARTESIAN_POINT('',(5.,80.,1.));
#4453=CARTESIAN_POINT('Origin',(5.,80.,10.));
#4454=CARTESIAN_POINT('',(5.,10.,0.999999999999999));
#4455=CARTESIAN_POINT('',(5.,62.5,0.999999999999999));
#4456=CARTESIAN_POINT('',(5.,0.999999999999999,10.));
#4457=CARTESIAN_POINT('Origin',(5.,9.99999999999999,9.99999999999999));
#4458=CARTESIAN_POINT('',(5.,0.999999999999997,56.6038867923396));
#4459=CARTESIAN_POINT('',(5.,1.,17.0059361629188));
#4460=CARTESIAN_POINT('',(5.,-0.999999999999985,56.6038867923396));
#4461=CARTESIAN_POINT('Origin',(5.,4.9960036108132E-15,56.6038867923396));
#4462=CARTESIAN_POINT('',(5.,-1.,1.73205080756888));
#4463=CARTESIAN_POINT('',(5.,-1.,40.3078795590886));
#4464=CARTESIAN_POINT('',(5.,1.73205080756888,-0.999999999999999));
#4465=CARTESIAN_POINT('Origin',(5.,0.,0.));
#4466=CARTESIAN_POINT('',(5.,80.,-0.999999999999999));
#4467=CARTESIAN_POINT('',(5.,22.5,-0.999999999999999));
#4468=CARTESIAN_POINT('',(5.,89.,-9.99999999999999));
#4469=CARTESIAN_POINT('Origin',(5.,80.,-10.));
#4470=CARTESIAN_POINT('',(5.,89.,-13.5801421406645));
#4471=CARTESIAN_POINT('Origin',(1.,89.,20.2158650925866));
#4472=CARTESIAN_POINT('',(1.,85.,10.));
#4473=CARTESIAN_POINT('',(1.,85.,20.2158650925866));
#4474=CARTESIAN_POINT('Origin',(1.,89.,10.));
#4475=CARTESIAN_POINT('Origin',(1.,80.,10.));
#4476=CARTESIAN_POINT('',(1.,80.,5.));
#4477=CARTESIAN_POINT('Origin',(1.,80.,1.));
#4478=CARTESIAN_POINT('Origin',(1.,80.,10.));
#4479=CARTESIAN_POINT('Origin',(1.,62.5,0.999999999999999));
#4480=CARTESIAN_POINT('',(1.,10.,5.));
#4481=CARTESIAN_POINT('Origin',(1.,10.,0.999999999999999));
#4482=CARTESIAN_POINT('',(1.,62.5,5.));
#4483=CARTESIAN_POINT('Origin',(1.,9.99999999999999,9.99999999999999));
#4484=CARTESIAN_POINT('',(1.,5.,10.));
#4485=CARTESIAN_POINT('Origin',(1.,0.999999999999999,10.));
#4486=CARTESIAN_POINT('Origin',(1.,9.99999999999999,9.99999999999999));
#4487=CARTESIAN_POINT('Origin',(1.,1.,17.0059361629188));
#4488=CARTESIAN_POINT('',(1.,5.,56.6038867923396));
#4489=CARTESIAN_POINT('Origin',(1.,0.999999999999997,56.6038867923396));
#4490=CARTESIAN_POINT('',(1.,5.,17.0059361629188));
#4491=CARTESIAN_POINT('Ctrl Pts',(1.,5.,56.6038867923396));
#4492=CARTESIAN_POINT('Ctrl Pts',(1.,5.00000000000003,61.6038867923396));
#4493=CARTESIAN_POINT('Ctrl Pts',(1.,2.2147248605242E-14,61.6038867923396));
#4494=CARTESIAN_POINT('Ctrl Pts',(1.,-4.99999999999998,61.6038867923397));
#4495=CARTESIAN_POINT('Ctrl Pts',(1.,-4.99999999999999,56.6038867923396));
#4496=CARTESIAN_POINT('Ctrl Pts',(5.,5.,56.6038867923396));
#4497=CARTESIAN_POINT('Ctrl Pts',(5.,5.00000000000003,61.6038867923396));
#4498=CARTESIAN_POINT('Ctrl Pts',(5.,2.2147248605242E-14,61.6038867923396));
#4499=CARTESIAN_POINT('Ctrl Pts',(5.,-4.99999999999998,61.6038867923397));
#4500=CARTESIAN_POINT('Ctrl Pts',(5.,-4.99999999999999,56.6038867923396));
#4501=CARTESIAN_POINT('Ctrl Pts',(5.,0.999999999999993,56.6038867923396));
#4502=CARTESIAN_POINT('Ctrl Pts',(5.,0.999999999999999,57.6038867923396));
#4503=CARTESIAN_POINT('Ctrl Pts',(5.,8.42625260969893E-15,57.6038867923396));
#4504=CARTESIAN_POINT('Ctrl Pts',(5.,-0.999999999999982,57.6038867923396));
#4505=CARTESIAN_POINT('Ctrl Pts',(5.,-0.999999999999983,56.6038867923396));
#4506=CARTESIAN_POINT('',(1.,-5.,56.6038867923396));
#4507=CARTESIAN_POINT('Origin',(1.,-0.999999999999985,56.6038867923396));
#4508=CARTESIAN_POINT('Origin',(1.,4.9960036108132E-15,56.6038867923396));
#4509=CARTESIAN_POINT('Origin',(1.,-1.,40.3078795590886));
#4510=CARTESIAN_POINT('',(1.,-5.,1.73205080756888));
#4511=CARTESIAN_POINT('Origin',(1.,-1.,1.73205080756888));
#4512=CARTESIAN_POINT('',(1.,-5.,40.3078795590886));
#4513=CARTESIAN_POINT('Origin',(1.,-1.,40.3078795590886));
#4514=CARTESIAN_POINT('',(4.87298334620742,-2.,-2.77555756156289E-16));
#4515=CARTESIAN_POINT('Ctrl Pts',(5.,-1.00000000000009,1.73205080756882));
#4516=CARTESIAN_POINT('Ctrl Pts',(5.,-1.15059396649613,1.64510534047399));
#4517=CARTESIAN_POINT('Ctrl Pts',(4.99135420635515,-1.28808109937878,1.53883754307428));
#4518=CARTESIAN_POINT('Ctrl Pts',(4.96104016584888,-1.58566673108599,1.2449397930064));
#4519=CARTESIAN_POINT('Ctrl Pts',(4.93209963841503,-1.74150248744498,1.01943419491735));
#4520=CARTESIAN_POINT('Ctrl Pts',(4.88731385298687,-1.94869650985943,0.524078474384401));
#4521=CARTESIAN_POINT('Ctrl Pts',(4.87298334620742,-2.,0.254069662137912));
#4522=CARTESIAN_POINT('Ctrl Pts',(4.87298334620742,-2.,0.));
#4523=CARTESIAN_POINT('',(1.,-5.,-1.11022302462516E-15));
#4524=CARTESIAN_POINT('',(1.,-5.,40.3078795590886));
#4525=CARTESIAN_POINT('Origin',(1.,-1.,0.));
#4526=CARTESIAN_POINT('Origin',(1.,22.5,-0.999999999999999));
#4527=CARTESIAN_POINT('',(1.,1.73205080756888,-5.));
#4528=CARTESIAN_POINT('Origin',(1.,1.73205080756888,-0.999999999999999));
#4529=CARTESIAN_POINT('',(1.,80.,-5.));
#4530=CARTESIAN_POINT('',(1.,22.5,-5.));
#4531=CARTESIAN_POINT('Origin',(1.,80.,-0.999999999999999));
#4532=CARTESIAN_POINT('Origin',(1.,80.,-10.));
#4533=CARTESIAN_POINT('',(1.,85.,-10.));
#4534=CARTESIAN_POINT('Origin',(1.,89.,-9.99999999999999));
#4535=CARTESIAN_POINT('Origin',(1.,80.,-10.));
#4536=CARTESIAN_POINT('Origin',(1.,89.,7.00593616291879));
#4537=CARTESIAN_POINT('',(1.,85.,-13.5801421406645));
#4538=CARTESIAN_POINT('Origin',(1.,22.5,-0.999999999999999));
#4539=CARTESIAN_POINT('',(4.87298334620742,-7.15148590763916E-18,-2.));
#4540=CARTESIAN_POINT('Ctrl Pts',(4.87298334620742,6.93889390390723E-17,
-2.));
#4541=CARTESIAN_POINT('Ctrl Pts',(4.87298334620742,0.254069662137912,-2.));
#4542=CARTESIAN_POINT('Ctrl Pts',(4.88731385298687,0.524078474384401,-1.94869650985943));
#4543=CARTESIAN_POINT('Ctrl Pts',(4.93209963841503,1.01943419491735,-1.74150248744498));
#4544=CARTESIAN_POINT('Ctrl Pts',(4.96104016584888,1.2449397930064,-1.58566673108599));
#4545=CARTESIAN_POINT('Ctrl Pts',(4.99135420635515,1.53883754307428,-1.28808109937878));
#4546=CARTESIAN_POINT('Ctrl Pts',(5.,1.64510534047399,-1.15059396649613));
#4547=CARTESIAN_POINT('Ctrl Pts',(5.,1.73205080756883,-1.00000000000009));
#4548=CARTESIAN_POINT('',(1.,-2.86059436305566E-17,-5.));
#4549=CARTESIAN_POINT('Origin',(1.,0.,-0.999999999999999));
#4550=CARTESIAN_POINT('',(1.,22.5,-5.));
#4551=CARTESIAN_POINT('Ctrl Pts',(1.,-5.,-4.9960036108132E-15));
#4552=CARTESIAN_POINT('Ctrl Pts',(1.,-5.00000000000002,-5.00000000000002));
#4553=CARTESIAN_POINT('Ctrl Pts',(1.,-4.71844785465692E-15,-5.));
#4554=CARTESIAN_POINT('Ctrl Pts',(4.09838667696593,-5.,-4.9960036108132E-15));
#4555=CARTESIAN_POINT('Ctrl Pts',(4.09838667696593,-5.00000000000002,-5.00000000000002));
#4556=CARTESIAN_POINT('Ctrl Pts',(4.09838667696593,-4.71844785465692E-15,
-5.));
#4557=CARTESIAN_POINT('Ctrl Pts',(4.87298334620742,-2.,-4.9960036108132E-15));
#4558=CARTESIAN_POINT('Ctrl Pts',(4.87298334620742,-2.00000000000001,-2.00000000000001));
#4559=CARTESIAN_POINT('Ctrl Pts',(4.87298334620742,-4.71844785465692E-15,
-2.));
#4560=CARTESIAN_POINT('Origin',(4.87298334620742,-4.71844785465692E-15,
-4.9960036108132E-15));
#4561=CARTESIAN_POINT('Origin',(1.,-4.71844785465692E-15,-4.9960036108132E-15));
#4562=CARTESIAN_POINT('Origin',(0.,85.,16.4198578593355));
#4563=CARTESIAN_POINT('',(0.,85.,10.));
#4564=CARTESIAN_POINT('Origin',(0.,80.,10.));
#4565=CARTESIAN_POINT('',(0.,80.,5.));
#4566=CARTESIAN_POINT('Origin',(0.,80.,5.));
#4567=CARTESIAN_POINT('',(0.,10.,5.));
#4568=CARTESIAN_POINT('Origin',(0.,9.99999999999999,9.99999999999999));
#4569=CARTESIAN_POINT('',(0.,5.,10.));
#4570=CARTESIAN_POINT('Origin',(0.,5.,10.));
#4571=CARTESIAN_POINT('',(0.,5.,56.6038867923396));
#4572=CARTESIAN_POINT('Origin',(54.6038867923396,0.,0.));
#4573=CARTESIAN_POINT('',(54.6038867923396,-2.,-2.44929359829471E-16));
#4574=CARTESIAN_POINT('',(54.6038867923396,2.,0.));
#4575=CARTESIAN_POINT('Origin',(54.6038867923396,0.,0.));
#4576=CARTESIAN_POINT('',(56.6038867923396,1.22464679914735E-16,0.));
#4577=CARTESIAN_POINT('Origin',(54.6038867923396,0.,0.));
#4578=CARTESIAN_POINT('Origin',(54.6038867923396,0.,0.));
#4579=CARTESIAN_POINT('Origin',(0.,0.,0.));
#4580=CARTESIAN_POINT('',(44.6038867923396,-2.,-2.44929359829471E-16));
#4581=CARTESIAN_POINT('',(0.,-2.,-2.44929359829471E-16));
#4582=CARTESIAN_POINT('Origin',(44.6038867923396,0.,0.));
#4583=CARTESIAN_POINT('Ctrl Pts',(36.6038867923396,0.,2.5));
#4584=CARTESIAN_POINT('Ctrl Pts',(36.6038867923396,-2.5,2.5));
#4585=CARTESIAN_POINT('Ctrl Pts',(36.6038867923396,-2.5,0.));
#4586=CARTESIAN_POINT('Ctrl Pts',(36.6038867923396,-2.5,-2.5));
#4587=CARTESIAN_POINT('Ctrl Pts',(36.6038867923396,0.,-2.5));
#4588=CARTESIAN_POINT('Ctrl Pts',(36.6038867923396,2.5,-2.5));
#4589=CARTESIAN_POINT('Ctrl Pts',(36.6038867923396,2.5,0.));
#4590=CARTESIAN_POINT('Ctrl Pts',(36.6038867923396,2.5,2.5));
#4591=CARTESIAN_POINT('Ctrl Pts',(36.6038867923396,0.,2.5));
#4592=CARTESIAN_POINT('Ctrl Pts',(36.6038867923396,0.,5.));
#4593=CARTESIAN_POINT('Ctrl Pts',(36.6038867923396,-5.,5.));
#4594=CARTESIAN_POINT('Ctrl Pts',(36.6038867923396,-5.,0.));
#4595=CARTESIAN_POINT('Ctrl Pts',(36.6038867923396,-5.,-5.));
#4596=CARTESIAN_POINT('Ctrl Pts',(36.6038867923396,0.,-5.));
#4597=CARTESIAN_POINT('Ctrl Pts',(36.6038867923396,5.,-5.));
#4598=CARTESIAN_POINT('Ctrl Pts',(36.6038867923396,5.,0.));
#4599=CARTESIAN_POINT('Ctrl Pts',(36.6038867923396,5.,5.));
#4600=CARTESIAN_POINT('Ctrl Pts',(36.6038867923396,0.,5.));
#4601=CARTESIAN_POINT('Ctrl Pts',(39.1038867923396,0.,5.));
#4602=CARTESIAN_POINT('Ctrl Pts',(39.1038867923396,-5.,5.));
#4603=CARTESIAN_POINT('Ctrl Pts',(39.1038867923396,-5.,0.));
#4604=CARTESIAN_POINT('Ctrl Pts',(39.1038867923396,-5.,-5.));
#4605=CARTESIAN_POINT('Ctrl Pts',(39.1038867923396,0.,-5.));
#4606=CARTESIAN_POINT('Ctrl Pts',(39.1038867923396,5.,-5.));
#4607=CARTESIAN_POINT('Ctrl Pts',(39.1038867923396,5.,0.));
#4608=CARTESIAN_POINT('Ctrl Pts',(39.1038867923396,5.,5.));
#4609=CARTESIAN_POINT('Ctrl Pts',(39.1038867923396,0.,5.));
#4610=CARTESIAN_POINT('',(39.1038867923396,-5.,6.12323399573677E-16));
#4611=CARTESIAN_POINT('',(39.1038867923396,-6.12323399573677E-16,5.));
#4612=CARTESIAN_POINT('Origin',(39.1038867923396,0.,0.));
#4613=CARTESIAN_POINT('',(36.6038867923396,-3.06161699786838E-16,2.5));
#4614=CARTESIAN_POINT('Origin',(39.1038867923396,-3.06161699786838E-16,
2.5));
#4615=CARTESIAN_POINT('Origin',(36.6038867923396,0.,0.));
#4616=CARTESIAN_POINT('Origin',(39.1038867923396,0.,0.));
#4617=CARTESIAN_POINT('Origin',(36.6038867923396,0.,0.));
#4618=CARTESIAN_POINT('',(42.1038867923396,-5.,-6.12323399573677E-16));
#4619=CARTESIAN_POINT('',(42.1038867923396,-6.12323399573677E-16,5.));
#4620=CARTESIAN_POINT('Origin',(42.1038867923396,0.,0.));
#4621=CARTESIAN_POINT('',(36.6038867923396,-5.,-6.12323399573677E-16));
#4622=CARTESIAN_POINT('Origin',(42.1038867923396,0.,0.));
#4623=CARTESIAN_POINT('Origin',(36.6038867923396,0.,0.));
#4624=CARTESIAN_POINT('',(36.6038867923396,-2.,2.44929359829471E-16));
#4625=CARTESIAN_POINT('Origin',(36.6038867923396,0.,0.));
#4626=CARTESIAN_POINT('Ctrl Pts',(42.1038867923396,0.,5.));
#4627=CARTESIAN_POINT('Ctrl Pts',(42.1038867923396,-5.,5.));
#4628=CARTESIAN_POINT('Ctrl Pts',(42.1038867923396,-5.,0.));
#4629=CARTESIAN_POINT('Ctrl Pts',(42.1038867923396,-5.,-5.));
#4630=CARTESIAN_POINT('Ctrl Pts',(42.1038867923396,0.,-5.));
#4631=CARTESIAN_POINT('Ctrl Pts',(42.1038867923396,5.,-5.));
#4632=CARTESIAN_POINT('Ctrl Pts',(42.1038867923396,5.,0.));
#4633=CARTESIAN_POINT('Ctrl Pts',(42.1038867923396,5.,5.));
#4634=CARTESIAN_POINT('Ctrl Pts',(42.1038867923396,0.,5.));
#4635=CARTESIAN_POINT('Ctrl Pts',(44.6038867923396,0.,5.));
#4636=CARTESIAN_POINT('Ctrl Pts',(44.6038867923396,-5.,5.));
#4637=CARTESIAN_POINT('Ctrl Pts',(44.6038867923396,-5.,0.));
#4638=CARTESIAN_POINT('Ctrl Pts',(44.6038867923396,-5.,-5.));
#4639=CARTESIAN_POINT('Ctrl Pts',(44.6038867923396,0.,-5.));
#4640=CARTESIAN_POINT('Ctrl Pts',(44.6038867923396,5.,-5.));
#4641=CARTESIAN_POINT('Ctrl Pts',(44.6038867923396,5.,0.));
#4642=CARTESIAN_POINT('Ctrl Pts',(44.6038867923396,5.,5.));
#4643=CARTESIAN_POINT('Ctrl Pts',(44.6038867923396,0.,5.));
#4644=CARTESIAN_POINT('Ctrl Pts',(44.6038867923396,0.,2.5));
#4645=CARTESIAN_POINT('Ctrl Pts',(44.6038867923396,-2.5,2.5));
#4646=CARTESIAN_POINT('Ctrl Pts',(44.6038867923396,-2.5,0.));
#4647=CARTESIAN_POINT('Ctrl Pts',(44.6038867923396,-2.5,-2.5));
#4648=CARTESIAN_POINT('Ctrl Pts',(44.6038867923396,0.,-2.5));
#4649=CARTESIAN_POINT('Ctrl Pts',(44.6038867923396,2.5,-2.5));
#4650=CARTESIAN_POINT('Ctrl Pts',(44.6038867923396,2.5,0.));
#4651=CARTESIAN_POINT('Ctrl Pts',(44.6038867923396,2.5,2.5));
#4652=CARTESIAN_POINT('Ctrl Pts',(44.6038867923396,0.,2.5));
#4653=CARTESIAN_POINT('',(44.6038867923396,-3.06161699786838E-16,2.5));
#4654=CARTESIAN_POINT('Origin',(44.6038867923396,0.,0.));
#4655=CARTESIAN_POINT('Origin',(42.1038867923396,-3.06161699786838E-16,
2.5));
#4656=CARTESIAN_POINT('Origin',(44.6038867923396,0.,0.));
#4657=CARTESIAN_POINT('Origin',(0.,0.,0.));
#4658=CARTESIAN_POINT('',(0.,-2.,-2.44929359829471E-16));
#4659=CARTESIAN_POINT('Origin',(0.,4.9960036108132E-15,56.6038867923396));
#4660=CARTESIAN_POINT('',(0.,-5.,56.6038867923396));
#4661=CARTESIAN_POINT('Origin',(0.,85.,-10.));
#4662=CARTESIAN_POINT('',(0.,85.,-10.));
#4663=CARTESIAN_POINT('Origin',(0.,80.,-10.));
#4664=CARTESIAN_POINT('',(0.,80.,-5.));
#4665=CARTESIAN_POINT('Origin',(0.,0.,-5.));
#4666=CARTESIAN_POINT('',(0.,-2.86059436305566E-17,-5.));
#4667=CARTESIAN_POINT('Origin',(0.,-4.71844785465692E-15,-4.9960036108132E-15));
#4668=CARTESIAN_POINT('',(0.,-5.,-1.11022302462516E-15));
#4669=CARTESIAN_POINT('Origin',(0.,-5.,56.6038867923396));
#4670=CARTESIAN_POINT('',(0.,0.,0.));
#4671=CARTESIAN_POINT('Origin',(-0.103886792339618,25.00000037252,40.0000005960415));
#4672=CARTESIAN_POINT('',(-5.10388679233962,8.90883300740477,32.6887722569194));
#4673=CARTESIAN_POINT('',(-5.10388679233962,38.2042657337634,51.7484942556047));
#4674=CARTESIAN_POINT('Origin',(-5.10388679233962,25.00000037252,40.0000005960415));
#4675=CARTESIAN_POINT('',(-1.10388679233962,35.2242923334244,54.4167818213052));
#4676=CARTESIAN_POINT('Ctrl Pts',(-1.10388679233962,35.2242923334244,54.4167818213052));
#4677=CARTESIAN_POINT('Ctrl Pts',(-1.14267154807928,35.2242923178019,54.4167817992768));
#4678=CARTESIAN_POINT('Ctrl Pts',(-1.18145630528833,35.2247524787713,54.4164555221826));
#4679=CARTESIAN_POINT('Ctrl Pts',(-2.01253724252389,35.2444767462266,54.4024643552201));
#4680=CARTESIAN_POINT('Ctrl Pts',(-2.77965714498886,35.4570971563185,54.2562273528455));
#4681=CARTESIAN_POINT('Ctrl Pts',(-3.84347915866863,36.0564026761191,53.7921999469032));
#4682=CARTESIAN_POINT('Ctrl Pts',(-4.20052099006419,36.3492867506491,53.5558718177043));
#4683=CARTESIAN_POINT('Ctrl Pts',(-4.75142135657458,36.9989181798046,52.98429280741));
#4684=CARTESIAN_POINT('Ctrl Pts',(-4.94045997362522,37.3481605534578,52.6552563163274));
#4685=CARTESIAN_POINT('Ctrl Pts',(-5.08092480316846,37.8691117482381,52.1171896931551));
#4686=CARTESIAN_POINT('Ctrl Pts',(-5.10388679233962,38.0386788714304,51.9345992094769));
#4687=CARTESIAN_POINT('Ctrl Pts',(-5.10388679233962,38.2042657337634,51.7484942556047));
#4688=CARTESIAN_POINT('',(4.89611320766038,35.2242923334245,54.4167818213051));
#4689=CARTESIAN_POINT('',(-0.103886792339618,35.2242923334244,54.4167818213052));
#4690=CARTESIAN_POINT('',(4.89611320766038,8.90883300740477,32.6887722569194));
#4691=CARTESIAN_POINT('Origin',(4.89611320766038,25.00000037252,40.0000005960415));
#4692=CARTESIAN_POINT('',(0.896113207660383,7.35380542158106,40.9957569680469));
#4693=CARTESIAN_POINT('Ctrl Pts',(0.896113207660383,7.35380542158106,40.9957569680469));
#4694=CARTESIAN_POINT('Ctrl Pts',(0.89899430411419,7.35357858091447,40.9917370343179));
#4695=CARTESIAN_POINT('Ctrl Pts',(0.901875401600783,7.35335311382246,40.9877170216334));
#4696=CARTESIAN_POINT('Ctrl Pts',(2.04315487039917,7.26458355050615,39.3952488902748));
#4697=CARTESIAN_POINT('Ctrl Pts',(3.21565080918947,7.38777626478433,37.7470721823088));
#4698=CARTESIAN_POINT('Ctrl Pts',(4.38854004813266,7.95182807891038,35.2604296346726));
#4699=CARTESIAN_POINT('Ctrl Pts',(4.69739747913391,8.21174222580346,34.3976792639306));
#4700=CARTESIAN_POINT('Ctrl Pts',(4.87241954399639,8.66133532309107,33.2530094368719));
#4701=CARTESIAN_POINT('Ctrl Pts',(4.89611320766038,8.78156499184918,32.9688744290227));
#4702=CARTESIAN_POINT('Ctrl Pts',(4.89611320766038,8.90883300740477,32.6887722569194));
#4703=CARTESIAN_POINT('',(-1.10388679233962,7.35380542158106,40.9957569680469));
#4704=CARTESIAN_POINT('',(-0.103886792339618,7.35380542158106,40.9957569680469));
#4705=CARTESIAN_POINT('Ctrl Pts',(-1.10388679233962,7.35380542158106,40.9957569680469));
#4706=CARTESIAN_POINT('Ctrl Pts',(-1.10665565601543,7.3535874174663,40.9918936303698));
#4707=CARTESIAN_POINT('Ctrl Pts',(-1.10942452061456,7.35337068199819,40.9880302198138));
#4708=CARTESIAN_POINT('Ctrl Pts',(-1.93711650224665,7.28896145059707,39.8331238620959));
#4709=CARTESIAN_POINT('Ctrl Pts',(-2.78737679439965,7.33550864363387,38.642053851543));
#4710=CARTESIAN_POINT('Ctrl Pts',(-4.05341629296474,7.65434346191937,36.4719099993242));
#4711=CARTESIAN_POINT('Ctrl Pts',(-4.54672934681892,7.88474887125355,35.4607474627392));
#4712=CARTESIAN_POINT('Ctrl Pts',(-5.00378331771319,8.41679569941805,33.8554079784857));
#4713=CARTESIAN_POINT('Ctrl Pts',(-5.10388679233858,8.64667883135333,33.2657432564081));
#4714=CARTESIAN_POINT('Ctrl Pts',(-5.10388679233962,8.90883300740072,32.6887722569283));
#4715=CARTESIAN_POINT('Origin',(-0.103886792339618,2.83791651797939,12.6551235311936));
#4716=CARTESIAN_POINT('',(-5.10388679233962,31.9729022274582,56.7466879092892));
#4717=CARTESIAN_POINT('Ctrl Pts',(-1.10388679233962,35.2242923334244,54.4167818213052));
#4718=CARTESIAN_POINT('Ctrl Pts',(-1.11360800886239,35.2242923334025,54.4167818212771));
#4719=CARTESIAN_POINT('Ctrl Pts',(-1.12332922538551,35.2242643293541,54.4168035386475));
#4720=CARTESIAN_POINT('Ctrl Pts',(-1.66448357977201,35.2211464351879,54.4192214711933));
#4721=CARTESIAN_POINT('Ctrl Pts',(-2.1898422856972,35.1346007756994,54.4867071226262));
#4722=CARTESIAN_POINT('Ctrl Pts',(-3.15678158787606,34.8058777668934,54.7384320811289));
#4723=CARTESIAN_POINT('Ctrl Pts',(-3.59061302980883,34.5700178274841,54.9176937446444));
#4724=CARTESIAN_POINT('Ctrl Pts',(-4.32003508502242,33.9738652537881,55.3587939671252));
#4725=CARTESIAN_POINT('Ctrl Pts',(-4.60877632612391,33.6193394212903,55.61613930835));
#4726=CARTESIAN_POINT('Ctrl Pts',(-5.00264515393697,32.8320095780913,56.1694824327234));
#4727=CARTESIAN_POINT('Ctrl Pts',(-5.10388679233962,32.4067581848464,56.4600029776755));
#4728=CARTESIAN_POINT('Ctrl Pts',(-5.10388679233962,31.9729022274582,56.7466879092893));
#4729=CARTESIAN_POINT('',(-5.10388679233962,26.7777257175685,59.7698662035945));
#4730=CARTESIAN_POINT('Origin',(-5.10388679233962,2.83791651797939,12.6551235311936));
#4731=CARTESIAN_POINT('',(4.89611320766038,26.7777257175685,59.7698662035945));
#4732=CARTESIAN_POINT('',(-0.103886792339618,26.7777257175685,59.7698662035945));
#4733=CARTESIAN_POINT('Origin',(4.89611320766038,2.83791651797939,12.6551235311936));
#4734=CARTESIAN_POINT('Origin',(36.1038867923396,25.00000037252,40.0000005960415));
#4735=CARTESIAN_POINT('',(36.1038867923396,26.4755035310741,42.612066910111));
#4736=CARTESIAN_POINT('Origin',(36.1038867923396,25.00000037252,40.0000005960415));
#4737=CARTESIAN_POINT('',(36.1038867923396,26.741377915233,39.0163318236721));
#4738=CARTESIAN_POINT('Origin',(36.1038867923396,25.00000037252,40.0000005960415));
#4739=CARTESIAN_POINT('Origin',(44.1038867923396,25.00000037252,40.0000005960415));
#4740=CARTESIAN_POINT('',(44.1038867923396,23.5244972139658,37.387934281972));
#4741=CARTESIAN_POINT('Origin',(44.1038867923396,25.00000037252,40.0000005960415));
#4742=CARTESIAN_POINT('',(44.1038867923396,26.741377915233,39.0163318236721));
#4743=CARTESIAN_POINT('Origin',(44.1038867923396,25.00000037252,40.0000005960415));
#4744=CARTESIAN_POINT('Origin',(38.1038867923396,25.00000037252,40.0000005960415));
#4745=CARTESIAN_POINT('',(38.1038867923396,27.4591723034435,44.353444452824));
#4746=CARTESIAN_POINT('Origin',(38.1038867923396,26.4755035310741,42.612066910111));
#4747=CARTESIAN_POINT('',(38.1038867923396,22.5408284415964,35.646556739259));
#4748=CARTESIAN_POINT('Origin',(38.1038867923396,25.00000037252,40.0000005960415));
#4749=CARTESIAN_POINT('Origin',(38.1038867923396,25.00000037252,40.0000005960415));
#4750=CARTESIAN_POINT('Origin',(40.1038867923396,25.00000037252,40.0000005960415));
#4751=CARTESIAN_POINT('',(42.1038867923396,22.5408284415964,35.646556739259));
#4752=CARTESIAN_POINT('Origin',(42.1038867923396,25.00000037252,40.0000005960415));
#4753=CARTESIAN_POINT('',(40.1038867923396,22.5408284415964,35.646556739259));
#4754=CARTESIAN_POINT('Origin',(42.1038867923396,25.00000037252,40.0000005960415));
#4755=CARTESIAN_POINT('Origin',(42.1038867923396,23.5244972139658,37.387934281972));
#4756=CARTESIAN_POINT('Origin',(-0.103886792339618,25.00000037252,40.0000005960415));
#4757=CARTESIAN_POINT('',(64.5,26.741377915233,39.0163318236721));
#4758=CARTESIAN_POINT('',(64.5,23.2586228298069,40.9836693684109));
#4759=CARTESIAN_POINT('Origin',(64.5,25.00000037252,40.0000005960415));
#4760=CARTESIAN_POINT('',(-0.103886792339618,26.741377915233,39.0163318236721));
#4761=CARTESIAN_POINT('Origin',(64.5,25.00000037252,40.0000005960415));
#4762=CARTESIAN_POINT('Origin',(-37.1038867923396,25.00000037252,40.0000005960415));
#4763=CARTESIAN_POINT('',(-37.1038867923396,26.4755035310741,42.612066910111));
#4764=CARTESIAN_POINT('Origin',(-37.1038867923396,25.00000037252,40.0000005960415));
#4765=CARTESIAN_POINT('',(-37.1038867923396,26.741377915233,39.0163318236721));
#4766=CARTESIAN_POINT('Origin',(-37.1038867923396,25.00000037252,40.0000005960415));
#4767=CARTESIAN_POINT('Origin',(-45.1038867923396,25.00000037252,40.0000005960415));
#4768=CARTESIAN_POINT('',(-45.1038867923396,23.5244972139658,37.387934281972));
#4769=CARTESIAN_POINT('Origin',(-45.1038867923396,25.00000037252,40.0000005960415));
#4770=CARTESIAN_POINT('',(-45.1038867923396,26.741377915233,39.0163318236721));
#4771=CARTESIAN_POINT('Origin',(-45.1038867923396,25.00000037252,40.0000005960415));
#4772=CARTESIAN_POINT('Origin',(-39.1038867923396,25.00000037252,40.0000005960415));
#4773=CARTESIAN_POINT('',(-39.1038867923396,27.4591723034435,44.353444452824));
#4774=CARTESIAN_POINT('Origin',(-39.1038867923396,26.4755035310741,42.612066910111));
#4775=CARTESIAN_POINT('',(-39.1038867923396,22.5408284415964,35.646556739259));
#4776=CARTESIAN_POINT('Origin',(-39.1038867923396,25.00000037252,40.0000005960415));
#4777=CARTESIAN_POINT('Origin',(-39.1038867923396,25.00000037252,40.0000005960415));
#4778=CARTESIAN_POINT('Origin',(-41.1038867923396,25.00000037252,40.0000005960415));
#4779=CARTESIAN_POINT('',(-43.1038867923396,22.5408284415964,35.646556739259));
#4780=CARTESIAN_POINT('Origin',(-43.1038867923396,25.00000037252,40.0000005960415));
#4781=CARTESIAN_POINT('',(-41.1038867923396,22.5408284415964,35.646556739259));
#4782=CARTESIAN_POINT('Origin',(-43.1038867923396,25.00000037252,40.0000005960415));
#4783=CARTESIAN_POINT('Origin',(-43.1038867923396,23.5244972139658,37.387934281972));
#4784=CARTESIAN_POINT('Origin',(-0.103886792339618,25.00000037252,40.0000005960415));
#4785=CARTESIAN_POINT('',(-56.7077735846792,26.741377915233,39.0163318236721));
#4786=CARTESIAN_POINT('',(-0.103886792339618,26.741377915233,39.0163318236721));
#4787=CARTESIAN_POINT('Origin',(-56.7077735846792,25.00000037252,40.0000005960415));
#4788=CARTESIAN_POINT('Origin',(-0.103886792339618,25.00000037252,40.0000005960415));
#4789=CARTESIAN_POINT('',(4.89611320766038,26.741377915233,39.0163318236721));
#4790=CARTESIAN_POINT('',(-0.103886792339618,26.741377915233,39.0163318236721));
#4791=CARTESIAN_POINT('Origin',(4.89611320766038,25.00000037252,40.0000005960415));
#4792=CARTESIAN_POINT('Origin',(-0.103886792339618,25.00000037252,40.0000005960415));
#4793=CARTESIAN_POINT('',(-5.10388679233962,26.741377915233,39.0163318236721));
#4794=CARTESIAN_POINT('Origin',(-5.10388679233962,25.00000037252,40.0000005960415));
#4795=CARTESIAN_POINT('',(-0.103886792339618,26.741377915233,39.0163318236721));
#4796=CARTESIAN_POINT('Origin',(64.5,25.00000037252,40.0000005960415));
#4797=CARTESIAN_POINT('',(66.5,25.00000037252,40.0000005960415));
#4798=CARTESIAN_POINT('Origin',(64.5,25.00000037252,40.0000005960415));
#4799=CARTESIAN_POINT('Origin',(-56.7077735846792,25.00000037252,40.0000005960415));
#4800=CARTESIAN_POINT('Origin',(-1.10388679233962,11.1564324320062,52.4140147607002));
#4801=CARTESIAN_POINT('',(-5.10388679233962,2.00330115273937,57.584432540859));
#4802=CARTESIAN_POINT('',(-1.10388679233962,-1.12066276817528,54.7550321815829));
#4803=CARTESIAN_POINT('Ctrl Pts',(-5.10388679233962,2.00330115273937,57.584432540859));
#4804=CARTESIAN_POINT('Ctrl Pts',(-5.10388679233962,1.57594273303927,57.2621807473138));
#4805=CARTESIAN_POINT('Ctrl Pts',(-5.00780310148348,1.12972915667584,56.9003654821483));
#4806=CARTESIAN_POINT('Ctrl Pts',(-4.59607080636278,0.330262287364263,56.2049583159057));
#4807=CARTESIAN_POINT('Ctrl Pts',(-4.27989236840994,-0.0235081508023001,
55.8722751394231));
#4808=CARTESIAN_POINT('Ctrl Pts',(-3.5558982904524,-0.551583726161226,55.3546332115921));
#4809=CARTESIAN_POINT('Ctrl Pts',(-3.11189982122463,-0.767849679377832,
55.1305942238035));
#4810=CARTESIAN_POINT('Ctrl Pts',(-2.13568151271229,-1.05198062407425,54.830519120062));
#4811=CARTESIAN_POINT('Ctrl Pts',(-1.6035309482933,-1.12066276817528,54.7550321815829));
#4812=CARTESIAN_POINT('Ctrl Pts',(-1.10388679233962,-1.12066276817528,54.7550321815829));
#4813=CARTESIAN_POINT('',(-5.10388679233962,2.22906087255873,57.4569054647379));
#4814=CARTESIAN_POINT('',(-5.10388679233962,11.1564324320062,52.4140147607002));
#4815=CARTESIAN_POINT('',(-1.10388679233962,0.261723327819894,53.9741503793119));
#4816=CARTESIAN_POINT('Origin',(-1.10388679233962,2.22906087255873,57.4569054647379));
#4817=CARTESIAN_POINT('',(-1.10388679233962,9.18909488726736,48.9312596752742));
#4818=CARTESIAN_POINT('Origin',(-1.10388679233962,-6.62395807876615,41.7845075803207));
#4819=CARTESIAN_POINT('Origin',(-5.10388679233962,-6.62395807876615,41.7845075803207));
#4820=CARTESIAN_POINT('Origin',(-1.10388679233962,-6.62395807876615,41.7845075803207));
#4821=CARTESIAN_POINT('Ctrl Pts',(-1.10388679233962,35.2242923334244,54.4167818213052));
#4822=CARTESIAN_POINT('Ctrl Pts',(-1.10388679233962,35.2242923334244,54.4167818213052));
#4823=CARTESIAN_POINT('Ctrl Pts',(-1.10388679233962,35.2242923334244,54.4167818213052));
#4824=CARTESIAN_POINT('Ctrl Pts',(-1.10388679233962,35.2242923334244,54.4167818213052));
#4825=CARTESIAN_POINT('Ctrl Pts',(-1.10388679233962,35.2242923334244,54.4167818213052));
#4826=CARTESIAN_POINT('Ctrl Pts',(-1.10388679233962,35.2242923334244,54.4167818213052));
#4827=CARTESIAN_POINT('Ctrl Pts',(-1.10388679233962,35.2242923334244,54.4167818213052));
#4828=CARTESIAN_POINT('Ctrl Pts',(-5.10388679233967,35.2242923334244,54.4167818213052));
#4829=CARTESIAN_POINT('Ctrl Pts',(-5.10388679233967,35.2242923334244,54.4167818213052));
#4830=CARTESIAN_POINT('Ctrl Pts',(-5.10388679233967,35.2242923334244,54.4167818213052));
#4831=CARTESIAN_POINT('Ctrl Pts',(-5.10388679233967,35.2242923334244,54.4167818213052));
#4832=CARTESIAN_POINT('Ctrl Pts',(-5.10388679233967,35.2242923334244,54.4167818213052));
#4833=CARTESIAN_POINT('Ctrl Pts',(-5.10388679233967,35.2242923334244,54.4167818213052));
#4834=CARTESIAN_POINT('Ctrl Pts',(-5.10388679233967,35.2242923334244,54.4167818213052));
#4835=CARTESIAN_POINT('Ctrl Pts',(-5.10388679233962,32.0634125955827,56.8680752111103));
#4836=CARTESIAN_POINT('Ctrl Pts',(-5.10388679233962,30.624690080309,55.0128795556989));
#4837=CARTESIAN_POINT('Ctrl Pts',(-5.10388679233962,31.5429674044575,52.852222213183));
#4838=CARTESIAN_POINT('Ctrl Pts',(-5.10388679233962,32.461244728606,50.6915648706672));
#4839=CARTESIAN_POINT('Ctrl Pts',(-5.10388679233962,34.7954059493375,50.4398412296512));
#4840=CARTESIAN_POINT('Ctrl Pts',(-5.10388679233962,37.1295671700689,50.1881175886353));
#4841=CARTESIAN_POINT('Ctrl Pts',(-5.10388679233962,38.4873977785209,52.10331194811));
#4842=CARTESIAN_POINT('Origin',(-5.10388679233962,35.2242923334244,54.4167818213052));
#4843=CARTESIAN_POINT('Origin',(-5.10388679233962,19.6131554502835,43.3098362949175));
#4844=CARTESIAN_POINT('Origin',(-5.10388679233962,16.1407817869992,38.835828178006));
#4845=CARTESIAN_POINT('Origin',(0.896113207660383,11.1564324320062,52.4140147607002));
#4846=CARTESIAN_POINT('',(4.89611320766038,2.00330115273937,57.584432540859));
#4847=CARTESIAN_POINT('',(0.896113207660383,-1.12066276817528,54.7550321815829));
#4848=CARTESIAN_POINT('Ctrl Pts',(4.89611320766038,2.00330115273937,57.584432540859));
#4849=CARTESIAN_POINT('Ctrl Pts',(4.89611320766038,1.57594273303927,57.2621807473138));
#4850=CARTESIAN_POINT('Ctrl Pts',(4.80002951680424,1.12972915667584,56.9003654821483));
#4851=CARTESIAN_POINT('Ctrl Pts',(4.38829722168355,0.330262287364263,56.2049583159057));
#4852=CARTESIAN_POINT('Ctrl Pts',(4.0721187837307,-0.0235081508023001,55.8722751394231));
#4853=CARTESIAN_POINT('Ctrl Pts',(3.34812470577317,-0.551583726161226,55.3546332115921));
#4854=CARTESIAN_POINT('Ctrl Pts',(2.90412623654539,-0.767849679377832,55.1305942238035));
#4855=CARTESIAN_POINT('Ctrl Pts',(1.92790792803305,-1.05198062407425,54.830519120062));
#4856=CARTESIAN_POINT('Ctrl Pts',(1.39575736361407,-1.12066276817528,54.7550321815829));
#4857=CARTESIAN_POINT('Ctrl Pts',(0.896113207660383,-1.12066276817528,54.7550321815829));
#4858=CARTESIAN_POINT('',(0.896113207660383,0.261723327819894,53.9741503793119));
#4859=CARTESIAN_POINT('',(0.896113207660383,9.18909488726736,48.9312596752742));
#4860=CARTESIAN_POINT('',(4.89611320766038,2.22906087255873,57.4569054647379));
#4861=CARTESIAN_POINT('Origin',(0.896113207660383,2.22906087255873,57.4569054647379));
#4862=CARTESIAN_POINT('',(4.89611320766038,11.1564324320062,52.4140147607002));
#4863=CARTESIAN_POINT('Origin',(0.896113207660383,-6.62395807876615,41.7845075803207));
#4864=CARTESIAN_POINT('Origin',(4.89611320766038,-6.62395807876615,41.7845075803207));
#4865=CARTESIAN_POINT('Origin',(0.896113207660383,-6.62395807876615,41.7845075803207));
#4866=CARTESIAN_POINT('Origin',(-0.103886792339618,-6.62395807876615,41.7845075803207));
#4867=CARTESIAN_POINT('',(-0.103886792339618,0.261723327819894,53.9741503793119));
#4868=CARTESIAN_POINT('Origin',(-0.103886792339618,-1.12066276817528,54.7550321815829));
#4869=CARTESIAN_POINT('',(-0.103886792339618,-1.12066276817528,54.7550321815829));
#4870=CARTESIAN_POINT('Origin',(-0.103886792339618,16.1407817869992,38.835828178006));
#4871=CARTESIAN_POINT('Origin',(4.89611320766038,16.1407817869992,38.835828178006));
#4872=CARTESIAN_POINT('Origin',(4.89611320766038,19.6131554502835,43.3098362949175));
#4873=CARTESIAN_POINT('',(0.,0.,0.));
#4874=CARTESIAN_POINT('Origin',(15.999,74.9990011920929,35.0009997764826));
#4875=CARTESIAN_POINT('',(11.,74.9990011920929,35.0009997764826));
#4876=CARTESIAN_POINT('',(15.999,74.9990011920929,39.9999997764826));
#4877=CARTESIAN_POINT('Origin',(15.999,74.9990011920929,35.0009997764826));
#4878=CARTESIAN_POINT('',(15.999,70.0000011920929,35.0009997764826));
#4879=CARTESIAN_POINT('Origin',(15.999,74.9990011920929,35.0009997764826));
#4880=CARTESIAN_POINT('Origin',(15.999,74.9990011920929,35.0009997764826));
#4881=CARTESIAN_POINT('Origin',(15.999,74.9990011920929,-12.5000002235174));
#4882=CARTESIAN_POINT('',(11.,74.9990011920929,-15.0000002235174));
#4883=CARTESIAN_POINT('',(15.999,70.0000011920929,-15.0000002235174));
#4884=CARTESIAN_POINT('Origin',(15.999,74.9990011920929,-15.));
#4885=CARTESIAN_POINT('',(15.999,70.0000011920929,-12.5000002235174));
#4886=CARTESIAN_POINT('',(11.,74.9990011920929,-12.5000002235174));
#4887=CARTESIAN_POINT('Origin',(15.999,75.0010011920929,35.0009997764826));
#4888=CARTESIAN_POINT('',(15.999,80.0000011920929,35.0009997764826));
#4889=CARTESIAN_POINT('',(15.999,75.0010011920929,39.9999997764826));
#4890=CARTESIAN_POINT('Origin',(15.999,75.0010011920929,35.0009997764826));
#4891=CARTESIAN_POINT('',(11.,75.0010011920929,35.0009997764826));
#4892=CARTESIAN_POINT('Origin',(15.999,75.0010011920929,35.0009997764826));
#4893=CARTESIAN_POINT('Origin',(15.999,75.0010011920929,35.0009997764826));
#4894=CARTESIAN_POINT('Origin',(15.999,75.0010011920929,-7.50000022351742));
#4895=CARTESIAN_POINT('',(15.999,80.0000011920929,-15.0000002235174));
#4896=CARTESIAN_POINT('',(11.,75.0010011920929,-15.0000002235174));
#4897=CARTESIAN_POINT('Origin',(15.999,75.0010011920929,-15.));
#4898=CARTESIAN_POINT('',(11.,75.0010011920929,-7.50000022351742));
#4899=CARTESIAN_POINT('',(15.999,80.0000011920929,-7.50000022351742));
#4900=CARTESIAN_POINT('Origin',(15.999,75.0000011920929,35.0009997764826));
#4901=CARTESIAN_POINT('',(15.999,75.0000011920929,39.9999997764826));
#4902=CARTESIAN_POINT('',(11.,75.0000011920929,35.0009997764826));
#4903=CARTESIAN_POINT('Origin',(16.001,74.9990011920929,35.0009997764826));
#4904=CARTESIAN_POINT('',(16.001,70.0000011920929,35.0009997764826));
#4905=CARTESIAN_POINT('',(16.001,74.9990011920929,39.9999997764826));
#4906=CARTESIAN_POINT('Origin',(16.001,74.9990011920929,35.0009997764826));
#4907=CARTESIAN_POINT('',(21.,74.9990011920929,35.0009997764826));
#4908=CARTESIAN_POINT('Origin',(16.001,74.9990011920929,35.0009997764826));
#4909=CARTESIAN_POINT('Origin',(16.001,74.9990011920929,35.0009997764826));
#4910=CARTESIAN_POINT('Origin',(16.001,75.0010011920929,35.0009997764826));
#4911=CARTESIAN_POINT('',(21.,75.0010011920929,35.0009997764826));
#4912=CARTESIAN_POINT('',(16.001,75.0010011920929,39.9999997764826));
#4913=CARTESIAN_POINT('Origin',(16.001,75.0010011920929,35.0009997764826));
#4914=CARTESIAN_POINT('',(16.001,80.0000011920929,35.0009997764826));
#4915=CARTESIAN_POINT('Origin',(16.001,75.0010011920929,35.0009997764826));
#4916=CARTESIAN_POINT('Origin',(16.001,75.0010011920929,35.0009997764826));
#4917=CARTESIAN_POINT('Origin',(25.999,74.9990011920929,-0.0010002235174178));
#4918=CARTESIAN_POINT('',(21.,74.9990011920929,-0.0010002235174178));
#4919=CARTESIAN_POINT('',(25.999,74.9990011920929,-5.00000022351742));
#4920=CARTESIAN_POINT('Origin',(25.999,74.9990011920929,-0.0010002235174178));
#4921=CARTESIAN_POINT('',(16.001,70.0000011920929,-0.0010002235174178));
#4922=CARTESIAN_POINT('Origin',(16.001,74.9990011920929,-0.0010002235174178));
#4923=CARTESIAN_POINT('',(25.999,70.0000011920929,-9.99900022351742));
#4924=CARTESIAN_POINT('Origin',(25.999,70.0000011920929,-0.0010002235174178));
#4925=CARTESIAN_POINT('Origin',(25.999,74.9990011920929,-9.99900022351742));
#4926=CARTESIAN_POINT('Origin',(16.001,74.9990011920929,-10.0000002235174));
#4927=CARTESIAN_POINT('',(16.001,70.0000011920929,-10.0000002235174));
#4928=CARTESIAN_POINT('',(21.,74.9990011920929,-10.0000002235174));
#4929=CARTESIAN_POINT('Origin',(46.,74.9990011920929,-9.99900022351742));
#4930=CARTESIAN_POINT('',(46.,70.0000011920929,-9.99900022351742));
#4931=CARTESIAN_POINT('',(46.,74.9990011920929,-5.00000022351742));
#4932=CARTESIAN_POINT('Origin',(46.,74.9990011920929,-9.99900022351742));
#4933=CARTESIAN_POINT('',(46.,74.9990011920929,-5.00000022351742));
#4934=CARTESIAN_POINT('',(46.,70.0000011920929,-9.99900022351742));
#4935=CARTESIAN_POINT('Origin',(25.999,75.0010011920929,-0.0010002235174178));
#4936=CARTESIAN_POINT('',(25.999,75.0010011920929,-5.00000022351742));
#4937=CARTESIAN_POINT('',(21.,75.0010011920929,-0.0010002235174178));
#4938=CARTESIAN_POINT('Origin',(25.999,75.0010011920929,-0.0010002235174178));
#4939=CARTESIAN_POINT('',(25.999,80.0000011920929,-9.99900022351742));
#4940=CARTESIAN_POINT('Origin',(25.999,75.0010011920929,-9.99900022351742));
#4941=CARTESIAN_POINT('',(16.001,80.0000011920929,-0.0010002235174178));
#4942=CARTESIAN_POINT('Origin',(25.999,80.0000011920929,-0.0010002235174178));
#4943=CARTESIAN_POINT('Origin',(16.001,75.0010011920929,-0.0010002235174178));
#4944=CARTESIAN_POINT('Origin',(46.,75.0010011920929,-9.99900022351742));
#4945=CARTESIAN_POINT('',(46.,75.0010011920929,-5.00000022351742));
#4946=CARTESIAN_POINT('',(46.,80.0000011920929,-9.99900022351742));
#4947=CARTESIAN_POINT('Origin',(46.,75.0010011920929,-9.99900022351742));
#4948=CARTESIAN_POINT('',(46.,80.0000011920929,-9.99900022351742));
#4949=CARTESIAN_POINT('',(46.,75.0010011920929,-5.00000022351742));
#4950=CARTESIAN_POINT('Origin',(16.001,75.0010011920929,-5.00000022351742));
#4951=CARTESIAN_POINT('',(21.,75.0010011920929,-5.00000022351742));
#4952=CARTESIAN_POINT('',(16.001,80.0000011920929,-5.00000022351742));
#4953=CARTESIAN_POINT('Origin',(25.999,70.0000011920929,-0.0010002235174178));
#4954=CARTESIAN_POINT('',(25.999,70.0000011920929,-5.00000022351742));
#4955=CARTESIAN_POINT('',(21.,70.0000011920929,-0.0010002235174178));
#4956=CARTESIAN_POINT('Origin',(31.,75.0010011920929,35.0009997764826));
#4957=CARTESIAN_POINT('',(31.,75.0010011920929,39.9999997764826));
#4958=CARTESIAN_POINT('',(31.,80.0000011920929,35.0009997764826));
#4959=CARTESIAN_POINT('Origin',(16.001,72.5000011920929,35.0009997764826));
#4960=CARTESIAN_POINT('',(16.001,72.5000011920929,39.9999997764826));
#4961=CARTESIAN_POINT('',(21.,72.5000011920929,35.0009997764826));
#4962=CARTESIAN_POINT('Origin',(31.,74.9990011920929,35.0009997764826));
#4963=CARTESIAN_POINT('',(31.,74.9990011920929,39.9999997764826));
#4964=CARTESIAN_POINT('',(31.,70.0000011920929,35.0009997764826));
#4965=CARTESIAN_POINT('Origin',(11.,75.0000011920929,-10.0000002235174));
#4966=CARTESIAN_POINT('',(11.,80.0000011920929,-15.0000002235174));
#4967=CARTESIAN_POINT('Origin',(46.,-10.,-15.));
#4968=CARTESIAN_POINT('',(46.,80.0000011920929,-15.0000002235174));
#4969=CARTESIAN_POINT('',(46.,80.0000011920929,-15.0000002235174));
#4970=CARTESIAN_POINT('',(46.,100.,-15.));
#4971=CARTESIAN_POINT('',(46.,-10.,-15.));
#4972=CARTESIAN_POINT('',(56.,100.,-15.));
#4973=CARTESIAN_POINT('',(46.,100.,-15.));
#4974=CARTESIAN_POINT('',(56.,-10.,-15.));
#4975=CARTESIAN_POINT('',(56.,-10.,-15.));
#4976=CARTESIAN_POINT('',(46.,-10.,-15.));
#4977=CARTESIAN_POINT('',(46.,-10.,-15.));
#4978=CARTESIAN_POINT('',(46.,70.0000011920929,-15.0000002235174));
#4979=CARTESIAN_POINT('',(46.,-10.,-15.));
#4980=CARTESIAN_POINT('',(46.,70.0000011920929,-15.0000002235174));
#4981=CARTESIAN_POINT('Origin',(46.,80.0000011920929,-5.00000022351742));
#4982=CARTESIAN_POINT('',(46.,80.0000011920929,5.0000000372529));
#4983=CARTESIAN_POINT('Origin',(16.,75.0000011920929,39.9999997764826));
#4984=CARTESIAN_POINT('Origin',(21.,70.0000011920929,-5.00000022351742));
#4985=CARTESIAN_POINT('Origin',(46.,70.0000011920929,-5.00000022351742));
#4986=CARTESIAN_POINT('',(46.,57.5000005960464,-5.00000022351742));
#4987=CARTESIAN_POINT('Origin',(46.,70.0000011920929,-15.0000002235174));
#4988=CARTESIAN_POINT('',(46.,70.0000011920929,3.72529007641731E-8));
#4989=CARTESIAN_POINT('Origin',(46.,25.000000372529,40.0000005960464));
#4990=CARTESIAN_POINT('',(56.,22.500000372529,40.0000005960464));
#4991=CARTESIAN_POINT('Origin',(56.,25.000000372529,40.0000005960464));
#4992=CARTESIAN_POINT('',(46.,22.500000372529,40.0000005960464));
#4993=CARTESIAN_POINT('',(46.,22.500000372529,40.0000005960464));
#4994=CARTESIAN_POINT('Origin',(46.,25.000000372529,40.0000005960464));
#4995=CARTESIAN_POINT('Origin',(46.,0.,0.));
#4996=CARTESIAN_POINT('',(56.,-2.5,-3.06161699786838E-16));
#4997=CARTESIAN_POINT('Origin',(56.,0.,0.));
#4998=CARTESIAN_POINT('',(46.,-2.5,-3.06161699786838E-16));
#4999=CARTESIAN_POINT('',(46.,-2.5,-3.06161699786838E-16));
#5000=CARTESIAN_POINT('Origin',(46.,0.,0.));
#5001=CARTESIAN_POINT('Origin',(46.,-2.07106781186547,10.));
#5002=CARTESIAN_POINT('',(46.,-2.07106781186547,5.));
#5003=CARTESIAN_POINT('',(46.,1.46446609406727,6.46446609406726));
#5004=CARTESIAN_POINT('Origin',(46.,-2.07106781186547,10.));
#5005=CARTESIAN_POINT('',(56.,-2.07106781186547,5.));
#5006=CARTESIAN_POINT('',(46.,-2.07106781186547,5.));
#5007=CARTESIAN_POINT('',(56.,1.46446609406727,6.46446609406726));
#5008=CARTESIAN_POINT('Origin',(56.,-2.07106781186547,10.));
#5009=CARTESIAN_POINT('',(46.,1.46446609406727,6.46446609406726));
#5010=CARTESIAN_POINT('Origin',(46.,17.0710678118655,22.0710678118655));
#5011=CARTESIAN_POINT('',(46.,17.0710678118655,22.0710678118655));
#5012=CARTESIAN_POINT('',(46.,17.0710678118655,22.0710678118655));
#5013=CARTESIAN_POINT('',(56.,17.0710678118655,22.0710678118655));
#5014=CARTESIAN_POINT('',(56.,17.0710678118655,22.0710678118655));
#5015=CARTESIAN_POINT('',(46.,17.0710678118655,22.0710678118655));
#5016=CARTESIAN_POINT('Origin',(46.,9.99999999999997,29.142135623731));
#5017=CARTESIAN_POINT('',(46.,20.,29.142135623731));
#5018=CARTESIAN_POINT('Origin',(46.,9.99999999999997,29.142135623731));
#5019=CARTESIAN_POINT('',(56.,20.,29.142135623731));
#5020=CARTESIAN_POINT('Origin',(56.,9.99999999999997,29.142135623731));
#5021=CARTESIAN_POINT('',(46.,20.,29.142135623731));
#5022=CARTESIAN_POINT('Origin',(46.,20.,40.0000005960464));
#5023=CARTESIAN_POINT('',(46.,20.,40.0000005960464));
#5024=CARTESIAN_POINT('',(46.,20.,40.0000005960464));
#5025=CARTESIAN_POINT('',(56.,20.,40.0000005960464));
#5026=CARTESIAN_POINT('',(56.,20.,40.0000005960464));
#5027=CARTESIAN_POINT('',(46.,20.,40.0000005960464));
#5028=CARTESIAN_POINT('Origin',(46.,25.000000372529,40.0000005960464));
#5029=CARTESIAN_POINT('',(46.,30.000000372529,40.0000005215406));
#5030=CARTESIAN_POINT('Origin',(46.,25.000000372529,40.0000005960464));
#5031=CARTESIAN_POINT('',(56.,30.000000372529,40.0000005215406));
#5032=CARTESIAN_POINT('Origin',(56.,25.000000372529,40.0000005960464));
#5033=CARTESIAN_POINT('',(46.,30.000000372529,40.0000005215406));
#5034=CARTESIAN_POINT('Origin',(46.,30.000000102871,29.1421357692126));
#5035=CARTESIAN_POINT('',(46.,30.000000102871,29.1421357692126));
#5036=CARTESIAN_POINT('',(46.,30.000000372529,40.0000005960464));
#5037=CARTESIAN_POINT('',(56.,30.000000102871,29.1421357692126));
#5038=CARTESIAN_POINT('',(56.,30.000000372529,40.0000005960464));
#5039=CARTESIAN_POINT('',(46.,30.000000102871,29.1421357692126));
#5040=CARTESIAN_POINT('Origin',(46.,40.000000102871,29.1421355208599));
#5041=CARTESIAN_POINT('',(46.,32.9289322910056,22.0710677089944));
#5042=CARTESIAN_POINT('Origin',(46.,40.000000102871,29.1421355208599));
#5043=CARTESIAN_POINT('',(56.,32.9289322910056,22.0710677089944));
#5044=CARTESIAN_POINT('Origin',(56.,40.000000102871,29.1421355208599));
#5045=CARTESIAN_POINT('',(46.,32.9289322910056,22.0710677089944));
#5046=CARTESIAN_POINT('Origin',(46.,48.5355339059327,6.46446609406726));
#5047=CARTESIAN_POINT('',(46.,48.5355339059327,6.46446609406726));
#5048=CARTESIAN_POINT('',(46.,32.9289322910056,22.0710677089944));
#5049=CARTESIAN_POINT('',(56.,48.5355339059327,6.46446609406726));
#5050=CARTESIAN_POINT('',(56.,32.9289322910056,22.0710677089944));
#5051=CARTESIAN_POINT('',(46.,48.5355339059327,6.46446609406726));
#5052=CARTESIAN_POINT('Origin',(46.,52.0710678118655,10.));
#5053=CARTESIAN_POINT('',(46.,52.0710678118655,5.));
#5054=CARTESIAN_POINT('Origin',(46.,52.0710678118655,10.));
#5055=CARTESIAN_POINT('',(56.,52.0710678118655,5.));
#5056=CARTESIAN_POINT('Origin',(56.,52.0710678118655,10.));
#5057=CARTESIAN_POINT('',(46.,52.0710678118655,5.));
#5058=CARTESIAN_POINT('Origin',(46.,90.,5.00000000000001));
#5059=CARTESIAN_POINT('',(46.,90.,5.00000000000001));
#5060=CARTESIAN_POINT('',(46.,90.,5.00000000000001));
#5061=CARTESIAN_POINT('',(56.,90.,5.00000000000001));
#5062=CARTESIAN_POINT('',(56.,90.,5.00000000000001));
#5063=CARTESIAN_POINT('',(46.,90.,5.00000000000001));
#5064=CARTESIAN_POINT('Origin',(46.,90.,-4.99999999999999));
#5065=CARTESIAN_POINT('',(46.,100.,-5.));
#5066=CARTESIAN_POINT('Origin',(46.,90.,-4.99999999999999));
#5067=CARTESIAN_POINT('',(56.,100.,-5.));
#5068=CARTESIAN_POINT('Origin',(56.,90.,-4.99999999999999));
#5069=CARTESIAN_POINT('',(46.,100.,-5.));
#5070=CARTESIAN_POINT('Origin',(46.,100.,-15.));
#5071=CARTESIAN_POINT('',(46.,100.,-15.));
#5072=CARTESIAN_POINT('',(56.,100.,-15.));
#5073=CARTESIAN_POINT('Origin',(46.,-10.,0.));
#5074=CARTESIAN_POINT('',(46.,-10.,1.416384724412E-15));
#5075=CARTESIAN_POINT('',(46.,-10.,0.));
#5076=CARTESIAN_POINT('',(56.,-10.,1.416384724412E-15));
#5077=CARTESIAN_POINT('',(56.,-10.,0.));
#5078=CARTESIAN_POINT('',(46.,-10.,1.416384724412E-15));
#5079=CARTESIAN_POINT('Origin',(46.,-5.,5.55111512312578E-15));
#5080=CARTESIAN_POINT('',(46.,-5.,5.));
#5081=CARTESIAN_POINT('Origin',(46.,-5.,5.55111512312578E-15));
#5082=CARTESIAN_POINT('',(56.,-5.,5.));
#5083=CARTESIAN_POINT('Origin',(56.,-5.,5.55111512312578E-15));
#5084=CARTESIAN_POINT('',(46.,-5.,5.));
#5085=CARTESIAN_POINT('Origin',(46.,-2.07106781186547,5.));
#5086=CARTESIAN_POINT('',(46.,-2.07106781186547,5.));
#5087=CARTESIAN_POINT('',(56.,-2.07106781186547,5.));
#5088=CARTESIAN_POINT('Origin',(56.,45.,15.0000002980232));
#5089=CARTESIAN_POINT('Origin',(46.,45.,15.0000002980232));
#5090=CARTESIAN_POINT('',(0.,0.,0.));
#5091=CARTESIAN_POINT('Origin',(-15.999,74.9990011920929,35.0009997764826));
#5092=CARTESIAN_POINT('',(-11.,74.9990011920929,35.0009997764826));
#5093=CARTESIAN_POINT('',(-15.999,74.9990011920929,39.9999997764826));
#5094=CARTESIAN_POINT('Origin',(-15.999,74.9990011920929,35.0009997764826));
#5095=CARTESIAN_POINT('',(-15.999,70.0000011920929,35.0009997764826));
#5096=CARTESIAN_POINT('Origin',(-15.999,74.9990011920929,35.0009997764826));
#5097=CARTESIAN_POINT('Origin',(-15.999,74.9990011920929,35.0009997764826));
#5098=CARTESIAN_POINT('Origin',(-15.999,74.9990011920929,-12.5000002235174));
#5099=CARTESIAN_POINT('',(-11.,74.9990011920929,-15.0000002235174));
#5100=CARTESIAN_POINT('',(-15.999,70.0000011920929,-15.0000002235174));
#5101=CARTESIAN_POINT('Origin',(-15.999,74.9990011920929,-15.));
#5102=CARTESIAN_POINT('',(-11.,74.9990011920929,-12.5000002235174));
#5103=CARTESIAN_POINT('',(-15.999,70.0000011920929,-12.5000002235174));
#5104=CARTESIAN_POINT('Origin',(-15.999,75.0010011920929,35.0009997764826));
#5105=CARTESIAN_POINT('',(-15.999,80.0000011920929,35.0009997764826));
#5106=CARTESIAN_POINT('',(-15.999,75.0010011920929,39.9999997764826));
#5107=CARTESIAN_POINT('Origin',(-15.999,75.0010011920929,35.0009997764826));
#5108=CARTESIAN_POINT('',(-11.,75.0010011920929,35.0009997764826));
#5109=CARTESIAN_POINT('Origin',(-15.999,75.0010011920929,35.0009997764826));
#5110=CARTESIAN_POINT('Origin',(-15.999,75.0010011920929,35.0009997764826));
#5111=CARTESIAN_POINT('Origin',(-15.999,75.0010011920929,-7.50000022351742));
#5112=CARTESIAN_POINT('',(-15.999,80.0000011920929,-15.0000002235174));
#5113=CARTESIAN_POINT('',(-11.,75.0010011920929,-15.0000002235174));
#5114=CARTESIAN_POINT('Origin',(-15.999,75.0010011920929,-15.));
#5115=CARTESIAN_POINT('',(-15.999,80.0000011920929,-7.50000022351742));
#5116=CARTESIAN_POINT('',(-11.,75.0010011920929,-7.50000022351742));
#5117=CARTESIAN_POINT('Origin',(-15.999,75.0000011920929,35.0009997764826));
#5118=CARTESIAN_POINT('',(-11.,75.0000011920929,35.0009997764826));
#5119=CARTESIAN_POINT('',(-15.999,75.0000011920929,39.9999997764826));
#5120=CARTESIAN_POINT('Origin',(-16.001,74.9990011920929,35.0009997764826));
#5121=CARTESIAN_POINT('',(-16.001,70.0000011920929,35.0009997764826));
#5122=CARTESIAN_POINT('',(-16.001,74.9990011920929,39.9999997764826));
#5123=CARTESIAN_POINT('Origin',(-16.001,74.9990011920929,35.0009997764826));
#5124=CARTESIAN_POINT('',(-21.,74.9990011920929,35.0009997764826));
#5125=CARTESIAN_POINT('Origin',(-16.001,74.9990011920929,35.0009997764826));
#5126=CARTESIAN_POINT('Origin',(-16.001,74.9990011920929,35.0009997764826));
#5127=CARTESIAN_POINT('Origin',(-16.001,75.0010011920929,35.0009997764826));
#5128=CARTESIAN_POINT('',(-21.,75.0010011920929,35.0009997764826));
#5129=CARTESIAN_POINT('',(-16.001,75.0010011920929,39.9999997764826));
#5130=CARTESIAN_POINT('Origin',(-16.001,75.0010011920929,35.0009997764826));
#5131=CARTESIAN_POINT('',(-16.001,80.0000011920929,35.0009997764826));
#5132=CARTESIAN_POINT('Origin',(-16.001,75.0010011920929,35.0009997764826));
#5133=CARTESIAN_POINT('Origin',(-16.001,75.0010011920929,35.0009997764826));
#5134=CARTESIAN_POINT('Origin',(-25.999,74.9990011920929,-0.0010002235174178));
#5135=CARTESIAN_POINT('',(-21.,74.9990011920929,-0.0010002235174178));
#5136=CARTESIAN_POINT('',(-25.999,74.9990011920929,-5.00000022351742));
#5137=CARTESIAN_POINT('Origin',(-25.999,74.9990011920929,-0.0010002235174178));
#5138=CARTESIAN_POINT('',(-25.999,70.0000011920929,-9.99900022351742));
#5139=CARTESIAN_POINT('Origin',(-25.999,74.9990011920929,-9.99900022351742));
#5140=CARTESIAN_POINT('',(-16.001,70.0000011920929,-0.0010002235174178));
#5141=CARTESIAN_POINT('Origin',(-25.999,70.0000011920929,-0.0010002235174178));
#5142=CARTESIAN_POINT('Origin',(-16.001,74.9990011920929,-0.0010002235174178));
#5143=CARTESIAN_POINT('Origin',(-16.001,74.9990011920929,-10.0000002235174));
#5144=CARTESIAN_POINT('',(-21.,74.9990011920929,-10.0000002235174));
#5145=CARTESIAN_POINT('',(-16.001,70.0000011920929,-10.0000002235174));
#5146=CARTESIAN_POINT('Origin',(-46.,74.9990011920929,-9.99900022351742));
#5147=CARTESIAN_POINT('',(-46.,70.0000011920929,-9.99900022351742));
#5148=CARTESIAN_POINT('',(-46.,74.9990011920929,-5.00000022351742));
#5149=CARTESIAN_POINT('Origin',(-46.,74.9990011920929,-9.99900022351742));
#5150=CARTESIAN_POINT('',(-46.,70.0000011920929,-9.99900022351742));
#5151=CARTESIAN_POINT('',(-46.,74.9990011920929,-5.00000022351742));
#5152=CARTESIAN_POINT('Origin',(-25.999,75.0010011920929,-0.0010002235174178));
#5153=CARTESIAN_POINT('',(-25.999,75.0010011920929,-5.00000022351742));
#5154=CARTESIAN_POINT('',(-21.,75.0010011920929,-0.0010002235174178));
#5155=CARTESIAN_POINT('Origin',(-25.999,75.0010011920929,-0.0010002235174178));
#5156=CARTESIAN_POINT('',(-16.001,80.0000011920929,-0.0010002235174178));
#5157=CARTESIAN_POINT('Origin',(-16.001,75.0010011920929,-0.0010002235174178));
#5158=CARTESIAN_POINT('',(-25.999,80.0000011920929,-9.99900022351742));
#5159=CARTESIAN_POINT('Origin',(-25.999,80.0000011920929,-0.0010002235174178));
#5160=CARTESIAN_POINT('Origin',(-25.999,75.0010011920929,-9.99900022351742));
#5161=CARTESIAN_POINT('Origin',(-46.,75.0010011920929,-9.99900022351742));
#5162=CARTESIAN_POINT('',(-46.,75.0010011920929,-5.00000022351742));
#5163=CARTESIAN_POINT('',(-46.,80.0000011920929,-9.99900022351742));
#5164=CARTESIAN_POINT('Origin',(-46.,75.0010011920929,-9.99900022351742));
#5165=CARTESIAN_POINT('',(-46.,75.0010011920929,-5.00000022351742));
#5166=CARTESIAN_POINT('',(-46.,80.0000011920929,-9.99900022351742));
#5167=CARTESIAN_POINT('Origin',(-16.001,75.0010011920929,-5.00000022351742));
#5168=CARTESIAN_POINT('',(-16.001,80.0000011920929,-5.00000022351742));
#5169=CARTESIAN_POINT('',(-21.,75.0010011920929,-5.00000022351742));
#5170=CARTESIAN_POINT('Origin',(-25.999,70.0000011920929,-0.0010002235174178));
#5171=CARTESIAN_POINT('',(-21.,70.0000011920929,-0.0010002235174178));
#5172=CARTESIAN_POINT('',(-25.999,70.0000011920929,-5.00000022351742));
#5173=CARTESIAN_POINT('Origin',(-31.,75.0010011920929,35.0009997764826));
#5174=CARTESIAN_POINT('',(-31.,80.0000011920929,35.0009997764826));
#5175=CARTESIAN_POINT('',(-31.,75.0010011920929,39.9999997764826));
#5176=CARTESIAN_POINT('Origin',(-16.001,72.5000011920929,35.0009997764826));
#5177=CARTESIAN_POINT('',(-21.,72.5000011920929,35.0009997764826));
#5178=CARTESIAN_POINT('',(-16.001,72.5000011920929,39.9999997764826));
#5179=CARTESIAN_POINT('Origin',(-31.,74.9990011920929,35.0009997764826));
#5180=CARTESIAN_POINT('',(-31.,70.0000011920929,35.0009997764826));
#5181=CARTESIAN_POINT('',(-31.,74.9990011920929,39.9999997764826));
#5182=CARTESIAN_POINT('Origin',(-11.,75.0000011920929,-10.0000002235174));
#5183=CARTESIAN_POINT('',(-11.,80.0000011920929,-15.0000002235174));
#5184=CARTESIAN_POINT('Origin',(-46.,-10.,-15.));
#5185=CARTESIAN_POINT('',(-46.,70.0000011920929,-15.0000002235174));
#5186=CARTESIAN_POINT('',(-46.,70.0000011920929,-15.0000002235174));
#5187=CARTESIAN_POINT('',(-46.,-10.,-15.));
#5188=CARTESIAN_POINT('',(-46.,-10.,-15.));
#5189=CARTESIAN_POINT('',(-56.,-10.,-15.));
#5190=CARTESIAN_POINT('',(-46.,-10.,-15.));
#5191=CARTESIAN_POINT('',(-56.,100.,-15.));
#5192=CARTESIAN_POINT('',(-56.,-10.,-15.));
#5193=CARTESIAN_POINT('',(-46.,100.,-15.));
#5194=CARTESIAN_POINT('',(-46.,100.,-15.));
#5195=CARTESIAN_POINT('',(-46.,80.0000011920929,-15.0000002235174));
#5196=CARTESIAN_POINT('',(-46.,-10.,-15.));
#5197=CARTESIAN_POINT('',(-46.,80.0000011920929,-15.0000002235174));
#5198=CARTESIAN_POINT('Origin',(-46.,80.0000011920929,-5.00000022351742));
#5199=CARTESIAN_POINT('',(-46.,80.0000011920929,5.0000000372529));
#5200=CARTESIAN_POINT('Origin',(-16.,75.0000011920929,39.9999997764826));
#5201=CARTESIAN_POINT('Origin',(-21.,70.0000011920929,-5.00000022351742));
#5202=CARTESIAN_POINT('Origin',(-46.,70.0000011920929,-5.00000022351742));
#5203=CARTESIAN_POINT('',(-46.,57.5000005960464,-5.00000022351742));
#5204=CARTESIAN_POINT('Origin',(-46.,70.0000011920929,-15.0000002235174));
#5205=CARTESIAN_POINT('',(-46.,70.0000011920929,3.72529007641731E-8));
#5206=CARTESIAN_POINT('Origin',(-46.,25.000000372529,40.0000005960464));
#5207=CARTESIAN_POINT('',(-56.,22.500000372529,40.0000005960464));
#5208=CARTESIAN_POINT('Origin',(-56.,25.000000372529,40.0000005960464));
#5209=CARTESIAN_POINT('',(-46.,22.500000372529,40.0000005960464));
#5210=CARTESIAN_POINT('',(-46.,22.500000372529,40.0000005960464));
#5211=CARTESIAN_POINT('Origin',(-46.,25.000000372529,40.0000005960464));
#5212=CARTESIAN_POINT('Origin',(-46.,0.,0.));
#5213=CARTESIAN_POINT('',(-56.,-2.5,-3.06161699786838E-16));
#5214=CARTESIAN_POINT('Origin',(-56.,0.,0.));
#5215=CARTESIAN_POINT('',(-46.,-2.5,-3.06161699786838E-16));
#5216=CARTESIAN_POINT('',(-46.,-2.5,-3.06161699786838E-16));
#5217=CARTESIAN_POINT('Origin',(-46.,0.,0.));
#5218=CARTESIAN_POINT('Origin',(-46.,-2.07106781186547,10.));
#5219=CARTESIAN_POINT('',(-46.,-2.07106781186547,5.));
#5220=CARTESIAN_POINT('',(-46.,1.46446609406727,6.46446609406726));
#5221=CARTESIAN_POINT('Origin',(-46.,-2.07106781186547,10.));
#5222=CARTESIAN_POINT('',(-56.,1.46446609406727,6.46446609406726));
#5223=CARTESIAN_POINT('',(-46.,1.46446609406727,6.46446609406726));
#5224=CARTESIAN_POINT('',(-56.,-2.07106781186547,5.));
#5225=CARTESIAN_POINT('Origin',(-56.,-2.07106781186547,10.));
#5226=CARTESIAN_POINT('',(-46.,-2.07106781186547,5.));
#5227=CARTESIAN_POINT('Origin',(-46.,17.0710678118655,22.0710678118655));
#5228=CARTESIAN_POINT('',(-46.,17.0710678118655,22.0710678118655));
#5229=CARTESIAN_POINT('',(-46.,17.0710678118655,22.0710678118655));
#5230=CARTESIAN_POINT('',(-56.,17.0710678118655,22.0710678118655));
#5231=CARTESIAN_POINT('',(-46.,17.0710678118655,22.0710678118655));
#5232=CARTESIAN_POINT('',(-56.,17.0710678118655,22.0710678118655));
#5233=CARTESIAN_POINT('Origin',(-46.,9.99999999999997,29.142135623731));
#5234=CARTESIAN_POINT('',(-46.,20.,29.142135623731));
#5235=CARTESIAN_POINT('Origin',(-46.,9.99999999999997,29.142135623731));
#5236=CARTESIAN_POINT('',(-56.,20.,29.142135623731));
#5237=CARTESIAN_POINT('',(-46.,20.,29.142135623731));
#5238=CARTESIAN_POINT('Origin',(-56.,9.99999999999997,29.142135623731));
#5239=CARTESIAN_POINT('Origin',(-46.,20.,40.0000005960464));
#5240=CARTESIAN_POINT('',(-46.,20.,40.0000005960464));
#5241=CARTESIAN_POINT('',(-46.,20.,40.0000005960464));
#5242=CARTESIAN_POINT('',(-56.,20.,40.0000005960464));
#5243=CARTESIAN_POINT('',(-46.,20.,40.0000005960464));
#5244=CARTESIAN_POINT('',(-56.,20.,40.0000005960464));
#5245=CARTESIAN_POINT('Origin',(-46.,25.000000372529,40.0000005960464));
#5246=CARTESIAN_POINT('',(-46.,30.000000372529,40.0000005215406));
#5247=CARTESIAN_POINT('Origin',(-46.,25.000000372529,40.0000005960464));
#5248=CARTESIAN_POINT('',(-56.,30.000000372529,40.0000005215406));
#5249=CARTESIAN_POINT('',(-46.,30.000000372529,40.0000005215406));
#5250=CARTESIAN_POINT('Origin',(-56.,25.000000372529,40.0000005960464));
#5251=CARTESIAN_POINT('Origin',(-46.,30.000000102871,29.1421357692126));
#5252=CARTESIAN_POINT('',(-46.,30.000000102871,29.1421357692126));
#5253=CARTESIAN_POINT('',(-46.,30.000000372529,40.0000005960464));
#5254=CARTESIAN_POINT('',(-56.,30.000000102871,29.1421357692126));
#5255=CARTESIAN_POINT('',(-46.,30.000000102871,29.1421357692126));
#5256=CARTESIAN_POINT('',(-56.,30.000000372529,40.0000005960464));
#5257=CARTESIAN_POINT('Origin',(-46.,40.000000102871,29.1421355208599));
#5258=CARTESIAN_POINT('',(-46.,32.9289322910056,22.0710677089944));
#5259=CARTESIAN_POINT('Origin',(-46.,40.000000102871,29.1421355208599));
#5260=CARTESIAN_POINT('',(-56.,32.9289322910056,22.0710677089944));
#5261=CARTESIAN_POINT('',(-46.,32.9289322910056,22.0710677089944));
#5262=CARTESIAN_POINT('Origin',(-56.,40.000000102871,29.1421355208599));
#5263=CARTESIAN_POINT('Origin',(-46.,48.5355339059327,6.46446609406726));
#5264=CARTESIAN_POINT('',(-46.,48.5355339059327,6.46446609406726));
#5265=CARTESIAN_POINT('',(-46.,32.9289322910056,22.0710677089944));
#5266=CARTESIAN_POINT('',(-56.,48.5355339059327,6.46446609406726));
#5267=CARTESIAN_POINT('',(-46.,48.5355339059327,6.46446609406726));
#5268=CARTESIAN_POINT('',(-56.,32.9289322910056,22.0710677089944));
#5269=CARTESIAN_POINT('Origin',(-46.,52.0710678118655,10.));
#5270=CARTESIAN_POINT('',(-46.,52.0710678118655,5.));
#5271=CARTESIAN_POINT('Origin',(-46.,52.0710678118655,10.));
#5272=CARTESIAN_POINT('',(-56.,52.0710678118655,5.));
#5273=CARTESIAN_POINT('',(-46.,52.0710678118655,5.));
#5274=CARTESIAN_POINT('Origin',(-56.,52.0710678118655,10.));
#5275=CARTESIAN_POINT('Origin',(-46.,90.,5.00000000000001));
#5276=CARTESIAN_POINT('',(-46.,90.,5.00000000000001));
#5277=CARTESIAN_POINT('',(-46.,90.,5.00000000000001));
#5278=CARTESIAN_POINT('',(-56.,90.,5.00000000000001));
#5279=CARTESIAN_POINT('',(-46.,90.,5.00000000000001));
#5280=CARTESIAN_POINT('',(-56.,90.,5.00000000000001));
#5281=CARTESIAN_POINT('Origin',(-46.,90.,-4.99999999999999));
#5282=CARTESIAN_POINT('',(-46.,100.,-5.));
#5283=CARTESIAN_POINT('Origin',(-46.,90.,-4.99999999999999));
#5284=CARTESIAN_POINT('',(-56.,100.,-5.));
#5285=CARTESIAN_POINT('',(-46.,100.,-5.));
#5286=CARTESIAN_POINT('Origin',(-56.,90.,-4.99999999999999));
#5287=CARTESIAN_POINT('Origin',(-46.,100.,-15.));
#5288=CARTESIAN_POINT('',(-46.,100.,-15.));
#5289=CARTESIAN_POINT('',(-56.,100.,-15.));
#5290=CARTESIAN_POINT('Origin',(-46.,-10.,0.));
#5291=CARTESIAN_POINT('',(-46.,-10.,1.416384724412E-15));
#5292=CARTESIAN_POINT('',(-46.,-10.,0.));
#5293=CARTESIAN_POINT('',(-56.,-10.,1.416384724412E-15));
#5294=CARTESIAN_POINT('',(-46.,-10.,1.416384724412E-15));
#5295=CARTESIAN_POINT('',(-56.,-10.,0.));
#5296=CARTESIAN_POINT('Origin',(-46.,-5.,5.55111512312578E-15));
#5297=CARTESIAN_POINT('',(-46.,-5.,5.));
#5298=CARTESIAN_POINT('Origin',(-46.,-5.,5.55111512312578E-15));
#5299=CARTESIAN_POINT('',(-56.,-5.,5.));
#5300=CARTESIAN_POINT('',(-46.,-5.,5.));
#5301=CARTESIAN_POINT('Origin',(-56.,-5.,5.55111512312578E-15));
#5302=CARTESIAN_POINT('Origin',(-46.,-2.07106781186547,5.));
#5303=CARTESIAN_POINT('',(-46.,-2.07106781186547,5.));
#5304=CARTESIAN_POINT('',(-56.,-2.07106781186547,5.));
#5305=CARTESIAN_POINT('Origin',(-56.,45.,15.0000002980232));
#5306=CARTESIAN_POINT('Origin',(-46.,45.,15.0000002980232));
#5307=CARTESIAN_POINT('',(0.,0.,0.));
#5308=CARTESIAN_POINT('',(0.896113207660395,1.18026086754389E-14,4.29106720527139E-15));
#5309=CARTESIAN_POINT('',(0.,0.,0.));
#5310=CARTESIAN_POINT('',(0.,0.,0.));
#5311=CARTESIAN_POINT('',(0.,0.,0.));
#5312=CARTESIAN_POINT('',(0.,0.,0.));
#5313=UNCERTAINTY_MEASURE_WITH_UNIT(LENGTH_MEASURE(0.01),#5327,
'DISTANCE_ACCURACY_VALUE',
'Maximum model space distance between geometric entities at asserted c
onnectivities');
#5314=UNCERTAINTY_MEASURE_WITH_UNIT(LENGTH_MEASURE(0.01),#5327,
'DISTANCE_ACCURACY_VALUE',
'Maximum model space distance between geometric entities at asserted c
onnectivities');
#5315=UNCERTAINTY_MEASURE_WITH_UNIT(LENGTH_MEASURE(0.01),#5327,
'DISTANCE_ACCURACY_VALUE',
'Maximum model space distance between geometric entities at asserted c
onnectivities');
#5316=UNCERTAINTY_MEASURE_WITH_UNIT(LENGTH_MEASURE(0.01),#5327,
'DISTANCE_ACCURACY_VALUE',
'Maximum model space distance between geometric entities at asserted c
onnectivities');
#5317=UNCERTAINTY_MEASURE_WITH_UNIT(LENGTH_MEASURE(0.01),#5327,
'DISTANCE_ACCURACY_VALUE',
'Maximum model space distance between geometric entities at asserted c
onnectivities');
#5318=UNCERTAINTY_MEASURE_WITH_UNIT(LENGTH_MEASURE(0.01),#5327,
'DISTANCE_ACCURACY_VALUE',
'Maximum model space distance between geometric entities at asserted c
onnectivities');
#5319=UNCERTAINTY_MEASURE_WITH_UNIT(LENGTH_MEASURE(0.01),#5327,
'DISTANCE_ACCURACY_VALUE',
'Maximum model space distance between geometric entities at asserted c
onnectivities');
#5320=(
GEOMETRIC_REPRESENTATION_CONTEXT(3)
GLOBAL_UNCERTAINTY_ASSIGNED_CONTEXT((#5313))
GLOBAL_UNIT_ASSIGNED_CONTEXT((#5327,#5329,#5330))
REPRESENTATION_CONTEXT('','3D')
);
#5321=(
GEOMETRIC_REPRESENTATION_CONTEXT(3)
GLOBAL_UNCERTAINTY_ASSIGNED_CONTEXT((#5314))
GLOBAL_UNIT_ASSIGNED_CONTEXT((#5327,#5329,#5330))
REPRESENTATION_CONTEXT('','3D')
);
#5322=(
GEOMETRIC_REPRESENTATION_CONTEXT(3)
GLOBAL_UNCERTAINTY_ASSIGNED_CONTEXT((#5315))
GLOBAL_UNIT_ASSIGNED_CONTEXT((#5327,#5329,#5330))
REPRESENTATION_CONTEXT('','3D')
);
#5323=(
GEOMETRIC_REPRESENTATION_CONTEXT(3)
GLOBAL_UNCERTAINTY_ASSIGNED_CONTEXT((#5316))
GLOBAL_UNIT_ASSIGNED_CONTEXT((#5327,#5329,#5330))
REPRESENTATION_CONTEXT('','3D')
);
#5324=(
GEOMETRIC_REPRESENTATION_CONTEXT(3)
GLOBAL_UNCERTAINTY_ASSIGNED_CONTEXT((#5317))
GLOBAL_UNIT_ASSIGNED_CONTEXT((#5327,#5329,#5330))
REPRESENTATION_CONTEXT('','3D')
);
#5325=(
GEOMETRIC_REPRESENTATION_CONTEXT(3)
GLOBAL_UNCERTAINTY_ASSIGNED_CONTEXT((#5318))
GLOBAL_UNIT_ASSIGNED_CONTEXT((#5327,#5329,#5330))
REPRESENTATION_CONTEXT('','3D')
);
#5326=(
GEOMETRIC_REPRESENTATION_CONTEXT(3)
GLOBAL_UNCERTAINTY_ASSIGNED_CONTEXT((#5319))
GLOBAL_UNIT_ASSIGNED_CONTEXT((#5327,#5329,#5330))
REPRESENTATION_CONTEXT('','3D')
);
#5327=(
LENGTH_UNIT()
NAMED_UNIT(*)
SI_UNIT(.MILLI.,.METRE.)
);
#5328=(
LENGTH_UNIT()
NAMED_UNIT(*)
SI_UNIT($,.METRE.)
);
#5329=(
NAMED_UNIT(*)
PLANE_ANGLE_UNIT()
SI_UNIT($,.RADIAN.)
);
#5330=(
NAMED_UNIT(*)
SI_UNIT($,.STERADIAN.)
SOLID_ANGLE_UNIT()
);
#5331=SHAPE_DEFINITION_REPRESENTATION(#5337,#5348);
#5332=SHAPE_DEFINITION_REPRESENTATION(#5338,#5349);
#5333=SHAPE_DEFINITION_REPRESENTATION(#5339,#5350);
#5334=SHAPE_DEFINITION_REPRESENTATION(#5340,#5351);
#5335=SHAPE_DEFINITION_REPRESENTATION(#5341,#5352);
#5336=SHAPE_DEFINITION_REPRESENTATION(#5342,#5353);
#5337=PRODUCT_DEFINITION_SHAPE('',$,#5355);
#5338=PRODUCT_DEFINITION_SHAPE('',$,#5356);
#5339=PRODUCT_DEFINITION_SHAPE('',$,#5357);
#5340=PRODUCT_DEFINITION_SHAPE('',$,#5358);
#5341=PRODUCT_DEFINITION_SHAPE('',$,#5359);
#5342=PRODUCT_DEFINITION_SHAPE('',$,#5360);
#5343=PRODUCT_DEFINITION_SHAPE($,$,#26);
#5344=PRODUCT_DEFINITION_SHAPE($,$,#27);
#5345=PRODUCT_DEFINITION_SHAPE($,$,#28);
#5346=PRODUCT_DEFINITION_SHAPE($,$,#29);
#5347=PRODUCT_DEFINITION_SHAPE($,$,#30);
#5348=SHAPE_REPRESENTATION('',(#2906,#3272,#3273,#3274,#3275,#3276),#5320);
#5349=SHAPE_REPRESENTATION('',(#2907),#5321);
#5350=SHAPE_REPRESENTATION('',(#3034),#5322);
#5351=SHAPE_REPRESENTATION('',(#3099),#5323);
#5352=SHAPE_REPRESENTATION('',(#3185),#5324);
#5353=SHAPE_REPRESENTATION('',(#3271),#5325);
#5354=PRODUCT_DEFINITION_CONTEXT('part definition',#5374,'design');
#5355=PRODUCT_DEFINITION('Hammer','Hammer v4',#5361,#5354);
#5356=PRODUCT_DEFINITION('Hammer_1','Hammer',#5362,#5354);
#5357=PRODUCT_DEFINITION('Leva','Leva',#5363,#5354);
#5358=PRODUCT_DEFINITION('soporte1','soporte1',#5364,#5354);
#5359=PRODUCT_DEFINITION('sopprte2','sopprte2',#5365,#5354);
#5360=PRODUCT_DEFINITION('Component5','Component5',#5366,#5354);
#5361=PRODUCT_DEFINITION_FORMATION('',$,#5376);
#5362=PRODUCT_DEFINITION_FORMATION('',$,#5377);
#5363=PRODUCT_DEFINITION_FORMATION('',$,#5378);
#5364=PRODUCT_DEFINITION_FORMATION('',$,#5379);
#5365=PRODUCT_DEFINITION_FORMATION('',$,#5380);
#5366=PRODUCT_DEFINITION_FORMATION('',$,#5381);
#5367=PRODUCT_RELATED_PRODUCT_CATEGORY('Hammer v4','Hammer v4',(#5376));
#5368=PRODUCT_RELATED_PRODUCT_CATEGORY('Hammer','Hammer',(#5377));
#5369=PRODUCT_RELATED_PRODUCT_CATEGORY('Leva','Leva',(#5378));
#5370=PRODUCT_RELATED_PRODUCT_CATEGORY('soporte1','soporte1',(#5379));
#5371=PRODUCT_RELATED_PRODUCT_CATEGORY('sopprte2','sopprte2',(#5380));
#5372=PRODUCT_RELATED_PRODUCT_CATEGORY('Component5','Component5',(#5381));
#5373=APPLICATION_PROTOCOL_DEFINITION('international standard',
'automotive_design',2009,#5374);
#5374=APPLICATION_CONTEXT(
'Core Data for Automotive Mechanical Design Process');
#5375=PRODUCT_CONTEXT('part definition',#5374,'mechanical');
#5376=PRODUCT('Hammer','Hammer v4',$,(#5375));
#5377=PRODUCT('Hammer_1','Hammer',$,(#5375));
#5378=PRODUCT('Leva','Leva',$,(#5375));
#5379=PRODUCT('soporte1','soporte1',$,(#5375));
#5380=PRODUCT('sopprte2','sopprte2',$,(#5375));
#5381=PRODUCT('Component5','Component5',$,(#5375));
#5382=PRESENTATION_STYLE_ASSIGNMENT((#5383));
#5383=SURFACE_STYLE_USAGE(.BOTH.,#5384);
#5384=SURFACE_SIDE_STYLE('',(#5385));
#5385=SURFACE_STYLE_FILL_AREA(#5386);
#5386=FILL_AREA_STYLE('Steel - Satin',(#5387));
#5387=FILL_AREA_STYLE_COLOUR('Steel - Satin',#5388);
#5388=COLOUR_RGB('Steel - Satin',0.627450980392157,0.627450980392157,0.627450980392157);
ENDSEC;
END-ISO-10303-21;
