t_s,pasada,idac0,idac1,idac2,fase,ch,tap,media_banco_uv,pp_banco_uv,ok,valido,clavado,real_mv_vs_vref
189.8,1,12,-255,0,referencia,0,PGAgain,1001518.0,249.0,True,True,True,0.35848260000057963
190.16,1,12,-255,0,referencia,1,BPo,980515.0,278.0,True,True,True,-417.9309645000003
190.52,1,12,-255,0,referencia,2,OPA_SUMo,1100990.0,254.0,True,True,True,1981.4129930000004
190.88,1,12,-255,0,referencia,3,SUMo,1103107.0,288.0,True,True,True,2023.5745298999996
191.24,1,12,-255,0,referencia,4,LPo,875012.0,298.0,True,False,True,-2519.0970616000013
193.1,1,12,-255,-255,malla,0,PGAgain,1001558.0,314.0,True,True,False,1.1551105999998552
193.46,1,12,-255,-255,malla,1,BPo,980510.0,267.0,True,True,True,-418.0305430000002
193.82,1,12,-255,-255,malla,2,OPA_SUMo,911992.0,259.0,True,True,True,-1782.6144756000008
194.18,1,12,-255,-255,malla,3,SUMo,914061.0,255.0,True,True,True,-1741.4088922999995
194.54,1,12,-255,-255,malla,4,LPo,875000.0,250.0,True,False,True,-2519.3360500000003
196.4,1,12,-255,-128,malla,0,PGAgain,1001541.0,273.0,True,True,True,0.8165437000010687
196.76,1,12,-255,-128,malla,1,BPo,980527.0,287.0,True,True,True,-417.6919760999992
197.12,1,12,-255,-128,malla,2,OPA_SUMo,1006092.0,269.0,True,True,True,91.45289439999969
197.48,1,12,-255,-128,malla,3,SUMo,1008125.0,247.0,True,True,True,131.94151250000002
197.84,1,12,-255,-128,malla,4,LPo,875026.0,258.0,True,False,True,-2518.818241800001
199.7,1,12,-255,-64,malla,0,PGAgain,1001620.0,291.0,True,True,True,2.3898840000000905
200.06,1,12,-255,-64,malla,1,BPo,980546.0,244.0,True,True,True,-417.31357779999905
200.42,1,12,-255,-64,malla,2,OPA_SUMo,1053582.0,280.0,True,True,True,1037.2494874000022
200.78,1,12,-255,-64,malla,3,SUMo,1055523.0,260.0,True,True,True,1075.9058610999982
201.14,1,12,-255,-64,malla,4,LPo,875049.0,261.0,True,False,True,-2518.3601807000005
203.0,1,12,-255,0,malla,0,PGAgain,1001636.0,269.0,True,True,True,2.708535199999348
203.36,1,12,-255,0,malla,1,BPo,980523.0,256.0,True,True,True,-417.7716388999995
203.72,1,12,-255,0,malla,2,OPA_SUMo,1100989.0,264.0,True,True,True,1981.3930773000009
204.08,1,12,-255,0,malla,3,SUMo,1102968.0,281.0,True,True,True,2020.8062476000016
204.44,1,12,-255,0,malla,4,LPo,875062.0,268.0,True,False,True,-2518.1012766
206.3,1,12,-255,64,malla,0,PGAgain,1001561.0,260.0,True,True,True,1.2148577000007066
206.66,1,12,-255,64,malla,1,BPo,980540.0,289.0,True,True,True,-417.4330720000007
207.02,1,12,-255,64,malla,2,OPA_SUMo,1128000.0,281.0,True,False,True,2519.3360500000003
207.38,1,12,-255,64,malla,3,SUMo,1128000.0,275.0,True,False,True,2519.3360500000003
207.74,1,12,-255,64,malla,4,LPo,875000.0,252.0,True,False,True,-2519.3360500000003
209.6,1,12,-255,128,malla,0,PGAgain,1001582.0,244.0,True,True,True,1.6330873999998734
209.96,1,12,-255,128,malla,1,BPo,980552.0,275.0,True,True,True,-417.1940835999996
210.32,1,12,-255,128,malla,2,OPA_SUMo,1128000.0,280.0,True,False,True,2519.3360500000003
210.68,1,12,-255,128,malla,3,SUMo,1128000.0,276.0,True,False,True,2519.3360500000003
211.04,1,12,-255,128,malla,4,LPo,875000.0,257.0,True,False,True,-2519.3360500000003
212.9,1,12,-255,255,malla,0,PGAgain,1001612.0,246.0,True,True,True,2.23055839999933
213.26,1,12,-255,255,malla,1,BPo,980595.0,263.0,True,True,True,-416.33770849999945
213.62,1,12,-255,255,malla,2,OPA_SUMo,1128000.0,271.0,True,False,True,2519.3360500000003
213.98,1,12,-255,255,malla,3,SUMo,1128000.0,267.0,True,False,True,2519.3360500000003
214.34,1,12,-255,255,malla,4,LPo,875025.0,267.0,True,False,True,-2518.8381575000008
216.2,1,12,-255,-136,fino,0,PGAgain,1001463.0,268.0,True,True,True,-0.7368809000006883
216.56,1,12,-255,-136,fino,1,BPo,980503.0,255.0,True,True,True,-418.16995289999915
216.92,1,12,-255,-136,fino,2,OPA_SUMo,1000213.0,269.0,True,True,True,-25.63150590000069
217.28,1,12,-255,-136,fino,3,SUMo,1002198.0,281.0,True,True,True,13.901158599999585
217.64,1,12,-255,-136,fino,4,LPo,875012.0,243.0,True,False,True,-2519.0970616000013
219.5,1,12,-255,-132,fino,0,PGAgain,1001534.0,254.0,True,True,True,0.677133799999837
219.86,1,12,-255,-132,fino,1,BPo,980543.0,280.0,True,True,True,-417.3733248999999
220.22,1,12,-255,-132,fino,2,OPA_SUMo,1003091.0,302.0,True,True,False,31.685878700000163
220.58,1,12,-255,-132,fino,3,SUMo,1005119.0,260.0,True,True,True,72.07491830000056
220.94,1,12,-255,-132,fino,4,LPo,875000.0,280.0,True,False,True,-2519.3360500000003
222.8,1,12,-255,-130,fino,0,PGAgain,1001514.0,242.0,True,True,True,0.27881980000019924
223.16,1,12,-255,-130,fino,1,BPo,980583.0,275.0,True,True,True,-416.5766969000006
223.52,1,12,-255,-130,fino,2,OPA_SUMo,1004592.0,262.0,True,True,True,61.5793443999997
223.88,1,12,-255,-130,fino,3,SUMo,1006599.0,266.0,True,True,True,101.55015430000093
224.24,1,12,-255,-130,fino,4,LPo,875062.0,248.0,True,False,True,-2518.1012766
226.1,1,12,-255,-128,fino,0,PGAgain,1001512.0,250.0,True,True,True,0.238988399998877
226.46,1,12,-255,-128,fino,1,BPo,980552.0,286.0,True,True,True,-417.1940835999996
226.82,1,12,-255,-128,fino,2,OPA_SUMo,1006051.0,256.0,True,True,True,90.63635070000089
227.18,1,12,-255,-128,fino,3,SUMo,1008092.0,267.0,True,True,True,131.2842943999997
227.54,1,12,-255,-128,fino,4,LPo,875000.0,310.0,True,False,False,-2519.3360500000003
229.4,1,12,-255,-126,fino,0,PGAgain,1001511.0,271.0,True,True,True,0.21907269999934795
229.76,1,12,-255,-126,fino,1,BPo,980546.0,250.0,True,True,True,-417.31357779999905
230.12,1,12,-255,-126,fino,2,OPA_SUMo,1007583.0,250.0,True,True,True,121.1472030999994
230.48,1,12,-255,-126,fino,3,SUMo,1009551.0,264.0,True,True,True,160.3413007000009
230.84,1,12,-255,-126,fino,4,LPo,875006.0,288.0,True,False,True,-2519.2165558000006
232.7,1,12,-255,-124,fino,0,PGAgain,1001551.0,260.0,True,True,True,1.0157007000008875
233.06,1,12,-255,-124,fino,1,BPo,980534.0,271.0,True,True,True,-417.5525662000002
233.42,1,12,-255,-124,fino,2,OPA_SUMo,1008962.0,279.0,True,True,True,148.6109533999998
233.78,1,12,-255,-124,fino,3,SUMo,1010980.0,272.0,True,True,True,188.80083600000037
234.14,1,12,-255,-124,fino,4,LPo,875018.0,249.0,True,False,True,-2518.9775673999998
236.0,1,12,-255,-120,fino,0,PGAgain,1001628.0,263.0,True,True,True,2.5492096000008515
236.36,1,12,-255,-120,fino,1,BPo,980556.0,271.0,True,True,True,-417.1144207999992
236.72,1,12,-255,-120,fino,2,OPA_SUMo,1012022.0,264.0,True,True,True,209.55299540000098
237.08,1,12,-255,-120,fino,3,SUMo,1014037.0,277.0,True,True,True,249.6831309000007
237.44,1,12,-255,-120,fino,4,LPo,875000.0,280.0,True,False,True,-2519.3360500000003
327.8,1,12,-192,0,referencia,0,PGAgain,1001574.0,265.0,True,True,True,1.4737617999991126
328.16,1,12,-192,0,referencia,1,BPo,986191.0,267.0,True,True,True,-304.8894512999994
328.52,1,12,-192,0,referencia,2,OPA_SUMo,1078138.0,260.0,True,True,True,1526.2994165999985
328.88,1,12,-192,0,referencia,3,SUMo,1080165.0,257.0,True,True,True,1566.6685404999994
329.24,1,12,-192,0,referencia,4,LPo,875000.0,242.0,True,False,True,-2519.3360500000003
331.1,1,12,-192,-255,malla,0,PGAgain,1001525.0,244.0,True,True,True,0.4978924999995472
331.46,1,12,-192,-255,malla,1,BPo,986172.0,293.0,True,True,True,-305.2678495999995
331.82,1,12,-192,-255,malla,2,OPA_SUMo,889168.0,252.0,True,True,True,-2237.1704124
332.18,1,12,-192,-255,malla,3,SUMo,891188.0,255.0,True,True,True,-2196.9406984
332.54,1,12,-192,-255,malla,4,LPo,875000.0,243.0,True,False,True,-2519.3360500000003
334.4,1,12,-192,-128,malla,0,PGAgain,1001501.0,245.0,True,True,True,0.01991569999952906
334.76,1,12,-192,-128,malla,1,BPo,986141.0,261.0,True,True,True,-305.88523630000077
335.12,1,12,-192,-128,malla,2,OPA_SUMo,983233.0,269.0,True,True,True,-363.80009190000106
335.48,1,12,-192,-128,malla,3,SUMo,985189.0,264.0,True,True,True,-324.84498270000074
335.84,1,12,-192,-128,malla,4,LPo,875000.0,266.0,True,False,True,-2519.3360500000003
337.7,1,12,-192,-64,malla,0,PGAgain,1001574.0,293.0,True,True,True,1.4737617999991126
338.06,1,12,-192,-64,malla,1,BPo,986164.0,265.0,True,True,True,-305.42717520000025
338.42,1,12,-192,-64,malla,2,OPA_SUMo,1030640.0,257.0,True,True,True,580.343498000002
338.78,1,12,-192,-64,malla,3,SUMo,1032755.0,249.0,True,True,True,622.4652035000022
339.14,1,12,-192,-64,malla,4,LPo,875044.0,261.0,True,False,True,-2518.4597592000005
341.0,1,12,-192,0,malla,0,PGAgain,1001599.0,248.0,True,True,True,1.971654300000924
341.36,1,12,-192,0,malla,1,BPo,986241.0,263.0,True,True,True,-303.8936663000003
341.72,1,12,-192,0,malla,2,OPA_SUMo,1078058.0,254.0,True,True,True,1524.7061606
342.08,1,12,-192,0,malla,3,SUMo,1080084.0,252.0,True,True,True,1565.0553688000014
342.44,1,12,-192,0,malla,4,LPo,875052.0,249.0,True,False,True,-2518.3004336
344.3,1,12,-192,64,malla,0,PGAgain,1001541.0,274.0,True,True,True,0.8165437000010687
344.66,1,12,-192,64,malla,1,BPo,986273.0,272.0,True,True,True,-303.25636389999954
345.02,1,12,-192,64,malla,2,OPA_SUMo,1125560.0,263.0,True,False,True,2470.7417419999992
345.38,1,12,-192,64,malla,3,SUMo,1127513.0,246.0,True,False,True,2509.6371040999984
345.74,1,12,-192,64,malla,4,LPo,875006.0,269.0,True,False,True,-2519.2165558000006
347.6,1,12,-192,128,malla,0,PGAgain,1001515.0,266.0,True,True,True,0.2987354999997283
347.96,1,12,-192,128,malla,1,BPo,986128.0,271.0,True,True,True,-306.1441403999992
348.32,1,12,-192,128,malla,2,OPA_SUMo,1128000.0,259.0,True,False,True,2519.3360500000003
348.68,1,12,-192,128,malla,3,SUMo,1128000.0,263.0,True,False,True,2519.3360500000003
349.04,1,12,-192,128,malla,4,LPo,875021.0,260.0,True,False,True,-2518.917820300001
350.9,1,12,-192,255,malla,0,PGAgain,1001614.0,253.0,True,True,True,2.270389800000652
351.26,1,12,-192,255,malla,1,BPo,986161.0,242.0,True,True,True,-305.48692230000114
351.62,1,12,-192,255,malla,2,OPA_SUMo,1128000.0,273.0,True,False,True,2519.3360500000003
351.98,1,12,-192,255,malla,3,SUMo,1128000.0,262.0,True,False,True,2519.3360500000003
352.34,1,12,-192,255,malla,4,LPo,875059.0,256.0,True,False,True,-2518.161023700001
354.2,1,12,-192,-136,fino,0,PGAgain,1001608.0,249.0,True,True,True,2.1508955999989494
354.56,1,12,-192,-136,fino,1,BPo,986211.0,258.0,True,True,True,-304.49113729999976
354.92,1,12,-192,-136,fino,2,OPA_SUMo,977315.0,258.0,True,True,True,-481.6612044999989
355.28,1,12,-192,-136,fino,3,SUMo,979329.0,262.0,True,True,True,-441.550984700001
355.64,1,12,-192,-136,fino,4,LPo,875001.0,262.0,True,False,True,-2519.3161343000006
357.5,1,12,-192,-132,fino,0,PGAgain,1001613.0,253.0,True,True,True,2.250474100001123
357.86,1,12,-192,-132,fino,1,BPo,986173.0,253.0,True,True,True,-305.24793389999996
358.22,1,12,-192,-132,fino,2,OPA_SUMo,980305.0,261.0,True,True,True,-422.11326150000104
358.58,1,12,-192,-132,fino,3,SUMo,982316.0,259.0,True,True,True,-382.0627887999994
358.94,1,12,-192,-132,fino,4,LPo,875029.0,265.0,True,False,True,-2518.7584947
360.8,1,12,-192,-130,fino,0,PGAgain,1001597.0,282.0,True,True,True,1.9318228999996017
361.16,1,12,-192,-130,fino,1,BPo,986182.0,271.0,True,True,True,-305.0686925999997
361.52,1,12,-192,-130,fino,2,OPA_SUMo,981826.0,269.0,True,True,True,-391.82148179999956
361.88,1,12,-192,-130,fino,3,SUMo,983830.0,252.0,True,True,True,-351.9104189999992
362.24,1,12,-192,-130,fino,4,LPo,875000.0,260.0,True,False,True,-2519.3360500000003
364.1,1,12,-192,-128,fino,0,PGAgain,1001580.0,263.0,True,True,True,1.5932560000008151
364.46,1,12,-192,-128,fino,1,BPo,986203.0,247.0,True,True,True,-304.65046290000055
364.82,1,12,-192,-128,fino,2,OPA_SUMo,983281.0,257.0,True,True,True,-362.844138300001
365.18,1,12,-192,-128,fino,3,SUMo,985261.0,252.0,True,True,True,-323.4110523000007
365.54,1,12,-192,-128,fino,4,LPo,875002.0,266.0,True,False,True,-2519.296218600001
367.4,1,12,-192,-126,fino,0,PGAgain,1001576.0,277.0,True,True,True,1.5135932000004348
367.76,1,12,-192,-126,fino,1,BPo,986214.0,260.0,True,True,True,-304.43139019999893
368.12,1,12,-192,-126,fino,2,OPA_SUMo,984773.0,257.0,True,True,True,-333.1299138999995
368.48,1,12,-192,-126,fino,3,SUMo,986704.0,244.0,True,True,True,-294.672697200001
368.84,1,12,-192,-126,fino,4,LPo,875008.0,259.0,True,False,True,-2519.1767243999993
370.7,1,12,-192,-124,fino,0,PGAgain,1001588.0,255.0,True,True,True,1.7525815999993117
371.06,1,12,-192,-124,fino,1,BPo,986162.0,262.0,True,True,True,-305.4670065999993
371.42,1,12,-192,-124,fino,2,OPA_SUMo,986197.0,264.0,True,True,True,-304.76995709999994
371.78,1,12,-192,-124,fino,3,SUMo,988192.0,259.0,True,True,True,-265.03813559999986
372.14,1,12,-192,-124,fino,4,LPo,875000.0,259.0,True,False,True,-2519.3360500000003
374.0,1,12,-192,-120,fino,0,PGAgain,1001551.0,254.0,True,True,True,1.0157007000008875
374.36,1,12,-192,-120,fino,1,BPo,986189.0,248.0,True,True,True,-304.9292827000007
374.72,1,12,-192,-120,fino,2,OPA_SUMo,989169.0,262.0,True,True,True,-245.58049670000037
375.08,1,12,-192,-120,fino,3,SUMo,991240.0,269.0,True,True,True,-204.33508199999983
375.44,1,12,-192,-120,fino,4,LPo,875028.0,254.0,True,False,True,-2518.7784103999998
465.8,1,12,-128,0,referencia,0,PGAgain,1001580.0,278.0,True,True,True,1.5932560000008151
466.16,1,12,-128,0,referencia,1,BPo,991972.0,277.0,True,True,True,-189.75678960000042
466.52,1,12,-128,0,referencia,2,OPA_SUMo,1055020.0,242.0,True,True,True,1065.8882639999997
466.88,1,12,-128,0,referencia,3,SUMo,1057107.0,272.0,True,True,True,1107.4523298999995
467.24,1,12,-128,0,referencia,4,LPo,875000.0,281.0,True,False,True,-2519.3360500000003
469.1,1,12,-128,-255,malla,0,PGAgain,1001584.0,277.0,True,True,True,1.6729187999989314
469.46,1,12,-128,-255,malla,1,BPo,991956.0,265.0,True,True,True,-190.07544079999965
469.82,1,12,-128,-255,malla,2,OPA_SUMo,875000.0,254.0,True,False,True,-2519.3360500000003
470.18,1,12,-128,-255,malla,3,SUMo,875000.0,256.0,True,False,True,-2519.3360500000003
470.54,1,12,-128,-255,malla,4,LPo,875000.0,274.0,True,False,True,-2519.3360500000003
472.4,1,12,-128,-128,malla,0,PGAgain,1001566.0,274.0,True,True,True,1.314436200000616
472.76,1,12,-128,-128,malla,1,BPo,991961.0,264.0,True,True,True,-189.97586229999976
473.12,1,12,-128,-128,malla,2,OPA_SUMo,960291.0,245.0,True,True,True,-820.706081299999
473.48,1,12,-128,-128,malla,3,SUMo,962223.0,271.0,True,True,True,-782.2289489000009
473.84,1,12,-128,-128,malla,4,LPo,875031.0,272.0,True,False,True,-2518.718663300001
475.7,1,12,-128,-64,malla,0,PGAgain,1001574.0,263.0,True,True,True,1.4737617999991126
476.06,1,12,-128,-64,malla,1,BPo,991988.0,284.0,True,True,True,-189.43813839999888
476.42,1,12,-128,-64,malla,2,OPA_SUMo,1007658.0,251.0,True,True,True,122.64088060000032
476.78,1,12,-128,-64,malla,3,SUMo,1009672.0,312.0,True,True,False,162.75110040000052
477.14,1,12,-128,-64,malla,4,LPo,875000.0,262.0,True,False,True,-2519.3360500000003
479.0,1,12,-128,0,malla,0,PGAgain,1001543.0,284.0,True,True,True,0.8563751000001268
479.36,1,12,-128,0,malla,1,BPo,991950.0,280.0,True,True,True,-190.1949349999991
479.72,1,12,-128,0,malla,2,OPA_SUMo,1055109.0,250.0,True,True,True,1067.6607612999985
480.08,1,12,-128,0,malla,3,SUMo,1057118.0,253.0,True,True,True,1107.6714025999988
480.44,1,12,-128,0,malla,4,LPo,875041.0,283.0,True,False,True,-2518.519506299999
482.3,1,12,-128,64,malla,0,PGAgain,1001497.0,259.0,True,True,True,-0.05974710000085132
482.66,1,12,-128,64,malla,1,BPo,992004.0,253.0,True,True,True,-189.11948719999964
483.02,1,12,-128,64,malla,2,OPA_SUMo,1102521.0,262.0,True,True,True,2011.9039296999993
483.38,1,12,-128,64,malla,3,SUMo,1104576.0,286.0,True,True,True,2052.8306932000005
483.74,1,12,-128,64,malla,4,LPo,875000.0,263.0,True,False,True,-2519.3360500000003
485.6,1,12,-128,128,malla,0,PGAgain,1001547.0,287.0,True,True,True,0.9360379000005072
485.96,1,12,-128,128,malla,1,BPo,991922.0,275.0,True,True,True,-190.7525745999995
486.32,1,12,-128,128,malla,2,OPA_SUMo,1128000.0,282.0,True,False,True,2519.3360500000003
486.68,1,12,-128,128,malla,3,SUMo,1128000.0,272.0,True,False,True,2519.3360500000003
487.04,1,12,-128,128,malla,4,LPo,875000.0,309.0,True,False,False,-2519.3360500000003
488.9,1,12,-128,255,malla,0,PGAgain,1001550.0,259.0,True,True,True,0.9957849999990944
489.26,1,12,-128,255,malla,1,BPo,991944.0,272.0,True,True,True,-190.3144292000008
489.62,1,12,-128,255,malla,2,OPA_SUMo,1128000.0,288.0,True,False,True,2519.3360500000003
489.98,1,12,-128,255,malla,3,SUMo,1128000.0,255.0,True,False,True,2519.3360500000003
490.34,1,12,-128,255,malla,4,LPo,875000.0,246.0,True,False,True,-2519.3360500000003
492.2,1,12,-128,-72,fino,0,PGAgain,1001568.0,244.0,True,True,True,1.354267599999674
492.56,1,12,-128,-72,fino,1,BPo,991961.0,281.0,True,True,True,-189.97586229999976
492.92,1,12,-128,-72,fino,2,OPA_SUMo,1001768.0,262.0,True,True,True,5.33740760000058
493.28,1,12,-128,-72,fino,3,SUMo,1003713.0,259.0,True,True,True,44.073444099999314
493.64,1,12,-128,-72,fino,4,LPo,875000.0,250.0,True,False,True,-2519.3360500000003
495.5,1,12,-128,-68,fino,0,PGAgain,1001607.0,259.0,True,True,True,2.1309798999994203
495.86,1,12,-128,-68,fino,1,BPo,992014.0,267.0,True,True,True,-188.92033019999982
496.22,1,12,-128,-68,fino,2,OPA_SUMo,1004777.0,243.0,True,True,True,65.26374890000088
496.58,1,12,-128,-68,fino,3,SUMo,1006737.0,275.0,True,True,True,104.29852089999933
496.94,1,12,-128,-68,fino,4,LPo,875055.0,259.0,True,False,True,-2518.240686500001
498.8,1,12,-128,-66,fino,0,PGAgain,1001540.0,273.0,True,True,True,0.7966279999992755
499.16,1,12,-128,-66,fino,1,BPo,991927.0,279.0,True,True,True,-190.6529960999996
499.52,1,12,-128,-66,fino,2,OPA_SUMo,1006238.0,255.0,True,True,True,94.36058660000113
499.88,1,12,-128,-66,fino,3,SUMo,1008193.0,276.0,True,True,True,133.2957800999997
500.24,1,12,-128,-66,fino,4,LPo,875005.0,269.0,True,False,True,-2519.2364715000003
502.1,1,12,-128,-64,fino,0,PGAgain,1001498.0,253.0,True,True,True,-0.03983139999905812
502.46,1,12,-128,-64,fino,1,BPo,992001.0,257.0,True,True,True,-189.17923430000047
502.82,1,12,-128,-64,fino,2,OPA_SUMo,1007714.0,281.0,True,True,True,123.75615980000111
503.18,1,12,-128,-64,fino,3,SUMo,1009725.0,289.0,True,True,True,163.80663250000046
503.54,1,12,-128,-64,fino,4,LPo,875000.0,257.0,True,False,True,-2519.3360500000003
505.4,1,12,-128,-62,fino,0,PGAgain,1001514.0,288.0,True,True,True,0.27881980000019924
505.76,1,12,-128,-62,fino,1,BPo,991996.0,246.0,True,True,True,-189.2788128000004
506.12,1,12,-128,-62,fino,2,OPA_SUMo,1009219.0,244.0,True,True,True,153.72928830000103
506.48,1,12,-128,-62,fino,3,SUMo,1011119.0,270.0,True,True,True,191.56911830000058
506.84,1,12,-128,-62,fino,4,LPo,875004.0,262.0,True,False,True,-2519.2563871999996
508.7,1,12,-128,-60,fino,0,PGAgain,1001550.0,249.0,True,True,True,0.9957849999990944
509.06,1,12,-128,-60,fino,1,BPo,991925.0,266.0,True,True,True,-190.6928275000009
509.42,1,12,-128,-60,fino,2,OPA_SUMo,1010717.0,258.0,True,True,True,183.5630068999997
509.78,1,12,-128,-60,fino,3,SUMo,1012639.0,277.0,True,True,True,221.8409823000002
510.14,1,12,-128,-60,fino,4,LPo,875000.0,251.0,True,False,True,-2519.3360500000003
512.0,1,12,-128,-56,fino,0,PGAgain,1001619.0,261.0,True,True,True,2.369968300000562
512.36,1,12,-128,-56,fino,1,BPo,991983.0,284.0,True,True,True,-189.53771690000107
512.72,1,12,-128,-56,fino,2,OPA_SUMo,1013715.0,262.0,True,True,True,243.27027550000065
513.08,1,12,-128,-56,fino,3,SUMo,1015714.0,272.0,True,True,True,283.0817598000011
513.44,1,12,-128,-56,fino,4,LPo,875013.0,254.0,True,False,True,-2519.0771458999993
603.8,1,12,-64,0,referencia,0,PGAgain,1001538.0,261.0,True,True,True,0.7567966000002174
604.16,1,12,-64,0,referencia,1,BPo,997721.0,253.0,True,True,True,-75.26143029999993
604.52,1,12,-64,0,referencia,2,OPA_SUMo,1032296.0,300.0,True,True,False,613.323897200001
604.88,1,12,-64,0,referencia,3,SUMo,1034287.0,256.0,True,True,True,652.9760559000007
605.24,1,12,-64,0,referencia,4,LPo,875000.0,256.0,True,False,True,-2519.3360500000003
607.1,1,12,-64,-255,malla,0,PGAgain,1001550.0,245.0,True,True,True,0.9957849999990944
607.46,1,12,-64,-255,malla,1,BPo,997769.0,277.0,True,True,True,-74.3054766999999
607.82,1,12,-64,-255,malla,2,OPA_SUMo,875000.0,280.0,True,False,True,-2519.3360500000003
608.18,1,12,-64,-255,malla,3,SUMo,875000.0,260.0,True,False,True,-2519.3360500000003
608.54,1,12,-64,-255,malla,4,LPo,875000.0,288.0,True,False,True,-2519.3360500000003
610.4,1,12,-64,-128,malla,0,PGAgain,1001592.0,267.0,True,True,True,1.8322443999996922
610.76,1,12,-64,-128,malla,1,BPo,997706.0,241.0,True,True,True,-75.56016579999967
611.12,1,12,-64,-128,malla,2,OPA_SUMo,937481.0,288.0,True,True,True,-1274.9831983000001
611.48,1,12,-64,-128,malla,3,SUMo,939367.0,264.0,True,True,True,-1237.4221881000008
611.84,1,12,-64,-128,malla,4,LPo,875012.0,279.0,True,False,True,-2519.0970616000013
613.7,1,12,-64,-64,malla,0,PGAgain,1001536.0,255.0,True,True,True,0.7169651999988952
614.06,1,12,-64,-64,malla,1,BPo,997643.0,279.0,True,True,True,-76.81485489999942
614.42,1,12,-64,-64,malla,2,OPA_SUMo,984884.0,245.0,True,True,True,-330.91927119999974
614.78,1,12,-64,-64,malla,3,SUMo,986830.0,270.0,True,True,True,-292.1633189999992
615.14,1,12,-64,-64,malla,4,LPo,875000.0,269.0,True,False,True,-2519.3360500000003
617.0,1,12,-64,0,malla,0,PGAgain,1001522.0,245.0,True,True,True,0.43814540000096003
617.36,1,12,-64,0,malla,1,BPo,997714.0,270.0,True,True,True,-75.4008401999989
617.72,1,12,-64,0,malla,2,OPA_SUMo,1032318.0,263.0,True,True,True,613.7620425999997
618.08,1,12,-64,0,malla,3,SUMo,1034318.0,252.0,True,True,True,653.5934425999997
618.44,1,12,-64,0,malla,4,LPo,875000.0,259.0,True,False,True,-2519.3360500000003
620.3,1,12,-64,64,malla,0,PGAgain,1001551.0,256.0,True,True,True,1.0157007000008875
620.66,1,12,-64,64,malla,1,BPo,997777.0,271.0,True,True,True,-74.14615109999913
621.02,1,12,-64,64,malla,2,OPA_SUMo,1079756.0,264.0,True,True,True,1558.5230192000017
621.38,1,12,-64,64,malla,3,SUMo,1081729.0,272.0,True,True,True,1597.816695300001
621.74,1,12,-64,64,malla,4,LPo,875000.0,256.0,True,False,True,-2519.3360500000003
623.6,1,12,-64,128,malla,0,PGAgain,1001540.0,275.0,True,True,True,0.7966279999992755
623.96,1,12,-64,128,malla,1,BPo,997735.0,252.0,True,True,True,-74.98261049999974
624.32,1,12,-64,128,malla,2,OPA_SUMo,1127200.0,245.0,True,False,True,2503.403490000001
624.68,1,12,-64,128,malla,3,SUMo,1128000.0,274.0,True,False,True,2519.3360500000003
625.04,1,12,-64,128,malla,4,LPo,875000.0,252.0,True,False,True,-2519.3360500000003
626.9,1,12,-64,255,malla,0,PGAgain,1001549.0,261.0,True,True,True,0.9758692999995653
627.26,1,12,-64,255,malla,1,BPo,997709.0,261.0,True,True,True,-75.50041870000108
627.62,1,12,-64,255,malla,2,OPA_SUMo,1128000.0,248.0,True,False,True,2519.3360500000003
627.98,1,12,-64,255,malla,3,SUMo,1128000.0,290.0,True,False,True,2519.3360500000003
628.34,1,12,-64,255,malla,4,LPo,875037.0,311.0,True,False,False,-2518.5991690999995
630.2,1,12,-64,-72,fino,0,PGAgain,1001484.0,283.0,True,True,True,-0.3186511999992574
630.56,1,12,-64,-72,fino,1,BPo,997740.0,260.0,True,True,True,-74.88303199999983
630.92,1,12,-64,-72,fino,2,OPA_SUMo,979008.0,278.0,True,True,True,-447.9439243999993
631.28,1,12,-64,-72,fino,3,SUMo,980993.0,274.0,True,True,True,-408.411259899999
631.64,1,12,-64,-72,fino,4,LPo,875003.0,282.0,True,False,True,-2519.2763028999993
633.5,1,12,-64,-68,fino,0,PGAgain,1001472.0,301.0,True,True,False,-0.5576396000003985
633.86,1,12,-64,-68,fino,1,BPo,997736.0,262.0,True,True,True,-74.96269480000021
634.22,1,12,-64,-68,fino,2,OPA_SUMo,981997.0,274.0,True,True,True,-388.41589710000085
634.58,1,12,-64,-68,fino,3,SUMo,983968.0,251.0,True,True,True,-349.1620524000008
634.94,1,12,-64,-68,fino,4,LPo,875000.0,277.0,True,False,True,-2519.3360500000003
636.8,1,12,-64,-66,fino,0,PGAgain,1001535.0,280.0,True,True,True,0.697049499999366
637.16,1,12,-64,-66,fino,1,BPo,997748.0,285.0,True,True,True,-74.72370639999906
637.52,1,12,-64,-66,fino,2,OPA_SUMo,983454.0,255.0,True,True,True,-359.398722200001
637.88,1,12,-64,-66,fino,3,SUMo,985381.0,253.0,True,True,True,-321.02116830000057
638.24,1,12,-64,-66,fino,4,LPo,875049.0,246.0,True,False,True,-2518.3601807000005
640.1,1,12,-64,-64,fino,0,PGAgain,1001501.0,260.0,True,True,True,0.01991569999952906
640.46,1,12,-64,-64,fino,1,BPo,997669.0,247.0,True,True,True,-76.29704670000035
640.82,1,12,-64,-64,fino,2,OPA_SUMo,984938.0,262.0,True,True,True,-329.84382340000025
641.18,1,12,-64,-64,fino,3,SUMo,986940.0,271.0,True,True,True,-289.97259199999894
641.54,1,12,-64,-64,fino,4,LPo,875000.0,263.0,True,False,True,-2519.3360500000003
643.4,1,12,-64,-62,fino,0,PGAgain,1001564.0,282.0,True,True,True,1.2746047999992935
643.76,1,12,-64,-62,fino,1,BPo,997697.0,268.0,True,True,True,-75.73940709999995
644.12,1,12,-64,-62,fino,2,OPA_SUMo,986492.0,277.0,True,True,True,-298.8948256000008
644.48,1,12,-64,-62,fino,3,SUMo,988392.0,246.0,True,True,True,-261.05499559999896
644.84,1,12,-64,-62,fino,4,LPo,875016.0,258.0,True,False,True,-2519.017398800001
646.7,1,12,-64,-60,fino,0,PGAgain,1001466.0,251.0,True,True,True,-0.677133799999837
647.06,1,12,-64,-60,fino,1,BPo,997706.0,290.0,True,True,True,-75.56016579999967
647.42,1,12,-64,-60,fino,2,OPA_SUMo,987942.0,260.0,True,True,True,-270.01706059999987
647.78,1,12,-64,-60,fino,3,SUMo,989956.0,254.0,True,True,True,-229.90684079999966
648.14,1,12,-64,-60,fino,4,LPo,875000.0,289.0,True,False,True,-2519.3360500000003
650.0,1,12,-64,-56,fino,0,PGAgain,1001518.0,291.0,True,True,True,0.35848260000057963
650.36,1,12,-64,-56,fino,1,BPo,997708.0,260.0,True,True,True,-75.5203344000006
650.72,1,12,-64,-56,fino,2,OPA_SUMo,990883.0,307.0,True,True,False,-211.44498689999926
651.08,1,12,-64,-56,fino,3,SUMo,992851.0,282.0,True,True,True,-172.25088930000004
651.44,1,12,-64,-56,fino,4,LPo,875000.0,290.0,True,False,True,-2519.3360500000003
741.8,1,12,0,0,referencia,0,PGAgain,1001467.0,256.0,True,True,True,-0.657218100000308
742.16,1,12,0,0,referencia,1,BPo,1003512.0,255.0,True,True,True,40.070388399998876
742.52,1,12,0,0,referencia,2,OPA_SUMo,1009590.0,277.0,True,True,True,161.11801300000064
742.88,1,12,0,0,referencia,3,SUMo,1011583.0,263.0,True,True,True,200.81000309999942
743.24,1,12,0,0,referencia,4,LPo,875000.0,251.0,True,False,True,-2519.3360500000003
745.1,1,12,0,-255,malla,0,PGAgain,1001513.0,263.0,True,True,True,0.2589041000006702
745.46,1,12,0,-255,malla,1,BPo,1003532.0,253.0,True,True,True,40.46870240000078
745.82,1,12,0,-255,malla,2,OPA_SUMo,875000.0,265.0,True,False,True,-2519.3360500000003
746.18,1,12,0,-255,malla,3,SUMo,875000.0,257.0,True,False,True,-2519.3360500000003
746.54,1,12,0,-255,malla,4,LPo,875000.0,251.0,True,False,True,-2519.3360500000003
748.4,1,12,0,-128,malla,0,PGAgain,1001464.0,290.0,True,True,True,-0.7169651999988952
748.76,1,12,0,-128,malla,1,BPo,1003494.0,267.0,True,True,True,39.711905800000565
749.12,1,12,0,-128,malla,2,OPA_SUMo,914773.0,263.0,True,True,True,-1727.2289138999995
749.48,1,12,0,-128,malla,3,SUMo,916771.0,261.0,True,True,True,-1687.437345300001
749.84,1,12,0,-128,malla,4,LPo,875000.0,257.0,True,False,True,-2519.3360500000003
751.7,1,12,0,-64,malla,0,PGAgain,1001496.0,262.0,True,True,True,-0.07966280000038038
752.06,1,12,0,-64,malla,1,BPo,1003441.0,258.0,True,True,True,38.65637370000062
752.42,1,12,0,-64,malla,2,OPA_SUMo,962222.0,245.0,True,True,True,-782.2488646000004
752.78,1,12,0,-64,malla,3,SUMo,964178.0,246.0,True,True,True,-743.2937554000001
753.14,1,12,0,-64,malla,4,LPo,875006.0,291.0,True,False,True,-2519.2165558000006
755.0,1,12,0,0,malla,0,PGAgain,1001460.0,261.0,True,True,True,-0.7966279999992755
755.36,1,12,0,0,malla,1,BPo,1003493.0,255.0,True,True,True,39.691990100001036
755.72,1,12,0,0,malla,2,OPA_SUMo,1009618.0,255.0,True,True,True,161.67565260000103
756.08,1,12,0,0,malla,3,SUMo,1011693.0,257.0,True,True,True,203.00073009999969
756.44,1,12,0,0,malla,4,LPo,875000.0,268.0,True,False,True,-2519.3360500000003
758.3,1,12,0,64,malla,0,PGAgain,1001519.0,261.0,True,True,True,0.3783983000001087
758.66,1,12,0,64,malla,1,BPo,1003537.0,269.0,True,True,True,40.56828090000069
759.02,1,12,0,64,malla,2,OPA_SUMo,1057022.0,276.0,True,True,True,1105.7594953999987
759.38,1,12,0,64,malla,3,SUMo,1059098.0,271.0,True,True,True,1147.1044885999993
759.74,1,12,0,64,malla,4,LPo,875010.0,276.0,True,False,True,-2519.1368930000003
761.6,1,12,0,128,malla,0,PGAgain,1001481.0,258.0,True,True,True,-0.3783983000001087
761.96,1,12,0,128,malla,1,BPo,1003458.0,272.0,True,True,True,38.9949405999994
762.32,1,12,0,128,malla,2,OPA_SUMo,1104491.0,267.0,True,True,True,2051.1378587
762.68,1,12,0,128,malla,3,SUMo,1106508.0,248.0,True,True,True,2091.307825600001
763.04,1,12,0,128,malla,4,LPo,875000.0,272.0,True,False,True,-2519.3360500000003
764.9,1,12,0,255,malla,0,PGAgain,1001485.0,249.0,True,True,True,-0.2987354999997283
765.26,1,12,0,255,malla,1,BPo,1003531.0,291.0,True,True,True,40.44878669999899
765.62,1,12,0,255,malla,2,OPA_SUMo,1128000.0,271.0,True,False,True,2519.3360500000003
765.98,1,12,0,255,malla,3,SUMo,1128000.0,283.0,True,False,True,2519.3360500000003
766.34,1,12,0,255,malla,4,LPo,875032.0,256.0,True,False,True,-2518.6987475999995
768.2,1,12,0,-8,fino,0,PGAgain,1001429.0,273.0,True,True,True,-1.4140147000005254
768.56,1,12,0,-8,fino,1,BPo,1003509.0,259.0,True,True,True,40.010641300000295
768.92,1,12,0,-8,fino,2,OPA_SUMo,1003713.0,261.0,True,True,True,44.073444099999314
769.28,1,12,0,-8,fino,3,SUMo,1005734.0,249.0,True,True,True,84.32307380000074
769.64,1,12,0,-8,fino,4,LPo,875001.0,246.0,True,False,True,-2519.3161343000006
771.5,1,12,0,-4,fino,0,PGAgain,1001515.0,269.0,True,True,True,0.2987354999997283
771.86,1,12,0,-4,fino,1,BPo,1003458.0,279.0,True,True,True,38.9949405999994
772.22,1,12,0,-4,fino,2,OPA_SUMo,1006783.0,262.0,True,True,True,105.21464310000032
772.58,1,12,0,-4,fino,3,SUMo,1008688.0,247.0,True,True,True,143.15405159999978
772.94,1,12,0,-4,fino,4,LPo,875000.0,248.0,True,False,True,-2519.3360500000003
774.8,1,12,0,-2,fino,0,PGAgain,1001435.0,285.0,True,True,True,-1.2945205000010869
775.16,1,12,0,-2,fino,1,BPo,1003528.0,276.0,True,True,True,40.3890396000004
775.52,1,12,0,-2,fino,2,OPA_SUMo,1008229.0,267.0,True,True,True,134.01274530000083
775.88,1,12,0,-2,fino,3,SUMo,1010120.0,250.0,True,True,True,171.6733340000001
776.24,1,12,0,-2,fino,4,LPo,875051.0,263.0,True,False,True,-2518.320349299999
778.1,1,12,0,0,fino,0,PGAgain,1001511.0,272.0,True,True,True,0.21907269999934795
778.46,1,12,0,0,fino,1,BPo,1003475.0,255.0,True,True,True,39.33350750000046
778.82,1,12,0,0,fino,2,OPA_SUMo,1009709.0,244.0,True,True,True,163.48798129999895
779.18,1,12,0,0,fino,3,SUMo,1011723.0,271.0,True,True,True,203.59820109999913
779.54,1,12,0,0,fino,4,LPo,875000.0,261.0,True,False,True,-2519.3360500000003
781.4,1,12,0,2,fino,0,PGAgain,1001477.0,251.0,True,True,True,-0.4580611000004891
781.76,1,12,0,2,fino,1,BPo,1003496.0,278.0,True,True,True,39.751737199999624
782.12,1,12,0,2,fino,2,OPA_SUMo,1011132.0,269.0,True,True,True,191.82802239999899
782.48,1,12,0,2,fino,3,SUMo,1013213.0,275.0,True,True,True,233.27259409999934
782.84,1,12,0,2,fino,4,LPo,875000.0,267.0,True,False,True,-2519.3360500000003
784.7,1,12,0,4,fino,0,PGAgain,1001480.0,253.0,True,True,True,-0.39831399999963774
785.06,1,12,0,4,fino,1,BPo,1003490.0,267.0,True,True,True,39.63224300000018
785.42,1,12,0,4,fino,2,OPA_SUMo,1012675.0,244.0,True,True,True,222.5579474999991
785.78,1,12,0,4,fino,3,SUMo,1014721.0,290.0,True,True,True,263.30546970000006
786.14,1,12,0,4,fino,4,LPo,875003.0,260.0,True,False,True,-2519.2763028999993
788.0,1,12,0,8,fino,0,PGAgain,1001442.0,262.0,True,True,True,-1.1551105999998552
788.36,1,12,0,8,fino,1,BPo,1003488.0,259.0,True,True,True,39.59241160000113
788.72,1,12,0,8,fino,2,OPA_SUMo,1015651.0,282.0,True,True,True,281.82707069999907
789.08,1,12,0,8,fino,3,SUMo,1017650.0,264.0,True,True,True,321.63855499999954
789.44,1,12,0,8,fino,4,LPo,875000.0,277.0,True,False,True,-2519.3360500000003
879.8,1,12,64,0,referencia,0,PGAgain,1001375.0,255.0,True,True,True,-2.4894625
880.16,1,12,64,0,referencia,1,BPo,1009303.0,270.0,True,True,True,155.40220709999994
880.52,1,12,64,0,referencia,2,OPA_SUMo,986968.0,279.0,True,True,True,-289.4149524000008
880.88,1,12,64,0,referencia,3,SUMo,988906.0,252.0,True,True,True,-250.81832580000102
881.24,1,12,64,0,referencia,4,LPo,875000.0,251.0,True,False,True,-2519.3360500000003
883.1,1,12,64,-255,malla,0,PGAgain,1001447.0,243.0,True,True,True,-1.0555320999999458
883.46,1,12,64,-255,malla,1,BPo,1009207.0,262.0,True,True,True,153.49029989999988
883.82,1,12,64,-255,malla,2,OPA_SUMo,875000.0,302.0,True,False,False,-2519.3360500000003
884.18,1,12,64,-255,malla,3,SUMo,875000.0,259.0,True,False,True,-2519.3360500000003
884.54,1,12,64,-255,malla,4,LPo,875005.0,260.0,True,False,True,-2519.2364715000003
886.4,1,12,64,-128,malla,0,PGAgain,1001444.0,259.0,True,True,True,-1.115279200000797
886.76,1,12,64,-128,malla,1,BPo,1009236.0,250.0,True,True,True,154.0678551999998
887.12,1,12,64,-128,malla,2,OPA_SUMo,892077.0,255.0,True,True,True,-2179.2356411
887.48,1,12,64,-128,malla,3,SUMo,894046.0,274.0,True,True,True,-2140.0216277999994
887.84,1,12,64,-128,malla,4,LPo,875000.0,252.0,True,False,True,-2519.3360500000003
889.7,1,12,64,-64,malla,0,PGAgain,1001402.0,279.0,True,True,True,-1.9517385999991306
890.06,1,12,64,-64,malla,1,BPo,1009284.0,275.0,True,True,True,155.02380879999984
890.42,1,12,64,-64,malla,2,OPA_SUMo,939536.0,255.0,True,True,True,-1234.0564348000012
890.78,1,12,64,-64,malla,3,SUMo,941491.0,256.0,True,True,True,-1195.1212413000003
891.14,1,12,64,-64,malla,4,LPo,875000.0,267.0,True,False,True,-2519.3360500000003
893.0,1,12,64,0,malla,0,PGAgain,1001457.0,273.0,True,True,True,-0.8563751000001268
893.36,1,12,64,0,malla,1,BPo,1009240.0,267.0,True,True,True,154.1475180000002
893.72,1,12,64,0,malla,2,OPA_SUMo,986955.0,275.0,True,True,True,-289.6738564999992
894.08,1,12,64,0,malla,3,SUMo,989009.0,265.0,True,True,True,-248.76700869999974
894.44,1,12,64,0,malla,4,LPo,875000.0,251.0,True,False,True,-2519.3360500000003
896.3,1,12,64,64,malla,0,PGAgain,1001410.0,257.0,True,True,True,-1.792413000000634
896.66,1,12,64,64,malla,1,BPo,1009287.0,278.0,True,True,True,155.0835559000007
897.02,1,12,64,64,malla,2,OPA_SUMo,1034321.0,296.0,True,True,True,653.6531896999983
897.38,1,12,64,64,malla,3,SUMo,1036384.0,261.0,True,True,True,694.7392788000003
897.74,1,12,64,64,malla,4,LPo,875053.0,278.0,True,False,True,-2518.2805179
899.6,1,12,64,128,malla,0,PGAgain,1001415.0,261.0,True,True,True,-1.6928345000007246
899.96,1,12,64,128,malla,1,BPo,1009323.0,257.0,True,True,True,155.8005210999996
900.32,1,12,64,128,malla,2,OPA_SUMo,1081823.0,270.0,True,True,True,1599.688771100002
900.68,1,12,64,128,malla,3,SUMo,1083852.0,247.0,True,True,True,1640.0977264000019
901.04,1,12,64,128,malla,4,LPo,875000.0,265.0,True,False,True,-2519.3360500000003
902.9,1,12,64,255,malla,0,PGAgain,1001479.0,261.0,True,True,True,-0.4182296999991668
903.26,1,12,64,255,malla,1,BPo,1009305.0,250.0,True,True,True,155.442038499999
903.62,1,12,64,255,malla,2,OPA_SUMo,1128000.0,289.0,True,False,True,2519.3360500000003
903.98,1,12,64,255,malla,3,SUMo,1128000.0,284.0,True,False,True,2519.3360500000003
904.34,1,12,64,255,malla,4,LPo,875018.0,251.0,True,False,True,-2518.9775673999998
906.2,1,12,64,-8,fino,0,PGAgain,1001380.0,286.0,True,True,True,-2.3898840000000905
906.56,1,12,64,-8,fino,1,BPo,1009258.0,256.0,True,True,True,154.50600060000076
906.92,1,12,64,-8,fino,2,OPA_SUMo,981056.0,268.0,True,True,True,-407.1565707999992
907.28,1,12,64,-8,fino,3,SUMo,983035.0,269.0,True,True,True,-367.74340050000063
907.64,1,12,64,-8,fino,4,LPo,875014.0,266.0,True,False,True,-2519.0572302
909.5,1,12,64,-4,fino,0,PGAgain,1001426.0,291.0,True,True,True,-1.4737617999991126
909.86,1,12,64,-4,fino,1,BPo,1009238.0,270.0,True,True,True,154.10768660000113
910.22,1,12,64,-4,fino,2,OPA_SUMo,984036.0,326.0,True,True,False,-347.8077848000011
910.58,1,12,64,-4,fino,3,SUMo,986022.0,256.0,True,True,True,-308.25520459999905
910.94,1,12,64,-4,fino,4,LPo,875053.0,289.0,True,False,True,-2518.2805179
912.8,1,12,64,-2,fino,0,PGAgain,1001521.0,257.0,True,True,True,0.4182296999991668
913.16,1,12,64,-2,fino,1,BPo,1009263.0,249.0,True,True,True,154.60557910000068
913.52,1,12,64,-2,fino,2,OPA_SUMo,985549.0,280.0,True,True,True,-317.6753307000005
913.88,1,12,64,-2,fino,3,SUMo,987498.0,270.0,True,True,True,-278.85963139999905
914.24,1,12,64,-2,fino,4,LPo,875000.0,274.0,True,False,True,-2519.3360500000003
916.1,1,12,64,0,fino,0,PGAgain,1001484.0,290.0,True,True,True,-0.3186511999992574
916.46,1,12,64,0,fino,1,BPo,1009238.0,296.0,True,True,True,154.10768660000113
916.82,1,12,64,0,fino,2,OPA_SUMo,987022.0,269.0,True,True,True,-288.33950459999903
917.18,1,12,64,0,fino,3,SUMo,989007.0,279.0,True,True,True,-248.80684010000104
917.54,1,12,64,0,fino,4,LPo,875009.0,251.0,True,False,True,-2519.1568087
919.4,1,12,64,2,fino,0,PGAgain,1001432.0,286.0,True,True,True,-1.354267599999674
919.76,1,12,64,2,fino,1,BPo,1009267.0,288.0,True,True,True,154.68524190000105
920.12,1,12,64,2,fino,2,OPA_SUMo,988522.0,275.0,True,True,True,-258.46595459999907
920.48,1,12,64,2,fino,3,SUMo,990440.0,294.0,True,True,True,-220.26764199999892
920.84,1,12,64,2,fino,4,LPo,875000.0,253.0,True,False,True,-2519.3360500000003
922.7,1,12,64,4,fino,0,PGAgain,1001451.0,280.0,True,True,True,-0.9758692999995653
923.06,1,12,64,4,fino,1,BPo,1009262.0,259.0,True,True,True,154.58566339999888
923.42,1,12,64,4,fino,2,OPA_SUMo,989910.0,279.0,True,True,True,-230.82296300000064
923.78,1,12,64,4,fino,3,SUMo,991948.0,248.0,True,True,True,-190.23476640000044
924.14,1,12,64,4,fino,4,LPo,875013.0,247.0,True,False,True,-2519.0771458999993
926.0,1,12,64,8,fino,0,PGAgain,1001414.0,257.0,True,True,True,-1.7127502000002537
926.36,1,12,64,8,fino,1,BPo,1009277.0,280.0,True,True,True,154.8843989000009
926.72,1,12,64,8,fino,2,OPA_SUMo,992894.0,260.0,True,True,True,-171.3945141999999
927.08,1,12,64,8,fino,3,SUMo,994881.0,251.0,True,True,True,-131.82201830000056
927.44,1,12,64,8,fino,4,LPo,875011.0,265.0,True,False,True,-2519.1169773000006
1017.8,1,12,128,0,referencia,0,PGAgain,1001401.0,257.0,True,True,True,-1.971654300000924
1018.16,1,12,128,0,referencia,1,BPo,1015043.0,263.0,True,True,True,269.71832510000013
1018.52,1,12,128,0,referencia,2,OPA_SUMo,964043.0,252.0,True,True,True,-745.9823749
1018.88,1,12,128,0,referencia,3,SUMo,966133.0,257.0,True,True,True,-704.3585618999992
1019.24,1,12,128,0,referencia,4,LPo,875002.0,253.0,True,False,True,-2519.296218600001
1021.1,1,12,128,-255,malla,0,PGAgain,1001410.0,284.0,True,True,True,-1.792413000000634
1021.46,1,12,128,-255,malla,1,BPo,1015007.0,247.0,True,True,True,269.001359899999
1021.82,1,12,128,-255,malla,2,OPA_SUMo,875000.0,251.0,True,False,True,-2519.3360500000003
1022.18,1,12,128,-255,malla,3,SUMo,875000.0,256.0,True,False,True,-2519.3360500000003
1022.54,1,12,128,-255,malla,4,LPo,875033.0,252.0,True,False,True,-2518.6788318999998
1024.4,1,12,128,-128,malla,0,PGAgain,1001432.0,298.0,True,True,True,-1.354267599999674
1024.76,1,12,128,-128,malla,1,BPo,1015056.0,265.0,True,True,True,269.9772292000008
1025.12,1,12,128,-128,malla,2,OPA_SUMo,875000.0,267.0,True,False,True,-2519.3360500000003
1025.48,1,12,128,-128,malla,3,SUMo,875000.0,259.0,True,False,True,-2519.3360500000003
1025.84,1,12,128,-128,malla,4,LPo,875030.0,274.0,True,False,True,-2518.7385790000008
1027.7,1,12,128,-64,malla,0,PGAgain,1001414.0,281.0,True,True,True,-1.7127502000002537
1028.06,1,12,128,-64,malla,1,BPo,1015057.0,251.0,True,True,True,269.99714490000036
1028.42,1,12,128,-64,malla,2,OPA_SUMo,916705.0,285.0,True,True,True,-1688.7517814999992
1028.78,1,12,128,-64,malla,3,SUMo,918679.0,290.0,True,True,True,-1649.4381897000005
1029.14,1,12,128,-64,malla,4,LPo,875000.0,252.0,True,False,True,-2519.3360500000003
1031.0,1,12,128,0,malla,0,PGAgain,1001393.0,272.0,True,True,True,-2.1309798999994203
1031.36,1,12,128,0,malla,1,BPo,1015082.0,250.0,True,True,True,270.4950373999999
1031.72,1,12,128,0,malla,2,OPA_SUMo,964118.0,246.0,True,True,True,-744.488697399999
1032.08,1,12,128,0,malla,3,SUMo,966180.0,269.0,True,True,True,-703.4225240000011
1032.44,1,12,128,0,malla,4,LPo,875000.0,277.0,True,False,True,-2519.3360500000003
1034.3,1,12,128,64,malla,0,PGAgain,1001527.0,252.0,True,True,True,0.5377239000008694
1034.66,1,12,128,64,malla,1,BPo,1015077.0,277.0,True,True,True,270.3954589
1035.02,1,12,128,64,malla,2,OPA_SUMo,1011540.0,281.0,True,True,True,199.9536279999993
1035.38,1,12,128,64,malla,3,SUMo,1013608.0,251.0,True,True,True,241.13929559999897
1035.74,1,12,128,64,malla,4,LPo,875057.0,255.0,True,False,True,-2518.2008551
1037.6,1,12,128,128,malla,0,PGAgain,1001425.0,277.0,True,True,True,-1.4936775000009057
1037.96,1,12,128,128,malla,1,BPo,1015085.0,304.0,True,True,False,270.5547845000007
1038.32,1,12,128,128,malla,2,OPA_SUMo,1058993.0,273.0,True,True,True,1145.013340099999
1038.68,1,12,128,128,malla,3,SUMo,1061024.0,250.0,True,True,True,1185.4621267999978
1039.04,1,12,128,128,malla,4,LPo,875059.0,262.0,True,False,True,-2518.161023700001
1040.9,1,12,128,255,malla,0,PGAgain,1001407.0,255.0,True,True,True,-1.8521600999992212
1041.26,1,12,128,255,malla,1,BPo,1015040.0,257.0,True,True,True,269.6585779999993
1041.62,1,12,128,255,malla,2,OPA_SUMo,1128000.0,290.0,True,False,True,2519.3360500000003
1041.98,1,12,128,255,malla,3,SUMo,1128000.0,268.0,True,False,True,2519.3360500000003
1042.34,1,12,128,255,malla,4,LPo,875020.0,259.0,True,False,True,-2518.9377360000003
1044.2,1,12,128,56,fino,0,PGAgain,1001444.0,268.0,True,True,True,-1.115279200000797
1044.56,1,12,128,56,fino,1,BPo,1015013.0,266.0,True,True,True,269.12085410000066
1044.92,1,12,128,56,fino,2,OPA_SUMo,1005616.0,273.0,True,True,True,81.97302119999972
1045.28,1,12,128,56,fino,3,SUMo,1007678.0,291.0,True,True,True,123.03919459999996
1045.64,1,12,128,56,fino,4,LPo,875000.0,261.0,True,False,True,-2519.3360500000003
1047.5,1,12,128,60,fino,0,PGAgain,1001335.0,271.0,True,True,True,-3.2860904999992755
1047.86,1,12,128,60,fino,1,BPo,1014962.0,248.0,True,True,True,268.1051533999998
1048.22,1,12,128,60,fino,2,OPA_SUMo,1008569.0,267.0,True,True,True,140.78408329999922
1048.58,1,12,128,60,fino,3,SUMo,1010607.0,264.0,True,True,True,181.37227989999943
1048.94,1,12,128,60,fino,4,LPo,875095.0,260.0,True,False,True,-2517.4440584999998
1050.8,1,12,128,62,fino,0,PGAgain,1001369.0,253.0,True,True,True,-2.6089566999994385
1051.16,1,12,128,62,fino,1,BPo,1014997.0,259.0,True,True,True,268.80220289999914
1051.52,1,12,128,62,fino,2,OPA_SUMo,1010092.0,272.0,True,True,True,171.1156943999997
1051.88,1,12,128,62,fino,3,SUMo,1012045.0,275.0,True,True,True,210.0110564999992
1052.24,1,12,128,62,fino,4,LPo,875000.0,275.0,True,False,True,-2519.3360500000003
1054.1,1,12,128,64,fino,0,PGAgain,1001390.0,254.0,True,True,True,-2.1907270000002717
1054.46,1,12,128,64,fino,1,BPo,1015016.0,256.0,True,True,True,269.1806011999993
1054.82,1,12,128,64,fino,2,OPA_SUMo,1011628.0,259.0,True,True,True,201.70620960000088
1055.18,1,12,128,64,fino,3,SUMo,1013619.0,278.0,True,True,True,241.35836830000056
1055.54,1,12,128,64,fino,4,LPo,875000.0,254.0,True,False,True,-2519.3360500000003
1057.4,1,12,128,66,fino,0,PGAgain,1001395.0,288.0,True,True,True,-2.0911485000003625
1057.76,1,12,128,66,fino,1,BPo,1015000.0,287.0,True,True,True,268.86195000000004
1058.12,1,12,128,66,fino,2,OPA_SUMo,1013118.0,258.0,True,True,True,231.38060260000105
1058.48,1,12,128,66,fino,3,SUMo,1015061.0,257.0,True,True,True,270.0768077000007
1058.84,1,12,128,66,fino,4,LPo,875000.0,267.0,True,False,True,-2519.3360500000003
1060.7,1,12,128,68,fino,0,PGAgain,1001391.0,279.0,True,True,True,-2.170811300000743
1061.06,1,12,128,68,fino,1,BPo,1015003.0,284.0,True,True,True,268.92169710000087
1061.42,1,12,128,68,fino,2,OPA_SUMo,1014525.0,273.0,True,True,True,259.40199249999955
1061.78,1,12,128,68,fino,3,SUMo,1016555.0,277.0,True,True,True,299.830863499999
1062.14,1,12,128,68,fino,4,LPo,875000.0,263.0,True,False,True,-2519.3360500000003
1064.0,1,12,128,72,fino,0,PGAgain,1001465.0,250.0,True,True,True,-0.697049499999366
1064.36,1,12,128,72,fino,1,BPo,1015052.0,255.0,True,True,True,269.8975664000004
1064.72,1,12,128,72,fino,2,OPA_SUMo,1017534.0,262.0,True,True,True,319.3283337999999
1065.08,1,12,128,72,fino,3,SUMo,1019531.0,266.0,True,True,True,359.099986699999
1065.44,1,12,128,72,fino,4,LPo,875000.0,274.0,True,False,True,-2519.3360500000003
1155.8,1,12,192,0,referencia,0,PGAgain,1001350.0,260.0,True,True,True,-2.9873549999995475
1156.16,1,12,192,0,referencia,1,BPo,1020833.0,290.0,True,True,True,385.0302280999994
1156.52,1,12,192,0,referencia,2,OPA_SUMo,941098.0,253.0,True,True,True,-1202.948111400001
1156.88,1,12,192,0,referencia,3,SUMo,943205.0,279.0,True,True,True,-1160.9857314999992
1157.24,1,12,192,0,referencia,4,LPo,875034.0,245.0,True,False,True,-2518.6589162000005
1159.1,1,12,192,-255,malla,0,PGAgain,1001380.0,261.0,True,True,True,-2.3898840000000905
1159.46,1,12,192,-255,malla,1,BPo,1020784.0,259.0,True,True,True,384.0543587999999
1159.82,1,12,192,-255,malla,2,OPA_SUMo,875000.0,268.0,True,False,True,-2519.3360500000003
1160.18,1,12,192,-255,malla,3,SUMo,875000.0,264.0,True,False,True,-2519.3360500000003
1160.54,1,12,192,-255,malla,4,LPo,875000.0,249.0,True,False,True,-2519.3360500000003
1162.4,1,12,192,-128,malla,0,PGAgain,1001403.0,254.0,True,True,True,-1.9318228999996017
1162.76,1,12,192,-128,malla,1,BPo,1020801.0,278.0,True,True,True,384.3929257000009
1163.12,1,12,192,-128,malla,2,OPA_SUMo,875000.0,257.0,True,False,True,-2519.3360500000003
1163.48,1,12,192,-128,malla,3,SUMo,875000.0,252.0,True,False,True,-2519.3360500000003
1163.84,1,12,192,-128,malla,4,LPo,875000.0,259.0,True,False,True,-2519.3360500000003
1165.7,1,12,192,-64,malla,0,PGAgain,1001381.0,267.0,True,True,True,-2.369968300000562
1166.06,1,12,192,-64,malla,1,BPo,1020832.0,264.0,True,True,True,385.0103123999999
1166.42,1,12,192,-64,malla,2,OPA_SUMo,893676.0,269.0,True,True,True,-2147.3904367999994
1166.78,1,12,192,-64,malla,3,SUMo,895723.0,262.0,True,True,True,-2106.6229989000008
1167.14,1,12,192,-64,malla,4,LPo,875000.0,264.0,True,False,True,-2519.3360500000003
1169.0,1,12,192,0,malla,0,PGAgain,1001404.0,250.0,True,True,True,-1.9119072000000725
1169.36,1,12,192,0,malla,1,BPo,1020800.0,268.0,True,True,True,384.3730099999991
1169.72,1,12,192,0,malla,2,OPA_SUMo,941124.0,246.0,True,True,True,-1202.4303031999996
1170.08,1,12,192,0,malla,3,SUMo,943052.0,280.0,True,True,True,-1164.0328335999995
1170.44,1,12,192,0,malla,4,LPo,875000.0,263.0,True,False,True,-2519.3360500000003
1172.3,1,12,192,64,malla,0,PGAgain,1001372.0,258.0,True,True,True,-2.5492096000008515
1172.66,1,12,192,64,malla,1,BPo,1020781.0,245.0,True,True,True,383.994611699999
1173.02,1,12,192,64,malla,2,OPA_SUMo,988544.0,272.0,True,True,True,-258.0278092000004
1173.38,1,12,192,64,malla,3,SUMo,990537.0,279.0,True,True,True,-218.33581909999933
1173.74,1,12,192,64,malla,4,LPo,875000.0,250.0,True,False,True,-2519.3360500000003
1175.6,1,12,192,128,malla,0,PGAgain,1001365.0,275.0,True,True,True,-2.688619499999819
1175.96,1,12,192,128,malla,1,BPo,1020810.0,255.0,True,True,True,384.57216699999896
1176.32,1,12,192,128,malla,2,OPA_SUMo,1035949.0,290.0,True,True,True,686.0759493000014
1176.68,1,12,192,128,malla,3,SUMo,1037966.0,268.0,True,True,True,726.245916199998
1177.04,1,12,192,128,malla,4,LPo,875060.0,254.0,True,False,True,-2518.141108000001
1178.9,1,12,192,255,malla,0,PGAgain,1001379.0,261.0,True,True,True,-2.4097996999996196
1179.26,1,12,192,255,malla,1,BPo,1020810.0,244.0,True,True,True,384.57216699999896
1179.62,1,12,192,255,malla,2,OPA_SUMo,1128000.0,266.0,True,False,True,2519.3360500000003
1179.98,1,12,192,255,malla,3,SUMo,1128000.0,272.0,True,False,True,2519.3360500000003
1180.34,1,12,192,255,malla,4,LPo,875000.0,260.0,True,False,True,-2519.3360500000003
1182.2,1,12,192,56,fino,0,PGAgain,1001418.0,267.0,True,True,True,-1.6330873999998734
1182.56,1,12,192,56,fino,1,BPo,1020806.0,261.0,True,True,True,384.49250420000084
1182.92,1,12,192,56,fino,2,OPA_SUMo,982594.0,250.0,True,True,True,-376.526224199999
1183.28,1,12,192,56,fino,3,SUMo,984670.0,290.0,True,True,True,-335.1812310000008
1183.64,1,12,192,56,fino,4,LPo,875045.0,257.0,True,False,True,-2518.4398435000007
1185.5,1,12,192,60,fino,0,PGAgain,1001399.0,250.0,True,True,True,-2.011485699999982
1185.86,1,12,192,60,fino,1,BPo,1020848.0,245.0,True,True,True,385.32896359999916
1186.22,1,12,192,60,fino,2,OPA_SUMo,985623.0,269.0,True,True,True,-316.2015688999991
1186.58,1,12,192,60,fino,3,SUMo,987564.0,251.0,True,True,True,-277.5451952000007
1186.94,1,12,192,60,fino,4,LPo,875029.0,248.0,True,False,True,-2518.7584947
1188.8,1,12,192,62,fino,0,PGAgain,1001411.0,273.0,True,True,True,-1.772497300001105
1189.16,1,12,192,62,fino,1,BPo,1020787.0,284.0,True,True,True,384.1141059000007
1189.52,1,12,192,62,fino,2,OPA_SUMo,987028.0,257.0,True,True,True,-288.22001039999964
1189.88,1,12,192,62,fino,3,SUMo,989047.0,243.0,True,True,True,-248.0102120999995
1190.24,1,12,192,62,fino,4,LPo,875026.0,248.0,True,False,True,-2518.818241800001
1192.1,1,12,192,64,fino,0,PGAgain,1001437.0,286.0,True,True,True,-1.2546890999997646
1192.46,1,12,192,64,fino,1,BPo,1020846.0,272.0,True,True,True,385.2891322000001
1192.82,1,12,192,64,fino,2,OPA_SUMo,988530.0,256.0,True,True,True,-258.30662900000056
1193.18,1,12,192,64,fino,3,SUMo,990537.0,247.0,True,True,True,-218.33581909999933
1193.54,1,12,192,64,fino,4,LPo,875032.0,265.0,True,False,True,-2518.6987475999995
1195.4,1,12,192,66,fino,0,PGAgain,1001385.0,265.0,True,True,True,-2.2903055000001813
1195.76,1,12,192,66,fino,1,BPo,1020782.0,272.0,True,True,True,384.0145274000008
1196.12,1,12,192,66,fino,2,OPA_SUMo,990006.0,259.0,True,True,True,-228.91105580000058
1196.48,1,12,192,66,fino,3,SUMo,991941.0,266.0,True,True,True,-190.3741762999994
1196.84,1,12,192,66,fino,4,LPo,875000.0,262.0,True,False,True,-2519.3360500000003
1198.7,1,12,192,68,fino,0,PGAgain,1001409.0,270.0,True,True,True,-1.812328700000163
1199.06,1,12,192,68,fino,1,BPo,1020826.0,251.0,True,True,True,384.89081820000047
1199.42,1,12,192,68,fino,2,OPA_SUMo,991506.0,250.0,True,True,True,-199.03750580000056
1199.78,1,12,192,68,fino,3,SUMo,993477.0,299.0,True,True,True,-159.7836611000005
1200.14,1,12,192,68,fino,4,LPo,875000.0,248.0,True,False,True,-2519.3360500000003
1202.0,1,12,192,72,fino,0,PGAgain,1001378.0,242.0,True,True,True,-2.4297153999991488
1202.36,1,12,192,72,fino,1,BPo,1020802.0,260.0,True,True,True,384.41284140000045
1202.72,1,12,192,72,fino,2,OPA_SUMo,994477.0,255.0,True,True,True,-139.86796110000049
1203.08,1,12,192,72,fino,3,SUMo,996417.0,261.0,True,True,True,-101.2315030999994
1203.44,1,12,192,72,fino,4,LPo,875046.0,272.0,True,False,True,-2518.419927799999
1293.8,1,12,255,0,referencia,0,PGAgain,1001471.0,285.0,True,True,True,-0.5775552999999276
1294.16,1,12,255,0,referencia,1,BPo,1026548.0,252.0,True,True,True,498.8484536000001
1294.52,1,12,255,0,referencia,2,OPA_SUMo,918228.0,272.0,True,True,True,-1658.420170400001
1294.88,1,12,255,0,referencia,3,SUMo,920260.0,271.0,True,True,True,-1617.9514680000002
1295.24,1,12,255,0,referencia,4,LPo,875000.0,293.0,True,False,True,-2519.3360500000003
1297.1,1,12,255,-255,malla,0,PGAgain,1001348.0,259.0,True,True,True,-3.0271864000008697
1297.46,1,12,255,-255,malla,1,BPo,1026444.0,264.0,True,True,True,496.7772207999992
1297.82,1,12,255,-255,malla,2,OPA_SUMo,875000.0,272.0,True,False,True,-2519.3360500000003
1298.18,1,12,255,-255,malla,3,SUMo,875000.0,288.0,True,False,True,-2519.3360500000003
1298.54,1,12,255,-255,malla,4,LPo,875000.0,247.0,True,False,True,-2519.3360500000003
1300.4,1,12,255,-128,malla,0,PGAgain,1001370.0,280.0,True,True,True,-2.5890409999999098
1300.76,1,12,255,-128,malla,1,BPo,1026501.0,267.0,True,True,True,497.91241569999954
1301.12,1,12,255,-128,malla,2,OPA_SUMo,875000.0,266.0,True,False,True,-2519.3360500000003
1301.48,1,12,255,-128,malla,3,SUMo,875000.0,265.0,True,False,True,-2519.3360500000003
1301.84,1,12,255,-128,malla,4,LPo,875000.0,247.0,True,False,True,-2519.3360500000003
1303.7,1,12,255,-64,malla,0,PGAgain,1001375.0,272.0,True,True,True,-2.4894625
1304.06,1,12,255,-64,malla,1,BPo,1026455.0,277.0,True,True,True,496.99629349999856
1304.42,1,12,255,-64,malla,2,OPA_SUMo,875000.0,279.0,True,False,True,-2519.3360500000003
1304.78,1,12,255,-64,malla,3,SUMo,875000.0,267.0,True,False,True,-2519.3360500000003
1305.14,1,12,255,-64,malla,4,LPo,875000.0,250.0,True,False,True,-2519.3360500000003
1307.0,1,12,255,0,malla,0,PGAgain,1001374.0,269.0,True,True,True,-2.5093781999995293
1307.36,1,12,255,0,malla,1,BPo,1026503.0,243.0,True,True,True,497.9522470999986
1307.72,1,12,255,0,malla,2,OPA_SUMo,918250.0,259.0,True,True,True,-1657.982025
1308.08,1,12,255,0,malla,3,SUMo,920186.0,279.0,True,True,True,-1619.4252297999994
1308.44,1,12,255,0,malla,4,LPo,875012.0,275.0,True,False,True,-2519.0970616000013
1310.3,1,12,255,64,malla,0,PGAgain,1001465.0,286.0,True,True,True,-0.697049499999366
1310.66,1,12,255,64,malla,1,BPo,1026401.0,256.0,True,True,True,495.9208457000014
1311.02,1,12,255,64,malla,2,OPA_SUMo,965703.0,259.0,True,True,True,-712.9223129000005
1311.38,1,12,255,64,malla,3,SUMo,967673.0,303.0,True,True,False,-673.6883839
1311.74,1,12,255,64,malla,4,LPo,875001.0,250.0,True,False,True,-2519.3161343000006
1313.6,1,12,255,128,malla,0,PGAgain,1001476.0,273.0,True,True,True,-0.47797680000001813
1313.96,1,12,255,128,malla,1,BPo,1026484.0,252.0,True,True,True,497.57384879999853
1314.32,1,12,255,128,malla,2,OPA_SUMo,1013066.0,258.0,True,True,True,230.34498620000062
1314.68,1,12,255,128,malla,3,SUMo,1015140.0,267.0,True,True,True,271.6501479999997
1315.04,1,12,255,128,malla,4,LPo,875000.0,253.0,True,False,True,-2519.3360500000003
1316.9,1,12,255,255,malla,0,PGAgain,1001397.0,260.0,True,True,True,-2.05131709999904
1317.26,1,12,255,255,malla,1,BPo,1026518.0,253.0,True,True,True,498.2509826000006
1317.62,1,12,255,255,malla,2,OPA_SUMo,1107180.0,260.0,True,True,True,2104.691176000001
1317.98,1,12,255,255,malla,3,SUMo,1109187.0,272.0,True,True,True,2144.661985899998
1318.34,1,12,255,255,malla,4,LPo,875015.0,266.0,True,False,True,-2519.0373145000003
1320.2,1,12,255,120,fino,0,PGAgain,1001434.0,266.0,True,True,True,-1.314436200000616
1320.56,1,12,255,120,fino,1,BPo,1026508.0,259.0,True,True,True,498.05182560000077
1320.92,1,12,255,120,fino,2,OPA_SUMo,1007226.0,265.0,True,True,True,114.0372982
1321.28,1,12,255,120,fino,3,SUMo,1009154.0,270.0,True,True,True,152.43476779999995
1321.64,1,12,255,120,fino,4,LPo,875022.0,273.0,True,False,True,-2518.897904599999
1323.5,1,12,255,124,fino,0,PGAgain,1001427.0,249.0,True,True,True,-1.4538460999995835
1323.86,1,12,255,124,fino,1,BPo,1026473.0,263.0,True,True,True,497.3547760999992
1324.22,1,12,255,124,fino,2,OPA_SUMo,1010119.0,249.0,True,True,True,171.65341830000057
1324.58,1,12,255,124,fino,3,SUMo,1012158.0,254.0,True,True,True,212.26153060000033
1324.94,1,12,255,124,fino,4,LPo,875000.0,254.0,True,False,True,-2519.3360500000003
1326.8,1,12,255,126,fino,0,PGAgain,1001472.0,258.0,True,True,True,-0.5576396000003985
1327.16,1,12,255,126,fino,1,BPo,1026469.0,282.0,True,True,True,497.27511330000107
1327.52,1,12,255,126,fino,2,OPA_SUMo,1011554.0,266.0,True,True,True,200.23244779999948
1327.88,1,12,255,126,fino,3,SUMo,1013588.0,247.0,True,True,True,240.74098159999932
1328.24,1,12,255,126,fino,4,LPo,875075.0,261.0,True,False,True,-2517.8423724999993
1330.1,1,12,255,128,fino,0,PGAgain,1001472.0,270.0,True,True,True,-0.5576396000003985
1330.46,1,12,255,128,fino,1,BPo,1026493.0,272.0,True,True,True,497.7530900999988
1330.82,1,12,255,128,fino,2,OPA_SUMo,1013051.0,254.0,True,True,True,230.0462507000009
1331.18,1,12,255,128,fino,3,SUMo,1014983.0,256.0,True,True,True,268.52338309999897
1331.54,1,12,255,128,fino,4,LPo,875004.0,251.0,True,False,True,-2519.2563871999996
1333.4,1,12,255,130,fino,0,PGAgain,1001388.0,263.0,True,True,True,-2.23055839999933
1333.76,1,12,255,130,fino,1,BPo,1026448.0,248.0,True,True,True,496.8568836000019
1334.12,1,12,255,130,fino,2,OPA_SUMo,1014554.0,243.0,True,True,True,259.97954779999947
1334.48,1,12,255,130,fino,3,SUMo,1016580.0,273.0,True,True,True,300.32875600000085
1334.84,1,12,255,130,fino,4,LPo,875003.0,265.0,True,False,True,-2519.2763028999993
1336.7,1,12,255,132,fino,0,PGAgain,1001492.0,263.0,True,True,True,-0.15932560000076076
1337.06,1,12,255,132,fino,1,BPo,1026510.0,271.0,True,True,True,498.0916569999998
1337.42,1,12,255,132,fino,2,OPA_SUMo,1015957.0,250.0,True,True,True,287.9212748999999
1337.78,1,12,255,132,fino,3,SUMo,1018023.0,260.0,True,True,True,329.0671111000005
1338.14,1,12,255,132,fino,4,LPo,875000.0,245.0,True,False,True,-2519.3360500000003
1340.0,1,12,255,136,fino,0,PGAgain,1001350.0,255.0,True,True,True,-2.9873549999995475
1340.36,1,12,255,136,fino,1,BPo,1026393.0,244.0,True,True,True,495.7615201000006
1340.72,1,12,255,136,fino,2,OPA_SUMo,1019002.0,266.0,True,True,True,348.5645813999991
1341.08,1,12,255,136,fino,3,SUMo,1020943.0,269.0,True,True,True,387.2209550999997
1341.44,1,12,255,136,fino,4,LPo,875062.0,281.0,True,False,True,-2518.1012766
1431.8,2,12,255,0,referencia,0,PGAgain,1001469.0,241.0,True,True,True,-0.6173866999989857
1432.16,2,12,255,0,referencia,1,BPo,1026476.0,262.0,True,True,True,497.4145232000023
1432.52,2,12,255,0,referencia,2,OPA_SUMo,917906.0,255.0,True,True,True,-1664.833025800001
1432.88,2,12,255,0,referencia,3,SUMo,919936.0,264.0,True,True,True,-1624.4041547999993
1433.24,2,12,255,0,referencia,4,LPo,875008.0,262.0,True,False,True,-2519.1767243999993
1435.1,2,12,255,-255,malla,0,PGAgain,1001486.0,252.0,True,True,True,-0.27881980000019924
1435.46,2,12,255,-255,malla,1,BPo,1026502.0,247.0,True,True,True,497.9323313999991
1435.82,2,12,255,-255,malla,2,OPA_SUMo,875000.0,275.0,True,False,True,-2519.3360500000003
1436.18,2,12,255,-255,malla,3,SUMo,875000.0,271.0,True,False,True,-2519.3360500000003
1436.54,2,12,255,-255,malla,4,LPo,875039.0,272.0,True,False,True,-2518.5593377000005
1438.4,2,12,255,-128,malla,0,PGAgain,1001493.0,261.0,True,True,True,-0.13940989999896755
1438.76,2,12,255,-128,malla,1,BPo,1026439.0,261.0,True,True,True,496.6776423000016
1439.12,2,12,255,-128,malla,2,OPA_SUMo,875000.0,262.0,True,False,True,-2519.3360500000003
1439.48,2,12,255,-128,malla,3,SUMo,875000.0,272.0,True,False,True,-2519.3360500000003
1439.84,2,12,255,-128,malla,4,LPo,875021.0,276.0,True,False,True,-2518.917820300001
1441.7,2,12,255,-64,malla,0,PGAgain,1001483.0,252.0,True,True,True,-0.3385669000010506
1442.06,2,12,255,-64,malla,1,BPo,1026463.0,266.0,True,True,True,497.15561909999934
1442.42,2,12,255,-64,malla,2,OPA_SUMo,875000.0,270.0,True,False,True,-2519.3360500000003
1442.78,2,12,255,-64,malla,3,SUMo,875000.0,252.0,True,False,True,-2519.3360500000003
1443.14,2,12,255,-64,malla,4,LPo,875000.0,250.0,True,False,True,-2519.3360500000003
1445.0,2,12,255,0,malla,0,PGAgain,1001473.0,257.0,True,True,True,-0.5377239000008694
1445.36,2,12,255,0,malla,1,BPo,1026447.0,257.0,True,True,True,496.83696789999783
1445.72,2,12,255,0,malla,2,OPA_SUMo,917950.0,265.0,True,True,True,-1663.956734999999
1446.08,2,12,255,0,malla,3,SUMo,919874.0,281.0,True,True,True,-1625.6389281999996
1446.44,2,12,255,0,malla,4,LPo,875000.0,276.0,True,False,True,-2519.3360500000003
1448.3,2,12,255,64,malla,0,PGAgain,1001469.0,282.0,True,True,True,-0.6173866999989857
1448.66,2,12,255,64,malla,1,BPo,1026496.0,267.0,True,True,True,497.8128372000019
1449.02,2,12,255,64,malla,2,OPA_SUMo,965266.0,286.0,True,True,True,-721.6254738000008
1449.38,2,12,255,64,malla,3,SUMo,967306.0,271.0,True,True,True,-680.9974457999992
1449.74,2,12,255,64,malla,4,LPo,875000.0,270.0,True,False,True,-2519.3360500000003
1451.6,2,12,255,128,malla,0,PGAgain,1001535.0,255.0,True,True,True,0.697049499999366
1451.96,2,12,255,128,malla,1,BPo,1026442.0,257.0,True,True,True,496.73738940000015
1452.32,2,12,255,128,malla,2,OPA_SUMo,1012765.0,300.0,True,True,False,224.35036049999974
1452.68,2,12,255,128,malla,3,SUMo,1014759.0,257.0,True,True,True,264.0622663000003
1453.04,2,12,255,128,malla,4,LPo,875017.0,252.0,True,False,True,-2518.997483099999
1454.9,2,12,255,255,malla,0,PGAgain,1001426.0,273.0,True,True,True,-1.4737617999991126
1455.26,2,12,255,255,malla,1,BPo,1026493.0,268.0,True,True,True,497.7530900999988
1455.62,2,12,255,255,malla,2,OPA_SUMo,1106879.0,286.0,True,True,True,2098.6965502999983
1455.98,2,12,255,255,malla,3,SUMo,1108853.0,274.0,True,True,True,2138.0101421000013
1456.34,2,12,255,255,malla,4,LPo,875000.0,267.0,True,False,True,-2519.3360500000003
1458.2,2,12,255,120,fino,0,PGAgain,1001458.0,241.0,True,True,True,-0.8364594000005978
1458.56,2,12,255,120,fino,1,BPo,1026497.0,280.0,True,True,True,497.8327529000014
1458.92,2,12,255,120,fino,2,OPA_SUMo,1006807.0,245.0,True,True,True,105.69261990000034
1459.28,2,12,255,120,fino,3,SUMo,1008839.0,250.0,True,True,True,146.1613223000011
1459.64,2,12,255,120,fino,4,LPo,875006.0,294.0,True,False,True,-2519.2165558000006
1461.5,2,12,255,124,fino,0,PGAgain,1001453.0,251.0,True,True,True,-0.9360379000005072
1461.86,2,12,255,124,fino,1,BPo,1026474.0,280.0,True,True,True,497.3746917999987
1462.22,2,12,255,124,fino,2,OPA_SUMo,1009770.0,282.0,True,True,True,164.70283899999964
1462.58,2,12,255,124,fino,3,SUMo,1011786.0,248.0,True,True,True,204.8528901999989
1462.94,2,12,255,124,fino,4,LPo,875000.0,285.0,True,False,True,-2519.3360500000003
1464.8,2,12,255,126,fino,0,PGAgain,1001467.0,259.0,True,True,True,-0.657218100000308
1465.16,2,12,255,126,fino,1,BPo,1026481.0,261.0,True,True,True,497.5141016999999
1465.52,2,12,255,126,fino,2,OPA_SUMo,1011242.0,265.0,True,True,True,194.01874939999925
1465.88,2,12,255,126,fino,3,SUMo,1013259.0,250.0,True,True,True,234.1887163000003
1466.24,2,12,255,126,fino,4,LPo,875062.0,273.0,True,False,True,-2518.1012766
1468.1,2,12,255,128,fino,0,PGAgain,1001414.0,279.0,True,True,True,-1.7127502000002537
1468.46,2,12,255,128,fino,1,BPo,1026469.0,285.0,True,True,True,497.27511330000107
1468.82,2,12,255,128,fino,2,OPA_SUMo,1012704.0,271.0,True,True,True,223.13550279999905
1469.18,2,12,255,128,fino,3,SUMo,1014673.0,280.0,True,True,True,262.3495161000001
1469.54,2,12,255,128,fino,4,LPo,875000.0,258.0,True,False,True,-2519.3360500000003
1471.4,2,12,255,130,fino,0,PGAgain,1001461.0,271.0,True,True,True,-0.7767122999997464
1471.76,2,12,255,130,fino,1,BPo,1026501.0,273.0,True,True,True,497.91241569999954
1472.12,2,12,255,130,fino,2,OPA_SUMo,1014177.0,252.0,True,True,True,252.47132890000043
1472.48,2,12,255,130,fino,3,SUMo,1016191.0,261.0,True,True,True,292.5815487000006
1472.84,2,12,255,130,fino,4,LPo,875000.0,260.0,True,False,True,-2519.3360500000003
1474.7,2,12,255,132,fino,0,PGAgain,1001477.0,270.0,True,True,True,-0.4580611000004891
1475.06,2,12,255,132,fino,1,BPo,1026519.0,254.0,True,True,True,498.2708983000001
1475.42,2,12,255,132,fino,2,OPA_SUMo,1015672.0,250.0,True,True,True,282.24530040000053
1475.78,2,12,255,132,fino,3,SUMo,1017662.0,257.0,True,True,True,321.8775434000007
1476.14,2,12,255,132,fino,4,LPo,875000.0,271.0,True,False,True,-2519.3360500000003
1478.0,2,12,255,136,fino,0,PGAgain,1001409.0,260.0,True,True,True,-1.812328700000163
1478.36,2,12,255,136,fino,1,BPo,1026496.0,249.0,True,True,True,497.8128372000019
1478.72,2,12,255,136,fino,2,OPA_SUMo,1018622.0,258.0,True,True,True,340.99661539999914
1479.08,2,12,255,136,fino,3,SUMo,1020595.0,264.0,True,True,True,380.2902915000006
1479.44,2,12,255,136,fino,4,LPo,875040.0,292.0,True,False,True,-2518.5394220000007
1569.8,2,12,192,0,referencia,0,PGAgain,1001498.0,280.0,True,True,True,-0.03983139999905812
1570.16,2,12,192,0,referencia,1,BPo,1020769.0,258.0,True,True,True,383.75562330000014
1570.52,2,12,192,0,referencia,2,OPA_SUMo,940209.0,264.0,True,True,True,-1220.653168700001
1570.88,2,12,192,0,referencia,3,SUMo,942178.0,268.0,True,True,True,-1181.4391554000001
1571.24,2,12,192,0,referencia,4,LPo,875038.0,269.0,True,False,True,-2518.5792533999997
1573.1,2,12,192,-255,malla,0,PGAgain,1001479.0,269.0,True,True,True,-0.4182296999991668
1573.46,2,12,192,-255,malla,1,BPo,1020833.0,261.0,True,True,True,385.0302280999994
1573.82,2,12,192,-255,malla,2,OPA_SUMo,875000.0,301.0,True,False,False,-2519.3360500000003
1574.18,2,12,192,-255,malla,3,SUMo,875000.0,252.0,True,False,True,-2519.3360500000003
1574.54,2,12,192,-255,malla,4,LPo,875007.0,265.0,True,False,True,-2519.1966401000013
1576.4,2,12,192,-128,malla,0,PGAgain,1001570.0,250.0,True,True,True,1.3940990000009963
1576.76,2,12,192,-128,malla,1,BPo,1020857.0,264.0,True,True,True,385.50820489999944
1577.12,2,12,192,-128,malla,2,OPA_SUMo,875000.0,255.0,True,False,True,-2519.3360500000003
1577.48,2,12,192,-128,malla,3,SUMo,875000.0,249.0,True,False,True,-2519.3360500000003
1577.84,2,12,192,-128,malla,4,LPo,875000.0,268.0,True,False,True,-2519.3360500000003
1579.7,2,12,192,-64,malla,0,PGAgain,1001492.0,255.0,True,True,True,-0.15932560000076076
1580.06,2,12,192,-64,malla,1,BPo,1020713.0,264.0,True,True,True,382.6403440999993
1580.42,2,12,192,-64,malla,2,OPA_SUMo,892790.0,245.0,True,True,True,-2165.035747000001
1580.78,2,12,192,-64,malla,3,SUMo,894746.0,265.0,True,True,True,-2126.0806378000007
1581.14,2,12,192,-64,malla,4,LPo,875084.0,254.0,True,False,True,-2517.6631312000013
1583.0,2,12,192,0,malla,0,PGAgain,1001589.0,266.0,True,True,True,1.772497300001105
1583.36,2,12,192,0,malla,1,BPo,1020754.0,247.0,True,True,True,383.4568878000004
1583.72,2,12,192,0,malla,2,OPA_SUMo,940159.0,259.0,True,True,True,-1221.6489537000002
1584.08,2,12,192,0,malla,3,SUMo,942274.0,256.0,True,True,True,-1179.5272482
1584.44,2,12,192,0,malla,4,LPo,875000.0,255.0,True,False,True,-2519.3360500000003
1586.3,2,12,192,64,malla,0,PGAgain,1001541.0,269.0,True,True,True,0.8165437000010687
1586.66,2,12,192,64,malla,1,BPo,1020811.0,287.0,True,True,True,384.59208270000073
1587.02,2,12,192,64,malla,2,OPA_SUMo,987692.0,276.0,True,True,True,-274.99598559999987
1587.38,2,12,192,64,malla,3,SUMo,989639.0,270.0,True,True,True,-236.2201176999998
1587.74,2,12,192,64,malla,4,LPo,875030.0,255.0,True,False,True,-2518.7385790000008
1589.6,2,12,192,128,malla,0,PGAgain,1001565.0,254.0,True,True,True,1.2945205000010869
1589.96,2,12,192,128,malla,1,BPo,1020807.0,252.0,True,True,True,384.51241990000034
1590.32,2,12,192,128,malla,2,OPA_SUMo,1035064.0,272.0,True,True,True,668.4505548000016
1590.68,2,12,192,128,malla,3,SUMo,1037042.0,253.0,True,True,True,707.8438093999983
1591.04,2,12,192,128,malla,4,LPo,875000.0,273.0,True,False,True,-2519.3360500000003
1592.9,2,12,192,255,malla,0,PGAgain,1001469.0,265.0,True,True,True,-0.6173866999989857
1593.26,2,12,192,255,malla,1,BPo,1020720.0,291.0,True,True,True,382.77975400000054
1593.62,2,12,192,255,malla,2,OPA_SUMo,1128000.0,255.0,True,False,True,2519.3360500000003
1593.98,2,12,192,255,malla,3,SUMo,1128000.0,242.0,True,False,True,2519.3360500000003
1594.34,2,12,192,255,malla,4,LPo,875032.0,258.0,True,False,True,-2518.6987475999995
1596.2,2,12,192,56,fino,0,PGAgain,1001500.0,264.0,True,True,True,0.0
1596.56,2,12,192,56,fino,1,BPo,1020748.0,284.0,True,True,True,383.33739360000095
1596.92,2,12,192,56,fino,2,OPA_SUMo,981660.0,263.0,True,True,True,-395.12748800000065
1597.28,2,12,192,56,fino,3,SUMo,983681.0,255.0,True,True,True,-354.8778582999992
1597.64,2,12,192,56,fino,4,LPo,875038.0,265.0,True,False,True,-2518.5792533999997
1599.5,2,12,192,60,fino,0,PGAgain,1001520.0,259.0,True,True,True,0.39831399999963774
1599.86,2,12,192,60,fino,1,BPo,1020709.0,274.0,True,True,True,382.560681299999
1600.22,2,12,192,60,fino,2,OPA_SUMo,984653.0,251.0,True,True,True,-335.5197978999996
1600.58,2,12,192,60,fino,3,SUMo,986640.0,259.0,True,True,True,-295.94730200000026
1600.94,2,12,192,60,fino,4,LPo,875034.0,252.0,True,False,True,-2518.6589162000005
1602.8,2,12,192,62,fino,0,PGAgain,1001482.0,271.0,True,True,True,-0.35848260000057963
1603.16,2,12,192,62,fino,1,BPo,1020887.0,278.0,True,True,True,386.1056758999989
1603.52,2,12,192,62,fino,2,OPA_SUMo,986098.0,252.0,True,True,True,-306.74161140000086
1603.88,2,12,192,62,fino,3,SUMo,988074.0,260.0,True,True,True,-267.3881882000009
1604.24,2,12,192,62,fino,4,LPo,875001.0,248.0,True,False,True,-2519.3161343000006
1606.1,2,12,192,64,fino,0,PGAgain,1001541.0,252.0,True,True,True,0.8165437000010687
1606.46,2,12,192,64,fino,1,BPo,1020780.0,246.0,True,True,True,383.9746959999995
1606.82,2,12,192,64,fino,2,OPA_SUMo,987554.0,260.0,True,True,True,-277.74435220000055
1607.18,2,12,192,64,fino,3,SUMo,989589.0,253.0,True,True,True,-237.2159026999989
1607.54,2,12,192,64,fino,4,LPo,875000.0,247.0,True,False,True,-2519.3360500000003
1609.4,2,12,192,66,fino,0,PGAgain,1001439.0,264.0,True,True,True,-1.2148577000007066
1609.76,2,12,192,66,fino,1,BPo,1020840.0,261.0,True,True,True,385.16963800000065
1610.12,2,12,192,66,fino,2,OPA_SUMo,989021.0,290.0,True,True,True,-248.52802030000083
1610.48,2,12,192,66,fino,3,SUMo,991015.0,282.0,True,True,True,-208.81611450000028
1610.84,2,12,192,66,fino,4,LPo,875010.0,245.0,True,False,True,-2519.1368930000003
1612.7,2,12,192,68,fino,0,PGAgain,1001466.0,257.0,True,True,True,-0.677133799999837
1613.06,2,12,192,68,fino,1,BPo,1020801.0,264.0,True,True,True,384.3929257000009
1613.42,2,12,192,68,fino,2,OPA_SUMo,990512.0,252.0,True,True,True,-218.83371160000112
1613.78,2,12,192,68,fino,3,SUMo,992533.0,266.0,True,True,True,-178.5840818999997
1614.14,2,12,192,68,fino,4,LPo,875000.0,288.0,True,False,True,-2519.3360500000003
1616.0,2,12,192,72,fino,0,PGAgain,1001575.0,254.0,True,True,True,1.4936775000009057
1616.36,2,12,192,72,fino,1,BPo,1020818.0,266.0,True,True,True,384.7314925999997
1616.72,2,12,192,72,fino,2,OPA_SUMo,993475.0,251.0,True,True,True,-159.82349249999956
1617.08,2,12,192,72,fino,3,SUMo,995489.0,244.0,True,True,True,-119.71327269999935
1617.44,2,12,192,72,fino,4,LPo,875000.0,271.0,True,False,True,-2519.3360500000003
1707.8,2,12,128,0,referencia,0,PGAgain,1001588.0,258.0,True,True,True,1.7525815999993117
1708.16,2,12,128,0,referencia,1,BPo,1014981.0,257.0,True,True,True,268.4835516999999
1708.52,2,12,128,0,referencia,2,OPA_SUMo,962955.0,268.0,True,True,True,-767.6506564999992
1708.88,2,12,128,0,referencia,3,SUMo,964960.0,267.0,True,True,True,-727.7196779999994
1709.24,2,12,128,0,referencia,4,LPo,875022.0,251.0,True,False,True,-2518.897904599999
1711.1,2,12,128,-255,malla,0,PGAgain,1001576.0,265.0,True,True,True,1.5135932000004348
1711.46,2,12,128,-255,malla,1,BPo,1015019.0,247.0,True,True,True,269.2403483000001
1711.82,2,12,128,-255,malla,2,OPA_SUMo,875000.0,257.0,True,False,True,-2519.3360500000003
1712.18,2,12,128,-255,malla,3,SUMo,875000.0,275.0,True,False,True,-2519.3360500000003
1712.54,2,12,128,-255,malla,4,LPo,875000.0,266.0,True,False,True,-2519.3360500000003
1714.4,2,12,128,-128,malla,0,PGAgain,1001519.0,261.0,True,True,True,0.3783983000001087
1714.76,2,12,128,-128,malla,1,BPo,1015034.0,251.0,True,True,True,269.53908379999984
1715.12,2,12,128,-128,malla,2,OPA_SUMo,875000.0,247.0,True,False,True,-2519.3360500000003
1715.48,2,12,128,-128,malla,3,SUMo,875000.0,294.0,True,False,True,-2519.3360500000003
1715.84,2,12,128,-128,malla,4,LPo,875057.0,272.0,True,False,True,-2518.2008551
1717.7,2,12,128,-64,malla,0,PGAgain,1001574.0,273.0,True,True,True,1.4737617999991126
1718.06,2,12,128,-64,malla,1,BPo,1015064.0,261.0,True,True,True,270.1365547999993
1718.42,2,12,128,-64,malla,2,OPA_SUMo,915528.0,262.0,True,True,True,-1712.1925603999996
1718.78,2,12,128,-64,malla,3,SUMo,917456.0,262.0,True,True,True,-1673.7950907999998
1719.14,2,12,128,-64,malla,4,LPo,875056.0,256.0,True,False,True,-2518.220770799999
1721.0,2,12,128,0,malla,0,PGAgain,1001573.0,312.0,True,True,False,1.4538460999995835
1721.36,2,12,128,0,malla,1,BPo,1014992.0,265.0,True,True,True,268.70262439999925
1721.72,2,12,128,0,malla,2,OPA_SUMo,962960.0,265.0,True,True,True,-767.5510779999993
1722.08,2,12,128,0,malla,3,SUMo,965022.0,265.0,True,True,True,-726.484904599999
1722.44,2,12,128,0,malla,4,LPo,875086.0,260.0,True,False,True,-2517.6232998
1724.3,2,12,128,64,malla,0,PGAgain,1001538.0,266.0,True,True,True,0.7567966000002174
1724.66,2,12,128,64,malla,1,BPo,1015042.0,272.0,True,True,True,269.6984094000006
1725.02,2,12,128,64,malla,2,OPA_SUMo,1010465.0,252.0,True,True,True,178.54425050000066
1725.38,2,12,128,64,malla,3,SUMo,1012365.0,295.0,True,True,True,216.38408050000018
1725.74,2,12,128,64,malla,4,LPo,875000.0,307.0,True,False,False,-2519.3360500000003
1727.6,2,12,128,128,malla,0,PGAgain,1001571.0,252.0,True,True,True,1.4140147000005254
1727.96,2,12,128,128,malla,1,BPo,1015062.0,255.0,True,True,True,270.09672340000026
1728.32,2,12,128,128,malla,2,OPA_SUMo,1057766.0,259.0,True,True,True,1120.5767762000016
1728.68,2,12,128,128,malla,3,SUMo,1059820.0,246.0,True,True,True,1161.4836239999988
1729.04,2,12,128,128,malla,4,LPo,875004.0,276.0,True,False,True,-2519.2563871999996
1730.9,2,12,128,255,malla,0,PGAgain,1001520.0,270.0,True,True,True,0.39831399999963774
1731.26,2,12,128,255,malla,1,BPo,1015076.0,259.0,True,True,True,270.37554320000044
1731.62,2,12,128,255,malla,2,OPA_SUMo,1128000.0,244.0,True,False,True,2519.3360500000003
1731.98,2,12,128,255,malla,3,SUMo,1128000.0,256.0,True,False,True,2519.3360500000003
1732.34,2,12,128,255,malla,4,LPo,875000.0,303.0,True,False,False,-2519.3360500000003
1734.2,2,12,128,56,fino,0,PGAgain,1001598.0,298.0,True,True,True,1.9517385999991306
1734.56,2,12,128,56,fino,1,BPo,1015021.0,270.0,True,True,True,269.28017969999917
1734.92,2,12,128,56,fino,2,OPA_SUMo,1004415.0,308.0,True,True,False,58.05426549999928
1735.28,2,12,128,56,fino,3,SUMo,1006509.0,250.0,True,True,True,99.75774130000029
1735.64,2,12,128,56,fino,4,LPo,875042.0,283.0,True,False,True,-2518.4995905999995
1737.5,2,12,128,60,fino,0,PGAgain,1001526.0,263.0,True,True,True,0.5178081999990762
1737.86,2,12,128,60,fino,1,BPo,1015076.0,281.0,True,True,True,270.37554320000044
1738.22,2,12,128,60,fino,2,OPA_SUMo,1007400.0,258.0,True,True,True,117.50262999999956
1738.58,2,12,128,60,fino,3,SUMo,1009391.0,251.0,True,True,True,157.15478869999927
1738.94,2,12,128,60,fino,4,LPo,875012.0,269.0,True,False,True,-2519.0970616000013
1740.8,2,12,128,62,fino,0,PGAgain,1001527.0,252.0,True,True,True,0.5377239000008694
1741.16,2,12,128,62,fino,1,BPo,1015058.0,247.0,True,True,True,270.01706059999987
1741.52,2,12,128,62,fino,2,OPA_SUMo,1008893.0,282.0,True,True,True,147.2367701000006
1741.88,2,12,128,62,fino,3,SUMo,1010882.0,283.0,True,True,True,186.84909739999898
1742.24,2,12,128,62,fino,4,LPo,875014.0,256.0,True,False,True,-2519.0572302
1744.1,2,12,128,64,fino,0,PGAgain,1001605.0,291.0,True,True,True,2.0911485000003625
1744.46,2,12,128,64,fino,1,BPo,1014999.0,256.0,True,True,True,268.8420343000005
1744.82,2,12,128,64,fino,2,OPA_SUMo,1010337.0,274.0,True,True,True,175.9950408999998
1745.18,2,12,128,64,fino,3,SUMo,1012346.0,247.0,True,True,True,216.00568220000008
1745.54,2,12,128,64,fino,4,LPo,875000.0,272.0,True,False,True,-2519.3360500000003
1747.4,2,12,128,66,fino,0,PGAgain,1001631.0,279.0,True,True,True,2.6089566999994385
1747.76,2,12,128,66,fino,1,BPo,1015061.0,270.0,True,True,True,270.0768077000007
1748.12,2,12,128,66,fino,2,OPA_SUMo,1011823.0,251.0,True,True,True,205.58977109999958
1748.48,2,12,128,66,fino,3,SUMo,1013812.0,256.0,True,True,True,245.20209840000024
1748.84,2,12,128,66,fino,4,LPo,875028.0,258.0,True,False,True,-2518.7784103999998
1750.7,2,12,128,68,fino,0,PGAgain,1001515.0,244.0,True,True,True,0.2987354999997283
1751.06,2,12,128,68,fino,1,BPo,1015036.0,257.0,True,True,True,269.5789151999989
1751.42,2,12,128,68,fino,2,OPA_SUMo,1013298.0,246.0,True,True,True,234.96542860000005
1751.78,2,12,128,68,fino,3,SUMo,1015337.0,262.0,True,True,True,275.5735408999998
1752.14,2,12,128,68,fino,4,LPo,875000.0,266.0,True,False,True,-2519.3360500000003
1754.0,2,12,128,72,fino,0,PGAgain,1001578.0,245.0,True,True,True,1.553424599999493
1754.36,2,12,128,72,fino,1,BPo,1015042.0,257.0,True,True,True,269.6984094000006
1754.72,2,12,128,72,fino,2,OPA_SUMo,1016322.0,275.0,True,True,True,295.19050540000006
1755.08,2,12,128,72,fino,3,SUMo,1018231.0,295.0,True,True,True,333.2095766999999
1755.44,2,12,128,72,fino,4,LPo,875013.0,269.0,True,False,True,-2519.0771458999993
1845.8,2,12,64,0,referencia,0,PGAgain,1001620.0,255.0,True,True,True,2.3898840000000905
1846.16,2,12,64,0,referencia,1,BPo,1009231.0,275.0,True,True,True,153.9682766999999
1846.52,2,12,64,0,referencia,2,OPA_SUMo,985791.0,251.0,True,True,True,-312.8557312999989
1846.88,2,12,64,0,referencia,3,SUMo,987825.0,267.0,True,True,True,-272.3471974999991
1847.24,2,12,64,0,referencia,4,LPo,875024.0,255.0,True,False,True,-2518.8580732
1849.1,2,12,64,-255,malla,0,PGAgain,1001557.0,258.0,True,True,True,1.135194900000326
1849.46,2,12,64,-255,malla,1,BPo,1009252.0,261.0,True,True,True,154.38650639999906
1849.82,2,12,64,-255,malla,2,OPA_SUMo,875000.0,262.0,True,False,True,-2519.3360500000003
1850.18,2,12,64,-255,malla,3,SUMo,875000.0,285.0,True,False,True,-2519.3360500000003
1850.54,2,12,64,-255,malla,4,LPo,875000.0,252.0,True,False,True,-2519.3360500000003
1852.4,2,12,64,-128,malla,0,PGAgain,1001620.0,250.0,True,True,True,2.3898840000000905
1852.76,2,12,64,-128,malla,1,BPo,1009220.0,264.0,True,True,True,153.74920400000056
1853.12,2,12,64,-128,malla,2,OPA_SUMo,890960.0,244.0,True,True,True,-2201.4814779999992
1853.48,2,12,64,-128,malla,3,SUMo,892992.0,248.0,True,True,True,-2161.012775600001
1853.84,2,12,64,-128,malla,4,LPo,875000.0,246.0,True,False,True,-2519.3360500000003
1855.7,2,12,64,-64,malla,0,PGAgain,1001572.0,292.0,True,True,True,1.4339304000000543
1856.06,2,12,64,-64,malla,1,BPo,1009333.0,297.0,True,True,True,155.99967809999941
1856.42,2,12,64,-64,malla,2,OPA_SUMo,938367.0,256.0,True,True,True,-1257.3378881000008
1856.78,2,12,64,-64,malla,3,SUMo,940386.0,249.0,True,True,True,-1217.1280898000007
1857.14,2,12,64,-64,malla,4,LPo,875000.0,278.0,True,False,True,-2519.3360500000003
1859.0,2,12,64,0,malla,0,PGAgain,1001589.0,245.0,True,True,True,1.772497300001105
1859.36,2,12,64,0,malla,1,BPo,1009278.0,242.0,True,True,True,154.90431460000042
1859.72,2,12,64,0,malla,2,OPA_SUMo,985868.0,251.0,True,True,True,-311.32222239999896
1860.08,2,12,64,0,malla,3,SUMo,987897.0,279.0,True,True,True,-270.9132670999991
1860.44,2,12,64,0,malla,4,LPo,875007.0,254.0,True,False,True,-2519.1966401000013
1862.3,2,12,64,64,malla,0,PGAgain,1001601.0,269.0,True,True,True,2.011485699999982
1862.66,2,12,64,64,malla,1,BPo,1009229.0,252.0,True,True,True,153.92844530000085
1863.02,2,12,64,64,malla,2,OPA_SUMo,1033324.0,286.0,True,True,True,633.7972368000014
1863.38,2,12,64,64,malla,3,SUMo,1035303.0,294.0,True,True,True,673.2104071000023
1863.74,2,12,64,64,malla,4,LPo,875000.0,300.0,True,False,False,-2519.3360500000003
1865.6,2,12,64,128,malla,0,PGAgain,1001610.0,245.0,True,True,True,2.1907270000002717
1865.96,2,12,64,128,malla,1,BPo,1009283.0,298.0,True,True,True,155.0038931000003
1866.32,2,12,64,128,malla,2,OPA_SUMo,1080719.0,282.0,True,True,True,1577.701838300001
1866.68,2,12,64,128,malla,3,SUMo,1082747.0,266.0,True,True,True,1618.0908779000015
1867.04,2,12,64,128,malla,4,LPo,875000.0,276.0,True,False,True,-2519.3360500000003
1868.9,2,12,64,255,malla,0,PGAgain,1001568.0,265.0,True,True,True,1.354267599999674
1869.26,2,12,64,255,malla,1,BPo,1009295.0,261.0,True,True,True,155.24288149999919
1869.62,2,12,64,255,malla,2,OPA_SUMo,1128000.0,254.0,True,False,True,2519.3360500000003
1869.98,2,12,64,255,malla,3,SUMo,1128000.0,258.0,True,False,True,2519.3360500000003
1870.34,2,12,64,255,malla,4,LPo,875033.0,284.0,True,False,True,-2518.6788318999998
1872.2,2,12,64,-8,fino,0,PGAgain,1001580.0,274.0,True,True,True,1.5932560000008151
1872.56,2,12,64,-8,fino,1,BPo,1009301.0,255.0,True,True,True,155.36237570000088
1872.92,2,12,64,-8,fino,2,OPA_SUMo,979930.0,277.0,True,True,True,-429.581649000001
1873.28,2,12,64,-8,fino,3,SUMo,982009.0,277.0,True,True,True,-388.17690869999973
1873.64,2,12,64,-8,fino,4,LPo,875001.0,258.0,True,False,True,-2519.3161343000006
1875.5,2,12,64,-4,fino,0,PGAgain,1001600.0,265.0,True,True,True,1.991570000000453
1875.86,2,12,64,-4,fino,1,BPo,1009247.0,267.0,True,True,True,154.28692789999917
1876.22,2,12,64,-4,fino,2,OPA_SUMo,982914.0,265.0,True,True,True,-370.1532002000003
1876.58,2,12,64,-4,fino,3,SUMo,984924.0,263.0,True,True,True,-330.1226432000004
1876.94,2,12,64,-4,fino,4,LPo,875000.0,269.0,True,False,True,-2519.3360500000003
1878.8,2,12,64,-2,fino,0,PGAgain,1001541.0,277.0,True,True,True,0.8165437000010687
1879.16,2,12,64,-2,fino,1,BPo,1009274.0,276.0,True,True,True,154.82465180000003
1879.52,2,12,64,-2,fino,2,OPA_SUMo,984398.0,274.0,True,True,True,-340.5983013999995
1879.88,2,12,64,-2,fino,3,SUMo,986373.0,274.0,True,True,True,-301.26479389999906
1880.24,2,12,64,-2,fino,4,LPo,875031.0,268.0,True,False,True,-2518.718663300001
1882.1,2,12,64,0,fino,0,PGAgain,1001550.0,284.0,True,True,True,0.9957849999990944
1882.46,2,12,64,0,fino,1,BPo,1009273.0,270.0,True,True,True,154.8047361000005
1882.82,2,12,64,0,fino,2,OPA_SUMo,985834.0,253.0,True,True,True,-311.9993562000011
1883.18,2,12,64,0,fino,3,SUMo,987823.0,246.0,True,True,True,-272.3870289000004
1883.54,2,12,64,0,fino,4,LPo,875000.0,252.0,True,False,True,-2519.3360500000003
1885.4,2,12,64,2,fino,0,PGAgain,1001537.0,261.0,True,True,True,0.7368809000006883
1885.76,2,12,64,2,fino,1,BPo,1009256.0,271.0,True,True,True,154.46616919999946
1886.12,2,12,64,2,fino,2,OPA_SUMo,987269.0,264.0,True,True,True,-283.4203266999999
1886.48,2,12,64,2,fino,3,SUMo,989248.0,261.0,True,True,True,-244.00715639999908
1886.84,2,12,64,2,fino,4,LPo,875000.0,272.0,True,False,True,-2519.3360500000003
1888.7,2,12,64,4,fino,0,PGAgain,1001542.0,251.0,True,True,True,0.8364594000005978
1889.06,2,12,64,4,fino,1,BPo,1009316.0,252.0,True,True,True,155.66111120000062
1889.42,2,12,64,4,fino,2,OPA_SUMo,988811.0,269.0,True,True,True,-252.7103172999993
1889.78,2,12,64,4,fino,3,SUMo,990813.0,260.0,True,True,True,-212.83908590000024
1890.14,2,12,64,4,fino,4,LPo,875000.0,259.0,True,False,True,-2519.3360500000003
1892.0,2,12,64,8,fino,0,PGAgain,1001568.0,252.0,True,True,True,1.354267599999674
1892.36,2,12,64,8,fino,1,BPo,1009283.0,301.0,True,True,False,155.0038931000003
1892.72,2,12,64,8,fino,2,OPA_SUMo,991722.0,273.0,True,True,True,-194.73571460000042
1893.08,2,12,64,8,fino,3,SUMo,993767.0,255.0,True,True,True,-154.00810809999896
1893.44,2,12,64,8,fino,4,LPo,875000.0,247.0,True,False,True,-2519.3360500000003
1983.8,2,12,0,0,referencia,0,PGAgain,1001573.0,270.0,True,True,True,1.4538460999995835
1984.16,2,12,0,0,referencia,1,BPo,1003466.0,264.0,True,True,True,39.154266200000166
1984.52,2,12,0,0,referencia,2,OPA_SUMo,1008994.0,264.0,True,True,True,149.24825580000058
1984.88,2,12,0,0,referencia,3,SUMo,1010958.0,260.0,True,True,True,188.3626905999994
1985.24,2,12,0,0,referencia,4,LPo,875000.0,247.0,True,False,True,-2519.3360500000003
1987.1,2,12,0,-255,malla,0,PGAgain,1001578.0,244.0,True,True,True,1.553424599999493
1987.46,2,12,0,-255,malla,1,BPo,1003490.0,286.0,True,True,True,39.63224300000018
1987.82,2,12,0,-255,malla,2,OPA_SUMo,875000.0,264.0,True,False,True,-2519.3360500000003
1988.18,2,12,0,-255,malla,3,SUMo,875000.0,257.0,True,False,True,-2519.3360500000003
1988.54,2,12,0,-255,malla,4,LPo,875000.0,271.0,True,False,True,-2519.3360500000003
1990.4,2,12,0,-128,malla,0,PGAgain,1001555.0,290.0,True,True,True,1.0953634999990038
1990.76,2,12,0,-128,malla,1,BPo,1003501.0,301.0,True,True,False,39.85131569999953
1991.12,2,12,0,-128,malla,2,OPA_SUMo,914143.0,244.0,True,True,True,-1739.7758048999995
1991.48,2,12,0,-128,malla,3,SUMo,916105.0,247.0,True,True,True,-1700.7012014999998
1991.84,2,12,0,-128,malla,4,LPo,875000.0,249.0,True,False,True,-2519.3360500000003
1993.7,2,12,0,-64,malla,0,PGAgain,1001569.0,266.0,True,True,True,1.3741832999992032
1994.06,2,12,0,-64,malla,1,BPo,1003480.0,266.0,True,True,True,39.433086000000365
1994.42,2,12,0,-64,malla,2,OPA_SUMo,961619.0,247.0,True,True,True,-794.2580316999995
1994.78,2,12,0,-64,malla,3,SUMo,963609.0,264.0,True,True,True,-754.6257886999992
1995.14,2,12,0,-64,malla,4,LPo,875000.0,265.0,True,False,True,-2519.3360500000003
1997.0,2,12,0,0,malla,0,PGAgain,1001537.0,252.0,True,True,True,0.7368809000006883
1997.36,2,12,0,0,malla,1,BPo,1003546.0,251.0,True,True,True,40.74752220000098
1997.72,2,12,0,0,malla,2,OPA_SUMo,1009018.0,283.0,True,True,True,149.7262326000006
1998.08,2,12,0,0,malla,3,SUMo,1010971.0,257.0,True,True,True,188.6215947000001
1998.44,2,12,0,0,malla,4,LPo,875037.0,288.0,True,False,True,-2518.5991690999995
2000.3,2,12,0,64,malla,0,PGAgain,1001600.0,246.0,True,True,True,1.991570000000453
2000.66,2,12,0,64,malla,1,BPo,1003511.0,246.0,True,True,True,40.05047269999935
2001.02,2,12,0,64,malla,2,OPA_SUMo,1056344.0,281.0,True,True,True,1092.2566508000011
2001.38,2,12,0,64,malla,3,SUMo,1058391.0,253.0,True,True,True,1133.0240887000016
2001.74,2,12,0,64,malla,4,LPo,875017.0,267.0,True,False,True,-2518.997483099999
2003.6,2,12,0,128,malla,0,PGAgain,1001515.0,257.0,True,True,True,0.2987354999997283
2003.96,2,12,0,128,malla,1,BPo,1003450.0,266.0,True,True,True,38.83561500000091
2004.32,2,12,0,128,malla,2,OPA_SUMo,1103900.0,260.0,True,True,True,2039.3676800000019
2004.68,2,12,0,128,malla,3,SUMo,1105857.0,263.0,True,True,True,2078.3427048999997
2005.04,2,12,0,128,malla,4,LPo,875017.0,267.0,True,False,True,-2518.997483099999
2006.9,2,12,0,255,malla,0,PGAgain,1001522.0,285.0,True,True,True,0.43814540000096003
2007.26,2,12,0,255,malla,1,BPo,1003549.0,260.0,True,True,True,40.80726929999957
2007.62,2,12,0,255,malla,2,OPA_SUMo,1128000.0,288.0,True,False,True,2519.3360500000003
2007.98,2,12,0,255,malla,3,SUMo,1128000.0,295.0,True,False,True,2519.3360500000003
2008.34,2,12,0,255,malla,4,LPo,875000.0,277.0,True,False,True,-2519.3360500000003
2010.2,2,12,0,-8,fino,0,PGAgain,1001495.0,307.0,True,True,False,-0.09957849999990943
2010.56,2,12,0,-8,fino,1,BPo,1003540.0,281.0,True,True,True,40.628027999999276
2010.92,2,12,0,-8,fino,2,OPA_SUMo,1003109.0,262.0,True,True,True,32.044361300000745
2011.28,2,12,0,-8,fino,3,SUMo,1005055.0,268.0,True,True,True,70.800313499999
2011.64,2,12,0,-8,fino,4,LPo,875008.0,270.0,True,False,True,-2519.1767243999993
2013.5,2,12,0,-4,fino,0,PGAgain,1001550.0,247.0,True,True,True,0.9957849999990944
2013.86,2,12,0,-4,fino,1,BPo,1003498.0,260.0,True,True,True,39.79156860000094
2014.22,2,12,0,-4,fino,2,OPA_SUMo,1006051.0,272.0,True,True,True,90.63635070000089
2014.58,2,12,0,-4,fino,3,SUMo,1008078.0,261.0,True,True,True,131.0054745999995
2014.94,2,12,0,-4,fino,4,LPo,875000.0,304.0,True,False,False,-2519.3360500000003
2016.8,2,12,0,-2,fino,0,PGAgain,1001560.0,292.0,True,True,True,1.1949419999989133
2017.16,2,12,0,-2,fino,1,BPo,1003496.0,246.0,True,True,True,39.751737199999624
2017.52,2,12,0,-2,fino,2,OPA_SUMo,1007459.0,281.0,True,True,True,118.67765629999894
2017.88,2,12,0,-2,fino,3,SUMo,1009507.0,257.0,True,True,True,159.465009899999
2018.24,2,12,0,-2,fino,4,LPo,875000.0,247.0,True,False,True,-2519.3360500000003
2020.1,2,12,0,0,fino,0,PGAgain,1001590.0,261.0,True,True,True,1.792413000000634
2020.46,2,12,0,0,fino,1,BPo,1003516.0,278.0,True,True,True,40.15005119999926
2020.82,2,12,0,0,fino,2,OPA_SUMo,1009027.0,260.0,True,True,True,149.90547390000089
2021.18,2,12,0,0,fino,3,SUMo,1011017.0,268.0,True,True,True,189.53771690000107
2021.54,2,12,0,0,fino,4,LPo,875005.0,250.0,True,False,True,-2519.2364715000003
2023.4,2,12,0,2,fino,0,PGAgain,1001517.0,255.0,True,True,True,0.3385669000010506
2023.76,2,12,0,2,fino,1,BPo,1003439.0,246.0,True,True,True,38.616542299999296
2024.12,2,12,0,2,fino,2,OPA_SUMo,1010480.0,249.0,True,True,True,178.84298600000037
2024.48,2,12,0,2,fino,3,SUMo,1012513.0,246.0,True,True,True,219.33160410000067
2024.84,2,12,0,2,fino,4,LPo,875000.0,267.0,True,False,True,-2519.3360500000003
2026.7,2,12,0,4,fino,0,PGAgain,1001580.0,289.0,True,True,True,1.5932560000008151
2027.06,2,12,0,4,fino,1,BPo,1003516.0,277.0,True,True,True,40.15005119999926
2027.42,2,12,0,4,fino,2,OPA_SUMo,1011995.0,244.0,True,True,True,209.0152715000001
2027.78,2,12,0,4,fino,3,SUMo,1013992.0,287.0,True,True,True,248.78692439999926
2028.14,2,12,0,4,fino,4,LPo,875000.0,254.0,True,False,True,-2519.3360500000003
2030.0,2,12,0,8,fino,0,PGAgain,1001514.0,266.0,True,True,True,0.27881980000019924
2030.36,2,12,0,8,fino,1,BPo,1003461.0,256.0,True,True,True,39.05468770000026
2030.72,2,12,0,8,fino,2,OPA_SUMo,1014998.0,282.0,True,True,True,268.822118600001
2031.08,2,12,0,8,fino,3,SUMo,1017018.0,259.0,True,True,True,309.0518326000006
2031.44,2,12,0,8,fino,4,LPo,875000.0,262.0,True,False,True,-2519.3360500000003
2121.8,2,12,-64,0,referencia,0,PGAgain,1001595.0,270.0,True,True,True,1.8919915000005434
2122.16,2,12,-64,0,referencia,1,BPo,997703.0,266.0,True,True,True,-75.61991290000051
2122.52,2,12,-64,0,referencia,2,OPA_SUMo,1032248.0,266.0,True,True,True,612.367943600001
2122.88,2,12,-64,0,referencia,3,SUMo,1034333.0,267.0,True,True,True,653.8921781000017
2123.24,2,12,-64,0,referencia,4,LPo,875009.0,255.0,True,False,True,-2519.1568087
2125.1,2,12,-64,-255,malla,0,PGAgain,1001517.0,288.0,True,True,True,0.3385669000010506
2125.46,2,12,-64,-255,malla,1,BPo,997738.0,256.0,True,True,True,-74.92286339999887
2125.82,2,12,-64,-255,malla,2,OPA_SUMo,875000.0,269.0,True,False,True,-2519.3360500000003
2126.18,2,12,-64,-255,malla,3,SUMo,875000.0,255.0,True,False,True,-2519.3360500000003
2126.54,2,12,-64,-255,malla,4,LPo,875000.0,271.0,True,False,True,-2519.3360500000003
2128.4,2,12,-64,-128,malla,0,PGAgain,1001582.0,267.0,True,True,True,1.6330873999998734
2128.76,2,12,-64,-128,malla,1,BPo,997712.0,256.0,True,True,True,-75.44067160000021
2129.12,2,12,-64,-128,malla,2,OPA_SUMo,937442.0,276.0,True,True,True,-1275.7599106
2129.48,2,12,-64,-128,malla,3,SUMo,939394.0,245.0,True,True,True,-1236.8844642
2129.84,2,12,-64,-128,malla,4,LPo,875000.0,247.0,True,False,True,-2519.3360500000003
2131.7,2,12,-64,-64,malla,0,PGAgain,1001530.0,249.0,True,True,True,0.5974709999994566
2132.06,2,12,-64,-64,malla,1,BPo,997738.0,253.0,True,True,True,-74.92286339999887
2132.42,2,12,-64,-64,malla,2,OPA_SUMo,984900.0,262.0,True,True,True,-330.60062000000045
2132.78,2,12,-64,-64,malla,3,SUMo,986883.0,275.0,True,True,True,-291.10778689999927
2133.14,2,12,-64,-64,malla,4,LPo,875059.0,258.0,True,False,True,-2518.161023700001
2135.0,2,12,-64,0,malla,0,PGAgain,1001510.0,252.0,True,True,True,0.19915699999981887
2135.36,2,12,-64,0,malla,1,BPo,997701.0,240.0,True,True,True,-75.65974429999957
2135.72,2,12,-64,0,malla,2,OPA_SUMo,1032331.0,259.0,True,True,True,614.0209466999981
2136.08,2,12,-64,0,malla,3,SUMo,1034401.0,252.0,True,True,True,655.2464457000013
2136.44,2,12,-64,0,malla,4,LPo,875025.0,247.0,True,False,True,-2518.8381575000008
2138.3,2,12,-64,64,malla,0,PGAgain,1001535.0,251.0,True,True,True,0.697049499999366
2138.66,2,12,-64,64,malla,1,BPo,997677.0,266.0,True,True,True,-76.13772109999958
2139.02,2,12,-64,64,malla,2,OPA_SUMo,1079812.0,282.0,True,True,True,1559.6382983999981
2139.38,2,12,-64,64,malla,3,SUMo,1081830.0,261.0,True,True,True,1599.8281809999987
2139.74,2,12,-64,64,malla,4,LPo,875000.0,273.0,True,False,True,-2519.3360500000003
2141.6,2,12,-64,128,malla,0,PGAgain,1001496.0,254.0,True,True,True,-0.07966280000038038
2141.96,2,12,-64,128,malla,1,BPo,997692.0,271.0,True,True,True,-75.83898559999986
2142.32,2,12,-64,128,malla,2,OPA_SUMo,1127207.0,263.0,True,False,True,2503.5428999000023
2142.68,2,12,-64,128,malla,3,SUMo,1128000.0,266.0,True,False,True,2519.3360500000003
2143.04,2,12,-64,128,malla,4,LPo,875036.0,280.0,True,False,True,-2518.619084800001
2144.9,2,12,-64,255,malla,0,PGAgain,1001482.0,267.0,True,True,True,-0.35848260000057963
2145.26,2,12,-64,255,malla,1,BPo,997736.0,274.0,True,True,True,-74.96269480000021
2145.62,2,12,-64,255,malla,2,OPA_SUMo,1128000.0,274.0,True,False,True,2519.3360500000003
2145.98,2,12,-64,255,malla,3,SUMo,1128000.0,258.0,True,False,True,2519.3360500000003
2146.34,2,12,-64,255,malla,4,LPo,875017.0,271.0,True,False,True,-2518.997483099999
2148.2,2,12,-64,-72,fino,0,PGAgain,1001539.0,286.0,True,True,True,0.7767122999997464
2148.56,2,12,-64,-72,fino,1,BPo,997710.0,262.0,True,True,True,-75.48050299999927
2148.92,2,12,-64,-72,fino,2,OPA_SUMo,978993.0,261.0,True,True,True,-448.242659899999
2149.28,2,12,-64,-72,fino,3,SUMo,981085.0,262.0,True,True,True,-406.5790154999993
2149.64,2,12,-64,-72,fino,4,LPo,875000.0,255.0,True,False,True,-2519.3360500000003
2151.5,2,12,-64,-68,fino,0,PGAgain,1001527.0,274.0,True,True,True,0.5377239000008694
2151.86,2,12,-64,-68,fino,1,BPo,997737.0,252.0,True,True,True,-74.94277910000068
2152.22,2,12,-64,-68,fino,2,OPA_SUMo,981906.0,260.0,True,True,True,-390.22822580000104
2152.58,2,12,-64,-68,fino,3,SUMo,983922.0,260.0,True,True,True,-350.0781745999995
2152.94,2,12,-64,-68,fino,4,LPo,875000.0,277.0,True,False,True,-2519.3360500000003
2154.8,2,12,-64,-66,fino,0,PGAgain,1001550.0,260.0,True,True,True,0.9957849999990944
2155.16,2,12,-64,-66,fino,1,BPo,997731.0,254.0,True,True,True,-75.06227330000011
2155.52,2,12,-64,-66,fino,2,OPA_SUMo,983435.0,261.0,True,True,True,-359.7771205000011
2155.88,2,12,-64,-66,fino,3,SUMo,985397.0,265.0,True,True,True,-320.70251709999906
2156.24,2,12,-64,-66,fino,4,LPo,875025.0,257.0,True,False,True,-2518.8381575000008
2158.1,2,12,-64,-64,fino,0,PGAgain,1001479.0,283.0,True,True,True,-0.4182296999991668
2158.46,2,12,-64,-64,fino,1,BPo,997725.0,278.0,True,True,True,-75.18176749999955
2158.82,2,12,-64,-64,fino,2,OPA_SUMo,984976.0,284.0,True,True,True,-329.08702680000005
2159.18,2,12,-64,-64,fino,3,SUMo,986990.0,250.0,True,True,True,-288.97680699999984
2159.54,2,12,-64,-64,fino,4,LPo,875000.0,270.0,True,False,True,-2519.3360500000003
2161.4,2,12,-64,-62,fino,0,PGAgain,1001543.0,274.0,True,True,True,0.8563751000001268
2161.76,2,12,-64,-62,fino,1,BPo,997792.0,255.0,True,True,True,-73.84741559999941
2162.12,2,12,-64,-62,fino,2,OPA_SUMo,986464.0,262.0,True,True,True,-299.4524651999989
2162.48,2,12,-64,-62,fino,3,SUMo,988445.0,249.0,True,True,True,-259.999463499999
2162.84,2,12,-64,-62,fino,4,LPo,875005.0,283.0,True,False,True,-2519.2364715000003
2164.7,2,12,-64,-60,fino,0,PGAgain,1001519.0,275.0,True,True,True,0.3783983000001087
2165.06,2,12,-64,-60,fino,1,BPo,997770.0,258.0,True,True,True,-74.28556100000037
2165.42,2,12,-64,-60,fino,2,OPA_SUMo,987920.0,240.0,True,True,True,-270.4552060000008
2165.78,2,12,-64,-60,fino,3,SUMo,989977.0,324.0,True,True,False,-229.4886111000005
2166.14,2,12,-64,-60,fino,4,LPo,875000.0,264.0,True,False,True,-2519.3360500000003
2168.0,2,12,-64,-56,fino,0,PGAgain,1001531.0,241.0,True,True,True,0.6173866999989857
2168.36,2,12,-64,-56,fino,1,BPo,997774.0,245.0,True,True,True,-74.2058982
2168.72,2,12,-64,-56,fino,2,OPA_SUMo,990957.0,249.0,True,True,True,-209.97122510000014
2169.08,2,12,-64,-56,fino,3,SUMo,992904.0,254.0,True,True,True,-171.19535720000007
2169.44,2,12,-64,-56,fino,4,LPo,875000.0,258.0,True,False,True,-2519.3360500000003
2259.8,2,12,-128,0,referencia,0,PGAgain,1001531.0,257.0,True,True,True,0.6173866999989857
2260.16,2,12,-128,0,referencia,1,BPo,991962.0,249.0,True,True,True,-189.95594660000023
2260.52,2,12,-128,0,referencia,2,OPA_SUMo,1055748.0,308.0,True,True,False,1080.386893600001
2260.88,2,12,-128,0,referencia,3,SUMo,1057730.0,247.0,True,True,True,1119.8598110000005
2261.24,2,12,-128,0,referencia,4,LPo,875011.0,246.0,True,False,True,-2519.1169773000006
2263.1,2,12,-128,-255,malla,0,PGAgain,1001483.0,258.0,True,True,True,-0.3385669000010506
2263.46,2,12,-128,-255,malla,1,BPo,992020.0,246.0,True,True,True,-188.80083600000037
2263.82,2,12,-128,-255,malla,2,OPA_SUMo,875000.0,247.0,True,False,True,-2519.3360500000003
2264.18,2,12,-128,-255,malla,3,SUMo,875000.0,277.0,True,False,True,-2519.3360500000003
2264.54,2,12,-128,-255,malla,4,LPo,875000.0,267.0,True,False,True,-2519.3360500000003
2266.4,2,12,-128,-128,malla,0,PGAgain,1001515.0,296.0,True,True,True,0.2987354999997283
2266.76,2,12,-128,-128,malla,1,BPo,991915.0,266.0,True,True,True,-190.89198450000075
2267.12,2,12,-128,-128,malla,2,OPA_SUMo,960884.0,268.0,True,True,True,-808.8960711999997
2267.48,2,12,-128,-128,malla,3,SUMo,962872.0,274.0,True,True,True,-769.3036596000009
2267.84,2,12,-128,-128,malla,4,LPo,875000.0,253.0,True,False,True,-2519.3360500000003
2269.7,2,12,-128,-64,malla,0,PGAgain,1001482.0,249.0,True,True,True,-0.35848260000057963
2270.06,2,12,-128,-64,malla,1,BPo,991919.0,278.0,True,True,True,-190.81232170000035
2270.42,2,12,-128,-64,malla,2,OPA_SUMo,1008350.0,243.0,True,True,True,136.42254500000047
2270.78,2,12,-128,-64,malla,3,SUMo,1010365.0,243.0,True,True,True,176.55268050000018
2271.14,2,12,-128,-64,malla,4,LPo,875024.0,281.0,True,False,True,-2518.8580732
2273.0,2,12,-128,0,malla,0,PGAgain,1001546.0,288.0,True,True,True,0.9161222000009782
2273.36,2,12,-128,0,malla,1,BPo,991928.0,261.0,True,True,True,-190.63308040000007
2273.72,2,12,-128,0,malla,2,OPA_SUMo,1055841.0,278.0,True,True,True,1082.239053699998
2274.08,2,12,-128,0,malla,3,SUMo,1057756.0,281.0,True,True,True,1120.3776192000018
2274.44,2,12,-128,0,malla,4,LPo,875074.0,259.0,True,False,True,-2517.862288200001
2276.3,2,12,-128,64,malla,0,PGAgain,1001505.0,257.0,True,True,True,0.09957849999990943
2276.66,2,12,-128,64,malla,1,BPo,991957.0,249.0,True,True,True,-190.05552510000012
2277.02,2,12,-128,64,malla,2,OPA_SUMo,1103221.0,277.0,True,True,True,2025.8449197000002
2277.38,2,12,-128,64,malla,3,SUMo,1105233.0,281.0,True,True,True,2065.915308099999
2277.74,2,12,-128,64,malla,4,LPo,875000.0,304.0,True,False,False,-2519.3360500000003
2279.6,2,12,-128,128,malla,0,PGAgain,1001480.0,261.0,True,True,True,-0.39831399999963774
2279.96,2,12,-128,128,malla,1,BPo,991975.0,253.0,True,True,True,-189.69704249999955
2280.32,2,12,-128,128,malla,2,OPA_SUMo,1128000.0,270.0,True,False,True,2519.3360500000003
2280.68,2,12,-128,128,malla,3,SUMo,1128000.0,272.0,True,False,True,2519.3360500000003
2281.04,2,12,-128,128,malla,4,LPo,875000.0,273.0,True,False,True,-2519.3360500000003
2282.9,2,12,-128,255,malla,0,PGAgain,1001557.0,271.0,True,True,True,1.135194900000326
2283.26,2,12,-128,255,malla,1,BPo,991981.0,246.0,True,True,True,-189.57754830000013
2283.62,2,12,-128,255,malla,2,OPA_SUMo,1128000.0,257.0,True,False,True,2519.3360500000003
2283.98,2,12,-128,255,malla,3,SUMo,1128000.0,269.0,True,False,True,2519.3360500000003
2284.34,2,12,-128,255,malla,4,LPo,875000.0,254.0,True,False,True,-2519.3360500000003
2286.2,2,12,-128,-72,fino,0,PGAgain,1001452.0,264.0,True,True,True,-0.9559536000000363
2286.56,2,12,-128,-72,fino,1,BPo,991961.0,278.0,True,True,True,-189.97586229999976
2286.92,2,12,-128,-72,fino,2,OPA_SUMo,1002503.0,275.0,True,True,True,19.975447100000853
2287.28,2,12,-128,-72,fino,3,SUMo,1004503.0,275.0,True,True,True,59.80684710000085
2287.64,2,12,-128,-72,fino,4,LPo,875000.0,262.0,True,False,True,-2519.3360500000003
2289.5,2,12,-128,-68,fino,0,PGAgain,1001462.0,273.0,True,True,True,-0.7567966000002174
2289.86,2,12,-128,-68,fino,1,BPo,992011.0,270.0,True,True,True,-188.98007730000066
2290.22,2,12,-128,-68,fino,2,OPA_SUMo,1005437.0,284.0,True,True,True,78.40811090000024
2290.58,2,12,-128,-68,fino,3,SUMo,1007411.0,275.0,True,True,True,117.7217026999989
2290.94,2,12,-128,-68,fino,4,LPo,875059.0,284.0,True,False,True,-2518.161023700001
2292.8,2,12,-128,-66,fino,0,PGAgain,1001437.0,258.0,True,True,True,-1.2546890999997646
2293.16,2,12,-128,-66,fino,1,BPo,991949.0,247.0,True,True,True,-190.2148507000009
2293.52,2,12,-128,-66,fino,2,OPA_SUMo,1006931.0,275.0,True,True,True,108.1621667000008
2293.88,2,12,-128,-66,fino,3,SUMo,1008946.0,255.0,True,True,True,148.29230220000053
2294.24,2,12,-128,-66,fino,4,LPo,875010.0,264.0,True,False,True,-2519.1368930000003
2296.1,2,12,-128,-64,fino,0,PGAgain,1001379.0,258.0,True,True,True,-2.4097996999996196
2296.46,2,12,-128,-64,fino,1,BPo,991975.0,241.0,True,True,True,-189.69704249999955
2296.82,2,12,-128,-64,fino,2,OPA_SUMo,1008409.0,262.0,True,True,True,137.59757129999986
2297.18,2,12,-128,-64,fino,3,SUMo,1010398.0,279.0,True,True,True,177.20989860000049
2297.54,2,12,-128,-64,fino,4,LPo,875000.0,265.0,True,False,True,-2519.3360500000003
2299.4,2,12,-128,-62,fino,0,PGAgain,1001426.0,247.0,True,True,True,-1.4737617999991126
2299.76,2,12,-128,-62,fino,1,BPo,992013.0,250.0,True,True,True,-188.94024589999935
2300.12,2,12,-128,-62,fino,2,OPA_SUMo,1009929.0,267.0,True,True,True,167.86943529999948
2300.48,2,12,-128,-62,fino,3,SUMo,1011933.0,251.0,True,True,True,207.78049809999987
2300.84,2,12,-128,-62,fino,4,LPo,875023.0,256.0,True,False,True,-2518.8779888999998
2302.7,2,12,-128,-60,fino,0,PGAgain,1001456.0,249.0,True,True,True,-0.8762907999996559
2303.06,2,12,-128,-60,fino,1,BPo,992014.0,276.0,True,True,True,-188.92033019999982
2303.42,2,12,-128,-60,fino,2,OPA_SUMo,1011408.0,259.0,True,True,True,197.32475560000032
2303.78,2,12,-128,-60,fino,3,SUMo,1013417.0,258.0,True,True,True,237.3353969000006
2304.14,2,12,-128,-60,fino,4,LPo,875032.0,271.0,True,False,True,-2518.6987475999995
2306.0,2,12,-128,-56,fino,0,PGAgain,1001466.0,275.0,True,True,True,-0.677133799999837
2306.36,2,12,-128,-56,fino,1,BPo,992006.0,243.0,True,True,True,-189.07965580000058
2306.72,2,12,-128,-56,fino,2,OPA_SUMo,1014402.0,249.0,True,True,True,256.9523614000009
2307.08,2,12,-128,-56,fino,3,SUMo,1016355.0,245.0,True,True,True,295.84772350000037
2307.44,2,12,-128,-56,fino,4,LPo,875000.0,243.0,True,False,True,-2519.3360500000003
2397.8,2,12,-192,0,referencia,0,PGAgain,1001420.0,266.0,True,True,True,-1.5932560000008151
2398.16,2,12,-192,0,referencia,1,BPo,986224.0,253.0,True,True,True,-304.2322331999991
2398.52,2,12,-192,0,referencia,2,OPA_SUMo,1079206.0,261.0,True,True,True,1547.5693841999982
2398.88,2,12,-192,0,referencia,3,SUMo,1081210.0,296.0,True,True,True,1587.4804470000008
2399.24,2,12,-192,0,referencia,4,LPo,875000.0,246.0,True,False,True,-2519.3360500000003
2401.1,2,12,-192,-255,malla,0,PGAgain,1001459.0,273.0,True,True,True,-0.8165437000010687
2401.46,2,12,-192,-255,malla,1,BPo,986197.0,286.0,True,True,True,-304.76995709999994
2401.82,2,12,-192,-255,malla,2,OPA_SUMo,890216.0,268.0,True,True,True,-2216.2987588
2402.18,2,12,-192,-255,malla,3,SUMo,892235.0,244.0,True,True,True,-2176.0889604999998
2402.54,2,12,-192,-255,malla,4,LPo,875000.0,287.0,True,False,True,-2519.3360500000003
2404.4,2,12,-192,-128,malla,0,PGAgain,1001458.0,261.0,True,True,True,-0.8364594000005978
2404.76,2,12,-192,-128,malla,1,BPo,986192.0,256.0,True,True,True,-304.8695355999999
2405.12,2,12,-192,-128,malla,2,OPA_SUMo,984364.0,257.0,True,True,True,-341.2754351999994
2405.48,2,12,-192,-128,malla,3,SUMo,986358.0,261.0,True,True,True,-301.5635294000011
2405.84,2,12,-192,-128,malla,4,LPo,875000.0,272.0,True,False,True,-2519.3360500000003
2407.7,2,12,-192,-64,malla,0,PGAgain,1001494.0,281.0,True,True,True,-0.1194941999994385
2408.06,2,12,-192,-64,malla,1,BPo,986204.0,276.0,True,True,True,-304.630547200001
2408.42,2,12,-192,-64,malla,2,OPA_SUMo,1031808.0,282.0,True,True,True,603.6050355999998
2408.78,2,12,-192,-64,malla,3,SUMo,1033841.0,280.0,True,True,True,644.093653699998
2409.14,2,12,-192,-64,malla,4,LPo,875000.0,258.0,True,False,True,-2519.3360500000003
2411.0,2,12,-192,0,malla,0,PGAgain,1001465.0,252.0,True,True,True,-0.697049499999366
2411.36,2,12,-192,0,malla,1,BPo,986241.0,283.0,True,True,True,-303.8936663000003
2411.72,2,12,-192,0,malla,2,OPA_SUMo,1079239.0,258.0,True,True,True,1548.2266023000006
2412.08,2,12,-192,0,malla,3,SUMo,1081202.0,278.0,True,True,True,1587.3211214
2412.44,2,12,-192,0,malla,4,LPo,875022.0,258.0,True,False,True,-2518.897904599999
2414.3,2,12,-192,64,malla,0,PGAgain,1001392.0,267.0,True,True,True,-2.1508955999989494
2414.66,2,12,-192,64,malla,1,BPo,986231.0,276.0,True,True,True,-304.09282330000013
2415.02,2,12,-192,64,malla,2,OPA_SUMo,1126701.0,245.0,True,False,True,2493.4655557000006
2415.38,2,12,-192,64,malla,3,SUMo,1128000.0,272.0,True,False,True,2519.3360500000003
2415.74,2,12,-192,64,malla,4,LPo,875000.0,257.0,True,False,True,-2519.3360500000003
2417.6,2,12,-192,128,malla,0,PGAgain,1001417.0,253.0,True,True,True,-1.6530030999994023
2417.96,2,12,-192,128,malla,1,BPo,986200.0,268.0,True,True,True,-304.7102099999991
2418.32,2,12,-192,128,malla,2,OPA_SUMo,1128000.0,260.0,True,False,True,2519.3360500000003
2418.68,2,12,-192,128,malla,3,SUMo,1128000.0,278.0,True,False,True,2519.3360500000003
2419.04,2,12,-192,128,malla,4,LPo,875000.0,263.0,True,False,True,-2519.3360500000003
2420.9,2,12,-192,255,malla,0,PGAgain,1001419.0,253.0,True,True,True,-1.6131717000003443
2421.26,2,12,-192,255,malla,1,BPo,986202.0,260.0,True,True,True,-304.67037860000005
2421.62,2,12,-192,255,malla,2,OPA_SUMo,1128000.0,280.0,True,False,True,2519.3360500000003
2421.98,2,12,-192,255,malla,3,SUMo,1128000.0,264.0,True,False,True,2519.3360500000003
2422.34,2,12,-192,255,malla,4,LPo,875000.0,286.0,True,False,True,-2519.3360500000003
2424.2,2,12,-192,-136,fino,0,PGAgain,1001447.0,286.0,True,True,True,-1.0555320999999458
2424.56,2,12,-192,-136,fino,1,BPo,986191.0,252.0,True,True,True,-304.8894512999994
2424.92,2,12,-192,-136,fino,2,OPA_SUMo,978454.0,285.0,True,True,True,-458.977222200001
2425.28,2,12,-192,-136,fino,3,SUMo,980507.0,282.0,True,True,True,-418.090290100001
2425.64,2,12,-192,-136,fino,4,LPo,875055.0,258.0,True,False,True,-2518.240686500001
2427.5,2,12,-192,-132,fino,0,PGAgain,1001407.0,254.0,True,True,True,-1.8521600999992212
2427.86,2,12,-192,-132,fino,1,BPo,986180.0,285.0,True,True,True,-305.108524000001
2428.22,2,12,-192,-132,fino,2,OPA_SUMo,981471.0,265.0,True,True,True,-398.89155529999994
2428.58,2,12,-192,-132,fino,3,SUMo,983362.0,296.0,True,True,True,-361.23096660000067
2428.94,2,12,-192,-132,fino,4,LPo,875011.0,255.0,True,False,True,-2519.1169773000006
2430.8,2,12,-192,-130,fino,0,PGAgain,1001418.0,251.0,True,True,True,-1.6330873999998734
2431.16,2,12,-192,-130,fino,1,BPo,986165.0,270.0,True,True,True,-305.40725950000075
2431.52,2,12,-192,-130,fino,2,OPA_SUMo,982950.0,256.0,True,True,True,-369.4362349999991
2431.88,2,12,-192,-130,fino,3,SUMo,984963.0,285.0,True,True,True,-329.3459309000007
2432.24,2,12,-192,-130,fino,4,LPo,875022.0,267.0,True,False,True,-2518.897904599999
2434.1,2,12,-192,-128,fino,0,PGAgain,1001394.0,267.0,True,True,True,-2.1110641999998916
2434.46,2,12,-192,-128,fino,1,BPo,986192.0,277.0,True,True,True,-304.8695355999999
2434.82,2,12,-192,-128,fino,2,OPA_SUMo,984401.0,279.0,True,True,True,-340.53855430000095
2435.18,2,12,-192,-128,fino,3,SUMo,986471.0,248.0,True,True,True,-299.3130552999999
2435.54,2,12,-192,-128,fino,4,LPo,875001.0,283.0,True,False,True,-2519.3161343000006
2437.4,2,12,-192,-126,fino,0,PGAgain,1001423.0,275.0,True,True,True,-1.5335088999999638
2437.76,2,12,-192,-126,fino,1,BPo,986217.0,248.0,True,True,True,-304.3716431000003
2438.12,2,12,-192,-126,fino,2,OPA_SUMo,985955.0,260.0,True,True,True,-309.5895564999992
2438.48,2,12,-192,-126,fino,3,SUMo,987886.0,261.0,True,True,True,-271.1323398000007
2438.84,2,12,-192,-126,fino,4,LPo,875000.0,273.0,True,False,True,-2519.3360500000003
2440.7,2,12,-192,-124,fino,0,PGAgain,1001368.0,267.0,True,True,True,-2.6288723999989676
2441.06,2,12,-192,-124,fino,1,BPo,986228.0,257.0,True,True,True,-304.15257040000097
2441.42,2,12,-192,-124,fino,2,OPA_SUMo,987430.0,264.0,True,True,True,-280.213899000001
2441.78,2,12,-192,-124,fino,3,SUMo,989398.0,277.0,True,True,True,-241.01980139999952
2442.14,2,12,-192,-124,fino,4,LPo,875000.0,270.0,True,False,True,-2519.3360500000003
2444.0,2,12,-192,-120,fino,0,PGAgain,1001429.0,262.0,True,True,True,-1.4140147000005254
2444.36,2,12,-192,-120,fino,1,BPo,986236.0,263.0,True,True,True,-303.99324480000024
2444.72,2,12,-192,-120,fino,2,OPA_SUMo,990375.0,261.0,True,True,True,-221.5621625
2445.08,2,12,-192,-120,fino,3,SUMo,992372.0,250.0,True,True,True,-181.79050960000086
2445.44,2,12,-192,-120,fino,4,LPo,875000.0,278.0,True,False,True,-2519.3360500000003
2535.8,2,12,-255,0,referencia,0,PGAgain,1001432.0,266.0,True,True,True,-1.354267599999674
2536.16,2,12,-255,0,referencia,1,BPo,980500.0,259.0,True,True,True,-418.22970000000004
2536.52,2,12,-255,0,referencia,2,OPA_SUMo,1102154.0,269.0,True,True,True,2004.5948678
2536.88,2,12,-255,0,referencia,3,SUMo,1104168.0,249.0,True,True,True,2044.705087599998
2537.24,2,12,-255,0,referencia,4,LPo,875000.0,267.0,True,False,True,-2519.3360500000003
2539.1,2,12,-255,-255,malla,0,PGAgain,1001356.0,258.0,True,True,True,-2.8678608000001087
2539.46,2,12,-255,-255,malla,1,BPo,980578.0,255.0,True,True,True,-416.6762754000005
2539.82,2,12,-255,-255,malla,2,OPA_SUMo,913180.0,259.0,True,True,True,-1758.954624000001
2540.18,2,12,-255,-255,malla,3,SUMo,915215.0,269.0,True,True,True,-1718.4261744999994
2540.54,2,12,-255,-255,malla,4,LPo,875000.0,247.0,True,False,True,-2519.3360500000003
2542.4,2,12,-255,-128,malla,0,PGAgain,1001368.0,260.0,True,True,True,-2.6288723999989676
2542.76,2,12,-255,-128,malla,1,BPo,980494.0,273.0,True,True,True,-418.3491941999995
2543.12,2,12,-255,-128,malla,2,OPA_SUMo,1007273.0,295.0,True,True,True,114.9733361000005
2543.48,2,12,-255,-128,malla,3,SUMo,1009311.0,247.0,True,True,True,155.56153270000073
2543.84,2,12,-255,-128,malla,4,LPo,875006.0,271.0,True,False,True,-2519.2165558000006
2545.7,2,12,-255,-64,malla,0,PGAgain,1001396.0,255.0,True,True,True,-2.0712328000008333
2546.06,2,12,-255,-64,malla,1,BPo,980462.0,249.0,True,True,True,-418.98649660000024
2546.42,2,12,-255,-64,malla,2,OPA_SUMo,1054797.0,270.0,True,True,True,1061.4470629000007
2546.78,2,12,-255,-64,malla,3,SUMo,1056715.0,258.0,True,True,True,1099.6453754999984
2547.14,2,12,-255,-64,malla,4,LPo,875029.0,270.0,True,False,True,-2518.7584947
2549.0,2,12,-255,0,malla,0,PGAgain,1001419.0,276.0,True,True,True,-1.6131717000003443
2549.36,2,12,-255,0,malla,1,BPo,980532.0,247.0,True,True,True,-417.59239759999923
2549.72,2,12,-255,0,malla,2,OPA_SUMo,1102266.0,256.0,True,True,True,2006.8254262000016
2550.08,2,12,-255,0,malla,3,SUMo,1104138.0,272.0,True,True,True,2044.1076165999984
2550.44,2,12,-255,0,malla,4,LPo,875000.0,272.0,True,False,True,-2519.3360500000003
2552.3,2,12,-255,64,malla,0,PGAgain,1001351.0,248.0,True,True,True,-2.9674393000000183
2552.66,2,12,-255,64,malla,1,BPo,980503.0,247.0,True,True,True,-418.16995289999915
2553.02,2,12,-255,64,malla,2,OPA_SUMo,1128000.0,250.0,True,False,True,2519.3360500000003
2553.38,2,12,-255,64,malla,3,SUMo,1128000.0,244.0,True,False,True,2519.3360500000003
2553.74,2,12,-255,64,malla,4,LPo,875035.0,265.0,True,False,True,-2518.6390005000007
2555.6,2,12,-255,128,malla,0,PGAgain,1001398.0,255.0,True,True,True,-2.031401399999511
2555.96,2,12,-255,128,malla,1,BPo,980498.0,253.0,True,True,True,-418.2695313999991
2556.32,2,12,-255,128,malla,2,OPA_SUMo,1128000.0,254.0,True,False,True,2519.3360500000003
2556.68,2,12,-255,128,malla,3,SUMo,1128000.0,252.0,True,False,True,2519.3360500000003
2557.04,2,12,-255,128,malla,4,LPo,875000.0,254.0,True,False,True,-2519.3360500000003
2558.9,2,12,-255,255,malla,0,PGAgain,1001401.0,270.0,True,True,True,-1.971654300000924
2559.26,2,12,-255,255,malla,1,BPo,980612.0,250.0,True,True,True,-415.9991416000007
2559.62,2,12,-255,255,malla,2,OPA_SUMo,1128000.0,272.0,True,False,True,2519.3360500000003
2559.98,2,12,-255,255,malla,3,SUMo,1128000.0,256.0,True,False,True,2519.3360500000003
2560.34,2,12,-255,255,malla,4,LPo,875000.0,269.0,True,False,True,-2519.3360500000003
2562.2,2,12,-255,-136,fino,0,PGAgain,1001438.0,273.0,True,True,True,-1.2347734000002355
2562.56,2,12,-255,-136,fino,1,BPo,980550.0,257.0,True,True,True,-417.23391500000093
2562.92,2,12,-255,-136,fino,2,OPA_SUMo,1001328.0,256.0,True,True,True,-3.4255004000005074
2563.28,2,12,-255,-136,fino,3,SUMo,1003424.0,255.0,True,True,True,38.317806799999566
2563.64,2,12,-255,-136,fino,4,LPo,875029.0,267.0,True,False,True,-2518.7584947
2565.5,2,12,-255,-132,fino,0,PGAgain,1001389.0,247.0,True,True,True,-2.210642699999801
2565.86,2,12,-255,-132,fino,1,BPo,980515.0,262.0,True,True,True,-417.9309645000003
2566.22,2,12,-255,-132,fino,2,OPA_SUMo,1004416.0,269.0,True,True,True,58.07418120000107
2566.58,2,12,-255,-132,fino,3,SUMo,1006322.0,255.0,True,True,True,96.03350540000005
2566.94,2,12,-255,-132,fino,4,LPo,875045.0,256.0,True,False,True,-2518.4398435000007
2568.8,2,12,-255,-130,fino,0,PGAgain,1001399.0,258.0,True,True,True,-2.011485699999982
2569.16,2,12,-255,-130,fino,1,BPo,980555.0,279.0,True,True,True,-417.13433650000104
2569.52,2,12,-255,-130,fino,2,OPA_SUMo,1005926.0,253.0,True,True,True,88.14688820000089
2569.88,2,12,-255,-130,fino,3,SUMo,1007854.0,272.0,True,True,True,126.54435780000084
2570.24,2,12,-255,-130,fino,4,LPo,875009.0,276.0,True,False,True,-2519.1568087
2572.1,2,12,-255,-128,fino,0,PGAgain,1001442.0,293.0,True,True,True,-1.1551105999998552
2572.46,2,12,-255,-128,fino,1,BPo,980501.0,271.0,True,True,True,-418.2097843000005
2572.82,2,12,-255,-128,fino,2,OPA_SUMo,1007314.0,282.0,True,True,True,115.7898797999993
2573.18,2,12,-255,-128,fino,3,SUMo,1009331.0,256.0,True,True,True,155.95984670000036
2573.54,2,12,-255,-128,fino,4,LPo,875110.0,255.0,True,False,True,-2517.1453229999997
2575.4,2,12,-255,-126,fino,0,PGAgain,1001408.0,250.0,True,True,True,-1.8322443999996922
2575.76,2,12,-255,-126,fino,1,BPo,980509.0,261.0,True,True,True,-418.05045869999975
2576.12,2,12,-255,-126,fino,2,OPA_SUMo,1008831.0,269.0,True,True,True,146.00199670000035
2576.48,2,12,-255,-126,fino,3,SUMo,1010760.0,305.0,True,True,False,184.41938199999984
2576.84,2,12,-255,-126,fino,4,LPo,875000.0,251.0,True,False,True,-2519.3360500000003
2578.7,2,12,-255,-124,fino,0,PGAgain,1001420.0,247.0,True,True,True,-1.5932560000008151
2579.06,2,12,-255,-124,fino,1,BPo,980549.0,246.0,True,True,True,-417.25383070000044
2579.42,2,12,-255,-124,fino,2,OPA_SUMo,1010291.0,247.0,True,True,True,175.07891870000108
2579.78,2,12,-255,-124,fino,3,SUMo,1012299.0,304.0,True,True,False,215.06964429999957
2580.14,2,12,-255,-124,fino,4,LPo,875000.0,277.0,True,False,True,-2519.3360500000003
2582.0,2,12,-255,-120,fino,0,PGAgain,1001418.0,271.0,True,True,True,-1.6330873999998734
2582.36,2,12,-255,-120,fino,1,BPo,980549.0,252.0,True,True,True,-417.25383070000044
2582.72,2,12,-255,-120,fino,2,OPA_SUMo,1013278.0,284.0,True,True,True,234.56711460000042
2583.08,2,12,-255,-120,fino,3,SUMo,1015194.0,291.0,True,True,True,272.7255957999992
2583.44,2,12,-255,-120,fino,4,LPo,875063.0,284.0,True,False,True,-2518.0813609
