t_s,pasada,idac0,idac1,idac2,fase,posicion,asentamiento_incompleto,ch,tap,media_banco_uv,pp_banco_uv,ok,valido,clavado,real_mv_vs_vref
89.78,0,22,0,0,abba_idac0,A1,False,0,PGAgain,1002081.0,260.0,True,True,True,11.571021700000344
90.14,0,22,0,0,abba_idac0,A1,False,2,OPA_SUMo,1004640.0,261.0,True,True,True,62.535297999999734
92.0,0,26,0,0,abba_idac0,B1,False,0,PGAgain,1002459.0,269.0,True,True,True,19.09915629999893
92.36,0,26,0,0,abba_idac0,B1,False,2,OPA_SUMo,1002675.0,256.0,True,True,True,23.400947499999095
94.22,0,26,0,0,abba_idac0,B2,False,0,PGAgain,1002368.0,264.0,True,True,True,17.286827600001033
94.58,0,26,0,0,abba_idac0,B2,False,2,OPA_SUMo,1002641.0,281.0,True,True,True,22.72381369999926
96.44,0,22,0,0,abba_idac0,A2,False,0,PGAgain,1002193.0,268.0,True,True,True,13.801580099999674
96.8,0,22,0,0,abba_idac0,A2,False,2,OPA_SUMo,1004581.0,260.0,True,True,True,61.36027170000035
98.66,0,20,0,0,abba_idac0,A1,False,0,PGAgain,1002025.0,289.0,True,True,True,10.455742499999548
99.02,0,20,0,0,abba_idac0,A1,False,2,OPA_SUMo,1005480.0,281.0,True,True,True,79.26448600000036
100.88,0,28,0,0,abba_idac0,B1,False,0,PGAgain,1002479.0,275.0,True,True,True,19.497470300000835
101.24,0,28,0,0,abba_idac0,B1,False,2,OPA_SUMo,1001670.0,252.0,True,True,True,3.385668999999185
103.1,0,28,0,0,abba_idac0,B2,False,0,PGAgain,1002529.0,244.0,True,True,True,20.49325529999993
103.46,0,28,0,0,abba_idac0,B2,False,2,OPA_SUMo,1001718.0,275.0,True,True,True,4.341622599999221
105.32,0,20,0,0,abba_idac0,A2,False,0,PGAgain,1001965.0,280.0,True,True,True,9.260800500000634
105.68,0,20,0,0,abba_idac0,A2,False,2,OPA_SUMo,1005500.0,276.0,True,True,True,79.6628
170.36,1,24,-255,0,referencia,,False,0,PGAgain,1002296.0,280.0,True,True,True,15.85289720000098
170.72,1,24,-255,0,referencia,,False,1,BPo,980477.0,302.0,True,True,False,-418.6877611000005
171.08,1,24,-255,0,referencia,,False,2,OPA_SUMo,1095318.0,260.0,True,True,True,1868.4511425999997
171.44,1,24,-255,0,referencia,,False,3,SUMo,1097328.0,280.0,True,True,True,1908.4816995999995
171.8,1,24,-255,0,referencia,,False,4,LPo,875000.0,242.0,True,False,True,-2519.3360500000003
173.66,1,24,-255,-255,malla,,False,0,PGAgain,1002337.0,275.0,True,True,True,16.669440899999785
174.02,1,24,-255,-255,malla,,False,1,BPo,980501.0,262.0,True,True,True,-418.2097843000005
174.38,1,24,-255,-255,malla,,False,2,OPA_SUMo,906328.0,266.0,True,True,True,-1895.4170004000007
174.74,1,24,-255,-255,malla,,False,3,SUMo,908405.0,248.0,True,True,True,-1854.0520915000006
175.1,1,24,-255,-255,malla,,False,4,LPo,875000.0,250.0,True,False,True,-2519.3360500000003
176.96,1,24,-255,-128,malla,,False,0,PGAgain,1002307.0,286.0,True,True,True,16.071969900000326
177.32,1,24,-255,-128,malla,,False,1,BPo,980483.0,256.0,True,True,True,-418.56826690000105
177.68,1,24,-255,-128,malla,,False,2,OPA_SUMo,1000460.0,267.0,True,True,True,-20.712327999999278
178.04,1,24,-255,-128,malla,,False,3,SUMo,1002422.0,310.0,True,True,False,18.36227540000051
178.4,1,24,-255,-128,malla,,False,4,LPo,875000.0,271.0,True,False,True,-2519.3360500000003
180.26,1,24,-255,-64,malla,,False,0,PGAgain,1002302.0,250.0,True,True,True,15.972391400000417
180.62,1,24,-255,-64,malla,,False,1,BPo,980540.0,250.0,True,True,True,-417.4330720000007
180.98,1,24,-255,-64,malla,,False,2,OPA_SUMo,1047867.0,264.0,True,True,True,923.4312618999993
181.34,1,24,-255,-64,malla,,False,3,SUMo,1049889.0,288.0,True,True,True,963.700807299998
181.7,1,24,-255,-64,malla,,False,4,LPo,875000.0,260.0,True,False,True,-2519.3360500000003
183.56,1,24,-255,0,malla,,False,0,PGAgain,1002291.0,271.0,True,True,True,15.753318700001069
183.92,1,24,-255,0,malla,,False,1,BPo,980442.0,279.0,True,True,True,-419.38481059999987
184.28,1,24,-255,0,malla,,False,2,OPA_SUMo,1095243.0,272.0,True,True,True,1866.957465099999
184.64,1,24,-255,0,malla,,False,3,SUMo,1097326.0,249.0,True,True,True,1908.4418682000005
185.0,1,24,-255,0,malla,,False,4,LPo,875069.0,263.0,True,False,True,-2517.961866700001
186.86,1,24,-255,64,malla,,False,0,PGAgain,1002313.0,271.0,True,True,True,16.191464099999767
187.22,1,24,-255,64,malla,,False,1,BPo,980543.0,264.0,True,True,True,-417.3733248999999
187.58,1,24,-255,64,malla,,False,2,OPA_SUMo,1128000.0,277.0,True,False,True,2519.3360500000003
187.94,1,24,-255,64,malla,,False,3,SUMo,1128000.0,280.0,True,False,True,2519.3360500000003
188.3,1,24,-255,64,malla,,False,4,LPo,875001.0,265.0,True,False,True,-2519.3161343000006
190.16,1,24,-255,128,malla,,False,0,PGAgain,1002273.0,267.0,True,True,True,15.39483610000049
190.52,1,24,-255,128,malla,,False,1,BPo,980532.0,260.0,True,True,True,-417.59239759999923
190.88,1,24,-255,128,malla,,False,2,OPA_SUMo,1128000.0,257.0,True,False,True,2519.3360500000003
191.24,1,24,-255,128,malla,,False,3,SUMo,1128000.0,242.0,True,False,True,2519.3360500000003
191.6,1,24,-255,128,malla,,False,4,LPo,875000.0,244.0,True,False,True,-2519.3360500000003
193.46,1,24,-255,255,malla,,False,0,PGAgain,1002255.0,293.0,True,True,True,15.03635349999991
193.82,1,24,-255,255,malla,,False,1,BPo,980549.0,252.0,True,True,True,-417.25383070000044
194.18,1,24,-255,255,malla,,False,2,OPA_SUMo,1128000.0,255.0,True,False,True,2519.3360500000003
194.54,1,24,-255,255,malla,,False,3,SUMo,1128000.0,243.0,True,False,True,2519.3360500000003
194.9,1,24,-255,255,malla,,False,4,LPo,875000.0,245.0,True,False,True,-2519.3360500000003
196.76,1,24,-255,-136,abba,A1,False,0,PGAgain,1002224.0,261.0,True,True,True,14.418966800000925
197.12,1,24,-255,-136,abba,A1,False,1,BPo,980494.0,269.0,True,True,True,-418.3491941999995
197.48,1,24,-255,-136,abba,A1,False,2,OPA_SUMo,994414.0,264.0,True,True,True,-141.12265020000027
197.84,1,24,-255,-136,abba,A1,False,3,SUMo,996482.0,266.0,True,True,True,-99.93698260000059
198.2,1,24,-255,-136,abba,A1,False,4,LPo,875001.0,293.0,True,False,True,-2519.3161343000006
200.06,1,24,-255,-120,abba,B1,False,0,PGAgain,1002248.0,265.0,True,True,True,14.896943600000943
200.42,1,24,-255,-120,abba,B1,False,1,BPo,980470.0,257.0,True,True,True,-418.82717099999945
200.78,1,24,-255,-120,abba,B1,False,2,OPA_SUMo,1006401.0,249.0,True,True,True,97.60684569999908
201.14,1,24,-255,-120,abba,B1,False,3,SUMo,1008383.0,261.0,True,True,True,137.07976310000078
201.5,1,24,-255,-120,abba,B1,False,4,LPo,875025.0,248.0,True,False,True,-2518.8381575000008
203.36,1,24,-255,-120,abba,B2,False,0,PGAgain,1002326.0,263.0,True,True,True,16.450368200000437
203.72,1,24,-255,-120,abba,B2,False,1,BPo,980459.0,254.0,True,True,True,-419.04624370000107
204.08,1,24,-255,-120,abba,B2,False,2,OPA_SUMo,1006294.0,252.0,True,True,True,95.47586579999967
204.44,1,24,-255,-120,abba,B2,False,3,SUMo,1008385.0,249.0,True,True,True,137.11959449999983
204.8,1,24,-255,-120,abba,B2,False,4,LPo,875000.0,274.0,True,False,True,-2519.3360500000003
206.66,1,24,-255,-136,abba,A2,False,0,PGAgain,1002359.0,272.0,True,True,True,17.107586300000744
207.02,1,24,-255,-136,abba,A2,False,1,BPo,980530.0,263.0,True,True,True,-417.63222900000056
207.38,1,24,-255,-136,abba,A2,False,2,OPA_SUMo,994427.0,246.0,True,True,True,-140.8637460999996
207.74,1,24,-255,-136,abba,A2,False,3,SUMo,996474.0,269.0,True,True,True,-100.09630819999909
208.1,1,24,-255,-136,abba,A2,False,4,LPo,875000.0,266.0,True,False,True,-2519.3360500000003
209.96,1,24,-255,-132,abba,A1,False,0,PGAgain,1002215.0,271.0,True,True,True,14.239725500000635
210.32,1,24,-255,-132,abba,A1,False,1,BPo,980548.0,259.0,True,True,True,-417.2737464
210.68,1,24,-255,-132,abba,A1,False,2,OPA_SUMo,997467.0,263.0,True,True,True,-80.32001810000031
211.04,1,24,-255,-132,abba,A1,False,3,SUMo,999448.0,260.0,True,True,True,-40.867016400000416
211.4,1,24,-255,-132,abba,A1,False,4,LPo,875040.0,253.0,True,False,True,-2518.5394220000007
213.26,1,24,-255,-124,abba,B1,False,0,PGAgain,1002249.0,242.0,True,True,True,14.916859300000471
213.62,1,24,-255,-124,abba,B1,False,1,BPo,980517.0,273.0,True,True,True,-417.89113309999897
213.98,1,24,-255,-124,abba,B1,False,2,OPA_SUMo,1003334.0,262.0,True,True,True,36.52539379999893
214.34,1,24,-255,-124,abba,B1,False,3,SUMo,1005409.0,256.0,True,True,True,77.85047129999984
214.7,1,24,-255,-124,abba,B1,False,4,LPo,875034.0,249.0,True,False,True,-2518.6589162000005
216.56,1,24,-255,-124,abba,B2,False,0,PGAgain,1002299.0,258.0,True,True,True,15.912644299999567
216.92,1,24,-255,-124,abba,B2,False,1,BPo,980513.0,258.0,True,True,True,-417.97079589999936
217.28,1,24,-255,-124,abba,B2,False,2,OPA_SUMo,1003346.0,262.0,True,True,True,36.76438220000007
217.64,1,24,-255,-124,abba,B2,False,3,SUMo,1005345.0,262.0,True,True,True,76.57586650000054
218.0,1,24,-255,-124,abba,B2,False,4,LPo,875039.0,253.0,True,False,True,-2518.5593377000005
219.86,1,24,-255,-132,abba,A2,False,0,PGAgain,1002263.0,253.0,True,True,True,15.195679100000671
220.22,1,24,-255,-132,abba,A2,False,1,BPo,980539.0,261.0,True,True,True,-417.4529877000003
220.58,1,24,-255,-132,abba,A2,False,2,OPA_SUMo,997435.0,259.0,True,True,True,-80.95732050000109
220.94,1,24,-255,-132,abba,A2,False,3,SUMo,999438.0,265.0,True,True,True,-41.06617340000024
221.3,1,24,-255,-132,abba,A2,False,4,LPo,875022.0,282.0,True,False,True,-2518.897904599999
223.16,1,24,-255,-130,abba,A1,False,0,PGAgain,1002272.0,271.0,True,True,True,15.374920400000962
223.52,1,24,-255,-130,abba,A1,False,1,BPo,980578.0,269.0,True,True,True,-416.6762754000005
223.88,1,24,-255,-130,abba,A1,False,2,OPA_SUMo,998943.0,252.0,True,True,True,-50.92444490000033
224.24,1,24,-255,-130,abba,A1,False,3,SUMo,1000864.0,260.0,True,True,True,-12.666385199999349
224.6,1,24,-255,-130,abba,A1,False,4,LPo,875006.0,263.0,True,False,True,-2519.2165558000006
226.46,1,24,-255,-126,abba,B1,False,0,PGAgain,1002294.0,247.0,True,True,True,15.813065799999658
226.82,1,24,-255,-126,abba,B1,False,1,BPo,980551.0,257.0,True,True,True,-417.21399929999916
227.18,1,24,-255,-126,abba,B1,False,2,OPA_SUMo,1001852.0,252.0,True,True,True,7.010326399999511
227.54,1,24,-255,-126,abba,B1,False,3,SUMo,1003846.0,266.0,True,True,True,46.72223220000007
227.9,1,24,-255,-126,abba,B1,False,4,LPo,875002.0,277.0,True,False,True,-2519.296218600001
229.76,1,24,-255,-126,abba,B2,False,0,PGAgain,1002305.0,260.0,True,True,True,16.032138499999004
230.12,1,24,-255,-126,abba,B2,False,1,BPo,980562.0,257.0,True,True,True,-416.9949265999998
230.48,1,24,-255,-126,abba,B2,False,2,OPA_SUMo,1001808.0,244.0,True,True,True,6.134035599999855
230.84,1,24,-255,-126,abba,B2,False,3,SUMo,1003846.0,259.0,True,True,True,46.72223220000007
231.2,1,24,-255,-126,abba,B2,False,4,LPo,875014.0,255.0,True,False,True,-2519.0572302
233.06,1,24,-255,-130,abba,A2,False,0,PGAgain,1002254.0,262.0,True,True,True,15.01643780000038
233.42,1,24,-255,-130,abba,A2,False,1,BPo,980503.0,264.0,True,True,True,-418.16995289999915
233.78,1,24,-255,-130,abba,A2,False,2,OPA_SUMo,998844.0,259.0,True,True,True,-52.896099199998986
234.14,1,24,-255,-130,abba,A2,False,3,SUMo,1000845.0,259.0,True,True,True,-13.044783499999458
234.5,1,24,-255,-130,abba,A2,False,4,LPo,875000.0,254.0,True,False,True,-2519.3360500000003
299.18,1,24,-192,0,referencia,,False,0,PGAgain,1002335.0,256.0,True,True,True,16.629609500000726
299.54,1,24,-192,0,referencia,,False,1,BPo,986164.0,274.0,True,True,True,-305.42717520000025
299.9,1,24,-192,0,referencia,,False,2,OPA_SUMo,1072423.0,274.0,True,True,True,1412.4811911000002
300.26,1,24,-192,0,referencia,,False,3,SUMo,1074417.0,264.0,True,True,True,1452.1930968999984
300.62,1,24,-192,0,referencia,,False,4,LPo,875048.0,245.0,True,False,True,-2518.3800964
302.48,1,24,-192,-255,malla,,False,0,PGAgain,1002284.0,271.0,True,True,True,15.613908799999837
302.84,1,24,-192,-255,malla,,False,1,BPo,986232.0,272.0,True,True,True,-304.0729076000006
303.2,1,24,-192,-255,malla,,False,2,OPA_SUMo,883443.0,263.0,True,True,True,-2351.1877949000004
303.56,1,24,-192,-255,malla,,False,3,SUMo,885456.0,284.0,True,True,True,-2311.0974908
303.92,1,24,-192,-255,malla,,False,4,LPo,875000.0,251.0,True,False,True,-2519.3360500000003
305.78,1,24,-192,-128,malla,,False,0,PGAgain,1002298.0,312.0,True,True,False,15.892728600000037
306.14,1,24,-192,-128,malla,,False,1,BPo,986100.0,262.0,True,True,True,-306.7017799999996
306.5,1,24,-192,-128,malla,,False,2,OPA_SUMo,977531.0,284.0,True,True,True,-477.35941330000105
306.86,1,24,-192,-128,malla,,False,3,SUMo,979537.0,280.0,True,True,True,-437.40851909999935
307.22,1,24,-192,-128,malla,,False,4,LPo,875000.0,250.0,True,False,True,-2519.3360500000003
309.08,1,24,-192,-64,malla,,False,0,PGAgain,1002309.0,253.0,True,True,True,16.111801299999385
309.44,1,24,-192,-64,malla,,False,1,BPo,986242.0,283.0,True,True,True,-303.8737506000008
309.8,1,24,-192,-64,malla,,False,2,OPA_SUMo,1024915.0,259.0,True,True,True,466.3261154999993
310.16,1,24,-192,-64,malla,,False,3,SUMo,1027021.0,253.0,True,True,True,508.2685796999992
310.52,1,24,-192,-64,malla,,False,4,LPo,875000.0,262.0,True,False,True,-2519.3360500000003
312.38,1,24,-192,0,malla,,False,0,PGAgain,1002331.0,286.0,True,True,True,16.549946700000344
312.74,1,24,-192,0,malla,,False,1,BPo,986199.0,263.0,True,True,True,-304.7301257000009
313.1,1,24,-192,0,malla,,False,2,OPA_SUMo,1072394.0,287.0,True,True,True,1411.9036358
313.46,1,24,-192,0,malla,,False,3,SUMo,1074368.0,275.0,True,True,True,1451.2172275999988
313.82,1,24,-192,0,malla,,False,4,LPo,875009.0,282.0,True,False,True,-2519.1568087
315.68,1,24,-192,64,malla,,False,0,PGAgain,1002313.0,272.0,True,True,True,16.191464099999767
316.04,1,24,-192,64,malla,,False,1,BPo,986157.0,309.0,True,True,False,-305.56658509999926
316.4,1,24,-192,64,malla,,False,2,OPA_SUMo,1119827.0,259.0,True,True,True,2356.5650339
316.76,1,24,-192,64,malla,,False,3,SUMo,1121819.0,272.0,True,True,True,2396.2371082999994
317.12,1,24,-192,64,malla,,False,4,LPo,875000.0,288.0,True,False,True,-2519.3360500000003
318.98,1,24,-192,128,malla,,False,0,PGAgain,1002322.0,255.0,True,True,True,16.370705400000055
319.34,1,24,-192,128,malla,,False,1,BPo,986200.0,246.0,True,True,True,-304.7102099999991
319.7,1,24,-192,128,malla,,False,2,OPA_SUMo,1128000.0,244.0,True,False,True,2519.3360500000003
320.06,1,24,-192,128,malla,,False,3,SUMo,1128000.0,281.0,True,False,True,2519.3360500000003
320.42,1,24,-192,128,malla,,False,4,LPo,875000.0,262.0,True,False,True,-2519.3360500000003
322.28,1,24,-192,255,malla,,False,0,PGAgain,1002248.0,259.0,True,True,True,14.896943600000943
322.64,1,24,-192,255,malla,,False,1,BPo,986194.0,250.0,True,True,True,-304.82970420000083
323.0,1,24,-192,255,malla,,False,2,OPA_SUMo,1128000.0,259.0,True,False,True,2519.3360500000003
323.36,1,24,-192,255,malla,,False,3,SUMo,1128000.0,267.0,True,False,True,2519.3360500000003
323.72,1,24,-192,255,malla,,False,4,LPo,875038.0,243.0,True,False,True,-2518.5792533999997
325.58,1,24,-192,-72,abba,A1,False,0,PGAgain,1002304.0,275.0,True,True,True,16.012222799999474
325.94,1,24,-192,-72,abba,A1,False,1,BPo,986256.0,259.0,True,True,True,-303.59493080000055
326.3,1,24,-192,-72,abba,A1,False,2,OPA_SUMo,1019021.0,273.0,True,True,True,348.94297969999917
326.66,1,24,-192,-72,abba,A1,False,3,SUMo,1021002.0,279.0,True,True,True,388.3959813999991
327.02,1,24,-192,-72,abba,A1,False,4,LPo,875012.0,255.0,True,False,True,-2519.0970616000013
328.88,1,24,-192,-56,abba,B1,False,0,PGAgain,1002273.0,276.0,True,True,True,15.39483610000049
329.24,1,24,-192,-56,abba,B1,False,1,BPo,986206.0,269.0,True,True,True,-304.59071579999966
329.6,1,24,-192,-56,abba,B1,False,2,OPA_SUMo,1030834.0,253.0,True,True,True,584.2071438000012
329.96,1,24,-192,-56,abba,B1,False,3,SUMo,1032933.0,257.0,True,True,True,626.0101980999999
330.32,1,24,-192,-56,abba,B1,False,4,LPo,875001.0,281.0,True,False,True,-2519.3161343000006
332.18,1,24,-192,-56,abba,B2,False,0,PGAgain,1002318.0,289.0,True,True,True,16.291042599999674
332.54,1,24,-192,-56,abba,B2,False,1,BPo,986184.0,257.0,True,True,True,-305.0288612000006
332.9,1,24,-192,-56,abba,B2,False,2,OPA_SUMo,1030850.0,288.0,True,True,True,584.5257949999982
333.26,1,24,-192,-56,abba,B2,False,3,SUMo,1032926.0,246.0,True,True,True,625.8707881999986
333.62,1,24,-192,-56,abba,B2,False,4,LPo,875019.0,244.0,True,False,True,-2518.9576517
335.48,1,24,-192,-72,abba,A2,False,0,PGAgain,1002225.0,270.0,True,True,True,14.438882500000453
335.84,1,24,-192,-72,abba,A2,False,1,BPo,986205.0,262.0,True,True,True,-304.6106314999992
336.2,1,24,-192,-72,abba,A2,False,2,OPA_SUMo,1019027.0,249.0,True,True,True,349.0624739000009
336.56,1,24,-192,-72,abba,A2,False,3,SUMo,1020996.0,266.0,True,True,True,388.2764871999996
336.92,1,24,-192,-72,abba,A2,False,4,LPo,875029.0,258.0,True,False,True,-2518.7584947
338.78,1,24,-192,-68,abba,A1,False,0,PGAgain,1002258.0,277.0,True,True,True,15.096100600000762
339.14,1,24,-192,-68,abba,A1,False,1,BPo,986144.0,251.0,True,True,True,-305.82548919999994
339.5,1,24,-192,-68,abba,A1,False,2,OPA_SUMo,1022059.0,261.0,True,True,True,409.4468762999994
339.86,1,24,-192,-68,abba,A1,False,3,SUMo,1024016.0,284.0,True,True,True,448.42190120000157
340.22,1,24,-192,-68,abba,A1,False,4,LPo,875057.0,262.0,True,False,True,-2518.2008551
342.08,1,24,-192,-60,abba,B1,False,0,PGAgain,1002364.0,272.0,True,True,True,17.207164800000655
342.44,1,24,-192,-60,abba,B1,False,1,BPo,986214.0,254.0,True,True,True,-304.43139019999893
342.8,1,24,-192,-60,abba,B1,False,2,OPA_SUMo,1027929.0,261.0,True,True,True,526.3520353000017
343.16,1,24,-192,-60,abba,B1,False,3,SUMo,1029915.0,253.0,True,True,True,565.9046154999993
343.52,1,24,-192,-60,abba,B1,False,4,LPo,875018.0,300.0,True,False,False,-2518.9775673999998
345.38,1,24,-192,-60,abba,B2,False,0,PGAgain,1002317.0,256.0,True,True,True,16.271126900000144
345.74,1,24,-192,-60,abba,B2,False,1,BPo,986172.0,256.0,True,True,True,-305.2678495999995
346.1,1,24,-192,-60,abba,B2,False,2,OPA_SUMo,1027941.0,245.0,True,True,True,526.5910237000006
346.46,1,24,-192,-60,abba,B2,False,3,SUMo,1029962.0,277.0,True,True,True,566.8406533999998
346.82,1,24,-192,-60,abba,B2,False,4,LPo,875000.0,280.0,True,False,True,-2519.3360500000003
348.68,1,24,-192,-68,abba,A2,False,0,PGAgain,1002310.0,260.0,True,True,True,16.131716999998915
349.04,1,24,-192,-68,abba,A2,False,1,BPo,986178.0,288.0,True,True,True,-305.14835540000007
349.4,1,24,-192,-68,abba,A2,False,2,OPA_SUMo,1022054.0,267.0,True,True,True,409.3472977999995
349.76,1,24,-192,-68,abba,A2,False,3,SUMo,1023968.0,241.0,True,True,True,447.46594759999925
350.12,1,24,-192,-68,abba,A2,False,4,LPo,875051.0,288.0,True,False,True,-2518.320349299999
351.98,1,24,-192,-66,abba,A1,False,0,PGAgain,1002245.0,264.0,True,True,True,14.837196500000092
352.34,1,24,-192,-66,abba,A1,False,1,BPo,986213.0,279.0,True,True,True,-304.4513059000007
352.7,1,24,-192,-66,abba,A1,False,2,OPA_SUMo,1023480.0,255.0,True,True,True,437.74708600000037
353.06,1,24,-192,-66,abba,A1,False,3,SUMo,1025387.0,279.0,True,True,True,475.7263258999989
353.42,1,24,-192,-66,abba,A1,False,4,LPo,875014.0,245.0,True,False,True,-2519.0572302
355.28,1,24,-192,-62,abba,B1,False,0,PGAgain,1002268.0,270.0,True,True,True,15.29525760000058
355.64,1,24,-192,-62,abba,B1,False,1,BPo,986179.0,269.0,True,True,True,-305.12843970000057
356.0,1,24,-192,-62,abba,B1,False,2,OPA_SUMo,1026431.0,245.0,True,True,True,496.5183167000008
356.36,1,24,-192,-62,abba,B1,False,3,SUMo,1028421.0,270.0,True,True,True,536.150559700001
356.72,1,24,-192,-62,abba,B1,False,4,LPo,875008.0,263.0,True,False,True,-2519.1767243999993
358.58,1,24,-192,-62,abba,B2,False,0,PGAgain,1002317.0,252.0,True,True,True,16.271126900000144
358.94,1,24,-192,-62,abba,B2,False,1,BPo,986188.0,259.0,True,True,True,-304.9491984000002
359.3,1,24,-192,-62,abba,B2,False,2,OPA_SUMo,1026460.0,256.0,True,True,True,497.0958720000007
359.66,1,24,-192,-62,abba,B2,False,3,SUMo,1028484.0,271.0,True,True,True,537.4052487999985
360.02,1,24,-192,-62,abba,B2,False,4,LPo,875007.0,264.0,True,False,True,-2519.1966401000013
361.88,1,24,-192,-66,abba,A2,False,0,PGAgain,1002288.0,272.0,True,True,True,15.693571600000219
362.24,1,24,-192,-66,abba,A2,False,1,BPo,986193.0,256.0,True,True,True,-304.84961990000033
362.6,1,24,-192,-66,abba,A2,False,2,OPA_SUMo,1023485.0,275.0,True,True,True,437.8466645000003
362.96,1,24,-192,-66,abba,A2,False,3,SUMo,1025476.0,252.0,True,True,True,477.4988232000023
363.32,1,24,-192,-66,abba,A2,False,4,LPo,875011.0,245.0,True,False,True,-2519.1169773000006
428.0,1,24,-128,0,referencia,,False,0,PGAgain,1002251.0,301.0,True,True,False,14.95669069999953
428.36,1,24,-128,0,referencia,,False,1,BPo,991970.0,262.0,True,True,True,-189.79662099999948
428.72,1,24,-128,0,referencia,,False,2,OPA_SUMo,1049381.0,274.0,True,True,True,953.5836317000018
429.08,1,24,-128,0,referencia,,False,3,SUMo,1051352.0,251.0,True,True,True,992.8374764000018
429.44,1,24,-128,0,referencia,,False,4,LPo,875000.0,277.0,True,False,True,-2519.3360500000003
431.3,1,24,-128,-255,malla,,False,0,PGAgain,1002315.0,280.0,True,True,True,16.23129550000109
431.66,1,24,-128,-255,malla,,False,1,BPo,991982.0,285.0,True,True,True,-189.5576326000006
432.02,1,24,-128,-255,malla,,False,2,OPA_SUMo,875000.0,255.0,True,False,True,-2519.3360500000003
432.38,1,24,-128,-255,malla,,False,3,SUMo,875000.0,253.0,True,False,True,-2519.3360500000003
432.74,1,24,-128,-255,malla,,False,4,LPo,875049.0,246.0,True,False,True,-2518.3601807000005
434.6,1,24,-128,-128,malla,,False,0,PGAgain,1002281.0,260.0,True,True,True,15.554161699998987
434.96,1,24,-128,-128,malla,,False,1,BPo,991903.0,247.0,True,True,True,-191.13097289999962
435.32,1,24,-128,-128,malla,,False,2,OPA_SUMo,954482.0,262.0,True,True,True,-936.3963826000006
435.68,1,24,-128,-128,malla,,False,3,SUMo,956482.0,271.0,True,True,True,-896.5649826000006
436.04,1,24,-128,-128,malla,,False,4,LPo,875000.0,263.0,True,False,True,-2519.3360500000003
437.9,1,24,-128,-64,malla,,False,0,PGAgain,1002345.0,282.0,True,True,True,16.828766500000544
438.26,1,24,-128,-64,malla,,False,1,BPo,991930.0,268.0,True,True,True,-190.593249000001
438.62,1,24,-128,-64,malla,,False,2,OPA_SUMo,1001979.0,277.0,True,True,True,9.539620300000834
438.98,1,24,-128,-64,malla,,False,3,SUMo,1003878.0,246.0,True,True,True,47.359534600000856
439.34,1,24,-128,-64,malla,,False,4,LPo,875016.0,258.0,True,False,True,-2519.017398800001
441.2,1,24,-128,0,malla,,False,0,PGAgain,1002249.0,251.0,True,True,True,14.916859300000471
441.56,1,24,-128,0,malla,,False,1,BPo,991940.0,290.0,True,True,True,-190.39409199999892
441.92,1,24,-128,0,malla,,False,2,OPA_SUMo,1049372.0,260.0,True,True,True,953.4043904000015
442.28,1,24,-128,0,malla,,False,3,SUMo,1051386.0,254.0,True,True,True,993.5146101999994
442.64,1,24,-128,0,malla,,False,4,LPo,875000.0,289.0,True,False,True,-2519.3360500000003
444.5,1,24,-128,64,malla,,False,0,PGAgain,1002301.0,291.0,True,True,True,15.952475700000889
444.86,1,24,-128,64,malla,,False,1,BPo,991942.0,260.0,True,True,True,-190.35426059999986
445.22,1,24,-128,64,malla,,False,2,OPA_SUMo,1096774.0,307.0,True,True,False,1897.4484017999978
445.58,1,24,-128,64,malla,,False,3,SUMo,1098741.0,282.0,True,True,True,1936.6225836999997
445.94,1,24,-128,64,malla,,False,4,LPo,875000.0,290.0,True,False,True,-2519.3360500000003
447.8,1,24,-128,128,malla,,False,0,PGAgain,1002282.0,256.0,True,True,True,15.57407740000078
448.16,1,24,-128,128,malla,,False,1,BPo,991979.0,255.0,True,True,True,-189.6173796999992
448.52,1,24,-128,128,malla,,False,2,OPA_SUMo,1128000.0,277.0,True,False,True,2519.3360500000003
448.88,1,24,-128,128,malla,,False,3,SUMo,1128000.0,263.0,True,False,True,2519.3360500000003
449.24,1,24,-128,128,malla,,False,4,LPo,875000.0,251.0,True,False,True,-2519.3360500000003
451.1,1,24,-128,255,malla,,False,0,PGAgain,1002330.0,263.0,True,True,True,16.530031000000815
451.46,1,24,-128,255,malla,,False,1,BPo,991999.0,253.0,True,True,True,-189.21906569999953
451.82,1,24,-128,255,malla,,False,2,OPA_SUMo,1128000.0,265.0,True,False,True,2519.3360500000003
452.18,1,24,-128,255,malla,,False,3,SUMo,1128000.0,257.0,True,False,True,2519.3360500000003
452.54,1,24,-128,255,malla,,False,4,LPo,875000.0,251.0,True,False,True,-2519.3360500000003
454.4,1,24,-128,-72,abba,A1,False,0,PGAgain,1002282.0,290.0,True,True,True,15.57407740000078
454.76,1,24,-128,-72,abba,A1,False,1,BPo,991962.0,267.0,True,True,True,-189.95594660000023
455.12,1,24,-128,-72,abba,A1,False,2,OPA_SUMo,996028.0,263.0,True,True,True,-108.97871039999961
455.48,1,24,-128,-72,abba,A1,False,3,SUMo,998025.0,261.0,True,True,True,-69.20705750000046
455.84,1,24,-128,-72,abba,A1,False,4,LPo,875000.0,257.0,True,False,True,-2519.3360500000003
457.7,1,24,-128,-56,abba,B1,False,0,PGAgain,1002315.0,262.0,True,True,True,16.23129550000109
458.06,1,24,-128,-56,abba,B1,False,1,BPo,991909.0,258.0,True,True,True,-191.01147870000017
458.42,1,24,-128,-56,abba,B1,False,2,OPA_SUMo,1007897.0,245.0,True,True,True,127.40073290000096
458.78,1,24,-128,-56,abba,B1,False,3,SUMo,1009852.0,246.0,True,True,True,166.33592639999952
459.14,1,24,-128,-56,abba,B1,False,4,LPo,875006.0,291.0,True,False,True,-2519.2165558000006
461.0,1,24,-128,-56,abba,B2,False,0,PGAgain,1002280.0,261.0,True,True,True,15.534245999999458
461.36,1,24,-128,-56,abba,B2,False,1,BPo,991960.0,255.0,True,True,True,-189.9957779999993
461.72,1,24,-128,-56,abba,B2,False,2,OPA_SUMo,1007855.0,255.0,True,True,True,126.56427350000037
462.08,1,24,-128,-56,abba,B2,False,3,SUMo,1009929.0,257.0,True,True,True,167.86943529999948
462.44,1,24,-128,-56,abba,B2,False,4,LPo,875000.0,268.0,True,False,True,-2519.3360500000003
464.3,1,24,-128,-72,abba,A2,False,0,PGAgain,1002339.0,261.0,True,True,True,16.709272300001107
464.66,1,24,-128,-72,abba,A2,False,1,BPo,992005.0,269.0,True,True,True,-189.0995715000001
465.02,1,24,-128,-72,abba,A2,False,2,OPA_SUMo,995963.0,276.0,True,True,True,-110.2732309000007
465.38,1,24,-128,-72,abba,A2,False,3,SUMo,998038.0,271.0,True,True,True,-68.94815339999978
465.74,1,24,-128,-72,abba,A2,False,4,LPo,875010.0,276.0,True,False,True,-2519.1368930000003
467.6,1,24,-128,-68,abba,A1,False,0,PGAgain,1002301.0,258.0,True,True,True,15.952475700000889
467.96,1,24,-128,-68,abba,A1,False,1,BPo,991926.0,272.0,True,True,True,-190.67291179999913
468.32,1,24,-128,-68,abba,A1,False,2,OPA_SUMo,998958.0,267.0,True,True,True,-50.6257094000006
468.68,1,24,-128,-68,abba,A1,False,3,SUMo,1000975.0,248.0,True,True,True,-10.455742499999548
469.04,1,24,-128,-68,abba,A1,False,4,LPo,875000.0,272.0,True,False,True,-2519.3360500000003
470.9,1,24,-128,-60,abba,B1,False,0,PGAgain,1002307.0,249.0,True,True,True,16.071969900000326
471.26,1,24,-128,-60,abba,B1,False,1,BPo,991999.0,291.0,True,True,True,-189.21906569999953
471.62,1,24,-128,-60,abba,B1,False,2,OPA_SUMo,1004837.0,271.0,True,True,True,66.45869089999978
471.98,1,24,-128,-60,abba,B1,False,3,SUMo,1006857.0,283.0,True,True,True,106.68840489999943
472.34,1,24,-128,-60,abba,B1,False,4,LPo,875032.0,256.0,True,False,True,-2518.6987475999995
474.2,1,24,-128,-60,abba,B2,False,0,PGAgain,1002252.0,273.0,True,True,True,14.976606399999058
474.56,1,24,-128,-60,abba,B2,False,1,BPo,991977.0,259.0,True,True,True,-189.6572111000005
474.92,1,24,-128,-60,abba,B2,False,2,OPA_SUMo,1004890.0,261.0,True,True,True,67.51422299999973
475.28,1,24,-128,-60,abba,B2,False,3,SUMo,1006910.0,249.0,True,True,True,107.74393699999938
475.64,1,24,-128,-60,abba,B2,False,4,LPo,875001.0,246.0,True,False,True,-2519.3161343000006
477.5,1,24,-128,-68,abba,A2,False,0,PGAgain,1002338.0,269.0,True,True,True,16.689356599999314
477.86,1,24,-128,-68,abba,A2,False,1,BPo,991925.0,279.0,True,True,True,-190.6928275000009
478.22,1,24,-128,-68,abba,A2,False,2,OPA_SUMo,999060.0,262.0,True,True,True,-48.59430800000109
478.58,1,24,-128,-68,abba,A2,False,3,SUMo,1000965.0,247.0,True,True,True,-10.654899499999367
478.94,1,24,-128,-68,abba,A2,False,4,LPo,875000.0,248.0,True,False,True,-2519.3360500000003
480.8,1,24,-128,-66,abba,A1,False,0,PGAgain,1002259.0,285.0,True,True,True,15.116016300000291
481.16,1,24,-128,-66,abba,A1,False,1,BPo,991995.0,276.0,True,True,True,-189.29872849999992
481.52,1,24,-128,-66,abba,A1,False,2,OPA_SUMo,1000501.0,267.0,True,True,True,-19.89578430000047
481.88,1,24,-128,-66,abba,A1,False,3,SUMo,1002391.0,250.0,True,True,True,17.744888699999258
482.24,1,24,-128,-66,abba,A1,False,4,LPo,875051.0,263.0,True,False,True,-2518.320349299999
484.1,1,24,-128,-62,abba,B1,False,0,PGAgain,1002336.0,272.0,True,True,True,16.649525200000255
484.46,1,24,-128,-62,abba,B1,False,1,BPo,991942.0,255.0,True,True,True,-190.35426059999986
484.82,1,24,-128,-62,abba,B1,False,2,OPA_SUMo,1003458.0,244.0,True,True,True,38.9949405999994
485.18,1,24,-128,-62,abba,B1,False,3,SUMo,1005471.0,271.0,True,True,True,79.08524470000008
485.54,1,24,-128,-62,abba,B1,False,4,LPo,875000.0,261.0,True,False,True,-2519.3360500000003
487.4,1,24,-128,-62,abba,B2,False,0,PGAgain,1002303.0,251.0,True,True,True,15.992307099999946
487.76,1,24,-128,-62,abba,B2,False,1,BPo,991963.0,278.0,True,True,True,-189.9360309000007
488.12,1,24,-128,-62,abba,B2,False,2,OPA_SUMo,1003393.0,269.0,True,True,True,37.700420100000585
488.48,1,24,-128,-62,abba,B2,False,3,SUMo,1005473.0,275.0,True,True,True,79.12507609999913
488.84,1,24,-128,-62,abba,B2,False,4,LPo,875000.0,267.0,True,False,True,-2519.3360500000003
490.7,1,24,-128,-66,abba,A2,False,0,PGAgain,1002306.0,253.0,True,True,True,16.052054200000796
491.06,1,24,-128,-66,abba,A2,False,1,BPo,991957.0,267.0,True,True,True,-190.05552510000012
491.42,1,24,-128,-66,abba,A2,False,2,OPA_SUMo,1000484.0,244.0,True,True,True,-20.23435119999926
491.78,1,24,-128,-66,abba,A2,False,3,SUMo,1002530.0,290.0,True,True,True,20.513170999999456
492.14,1,24,-128,-66,abba,A2,False,4,LPo,875003.0,260.0,True,False,True,-2519.2763028999993
556.82,1,24,-64,0,referencia,,False,0,PGAgain,1002244.0,302.0,True,True,False,14.817280800000562
557.18,1,24,-64,0,referencia,,False,1,BPo,997748.0,259.0,True,True,True,-74.72370639999906
557.54,1,24,-64,0,referencia,,False,2,OPA_SUMo,1026451.0,260.0,True,True,True,496.91663070000044
557.9,1,24,-64,0,referencia,,False,3,SUMo,1028454.0,259.0,True,True,True,536.807777799999
558.26,1,24,-64,0,referencia,,False,4,LPo,875000.0,250.0,True,False,True,-2519.3360500000003
560.12,1,24,-64,-255,malla,,False,0,PGAgain,1002299.0,255.0,True,True,True,15.912644299999567
560.48,1,24,-64,-255,malla,,False,1,BPo,997717.0,274.0,True,True,True,-75.34109310000031
560.84,1,24,-64,-255,malla,,False,2,OPA_SUMo,875000.0,252.0,True,False,True,-2519.3360500000003
561.2,1,24,-64,-255,malla,,False,3,SUMo,875000.0,279.0,True,False,True,-2519.3360500000003
561.56,1,24,-64,-255,malla,,False,4,LPo,875018.0,275.0,True,False,True,-2518.9775673999998
563.42,1,24,-64,-128,malla,,False,0,PGAgain,1002317.0,255.0,True,True,True,16.271126900000144
563.78,1,24,-64,-128,malla,,False,1,BPo,997722.0,256.0,True,True,True,-75.2415146000004
564.14,1,24,-64,-128,malla,,False,2,OPA_SUMo,931597.0,267.0,True,True,True,-1392.1671771000006
564.5,1,24,-64,-128,malla,,False,3,SUMo,933619.0,273.0,True,True,True,-1351.8976316999995
564.86,1,24,-64,-128,malla,,False,4,LPo,875000.0,267.0,True,False,True,-2519.3360500000003
566.72,1,24,-64,-64,malla,,False,0,PGAgain,1002296.0,275.0,True,True,True,15.85289720000098
567.08,1,24,-64,-64,malla,,False,1,BPo,997800.0,265.0,True,True,True,-73.68809000000091
567.44,1,24,-64,-64,malla,,False,2,OPA_SUMo,978997.0,251.0,True,True,True,-448.1629971000009
567.8,1,24,-64,-64,malla,,False,3,SUMo,981011.0,257.0,True,True,True,-408.0527773000007
568.16,1,24,-64,-64,malla,,False,4,LPo,875021.0,278.0,True,False,True,-2518.917820300001
570.02,1,24,-64,0,malla,,False,0,PGAgain,1002221.0,296.0,True,True,True,14.359219700000073
570.38,1,24,-64,0,malla,,False,1,BPo,997736.0,261.0,True,True,True,-74.96269480000021
570.74,1,24,-64,0,malla,,False,2,OPA_SUMo,1026526.0,278.0,True,True,True,498.41030820000134
571.1,1,24,-64,0,malla,,False,3,SUMo,1028456.0,261.0,True,True,True,536.8476091999981
571.46,1,24,-64,0,malla,,False,4,LPo,875057.0,257.0,True,False,True,-2518.2008551
573.32,1,24,-64,64,malla,,False,0,PGAgain,1002282.0,270.0,True,True,True,15.57407740000078
573.68,1,24,-64,64,malla,,False,1,BPo,997764.0,247.0,True,True,True,-74.40505519999981
574.04,1,24,-64,64,malla,,False,2,OPA_SUMo,1073895.0,265.0,True,True,True,1441.7971014999998
574.4,1,24,-64,64,malla,,False,3,SUMo,1075960.0,261.0,True,True,True,1482.9230220000009
574.76,1,24,-64,64,malla,,False,4,LPo,875039.0,250.0,True,False,True,-2518.5593377000005
576.62,1,24,-64,128,malla,,False,0,PGAgain,1002225.0,289.0,True,True,True,14.438882500000453
576.98,1,24,-64,128,malla,,False,1,BPo,997768.0,284.0,True,True,True,-74.32539239999943
577.34,1,24,-64,128,malla,,False,2,OPA_SUMo,1121368.0,251.0,True,True,True,2387.255127599999
577.7,1,24,-64,128,malla,,False,3,SUMo,1123300.0,286.0,True,False,True,2425.7322599999993
578.06,1,24,-64,128,malla,,False,4,LPo,875000.0,256.0,True,False,True,-2519.3360500000003
579.92,1,24,-64,255,malla,,False,0,PGAgain,1002290.0,268.0,True,True,True,15.733402999999276
580.28,1,24,-64,255,malla,,False,1,BPo,997724.0,269.0,True,True,True,-75.20168319999908
580.64,1,24,-64,255,malla,,False,2,OPA_SUMo,1128000.0,266.0,True,False,True,2519.3360500000003
581.0,1,24,-64,255,malla,,False,3,SUMo,1128000.0,291.0,True,False,True,2519.3360500000003
581.36,1,24,-64,255,malla,,False,4,LPo,875000.0,270.0,True,False,True,-2519.3360500000003
583.22,1,24,-64,-72,abba,A1,False,0,PGAgain,1002297.0,326.0,True,True,False,15.872812900000508
583.58,1,24,-64,-72,abba,A1,False,1,BPo,997738.0,256.0,True,True,True,-74.92286339999887
583.94,1,24,-64,-72,abba,A1,False,2,OPA_SUMo,973195.0,289.0,True,True,True,-563.713888499999
584.3,1,24,-64,-72,abba,A1,False,3,SUMo,975234.0,257.0,True,True,True,-523.1057761999992
584.66,1,24,-64,-72,abba,A1,False,4,LPo,875000.0,249.0,True,False,True,-2519.3360500000003
586.52,1,24,-64,-56,abba,B1,False,0,PGAgain,1002319.0,280.0,True,True,True,16.310958299999204
586.88,1,24,-64,-56,abba,B1,False,1,BPo,997724.0,270.0,True,True,True,-75.20168319999908
587.24,1,24,-64,-56,abba,B1,False,2,OPA_SUMo,985002.0,274.0,True,True,True,-328.56921860000097
587.6,1,24,-64,-56,abba,B1,False,3,SUMo,987063.0,290.0,True,True,True,-287.52296090000027
587.96,1,24,-64,-56,abba,B1,False,4,LPo,875000.0,296.0,True,False,True,-2519.3360500000003
589.82,1,24,-64,-56,abba,B2,False,0,PGAgain,1002301.0,269.0,True,True,True,15.952475700000889
590.18,1,24,-64,-56,abba,B2,False,1,BPo,997743.0,279.0,True,True,True,-74.82328489999897
590.54,1,24,-64,-56,abba,B2,False,2,OPA_SUMo,985023.0,251.0,True,True,True,-328.1509888999995
590.9,1,24,-64,-56,abba,B2,False,3,SUMo,987019.0,286.0,True,True,True,-288.3992516999999
591.26,1,24,-64,-56,abba,B2,False,4,LPo,875001.0,288.0,True,False,True,-2519.3161343000006
593.12,1,24,-64,-72,abba,A2,False,0,PGAgain,1002311.0,275.0,True,True,True,16.151632700000707
593.48,1,24,-64,-72,abba,A2,False,1,BPo,997687.0,294.0,True,True,True,-75.93856409999977
593.84,1,24,-64,-72,abba,A2,False,2,OPA_SUMo,973163.0,253.0,True,True,True,-564.3511908999998
594.2,1,24,-64,-72,abba,A2,False,3,SUMo,975190.0,280.0,True,True,True,-523.9820669999989
594.56,1,24,-64,-72,abba,A2,False,4,LPo,875000.0,259.0,True,False,True,-2519.3360500000003
596.42,1,24,-64,-68,abba,A1,False,0,PGAgain,1002208.0,279.0,True,True,True,14.100315599999403
596.78,1,24,-64,-68,abba,A1,False,1,BPo,997705.0,248.0,True,True,True,-75.5800814999992
597.14,1,24,-64,-68,abba,A1,False,2,OPA_SUMo,976149.0,247.0,True,True,True,-504.8829107
597.5,1,24,-64,-68,abba,A1,False,3,SUMo,978125.0,257.0,True,True,True,-465.5294875
597.86,1,24,-64,-68,abba,A1,False,4,LPo,875011.0,280.0,True,False,True,-2519.1169773000006
599.72,1,24,-64,-60,abba,B1,False,0,PGAgain,1002219.0,260.0,True,True,True,14.319388300001014
600.08,1,24,-64,-60,abba,B1,False,1,BPo,997666.0,251.0,True,True,True,-76.35679379999894
600.44,1,24,-64,-60,abba,B1,False,2,OPA_SUMo,982083.0,265.0,True,True,True,-386.7031469000006
600.8,1,24,-64,-60,abba,B1,False,3,SUMo,984069.0,257.0,True,True,True,-347.1505667000008
601.16,1,24,-64,-60,abba,B1,False,4,LPo,875010.0,263.0,True,False,True,-2519.1368930000003
603.02,1,24,-64,-60,abba,B2,False,0,PGAgain,1002198.0,252.0,True,True,True,13.901158599999585
603.38,1,24,-64,-60,abba,B2,False,1,BPo,997749.0,257.0,True,True,True,-74.70379069999953
603.74,1,24,-64,-60,abba,B2,False,2,OPA_SUMo,982082.0,253.0,True,True,True,-386.72306260000016
604.1,1,24,-64,-60,abba,B2,False,3,SUMo,984087.0,284.0,True,True,True,-346.79208410000024
604.46,1,24,-64,-60,abba,B2,False,4,LPo,875000.0,247.0,True,False,True,-2519.3360500000003
606.32,1,24,-64,-68,abba,A2,False,0,PGAgain,1002359.0,251.0,True,True,True,17.107586300000744
606.68,1,24,-64,-68,abba,A2,False,1,BPo,997692.0,256.0,True,True,True,-75.83898559999986
607.04,1,24,-64,-68,abba,A2,False,2,OPA_SUMo,976192.0,252.0,True,True,True,-504.0265355999999
607.4,1,24,-64,-68,abba,A2,False,3,SUMo,978189.0,298.0,True,True,True,-464.25488270000073
607.76,1,24,-64,-68,abba,A2,False,4,LPo,875023.0,265.0,True,False,True,-2518.8779888999998
609.62,1,24,-64,-66,abba,A1,False,0,PGAgain,1002276.0,267.0,True,True,True,15.454583199999076
609.98,1,24,-64,-66,abba,A1,False,1,BPo,997802.0,259.0,True,True,True,-73.6482585999996
610.34,1,24,-64,-66,abba,A1,False,2,OPA_SUMo,977679.0,274.0,True,True,True,-474.41188970000053
610.7,1,24,-64,-66,abba,A1,False,3,SUMo,979661.0,281.0,True,True,True,-434.9389723000011
611.06,1,24,-64,-66,abba,A1,False,4,LPo,875024.0,251.0,True,False,True,-2518.8580732
612.92,1,24,-64,-62,abba,B1,False,0,PGAgain,1002277.0,285.0,True,True,True,15.47449890000087
613.28,1,24,-64,-62,abba,B1,False,1,BPo,997714.0,290.0,True,True,True,-75.4008401999989
613.64,1,24,-64,-62,abba,B1,False,2,OPA_SUMo,980604.0,252.0,True,True,True,-416.15846719999917
614.0,1,24,-64,-62,abba,B1,False,3,SUMo,982613.0,272.0,True,True,True,-376.1478258999989
614.36,1,24,-64,-62,abba,B1,False,4,LPo,875049.0,250.0,True,False,True,-2518.3601807000005
616.22,1,24,-64,-62,abba,B2,False,0,PGAgain,1002253.0,246.0,True,True,True,14.996522100000853
616.58,1,24,-64,-62,abba,B2,False,1,BPo,997780.0,269.0,True,True,True,-74.08640400000054
616.94,1,24,-64,-62,abba,B2,False,2,OPA_SUMo,980613.0,277.0,True,True,True,-415.9792258999989
617.3,1,24,-64,-62,abba,B2,False,3,SUMo,982756.0,252.0,True,True,True,-373.2998808000006
617.66,1,24,-64,-62,abba,B2,False,4,LPo,875044.0,277.0,True,False,True,-2518.4597592000005
619.52,1,24,-64,-66,abba,A2,False,0,PGAgain,1002238.0,281.0,True,True,True,14.697786600001123
619.88,1,24,-64,-66,abba,A2,False,1,BPo,997772.0,251.0,True,True,True,-74.24572959999904
620.24,1,24,-64,-66,abba,A2,False,2,OPA_SUMo,977731.0,255.0,True,True,True,-473.37627330000015
620.6,1,24,-64,-66,abba,A2,False,3,SUMo,979698.0,277.0,True,True,True,-434.2020914000004
620.96,1,24,-64,-66,abba,A2,False,4,LPo,875052.0,304.0,True,False,False,-2518.3004336
685.64,1,24,0,0,referencia,,False,0,PGAgain,1002232.0,261.0,True,True,True,14.578292399999421
686.0,1,24,0,0,referencia,,False,1,BPo,1003436.0,271.0,True,True,True,38.55679520000071
686.36,1,24,0,0,referencia,,False,2,OPA_SUMo,1003627.0,248.0,True,True,True,42.36069389999906
686.72,1,24,0,0,referencia,,False,3,SUMo,1005650.0,267.0,True,True,True,82.65015499999956
687.08,1,24,0,0,referencia,,False,4,LPo,875000.0,264.0,True,False,True,-2519.3360500000003
688.94,1,24,0,-255,malla,,False,0,PGAgain,1002338.0,260.0,True,True,True,16.689356599999314
689.3,1,24,0,-255,malla,,False,1,BPo,1003470.0,253.0,True,True,True,39.23392900000054
689.66,1,24,0,-255,malla,,False,2,OPA_SUMo,875000.0,259.0,True,False,True,-2519.3360500000003
690.02,1,24,0,-255,malla,,False,3,SUMo,875000.0,272.0,True,False,True,-2519.3360500000003
690.38,1,24,0,-255,malla,,False,4,LPo,875000.0,275.0,True,False,True,-2519.3360500000003
692.24,1,24,0,-128,malla,,False,0,PGAgain,1002242.0,275.0,True,True,True,14.77744939999924
692.6,1,24,0,-128,malla,,False,1,BPo,1003491.0,254.0,True,True,True,39.65215869999971
692.96,1,24,0,-128,malla,,False,2,OPA_SUMo,908836.0,256.0,True,True,True,-1845.4684247999999
693.32,1,24,0,-128,malla,,False,3,SUMo,910893.0,259.0,True,True,True,-1804.5018298999996
693.68,1,24,0,-128,malla,,False,4,LPo,875030.0,278.0,True,False,True,-2518.7385790000008
695.54,1,24,0,-64,malla,,False,0,PGAgain,1002166.0,254.0,True,True,True,13.263856200001069
695.9,1,24,0,-64,malla,,False,1,BPo,1003497.0,288.0,True,True,True,39.771652899999154
696.26,1,24,0,-64,malla,,False,2,OPA_SUMo,956262.0,287.0,True,True,True,-900.9464366000012
696.62,1,24,0,-64,malla,,False,3,SUMo,958339.0,258.0,True,True,True,-859.5815276999989
696.98,1,24,0,-64,malla,,False,4,LPo,875000.0,257.0,True,False,True,-2519.3360500000003
698.84,1,24,0,0,malla,,False,0,PGAgain,1002228.0,267.0,True,True,True,14.49862959999904
699.2,1,24,0,0,malla,,False,1,BPo,1003493.0,279.0,True,True,True,39.691990100001036
699.56,1,24,0,0,malla,,False,2,OPA_SUMo,1003705.0,284.0,True,True,True,43.91411850000082
699.92,1,24,0,0,malla,,False,3,SUMo,1005702.0,273.0,True,True,True,83.68577139999996
700.28,1,24,0,0,malla,,False,4,LPo,875000.0,277.0,True,False,True,-2519.3360500000003
702.14,1,24,0,64,malla,,False,0,PGAgain,1002208.0,263.0,True,True,True,14.100315599999403
702.5,1,24,0,64,malla,,False,1,BPo,1003567.0,250.0,True,True,True,41.165751900000146
702.86,1,24,0,64,malla,,False,2,OPA_SUMo,1051196.0,255.0,True,True,True,989.7306271999984
703.22,1,24,0,64,malla,,False,3,SUMo,1053185.0,262.0,True,True,True,1029.342954499999
703.58,1,24,0,64,malla,,False,4,LPo,875004.0,266.0,True,False,True,-2519.2563871999996
705.44,1,24,0,128,malla,,False,0,PGAgain,1002216.0,274.0,True,True,True,14.259641200000164
705.8,1,24,0,128,malla,,False,1,BPo,1003455.0,260.0,True,True,True,38.935193500000814
706.16,1,24,0,128,malla,,False,2,OPA_SUMo,1098652.0,290.0,True,True,True,1934.850086400001
706.52,1,24,0,128,malla,,False,3,SUMo,1100594.0,253.0,True,True,True,1973.5263758000012
706.88,1,24,0,128,malla,,False,4,LPo,875082.0,279.0,True,False,True,-2517.7029626000003
708.74,1,24,0,255,malla,,False,0,PGAgain,1002270.0,245.0,True,True,True,15.33508899999964
709.1,1,24,0,255,malla,,False,1,BPo,1003485.0,261.0,True,True,True,39.53266450000027
709.46,1,24,0,255,malla,,False,2,OPA_SUMo,1128000.0,259.0,True,False,True,2519.3360500000003
709.82,1,24,0,255,malla,,False,3,SUMo,1128000.0,268.0,True,False,True,2519.3360500000003
710.18,1,24,0,255,malla,,False,4,LPo,875000.0,264.0,True,False,True,-2519.3360500000003
712.04,1,24,0,-8,abba,A1,False,0,PGAgain,1002186.0,249.0,True,True,True,13.662170200000707
712.4,1,24,0,-8,abba,A1,False,1,BPo,1003507.0,254.0,True,True,True,39.97080989999897
712.76,1,24,0,-8,abba,A1,False,2,OPA_SUMo,997846.0,278.0,True,True,True,-72.77196779999993
713.12,1,24,0,-8,abba,A1,False,3,SUMo,999887.0,257.0,True,True,True,-32.12402410000112
713.48,1,24,0,-8,abba,A1,False,4,LPo,875000.0,252.0,True,False,True,-2519.3360500000003
715.34,1,24,0,8,abba,B1,False,0,PGAgain,1002197.0,259.0,True,True,True,13.881242900000055
715.7,1,24,0,8,abba,B1,False,1,BPo,1003486.0,267.0,True,True,True,39.5525801999998
716.06,1,24,0,8,abba,B1,False,2,OPA_SUMo,1009744.0,264.0,True,True,True,164.18503080000056
716.42,1,24,0,8,abba,B1,False,3,SUMo,1011701.0,269.0,True,True,True,203.16005570000044
716.78,1,24,0,8,abba,B1,False,4,LPo,875035.0,262.0,True,False,True,-2518.6390005000007
718.64,1,24,0,8,abba,B2,False,0,PGAgain,1002231.0,264.0,True,True,True,14.558376699999892
719.0,1,24,0,8,abba,B2,False,1,BPo,1003509.0,250.0,True,True,True,40.010641300000295
719.36,1,24,0,8,abba,B2,False,2,OPA_SUMo,1009722.0,268.0,True,True,True,163.7468853999996
719.72,1,24,0,8,abba,B2,False,3,SUMo,1011728.0,246.0,True,True,True,203.69777959999905
720.08,1,24,0,8,abba,B2,False,4,LPo,875000.0,280.0,True,False,True,-2519.3360500000003
721.94,1,24,0,-8,abba,A2,False,0,PGAgain,1002198.0,263.0,True,True,True,13.901158599999585
722.3,1,24,0,-8,abba,A2,False,1,BPo,1003476.0,258.0,True,True,True,39.35342319999999
722.66,1,24,0,-8,abba,A2,False,2,OPA_SUMo,997854.0,245.0,True,True,True,-72.61264219999917
723.02,1,24,0,-8,abba,A2,False,3,SUMo,999870.0,272.0,True,True,True,-32.46259099999991
723.38,1,24,0,-8,abba,A2,False,4,LPo,875000.0,279.0,True,False,True,-2519.3360500000003
725.24,1,24,0,-4,abba,A1,False,0,PGAgain,1002219.0,250.0,True,True,True,14.319388300001014
725.6,1,24,0,-4,abba,A1,False,1,BPo,1003469.0,275.0,True,True,True,39.214013300001014
725.96,1,24,0,-4,abba,A1,False,2,OPA_SUMo,1000857.0,255.0,True,True,True,-12.80579510000058
726.32,1,24,0,-4,abba,A1,False,3,SUMo,1002819.0,290.0,True,True,True,26.268808299999204
726.68,1,24,0,-4,abba,A1,False,4,LPo,875000.0,268.0,True,False,True,-2519.3360500000003
728.54,1,24,0,4,abba,B1,False,0,PGAgain,1002289.0,254.0,True,True,True,15.713487299999747
728.9,1,24,0,4,abba,B1,False,1,BPo,1003483.0,261.0,True,True,True,39.492833099998954
729.26,1,24,0,4,abba,B1,False,2,OPA_SUMo,1006796.0,244.0,True,True,True,105.47354720000098
729.62,1,24,0,4,abba,B1,False,3,SUMo,1008804.0,266.0,True,True,True,145.4642727999995
729.98,1,24,0,4,abba,B1,False,4,LPo,875000.0,272.0,True,False,True,-2519.3360500000003
731.84,1,24,0,4,abba,B2,False,0,PGAgain,1002224.0,260.0,True,True,True,14.418966800000925
732.2,1,24,0,4,abba,B2,False,1,BPo,1003522.0,267.0,True,True,True,40.269545400000965
732.56,1,24,0,4,abba,B2,False,2,OPA_SUMo,1006802.0,261.0,True,True,True,105.59304140000042
732.92,1,24,0,4,abba,B2,False,3,SUMo,1008777.0,250.0,True,True,True,144.92654890000088
733.28,1,24,0,4,abba,B2,False,4,LPo,875057.0,290.0,True,False,True,-2518.2008551
735.14,1,24,0,-4,abba,A2,False,0,PGAgain,1002270.0,257.0,True,True,True,15.33508899999964
735.5,1,24,0,-4,abba,A2,False,1,BPo,1003502.0,250.0,True,True,True,39.87123139999906
735.86,1,24,0,-4,abba,A2,False,2,OPA_SUMo,1000924.0,245.0,True,True,True,-11.471443200000435
736.22,1,24,0,-4,abba,A2,False,3,SUMo,1002925.0,269.0,True,True,True,28.379872499999095
736.58,1,24,0,-4,abba,A2,False,4,LPo,875000.0,251.0,True,False,True,-2519.3360500000003
738.44,1,24,0,-2,abba,A1,False,0,PGAgain,1002254.0,248.0,True,True,True,15.01643780000038
738.8,1,24,0,-2,abba,A1,False,1,BPo,1003514.0,273.0,True,True,True,40.1102198000002
739.16,1,24,0,-2,abba,A1,False,2,OPA_SUMo,1002356.0,284.0,True,True,True,17.047839199999892
739.52,1,24,0,-2,abba,A1,False,3,SUMo,1004340.0,257.0,True,True,True,56.560588000000635
739.88,1,24,0,-2,abba,A1,False,4,LPo,875000.0,243.0,True,False,True,-2519.3360500000003
741.74,1,24,0,2,abba,B1,False,0,PGAgain,1002249.0,248.0,True,True,True,14.916859300000471
742.1,1,24,0,2,abba,B1,False,1,BPo,1003540.0,286.0,True,True,True,40.628027999999276
742.46,1,24,0,2,abba,B1,False,2,OPA_SUMo,1005388.0,272.0,True,True,True,77.43224160000068
742.82,1,24,0,2,abba,B1,False,3,SUMo,1007337.0,256.0,True,True,True,116.24794089999979
743.18,1,24,0,2,abba,B1,False,4,LPo,875002.0,247.0,True,False,True,-2519.296218600001
745.04,1,24,0,2,abba,B2,False,0,PGAgain,1002254.0,265.0,True,True,True,15.01643780000038
745.4,1,24,0,2,abba,B2,False,1,BPo,1003487.0,265.0,True,True,True,39.57249589999933
745.76,1,24,0,2,abba,B2,False,2,OPA_SUMo,1005335.0,272.0,True,True,True,76.37670950000073
746.12,1,24,0,2,abba,B2,False,3,SUMo,1007344.0,259.0,True,True,True,116.38735080000102
746.48,1,24,0,2,abba,B2,False,4,LPo,875000.0,266.0,True,False,True,-2519.3360500000003
748.34,1,24,0,-2,abba,A2,False,0,PGAgain,1002212.0,262.0,True,True,True,14.179978399999783
748.7,1,24,0,-2,abba,A2,False,1,BPo,1003511.0,270.0,True,True,True,40.05047269999935
749.06,1,24,0,-2,abba,A2,False,2,OPA_SUMo,1002423.0,251.0,True,True,True,18.382191100000036
749.42,1,24,0,-2,abba,A2,False,3,SUMo,1004409.0,250.0,True,True,True,57.93477129999984
749.78,1,24,0,-2,abba,A2,False,4,LPo,875000.0,299.0,True,False,True,-2519.3360500000003
814.46,1,24,64,0,referencia,,False,0,PGAgain,1002165.0,264.0,True,True,True,13.243940499999276
814.82,1,24,64,0,referencia,,False,1,BPo,1009279.0,272.0,True,True,True,154.92423029999995
815.18,1,24,64,0,referencia,,False,2,OPA_SUMo,980992.0,288.0,True,True,True,-408.43117560000076
815.54,1,24,64,0,referencia,,False,3,SUMo,982988.0,247.0,True,True,True,-368.6794383999989
815.9,1,24,64,0,referencia,,False,4,LPo,875000.0,280.0,True,False,True,-2519.3360500000003
817.76,1,24,64,-255,malla,,False,0,PGAgain,1002221.0,267.0,True,True,True,14.359219700000073
818.12,1,24,64,-255,malla,,False,1,BPo,1009248.0,266.0,True,True,True,154.30684360000095
818.48,1,24,64,-255,malla,,False,2,OPA_SUMo,875000.0,265.0,True,False,True,-2519.3360500000003
818.84,1,24,64,-255,malla,,False,3,SUMo,875000.0,247.0,True,False,True,-2519.3360500000003
819.2,1,24,64,-255,malla,,False,4,LPo,875000.0,272.0,True,False,True,-2519.3360500000003
821.06,1,24,64,-128,malla,,False,0,PGAgain,1002174.0,277.0,True,True,True,13.423181799999567
821.42,1,24,64,-128,malla,,False,1,BPo,1009302.0,279.0,True,True,True,155.3822914000004
821.78,1,24,64,-128,malla,,False,2,OPA_SUMo,886110.0,267.0,True,True,True,-2298.072623
822.14,1,24,64,-128,malla,,False,3,SUMo,888153.0,250.0,True,True,True,-2257.3848479
822.5,1,24,64,-128,malla,,False,4,LPo,875000.0,269.0,True,False,True,-2519.3360500000003
824.36,1,24,64,-64,malla,,False,0,PGAgain,1002221.0,243.0,True,True,True,14.359219700000073
824.72,1,24,64,-64,malla,,False,1,BPo,1009276.0,259.0,True,True,True,154.86448319999909
825.08,1,24,64,-64,malla,,False,2,OPA_SUMo,933547.0,279.0,True,True,True,-1353.3315620999995
825.44,1,24,64,-64,malla,,False,3,SUMo,935613.0,275.0,True,True,True,-1312.185725899999
825.8,1,24,64,-64,malla,,False,4,LPo,875046.0,286.0,True,False,True,-2518.419927799999
827.66,1,24,64,0,malla,,False,0,PGAgain,1002117.0,256.0,True,True,True,12.28798689999924
828.02,1,24,64,0,malla,,False,1,BPo,1009305.0,259.0,True,True,True,155.442038499999
828.38,1,24,64,0,malla,,False,2,OPA_SUMo,981050.0,303.0,True,True,False,-407.2760650000009
828.74,1,24,64,0,malla,,False,3,SUMo,983044.0,250.0,True,True,True,-367.56415920000035
829.1,1,24,64,0,malla,,False,4,LPo,875056.0,273.0,True,False,True,-2518.220770799999
830.96,1,24,64,64,malla,,False,0,PGAgain,1002199.0,252.0,True,True,True,13.921074299999113
831.32,1,24,64,64,malla,,False,1,BPo,1009242.0,258.0,True,True,True,154.18734939999925
831.68,1,24,64,64,malla,,False,2,OPA_SUMo,1028532.0,267.0,True,True,True,538.3612023999985
832.04,1,24,64,64,malla,,False,3,SUMo,1030482.0,253.0,True,True,True,577.1968173999994
832.4,1,24,64,64,malla,,False,4,LPo,875000.0,260.0,True,False,True,-2519.3360500000003
834.26,1,24,64,128,malla,,False,0,PGAgain,1002231.0,253.0,True,True,True,14.558376699999892
834.62,1,24,64,128,malla,,False,1,BPo,1009241.0,260.0,True,True,True,154.16743369999972
834.98,1,24,64,128,malla,,False,2,OPA_SUMo,1075904.0,272.0,True,True,True,1481.8077428
835.34,1,24,64,128,malla,,False,3,SUMo,1077939.0,266.0,True,True,True,1522.3361923000016
835.7,1,24,64,128,malla,,False,4,LPo,875013.0,266.0,True,False,True,-2519.0771458999993
837.56,1,24,64,255,malla,,False,0,PGAgain,1002221.0,259.0,True,True,True,14.359219700000073
837.92,1,24,64,255,malla,,False,1,BPo,1009345.0,265.0,True,True,True,156.23866650000056
838.28,1,24,64,255,malla,,False,2,OPA_SUMo,1128000.0,270.0,True,False,True,2519.3360500000003
838.64,1,24,64,255,malla,,False,3,SUMo,1128000.0,273.0,True,False,True,2519.3360500000003
839.0,1,24,64,255,malla,,False,4,LPo,875005.0,249.0,True,False,True,-2519.2364715000003
840.86,1,24,64,-8,abba,A1,False,0,PGAgain,1002184.0,263.0,True,True,True,13.622338799999385
841.22,1,24,64,-8,abba,A1,False,1,BPo,1009280.0,249.0,True,True,True,154.94414599999948
841.58,1,24,64,-8,abba,A1,False,2,OPA_SUMo,975202.0,254.0,True,True,True,-523.7430786000001
841.94,1,24,64,-8,abba,A1,False,3,SUMo,977139.0,254.0,True,True,True,-485.16636769999985
842.3,1,24,64,-8,abba,A1,False,4,LPo,875049.0,258.0,True,False,True,-2518.3601807000005
844.16,1,24,64,8,abba,B1,False,0,PGAgain,1002179.0,282.0,True,True,True,13.522760299999476
844.52,1,24,64,8,abba,B1,False,1,BPo,1009240.0,266.0,True,True,True,154.1475180000002
844.88,1,24,64,8,abba,B1,False,2,OPA_SUMo,987024.0,247.0,True,True,True,-288.2996732
845.24,1,24,64,8,abba,B1,False,3,SUMo,989092.0,261.0,True,True,True,-247.11400560000033
845.6,1,24,64,8,abba,B1,False,4,LPo,875048.0,270.0,True,False,True,-2518.3800964
847.46,1,24,64,8,abba,B2,False,0,PGAgain,1002202.0,272.0,True,True,True,13.980821399999964
847.82,1,24,64,8,abba,B2,False,1,BPo,1009262.0,254.0,True,True,True,154.58566339999888
848.18,1,24,64,8,abba,B2,False,2,OPA_SUMo,986953.0,256.0,True,True,True,-289.71368790000054
848.54,1,24,64,8,abba,B2,False,3,SUMo,989030.0,251.0,True,True,True,-248.34877900000055
848.9,1,24,64,8,abba,B2,False,4,LPo,875000.0,263.0,True,False,True,-2519.3360500000003
850.76,1,24,64,-8,abba,A2,False,0,PGAgain,1002156.0,248.0,True,True,True,13.064699199998987
851.12,1,24,64,-8,abba,A2,False,1,BPo,1009289.0,243.0,True,True,True,155.12338729999976
851.48,1,24,64,-8,abba,A2,False,2,OPA_SUMo,975225.0,273.0,True,True,True,-523.2850174999995
851.84,1,24,64,-8,abba,A2,False,3,SUMo,977180.0,265.0,True,True,True,-484.34982400000104
852.2,1,24,64,-8,abba,A2,False,4,LPo,875067.0,263.0,True,False,True,-2518.0016981
854.06,1,24,64,-4,abba,A1,False,0,PGAgain,1002217.0,271.0,True,True,True,14.279556899999692
854.42,1,24,64,-4,abba,A1,False,1,BPo,1009218.0,250.0,True,True,True,153.70937259999923
854.78,1,24,64,-4,abba,A1,False,2,OPA_SUMo,978168.0,260.0,True,True,True,-464.6731123999999
855.14,1,24,64,-4,abba,A1,False,3,SUMo,980126.0,245.0,True,True,True,-425.6781718000005
855.5,1,24,64,-4,abba,A1,False,4,LPo,875000.0,255.0,True,False,True,-2519.3360500000003
857.36,1,24,64,4,abba,B1,False,0,PGAgain,1002099.0,244.0,True,True,True,11.929504300000925
857.72,1,24,64,4,abba,B1,False,1,BPo,1009306.0,266.0,True,True,True,155.4619542000008
858.08,1,24,64,4,abba,B1,False,2,OPA_SUMo,984067.0,269.0,True,True,True,-347.19039809999987
858.44,1,24,64,4,abba,B1,False,3,SUMo,986149.0,281.0,True,True,True,-305.7259107
858.8,1,24,64,4,abba,B1,False,4,LPo,875013.0,241.0,True,False,True,-2519.0771458999993
860.66,1,24,64,4,abba,B2,False,0,PGAgain,1002180.0,262.0,True,True,True,13.542675999999004
861.02,1,24,64,4,abba,B2,False,1,BPo,1009235.0,255.0,True,True,True,154.04793950000027
861.38,1,24,64,4,abba,B2,False,2,OPA_SUMo,984096.0,264.0,True,True,True,-346.61284279999995
861.74,1,24,64,4,abba,B2,False,3,SUMo,986105.0,262.0,True,True,True,-306.60220149999964
862.1,1,24,64,4,abba,B2,False,4,LPo,875029.0,252.0,True,False,True,-2518.7584947
863.96,1,24,64,-4,abba,A2,False,0,PGAgain,1002205.0,247.0,True,True,True,14.040568500000816
864.32,1,24,64,-4,abba,A2,False,1,BPo,1009284.0,275.0,True,True,True,155.02380879999984
864.68,1,24,64,-4,abba,A2,False,2,OPA_SUMo,978214.0,271.0,True,True,True,-463.75699019999894
865.04,1,24,64,-4,abba,A2,False,3,SUMo,980216.0,272.0,True,True,True,-423.88575879999985
865.4,1,24,64,-4,abba,A2,False,4,LPo,875035.0,261.0,True,False,True,-2518.6390005000007
867.26,1,24,64,-2,abba,A1,False,0,PGAgain,1002141.0,261.0,True,True,True,12.765963699999258
867.62,1,24,64,-2,abba,A1,False,1,BPo,1009310.0,262.0,True,True,True,155.54161699999892
867.98,1,24,64,-2,abba,A1,False,2,OPA_SUMo,979654.0,272.0,True,True,True,-435.0783822000001
868.34,1,24,64,-2,abba,A1,False,3,SUMo,981688.0,276.0,True,True,True,-394.56984840000024
868.7,1,24,64,-2,abba,A1,False,4,LPo,875023.0,252.0,True,False,True,-2518.8779888999998
870.56,1,24,64,2,abba,B1,False,0,PGAgain,1002164.0,266.0,True,True,True,13.224024799999746
870.92,1,24,64,2,abba,B1,False,1,BPo,1009316.0,270.0,True,True,True,155.66111120000062
871.28,1,24,64,2,abba,B1,False,2,OPA_SUMo,982634.0,252.0,True,True,True,-375.7295961999997
871.64,1,24,64,2,abba,B1,False,3,SUMo,984598.0,250.0,True,True,True,-336.6151614000009
872.0,1,24,64,2,abba,B1,False,4,LPo,875012.0,257.0,True,False,True,-2519.0970616000013
873.86,1,24,64,2,abba,B2,False,0,PGAgain,1002147.0,257.0,True,True,True,12.885457900000961
874.22,1,24,64,2,abba,B2,False,1,BPo,1009316.0,265.0,True,True,True,155.66111120000062
874.58,1,24,64,2,abba,B2,False,2,OPA_SUMo,982623.0,281.0,True,True,True,-375.94866889999906
874.94,1,24,64,2,abba,B2,False,3,SUMo,984640.0,276.0,True,True,True,-335.7787020000003
875.3,1,24,64,2,abba,B2,False,4,LPo,875007.0,282.0,True,False,True,-2519.1966401000013
877.16,1,24,64,-2,abba,A2,False,0,PGAgain,1002195.0,267.0,True,True,True,13.841411500000998
877.52,1,24,64,-2,abba,A2,False,1,BPo,1009210.0,286.0,True,True,True,153.55004700000075
877.88,1,24,64,-2,abba,A2,False,2,OPA_SUMo,979676.0,271.0,True,True,True,-434.6402367999991
878.24,1,24,64,-2,abba,A2,False,3,SUMo,981670.0,270.0,True,True,True,-394.9283310000008
878.6,1,24,64,-2,abba,A2,False,4,LPo,875072.0,255.0,True,False,True,-2517.9021196
943.28,1,24,128,0,referencia,,False,0,PGAgain,1002199.0,250.0,True,True,True,13.921074299999113
943.64,1,24,128,0,referencia,,False,1,BPo,1015039.0,294.0,True,True,True,269.63866229999974
944.0,1,24,128,0,referencia,,False,2,OPA_SUMo,958247.0,251.0,True,True,True,-861.4137721000009
944.36,1,24,128,0,referencia,,False,3,SUMo,960260.0,280.0,True,True,True,-821.3234680000003
944.72,1,24,128,0,referencia,,False,4,LPo,875018.0,282.0,True,False,True,-2518.9775673999998
946.58,1,24,128,-255,malla,,False,0,PGAgain,1002190.0,248.0,True,True,True,13.741833000001087
946.94,1,24,128,-255,malla,,False,1,BPo,1014982.0,285.0,True,True,True,268.5034673999994
947.3,1,24,128,-255,malla,,False,2,OPA_SUMo,875000.0,259.0,True,False,True,-2519.3360500000003
947.66,1,24,128,-255,malla,,False,3,SUMo,875000.0,261.0,True,False,True,-2519.3360500000003
948.02,1,24,128,-255,malla,,False,4,LPo,875017.0,265.0,True,False,True,-2518.997483099999
949.88,1,24,128,-128,malla,,False,0,PGAgain,1002189.0,250.0,True,True,True,13.721917299999294
950.24,1,24,128,-128,malla,,False,1,BPo,1015094.0,273.0,True,True,True,270.734025800001
950.6,1,24,128,-128,malla,,False,2,OPA_SUMo,875000.0,279.0,True,False,True,-2519.3360500000003
950.96,1,24,128,-128,malla,,False,3,SUMo,875000.0,285.0,True,False,True,-2519.3360500000003
951.32,1,24,128,-128,malla,,False,4,LPo,875007.0,271.0,True,False,True,-2519.1966401000013
953.18,1,24,128,-64,malla,,False,0,PGAgain,1002129.0,280.0,True,True,True,12.52697530000038
953.54,1,24,128,-64,malla,,False,1,BPo,1015027.0,258.0,True,True,True,269.3996739000009
953.9,1,24,128,-64,malla,,False,2,OPA_SUMo,910840.0,271.0,True,True,True,-1805.5573619999996
954.26,1,24,128,-64,malla,,False,3,SUMo,912876.0,273.0,True,True,True,-1765.0089968000007
954.62,1,24,128,-64,malla,,False,4,LPo,875007.0,252.0,True,False,True,-2519.1966401000013
956.48,1,24,128,0,malla,,False,0,PGAgain,1002174.0,261.0,True,True,True,13.423181799999567
956.84,1,24,128,0,malla,,False,1,BPo,1015033.0,260.0,True,True,True,269.51916810000034
957.2,1,24,128,0,malla,,False,2,OPA_SUMo,958293.0,270.0,True,True,True,-860.4976498999999
957.56,1,24,128,0,malla,,False,3,SUMo,960332.0,254.0,True,True,True,-819.8895376000002
957.92,1,24,128,0,malla,,False,4,LPo,875029.0,250.0,True,False,True,-2518.7584947
959.78,1,24,128,64,malla,,False,0,PGAgain,1002171.0,257.0,True,True,True,13.36343470000098
960.14,1,24,128,64,malla,,False,1,BPo,1015005.0,271.0,True,True,True,268.96152849999993
960.5,1,24,128,64,malla,,False,2,OPA_SUMo,1005661.0,260.0,True,True,True,82.8692276999989
960.86,1,24,128,64,malla,,False,3,SUMo,1007747.0,249.0,True,True,True,124.41337789999916
961.22,1,24,128,64,malla,,False,4,LPo,875024.0,258.0,True,False,True,-2518.8580732
963.08,1,24,128,128,malla,,False,0,PGAgain,1002149.0,264.0,True,True,True,12.925289300000019
963.44,1,24,128,128,malla,,False,1,BPo,1015072.0,292.0,True,True,True,270.29588040000004
963.8,1,24,128,128,malla,,False,2,OPA_SUMo,1053154.0,280.0,True,True,True,1028.7255678
964.16,1,24,128,128,malla,,False,3,SUMo,1055134.0,258.0,True,True,True,1068.1586538000004
964.52,1,24,128,128,malla,,False,4,LPo,875000.0,264.0,True,False,True,-2519.3360500000003
966.38,1,24,128,255,malla,,False,0,PGAgain,1002084.0,268.0,True,True,True,11.630768799998933
966.74,1,24,128,255,malla,,False,1,BPo,1015071.0,269.0,True,True,True,270.27596470000054
967.1,1,24,128,255,malla,,False,2,OPA_SUMo,1128000.0,269.0,True,False,True,2519.3360500000003
967.46,1,24,128,255,malla,,False,3,SUMo,1128000.0,261.0,True,False,True,2519.3360500000003
967.82,1,24,128,255,malla,,False,4,LPo,875022.0,301.0,True,False,False,-2518.897904599999
969.68,1,24,128,56,abba,A1,False,0,PGAgain,1002155.0,252.0,True,True,True,13.044783499999458
970.04,1,24,128,56,abba,A1,False,1,BPo,1015040.0,265.0,True,True,True,269.6585779999993
970.4,1,24,128,56,abba,A1,False,2,OPA_SUMo,999876.0,250.0,True,True,True,-32.343096800000474
970.76,1,24,128,56,abba,A1,False,3,SUMo,1001874.0,264.0,True,True,True,7.448471800000472
971.12,1,24,128,56,abba,A1,False,4,LPo,875055.0,255.0,True,False,True,-2518.240686500001
972.98,1,24,128,72,abba,B1,False,0,PGAgain,1002105.0,249.0,True,True,True,12.048998500000362
973.34,1,24,128,72,abba,B1,False,1,BPo,1014993.0,268.0,True,True,True,268.722540100001
973.7,1,24,128,72,abba,B1,False,2,OPA_SUMo,1011660.0,255.0,True,True,True,202.34351199999938
974.06,1,24,128,72,abba,B1,False,3,SUMo,1013593.0,264.0,True,True,True,240.84056009999924
974.42,1,24,128,72,abba,B1,False,4,LPo,875006.0,245.0,True,False,True,-2519.2165558000006
976.28,1,24,128,72,abba,B2,False,0,PGAgain,1002110.0,265.0,True,True,True,12.148577000000273
976.64,1,24,128,72,abba,B2,False,1,BPo,1015117.0,254.0,True,True,True,271.19208689999925
977.0,1,24,128,72,abba,B2,False,2,OPA_SUMo,1011761.0,266.0,True,True,True,204.35499769999936
977.36,1,24,128,72,abba,B2,False,3,SUMo,1013640.0,247.0,True,True,True,241.77659799999975
977.72,1,24,128,72,abba,B2,False,4,LPo,875000.0,259.0,True,False,True,-2519.3360500000003
979.58,1,24,128,56,abba,A2,False,0,PGAgain,1002214.0,256.0,True,True,True,14.219809800001105
979.94,1,24,128,56,abba,A2,False,1,BPo,1015018.0,255.0,True,True,True,269.2204326000006
980.3,1,24,128,56,abba,A2,False,2,OPA_SUMo,999861.0,269.0,True,True,True,-32.6418323000002
980.66,1,24,128,56,abba,A2,False,3,SUMo,1001845.0,287.0,True,True,True,6.870916500000543
981.02,1,24,128,56,abba,A2,False,4,LPo,875062.0,276.0,True,False,True,-2518.1012766
982.88,1,24,128,60,abba,A1,False,0,PGAgain,1002156.0,270.0,True,True,True,13.064699199998987
983.24,1,24,128,60,abba,A1,False,1,BPo,1015063.0,255.0,True,True,True,270.11663909999976
983.6,1,24,128,60,abba,A1,False,2,OPA_SUMo,1002853.0,254.0,True,True,True,26.94594209999904
983.96,1,24,128,60,abba,A1,False,3,SUMo,1004811.0,252.0,True,True,True,65.94088270000071
984.32,1,24,128,60,abba,A1,False,4,LPo,875012.0,272.0,True,False,True,-2519.0970616000013
986.18,1,24,128,68,abba,B1,False,0,PGAgain,1002135.0,253.0,True,True,True,12.646469499999819
986.54,1,24,128,68,abba,B1,False,1,BPo,1015018.0,273.0,True,True,True,269.2204326000006
986.9,1,24,128,68,abba,B1,False,2,OPA_SUMo,1008690.0,265.0,True,True,True,143.1938830000011
987.26,1,24,128,68,abba,B1,False,3,SUMo,1010659.0,291.0,True,True,True,182.40789629999983
987.62,1,24,128,68,abba,B1,False,4,LPo,875000.0,255.0,True,False,True,-2519.3360500000003
989.48,1,24,128,68,abba,B2,False,0,PGAgain,1002067.0,242.0,True,True,True,11.292201900000146
989.84,1,24,128,68,abba,B2,False,1,BPo,1015065.0,258.0,True,True,True,270.1564705000011
990.2,1,24,128,68,abba,B2,False,2,OPA_SUMo,1008727.0,264.0,True,True,True,143.9307638999995
990.56,1,24,128,68,abba,B2,False,3,SUMo,1010692.0,284.0,True,True,True,183.06511440000014
990.92,1,24,128,68,abba,B2,False,4,LPo,875000.0,263.0,True,False,True,-2519.3360500000003
992.78,1,24,128,60,abba,A2,False,0,PGAgain,1002151.0,255.0,True,True,True,12.965120699999076
993.14,1,24,128,60,abba,A2,False,1,BPo,1015071.0,265.0,True,True,True,270.27596470000054
993.5,1,24,128,60,abba,A2,False,2,OPA_SUMo,1002821.0,259.0,True,True,True,26.308639700000526
993.86,1,24,128,60,abba,A2,False,3,SUMo,1004729.0,274.0,True,True,True,64.30779530000083
994.22,1,24,128,60,abba,A2,False,4,LPo,875023.0,251.0,True,False,True,-2518.8779888999998
996.08,1,24,128,62,abba,A1,False,0,PGAgain,1002155.0,259.0,True,True,True,13.044783499999458
996.44,1,24,128,62,abba,A1,False,1,BPo,1015067.0,252.0,True,True,True,270.19630190000015
996.8,1,24,128,62,abba,A1,False,2,OPA_SUMo,1004269.0,271.0,True,True,True,55.146573300000114
997.16,1,24,128,62,abba,A1,False,3,SUMo,1006395.0,278.0,True,True,True,97.48735149999965
997.52,1,24,128,62,abba,A1,False,4,LPo,875000.0,252.0,True,False,True,-2519.3360500000003
999.38,1,24,128,66,abba,B1,False,0,PGAgain,1002115.0,260.0,True,True,True,12.248155500000182
999.74,1,24,128,66,abba,B1,False,1,BPo,1015033.0,248.0,True,True,True,269.51916810000034
1000.1,1,24,128,66,abba,B1,False,2,OPA_SUMo,1007298.0,252.0,True,True,True,115.47122860000005
1000.46,1,24,128,66,abba,B1,False,3,SUMo,1009257.0,246.0,True,True,True,154.48608489999899
1000.82,1,24,128,66,abba,B1,False,4,LPo,875000.0,260.0,True,False,True,-2519.3360500000003
1002.68,1,24,128,66,abba,B2,False,0,PGAgain,1002155.0,253.0,True,True,True,13.044783499999458
1003.04,1,24,128,66,abba,B2,False,1,BPo,1015029.0,247.0,True,True,True,269.43950529999995
1003.4,1,24,128,66,abba,B2,False,2,OPA_SUMo,1007199.0,264.0,True,True,True,113.49957429999913
1003.76,1,24,128,66,abba,B2,False,3,SUMo,1009323.0,261.0,True,True,True,155.8005210999996
1004.12,1,24,128,66,abba,B2,False,4,LPo,875000.0,290.0,True,False,True,-2519.3360500000003
1005.98,1,24,128,62,abba,A2,False,0,PGAgain,1002108.0,282.0,True,True,True,12.10874559999895
1006.34,1,24,128,62,abba,A2,False,1,BPo,1015043.0,245.0,True,True,True,269.71832510000013
1006.7,1,24,128,62,abba,A2,False,2,OPA_SUMo,1004265.0,257.0,True,True,True,55.06691049999973
1007.06,1,24,128,62,abba,A2,False,3,SUMo,1006324.0,264.0,True,True,True,96.07333679999911
1007.42,1,24,128,62,abba,A2,False,4,LPo,875000.0,252.0,True,False,True,-2519.3360500000003
1072.1,1,24,192,0,referencia,,False,0,PGAgain,1002156.0,265.0,True,True,True,13.064699199998987
1072.46,1,24,192,0,referencia,,False,1,BPo,1020786.0,247.0,True,True,True,384.09419019999893
1072.82,1,24,192,0,referencia,,False,2,OPA_SUMo,935452.0,257.0,True,True,True,-1315.3921536
1073.18,1,24,192,0,referencia,,False,3,SUMo,937411.0,275.0,True,True,True,-1276.3772973000011
1073.54,1,24,192,0,referencia,,False,4,LPo,875000.0,266.0,True,False,True,-2519.3360500000003
1075.4,1,24,192,-255,malla,,False,0,PGAgain,1002098.0,261.0,True,True,True,11.90958859999913
1075.76,1,24,192,-255,malla,,False,1,BPo,1020800.0,251.0,True,True,True,384.3730099999991
1076.12,1,24,192,-255,malla,,False,2,OPA_SUMo,875000.0,247.0,True,False,True,-2519.3360500000003
1076.48,1,24,192,-255,malla,,False,3,SUMo,875000.0,294.0,True,False,True,-2519.3360500000003
1076.84,1,24,192,-255,malla,,False,4,LPo,875057.0,272.0,True,False,True,-2518.2008551
1078.7,1,24,192,-128,malla,,False,0,PGAgain,1002151.0,273.0,True,True,True,12.965120699999076
1079.06,1,24,192,-128,malla,,False,1,BPo,1020830.0,261.0,True,True,True,384.97048100000086
1079.42,1,24,192,-128,malla,,False,2,OPA_SUMo,875000.0,262.0,True,False,True,-2519.3360500000003
1079.78,1,24,192,-128,malla,,False,3,SUMo,875000.0,262.0,True,False,True,-2519.3360500000003
1080.14,1,24,192,-128,malla,,False,4,LPo,875056.0,256.0,True,False,True,-2518.220770799999
1082.0,1,24,192,-64,malla,,False,0,PGAgain,1002150.0,312.0,True,True,False,12.945204999999548
1082.36,1,24,192,-64,malla,,False,1,BPo,1020759.0,265.0,True,True,True,383.5564663000003
1082.72,1,24,192,-64,malla,,False,2,OPA_SUMo,887968.0,265.0,True,True,True,-2261.069252400001
1083.08,1,24,192,-64,malla,,False,3,SUMo,890031.0,265.0,True,True,True,-2219.9831633000013
1083.44,1,24,192,-64,malla,,False,4,LPo,875086.0,260.0,True,False,True,-2517.6232998
1085.3,1,24,192,0,malla,,False,0,PGAgain,1002113.0,266.0,True,True,True,12.208324100001123
1085.66,1,24,192,0,malla,,False,1,BPo,1020808.0,272.0,True,True,True,384.5323355999999
1086.02,1,24,192,0,malla,,False,2,OPA_SUMo,935481.0,252.0,True,True,True,-1314.8145983000002
1086.38,1,24,192,0,malla,,False,3,SUMo,937381.0,295.0,True,True,True,-1276.9747683000007
1086.74,1,24,192,0,malla,,False,4,LPo,875000.0,307.0,True,False,False,-2519.3360500000003
1088.6,1,24,192,64,malla,,False,0,PGAgain,1002146.0,252.0,True,True,True,12.865542199999167
1088.96,1,24,192,64,malla,,False,1,BPo,1020829.0,255.0,True,True,True,384.950565299999
1089.32,1,24,192,64,malla,,False,2,OPA_SUMo,982789.0,259.0,True,True,True,-372.6426627000003
1089.68,1,24,192,64,malla,,False,3,SUMo,984845.0,246.0,True,True,True,-331.6959834999995
1090.04,1,24,192,64,malla,,False,4,LPo,875004.0,276.0,True,False,True,-2519.2563871999996
1091.9,1,24,192,128,malla,,False,0,PGAgain,1002094.0,270.0,True,True,True,11.829925800001014
1092.26,1,24,192,128,malla,,False,1,BPo,1020843.0,259.0,True,True,True,385.22938509999926
1092.62,1,24,192,128,malla,,False,2,OPA_SUMo,1030183.0,244.0,True,True,True,571.2420230999999
1092.98,1,24,192,128,malla,,False,3,SUMo,1032278.0,256.0,True,True,True,612.9654146000005
1093.34,1,24,192,128,malla,,False,4,LPo,875000.0,303.0,True,False,False,-2519.3360500000003
1095.2,1,24,192,255,malla,,False,0,PGAgain,1002171.0,298.0,True,True,True,13.36343470000098
1095.56,1,24,192,255,malla,,False,1,BPo,1020788.0,270.0,True,True,True,384.1340216000002
1095.92,1,24,192,255,malla,,False,2,OPA_SUMo,1124368.0,308.0,True,False,False,2447.002227599999
1096.28,1,24,192,255,malla,,False,3,SUMo,1126463.0,250.0,True,False,True,2488.725619099999
1096.64,1,24,192,255,malla,,False,4,LPo,875042.0,283.0,True,False,True,-2518.4995905999995
1098.5,1,24,192,56,abba,A1,False,0,PGAgain,1002098.0,263.0,True,True,True,11.90958859999913
1098.86,1,24,192,56,abba,A1,False,1,BPo,1020843.0,281.0,True,True,True,385.22938509999926
1099.22,1,24,192,56,abba,A1,False,2,OPA_SUMo,976912.0,258.0,True,True,True,-489.68723159999934
1099.58,1,24,192,56,abba,A1,False,3,SUMo,978904.0,251.0,True,True,True,-450.0151572000001
1099.94,1,24,192,56,abba,A1,False,4,LPo,875012.0,269.0,True,False,True,-2519.0970616000013
1101.8,1,24,192,72,abba,B1,False,0,PGAgain,1002098.0,252.0,True,True,True,11.90958859999913
1102.16,1,24,192,72,abba,B1,False,1,BPo,1020825.0,247.0,True,True,True,384.8709025000009
1102.52,1,24,192,72,abba,B1,False,2,OPA_SUMo,988787.0,282.0,True,True,True,-253.18829409999933
1102.88,1,24,192,72,abba,B1,False,3,SUMo,990777.0,283.0,True,True,True,-213.55605109999914
1103.24,1,24,192,72,abba,B1,False,4,LPo,875014.0,256.0,True,False,True,-2519.0572302
1105.1,1,24,192,72,abba,B2,False,0,PGAgain,1002175.0,291.0,True,True,True,13.443097499999094
1105.46,1,24,192,72,abba,B2,False,1,BPo,1020765.0,256.0,True,True,True,383.67596049999975
1105.82,1,24,192,72,abba,B2,False,2,OPA_SUMo,988756.0,274.0,True,True,True,-253.80568080000057
1106.18,1,24,192,72,abba,B2,False,3,SUMo,990765.0,247.0,True,True,True,-213.79503950000029
1106.54,1,24,192,72,abba,B2,False,4,LPo,875000.0,272.0,True,False,True,-2519.3360500000003
1108.4,1,24,192,56,abba,A2,False,0,PGAgain,1002200.0,279.0,True,True,True,13.940990000000907
1108.76,1,24,192,56,abba,A2,False,1,BPo,1020827.0,270.0,True,True,True,384.91073389999997
1109.12,1,24,192,56,abba,A2,False,2,OPA_SUMo,976908.0,251.0,True,True,True,-489.7668943999997
1109.48,1,24,192,56,abba,A2,False,3,SUMo,978897.0,256.0,True,True,True,-450.15456709999904
1109.84,1,24,192,56,abba,A2,False,4,LPo,875028.0,258.0,True,False,True,-2518.7784103999998
1111.7,1,24,192,60,abba,A1,False,0,PGAgain,1002084.0,244.0,True,True,True,11.630768799998933
1112.06,1,24,192,60,abba,A1,False,1,BPo,1020802.0,257.0,True,True,True,384.41284140000045
1112.42,1,24,192,60,abba,A1,False,2,OPA_SUMo,979871.0,246.0,True,True,True,-430.7566753000004
1112.78,1,24,192,60,abba,A1,False,3,SUMo,981910.0,262.0,True,True,True,-390.14856300000065
1113.14,1,24,192,60,abba,A1,False,4,LPo,875000.0,266.0,True,False,True,-2519.3360500000003
1115.0,1,24,192,68,abba,B1,False,0,PGAgain,1002145.0,245.0,True,True,True,12.84562649999964
1115.36,1,24,192,68,abba,B1,False,1,BPo,1020808.0,257.0,True,True,True,384.5323355999999
1115.72,1,24,192,68,abba,B1,False,2,OPA_SUMo,985865.0,275.0,True,True,True,-311.38196949999985
1116.08,1,24,192,68,abba,B1,False,3,SUMo,987775.0,295.0,True,True,True,-273.34298250000046
1116.44,1,24,192,68,abba,B1,False,4,LPo,875013.0,269.0,True,False,True,-2519.0771458999993
1118.3,1,24,192,68,abba,B2,False,0,PGAgain,1002175.0,255.0,True,True,True,13.443097499999094
1118.66,1,24,192,68,abba,B2,False,1,BPo,1020764.0,275.0,True,True,True,383.65604480000025
1119.02,1,24,192,68,abba,B2,False,2,OPA_SUMo,985722.0,251.0,True,True,True,-314.2299146000004
1119.38,1,24,192,68,abba,B2,False,3,SUMo,987756.0,267.0,True,True,True,-273.7213808000006
1119.74,1,24,192,68,abba,B2,False,4,LPo,875024.0,255.0,True,False,True,-2518.8580732
1121.6,1,24,192,60,abba,A2,False,0,PGAgain,1002112.0,258.0,True,True,True,12.18840839999933
1121.96,1,24,192,60,abba,A2,False,1,BPo,1020785.0,261.0,True,True,True,384.0742744999994
1122.32,1,24,192,60,abba,A2,False,2,OPA_SUMo,979877.0,262.0,True,True,True,-430.637181100001
1122.68,1,24,192,60,abba,A2,False,3,SUMo,981945.0,285.0,True,True,True,-389.451513499999
1123.04,1,24,192,60,abba,A2,False,4,LPo,875000.0,252.0,True,False,True,-2519.3360500000003
1124.9,1,24,192,62,abba,A1,False,0,PGAgain,1002175.0,250.0,True,True,True,13.443097499999094
1125.26,1,24,192,62,abba,A1,False,1,BPo,1020752.0,264.0,True,True,True,383.41705639999907
1125.62,1,24,192,62,abba,A1,False,2,OPA_SUMo,981311.0,244.0,True,True,True,-402.0780672999993
1125.98,1,24,192,62,abba,A1,False,3,SUMo,983343.0,248.0,True,True,True,-361.6093649000008
1126.34,1,24,192,62,abba,A1,False,4,LPo,875000.0,246.0,True,False,True,-2519.3360500000003
1128.2,1,24,192,66,abba,B1,False,0,PGAgain,1002127.0,292.0,True,True,True,12.487143899999058
1128.56,1,24,192,66,abba,B1,False,1,BPo,1020866.0,297.0,True,True,True,385.6874461999997
1128.92,1,24,192,66,abba,B1,False,2,OPA_SUMo,984252.0,256.0,True,True,True,-343.505993600001
1129.28,1,24,192,66,abba,B1,False,3,SUMo,986271.0,249.0,True,True,True,-303.2961953000009
1129.64,1,24,192,66,abba,B1,False,4,LPo,875000.0,278.0,True,False,True,-2519.3360500000003
1131.5,1,24,192,66,abba,B2,False,0,PGAgain,1002144.0,245.0,True,True,True,12.82571080000011
1131.86,1,24,192,66,abba,B2,False,1,BPo,1020810.0,242.0,True,True,True,384.57216699999896
1132.22,1,24,192,66,abba,B2,False,2,OPA_SUMo,984322.0,251.0,True,True,True,-342.11189459999997
1132.58,1,24,192,66,abba,B2,False,3,SUMo,986352.0,279.0,True,True,True,-301.6830236000005
1132.94,1,24,192,66,abba,B2,False,4,LPo,875007.0,254.0,True,False,True,-2519.1966401000013
1134.8,1,24,192,62,abba,A2,False,0,PGAgain,1002156.0,269.0,True,True,True,13.064699199998987
1135.16,1,24,192,62,abba,A2,False,1,BPo,1020762.0,252.0,True,True,True,383.6162133999989
1135.52,1,24,192,62,abba,A2,False,2,OPA_SUMo,981383.0,286.0,True,True,True,-400.64413689999924
1135.88,1,24,192,62,abba,A2,False,3,SUMo,983362.0,294.0,True,True,True,-361.23096660000067
1136.24,1,24,192,62,abba,A2,False,4,LPo,875000.0,300.0,True,False,False,-2519.3360500000003
1200.92,1,24,255,0,referencia,,False,0,PGAgain,1002137.0,277.0,True,True,True,12.686300899998878
1201.28,1,24,255,0,referencia,,False,1,BPo,1026559.0,277.0,True,True,True,499.06752629999943
1201.64,1,24,255,0,referencia,,False,2,OPA_SUMo,912664.0,258.0,True,True,True,-1769.2311252000004
1202.0,1,24,255,0,referencia,,False,3,SUMo,914689.0,265.0,True,True,True,-1728.9018327000008
1202.36,1,24,255,0,referencia,,False,4,LPo,875000.0,267.0,True,False,True,-2519.3360500000003
1204.22,1,24,255,-255,malla,,False,0,PGAgain,1002157.0,265.0,True,True,True,13.08461490000078
1204.58,1,24,255,-255,malla,,False,1,BPo,1026509.0,263.0,True,True,True,498.0717413000003
1204.94,1,24,255,-255,malla,,False,2,OPA_SUMo,875000.0,269.0,True,False,True,-2519.3360500000003
1205.3,1,24,255,-255,malla,,False,3,SUMo,875000.0,277.0,True,False,True,-2519.3360500000003
1205.66,1,24,255,-255,malla,,False,4,LPo,875007.0,276.0,True,False,True,-2519.1966401000013
1207.52,1,24,255,-128,malla,,False,0,PGAgain,1002160.0,274.0,True,True,True,13.144361999999367
1207.88,1,24,255,-128,malla,,False,1,BPo,1026477.0,274.0,True,True,True,497.4344389000018
1208.24,1,24,255,-128,malla,,False,2,OPA_SUMo,875000.0,268.0,True,False,True,-2519.3360500000003
1208.6,1,24,255,-128,malla,,False,3,SUMo,875000.0,284.0,True,False,True,-2519.3360500000003
1208.96,1,24,255,-128,malla,,False,4,LPo,875007.0,270.0,True,False,True,-2519.1966401000013
1210.82,1,24,255,-64,malla,,False,0,PGAgain,1002114.0,253.0,True,True,True,12.228239800000653
1211.18,1,24,255,-64,malla,,False,1,BPo,1026444.0,246.0,True,True,True,496.7772207999992
1211.54,1,24,255,-64,malla,,False,2,OPA_SUMo,875000.0,252.0,True,False,True,-2519.3360500000003
1211.9,1,24,255,-64,malla,,False,3,SUMo,875000.0,261.0,True,False,True,-2519.3360500000003
1212.26,1,24,255,-64,malla,,False,4,LPo,875000.0,271.0,True,False,True,-2519.3360500000003
1214.12,1,24,255,0,malla,,False,0,PGAgain,1002066.0,264.0,True,True,True,11.272286200000616
1214.48,1,24,255,0,malla,,False,1,BPo,1026387.0,261.0,True,True,True,495.6420258999989
1214.84,1,24,255,0,malla,,False,2,OPA_SUMo,912625.0,272.0,True,True,True,-1770.0078375
1215.2,1,24,255,0,malla,,False,3,SUMo,914618.0,251.0,True,True,True,-1730.315847399999
1215.56,1,24,255,0,malla,,False,4,LPo,875049.0,252.0,True,False,True,-2518.3601807000005
1217.42,1,24,255,64,malla,,False,0,PGAgain,1002127.0,269.0,True,True,True,12.487143899999058
1217.78,1,24,255,64,malla,,False,1,BPo,1026469.0,260.0,True,True,True,497.27511330000107
1218.14,1,24,255,64,malla,,False,2,OPA_SUMo,960047.0,259.0,True,True,True,-825.5655120999995
1218.5,1,24,255,64,malla,,False,3,SUMo,962073.0,252.0,True,True,True,-785.2163039000004
1218.86,1,24,255,64,malla,,False,4,LPo,875017.0,301.0,True,False,False,-2518.997483099999
1220.72,1,24,255,128,malla,,False,0,PGAgain,1002073.0,273.0,True,True,True,11.411696099999585
1221.08,1,24,255,128,malla,,False,1,BPo,1026459.0,255.0,True,True,True,497.0759563000012
1221.44,1,24,255,128,malla,,False,2,OPA_SUMo,1007454.0,247.0,True,True,True,118.57807779999902
1221.8,1,24,255,128,malla,,False,3,SUMo,1009514.0,270.0,True,True,True,159.60441980000022
1222.16,1,24,255,128,malla,,False,4,LPo,875000.0,264.0,True,False,True,-2519.3360500000003
1224.02,1,24,255,255,malla,,False,0,PGAgain,1002150.0,264.0,True,True,True,12.945204999999548
1224.38,1,24,255,255,malla,,False,1,BPo,1026454.0,260.0,True,True,True,496.97637779999906
1224.74,1,24,255,255,malla,,False,2,OPA_SUMo,1101578.0,247.0,True,True,True,1993.1234245999997
1225.1,1,24,255,255,malla,,False,3,SUMo,1103637.0,244.0,True,True,True,2034.129850899999
1225.46,1,24,255,255,malla,,False,4,LPo,875000.0,286.0,True,False,True,-2519.3360500000003
1227.32,1,24,255,120,abba,A1,False,0,PGAgain,1002008.0,264.0,True,True,True,10.117175600000762
1227.68,1,24,255,120,abba,A1,False,1,BPo,1026479.0,257.0,True,True,True,497.47427030000085
1228.04,1,24,255,120,abba,A1,False,2,OPA_SUMo,1001533.0,271.0,True,True,True,0.657218100000308
1228.4,1,24,255,120,abba,A1,False,3,SUMo,1003560.0,290.0,True,True,True,41.02634199999891
1228.76,1,24,255,120,abba,A1,False,4,LPo,875001.0,301.0,True,False,False,-2519.3161343000006
1230.62,1,24,255,136,abba,B1,False,0,PGAgain,1002156.0,244.0,True,True,True,13.064699199998987
1230.98,1,24,255,136,abba,B1,False,1,BPo,1026457.0,247.0,True,True,True,497.03612490000216
1231.34,1,24,255,136,abba,B1,False,2,OPA_SUMo,1013384.0,249.0,True,True,True,236.6781788000003
1231.7,1,24,255,136,abba,B1,False,3,SUMo,1015429.0,266.0,True,True,True,277.4057852999995
1232.06,1,24,255,136,abba,B1,False,4,LPo,875000.0,266.0,True,False,True,-2519.3360500000003
1233.92,1,24,255,136,abba,B2,False,0,PGAgain,1002197.0,247.0,True,True,True,13.881242900000055
1234.28,1,24,255,136,abba,B2,False,1,BPo,1026524.0,264.0,True,True,True,498.3704767999978
1234.64,1,24,255,136,abba,B2,False,2,OPA_SUMo,1013401.0,265.0,True,True,True,237.0167456999991
1235.0,1,24,255,136,abba,B2,False,3,SUMo,1015393.0,252.0,True,True,True,276.6888201000006
1235.36,1,24,255,136,abba,B2,False,4,LPo,875046.0,251.0,True,False,True,-2518.419927799999
1237.22,1,24,255,120,abba,A2,False,0,PGAgain,1002160.0,283.0,True,True,True,13.144361999999367
1237.58,1,24,255,120,abba,A2,False,1,BPo,1026450.0,257.0,True,True,True,496.89671500000094
1237.94,1,24,255,120,abba,A2,False,2,OPA_SUMo,1001596.0,288.0,True,True,True,1.9119072000000725
1238.3,1,24,255,120,abba,A2,False,3,SUMo,1003594.0,246.0,True,True,True,41.703475800001016
1238.66,1,24,255,120,abba,A2,False,4,LPo,875011.0,246.0,True,False,True,-2519.1169773000006
1240.52,1,24,255,124,abba,A1,False,0,PGAgain,1002050.0,281.0,True,True,True,10.953634999999094
1240.88,1,24,255,124,abba,A1,False,1,BPo,1026435.0,253.0,True,True,True,496.5979794999989
1241.24,1,24,255,124,abba,A1,False,2,OPA_SUMo,1004537.0,267.0,True,True,True,60.48398090000069
1241.6,1,24,255,124,abba,A1,False,3,SUMo,1006471.0,257.0,True,True,True,99.00094470000008
1241.96,1,24,255,124,abba,A1,False,4,LPo,875000.0,266.0,True,False,True,-2519.3360500000003
1243.82,1,24,255,132,abba,B1,False,0,PGAgain,1002170.0,260.0,True,True,True,13.343518999999185
1244.18,1,24,255,132,abba,B1,False,1,BPo,1026464.0,263.0,True,True,True,497.17553479999884
1244.54,1,24,255,132,abba,B1,False,2,OPA_SUMo,1010461.0,267.0,True,True,True,178.46458770000027
1244.9,1,24,255,132,abba,B1,False,3,SUMo,1012403.0,285.0,True,True,True,217.1408771000004
1245.26,1,24,255,132,abba,B1,False,4,LPo,875049.0,260.0,True,False,True,-2518.3601807000005
1247.12,1,24,255,132,abba,B2,False,0,PGAgain,1002197.0,288.0,True,True,True,13.881242900000055
1247.48,1,24,255,132,abba,B2,False,1,BPo,1026411.0,295.0,True,True,True,496.1200027000012
1247.84,1,24,255,132,abba,B2,False,2,OPA_SUMo,1010438.0,277.0,True,True,True,178.00652659999977
1248.2,1,24,255,132,abba,B2,False,3,SUMo,1012372.0,307.0,True,True,False,216.52349039999916
1248.56,1,24,255,132,abba,B2,False,4,LPo,875040.0,281.0,True,False,True,-2518.5394220000007
1250.42,1,24,255,124,abba,A2,False,0,PGAgain,1002164.0,262.0,True,True,True,13.224024799999746
1250.78,1,24,255,124,abba,A2,False,1,BPo,1026445.0,268.0,True,True,True,496.79713649999877
1251.14,1,24,255,124,abba,A2,False,2,OPA_SUMo,1004514.0,270.0,True,True,True,60.0259198000002
1251.5,1,24,255,124,abba,A2,False,3,SUMo,1006494.0,247.0,True,True,True,99.45900580000057
1251.86,1,24,255,124,abba,A2,False,4,LPo,875000.0,260.0,True,False,True,-2519.3360500000003
1253.72,1,24,255,126,abba,A1,False,0,PGAgain,1002137.0,272.0,True,True,True,12.686300899998878
1254.08,1,24,255,126,abba,A1,False,1,BPo,1026498.0,261.0,True,True,True,497.852668600001
1254.44,1,24,255,126,abba,A1,False,2,OPA_SUMo,1005968.0,304.0,True,True,False,88.98334759999922
1254.8,1,24,255,126,abba,A1,False,3,SUMo,1007982.0,292.0,True,True,True,129.09356739999942
1255.16,1,24,255,126,abba,A1,False,4,LPo,875000.0,246.0,True,False,True,-2519.3360500000003
1257.02,1,24,255,130,abba,B1,False,0,PGAgain,1002058.0,281.0,True,True,True,11.112960599999855
1257.38,1,24,255,130,abba,B1,False,1,BPo,1026440.0,257.0,True,True,True,496.6975580000011
1257.74,1,24,255,130,abba,B1,False,2,OPA_SUMo,1008921.0,247.0,True,True,True,147.79440970000098
1258.1,1,24,255,130,abba,B1,False,3,SUMo,1010972.0,261.0,True,True,True,188.64151039999962
1258.46,1,24,255,130,abba,B1,False,4,LPo,875016.0,278.0,True,False,True,-2519.017398800001
1260.32,1,24,255,130,abba,B2,False,0,PGAgain,1002140.0,260.0,True,True,True,12.746047999999728
1260.68,1,24,255,130,abba,B2,False,1,BPo,1026463.0,268.0,True,True,True,497.15561909999934
1261.04,1,24,255,130,abba,B2,False,2,OPA_SUMo,1008944.0,250.0,True,True,True,148.2524707999992
1261.4,1,24,255,130,abba,B2,False,3,SUMo,1010896.0,255.0,True,True,True,187.1279171999992
1261.76,1,24,255,130,abba,B2,False,4,LPo,875000.0,246.0,True,False,True,-2519.3360500000003
1263.62,1,24,255,126,abba,A2,False,0,PGAgain,1002106.0,249.0,True,True,True,12.068914199999892
1263.98,1,24,255,126,abba,A2,False,1,BPo,1026472.0,246.0,True,True,True,497.3348603999996
1264.34,1,24,255,126,abba,A2,False,2,OPA_SUMo,1005923.0,267.0,True,True,True,88.08714110000004
1264.7,1,24,255,126,abba,A2,False,3,SUMo,1007989.0,289.0,True,True,True,129.23297730000067
1265.06,1,24,255,126,abba,A2,False,4,LPo,875016.0,277.0,True,False,True,-2519.017398800001
1329.74,2,24,255,0,referencia,,False,0,PGAgain,1002167.0,255.0,True,True,True,13.283771900000598
1330.1,2,24,255,0,referencia,,False,1,BPo,1026460.0,288.0,True,True,True,497.0958720000007
1330.46,2,24,255,0,referencia,,False,2,OPA_SUMo,912469.0,256.0,True,True,True,-1773.114686699999
1330.82,2,24,255,0,referencia,,False,3,SUMo,914491.0,269.0,True,True,True,-1732.8451413000005
1331.18,2,24,255,0,referencia,,False,4,LPo,875049.0,255.0,True,False,True,-2518.3601807000005
1333.04,2,24,255,-255,malla,,False,0,PGAgain,1002108.0,271.0,True,True,True,12.10874559999895
1333.4,2,24,255,-255,malla,,False,1,BPo,1026526.0,267.0,True,True,True,498.41030820000134
1333.76,2,24,255,-255,malla,,False,2,OPA_SUMo,875000.0,256.0,True,False,True,-2519.3360500000003
1334.12,2,24,255,-255,malla,,False,3,SUMo,875000.0,276.0,True,False,True,-2519.3360500000003
1334.48,2,24,255,-255,malla,,False,4,LPo,875000.0,245.0,True,False,True,-2519.3360500000003
1336.34,2,24,255,-128,malla,,False,0,PGAgain,1002153.0,247.0,True,True,True,13.004952100000398
1336.7,2,24,255,-128,malla,,False,1,BPo,1026475.0,249.0,True,True,True,497.3946074999982
1337.06,2,24,255,-128,malla,,False,2,OPA_SUMo,875000.0,253.0,True,False,True,-2519.3360500000003
1337.42,2,24,255,-128,malla,,False,3,SUMo,875000.0,262.0,True,False,True,-2519.3360500000003
1337.78,2,24,255,-128,malla,,False,4,LPo,875000.0,275.0,True,False,True,-2519.3360500000003
1339.64,2,24,255,-64,malla,,False,0,PGAgain,1002219.0,258.0,True,True,True,14.319388300001014
1340.0,2,24,255,-64,malla,,False,1,BPo,1026455.0,252.0,True,True,True,496.99629349999856
1340.36,2,24,255,-64,malla,,False,2,OPA_SUMo,875000.0,240.0,True,False,True,-2519.3360500000003
1340.72,2,24,255,-64,malla,,False,3,SUMo,875000.0,259.0,True,False,True,-2519.3360500000003
1341.08,2,24,255,-64,malla,,False,4,LPo,875066.0,252.0,True,False,True,-2518.0216137999996
1342.94,2,24,255,0,malla,,False,0,PGAgain,1002187.0,247.0,True,True,True,13.682085900000237
1343.3,2,24,255,0,malla,,False,1,BPo,1026481.0,251.0,True,True,True,497.5141016999999
1343.66,2,24,255,0,malla,,False,2,OPA_SUMo,912379.0,266.0,True,True,True,-1774.9070996999997
1344.02,2,24,255,0,malla,,False,3,SUMo,914471.0,282.0,True,True,True,-1733.2434553
1344.38,2,24,255,0,malla,,False,4,LPo,875055.0,261.0,True,False,True,-2518.240686500001
1346.24,2,24,255,64,malla,,False,0,PGAgain,1002159.0,273.0,True,True,True,13.124446299999837
1346.6,2,24,255,64,malla,,False,1,BPo,1026444.0,254.0,True,True,True,496.7772207999992
1346.96,2,24,255,64,malla,,False,2,OPA_SUMo,959818.0,271.0,True,True,True,-830.1262074000003
1347.32,2,24,255,64,malla,,False,3,SUMo,961852.0,263.0,True,True,True,-789.6176736000006
1347.68,2,24,255,64,malla,,False,4,LPo,875071.0,266.0,True,False,True,-2517.9220352999996
1349.54,2,24,255,128,malla,,False,0,PGAgain,1002200.0,280.0,True,True,True,13.940990000000907
1349.9,2,24,255,128,malla,,False,1,BPo,1026431.0,267.0,True,True,True,496.5183167000008
1350.26,2,24,255,128,malla,,False,2,OPA_SUMo,1007286.0,274.0,True,True,True,115.2322401999989
1350.62,2,24,255,128,malla,,False,3,SUMo,1009171.0,274.0,True,True,True,152.773334700001
1350.98,2,24,255,128,malla,,False,4,LPo,875000.0,258.0,True,False,True,-2519.3360500000003
1352.84,2,24,255,255,malla,,False,0,PGAgain,1002182.0,271.0,True,True,True,13.582507400000328
1353.2,2,24,255,255,malla,,False,1,BPo,1026489.0,286.0,True,True,True,497.6734273000007
1353.56,2,24,255,255,malla,,False,2,OPA_SUMo,1101375.0,262.0,True,True,True,1989.0805375000002
1353.92,2,24,255,255,malla,,False,3,SUMo,1103384.0,261.0,True,True,True,2029.0911788000003
1354.28,2,24,255,255,malla,,False,4,LPo,875076.0,262.0,True,False,True,-2517.8224567999996
1356.14,2,24,255,120,abba,A1,False,0,PGAgain,1002112.0,255.0,True,True,True,12.18840839999933
1356.5,2,24,255,120,abba,A1,False,1,BPo,1026478.0,274.0,True,True,True,497.45435460000135
1356.86,2,24,255,120,abba,A1,False,2,OPA_SUMo,1001342.0,252.0,True,True,True,-3.146680600000308
1357.22,2,24,255,120,abba,A1,False,3,SUMo,1003263.0,260.0,True,True,True,35.11137910000067
1357.58,2,24,255,120,abba,A1,False,4,LPo,875000.0,260.0,True,False,True,-2519.3360500000003
1359.44,2,24,255,136,abba,B1,False,0,PGAgain,1002117.0,277.0,True,True,True,12.28798689999924
1359.8,2,24,255,136,abba,B1,False,1,BPo,1026503.0,260.0,True,True,True,497.9522470999986
1360.16,2,24,255,136,abba,B1,False,2,OPA_SUMo,1013187.0,254.0,True,True,True,232.75478590000026
1360.52,2,24,255,136,abba,B1,False,3,SUMo,1015151.0,261.0,True,True,True,271.8692206999991
1360.88,2,24,255,136,abba,B1,False,4,LPo,875000.0,265.0,True,False,True,-2519.3360500000003
1362.74,2,24,255,136,abba,B2,False,0,PGAgain,1002192.0,257.0,True,True,True,13.781664400000146
1363.1,2,24,255,136,abba,B2,False,1,BPo,1026432.0,283.0,True,True,True,496.53823240000037
1363.46,2,24,255,136,abba,B2,False,2,OPA_SUMo,1013173.0,278.0,True,True,True,232.47596610000005
1363.82,2,24,255,136,abba,B2,False,3,SUMo,1015193.0,284.0,True,True,True,272.7056800999997
1364.18,2,24,255,136,abba,B2,False,4,LPo,875026.0,250.0,True,False,True,-2518.818241800001
1366.04,2,24,255,120,abba,A2,False,0,PGAgain,1002113.0,270.0,True,True,True,12.208324100001123
1366.4,2,24,255,120,abba,A2,False,1,BPo,1026497.0,274.0,True,True,True,497.8327529000014
1366.76,2,24,255,120,abba,A2,False,2,OPA_SUMo,1001374.0,255.0,True,True,True,-2.5093781999995293
1367.12,2,24,255,120,abba,A2,False,3,SUMo,1003325.0,262.0,True,True,True,36.346152500000905
1367.48,2,24,255,120,abba,A2,False,4,LPo,875000.0,249.0,True,False,True,-2519.3360500000003
1369.34,2,24,255,124,abba,A1,False,0,PGAgain,1002174.0,283.0,True,True,True,13.423181799999567
1369.7,2,24,255,124,abba,A1,False,1,BPo,1026474.0,275.0,True,True,True,497.3746917999987
1370.06,2,24,255,124,abba,A1,False,2,OPA_SUMo,1004308.0,258.0,True,True,True,55.92328559999986
1370.42,2,24,255,124,abba,A1,False,3,SUMo,1006246.0,240.0,True,True,True,94.51991219999962
1370.78,2,24,255,124,abba,A1,False,4,LPo,875031.0,324.0,True,False,False,-2518.718663300001
1372.64,2,24,255,132,abba,B1,False,0,PGAgain,1002164.0,264.0,True,True,True,13.224024799999746
1373.0,2,24,255,132,abba,B1,False,1,BPo,1026488.0,241.0,True,True,True,497.65351160000114
1373.36,2,24,255,132,abba,B1,False,2,OPA_SUMo,1010233.0,245.0,True,True,True,173.92380809999895
1373.72,2,24,255,132,abba,B1,False,3,SUMo,1012230.0,249.0,True,True,True,213.69546100000036
1374.08,2,24,255,132,abba,B1,False,4,LPo,875000.0,254.0,True,False,True,-2519.3360500000003
1375.94,2,24,255,132,abba,B2,False,0,PGAgain,1002142.0,258.0,True,True,True,12.78587940000105
1376.3,2,24,255,132,abba,B2,False,1,BPo,1026522.0,257.0,True,True,True,498.33064539999873
1376.66,2,24,255,132,abba,B2,False,2,OPA_SUMo,1010180.0,249.0,True,True,True,172.868275999999
1377.02,2,24,255,132,abba,B2,False,3,SUMo,1012183.0,308.0,True,True,False,212.75942309999988
1377.38,2,24,255,132,abba,B2,False,4,LPo,875000.0,247.0,True,False,True,-2519.3360500000003
1379.24,2,24,255,124,abba,A2,False,0,PGAgain,1002184.0,246.0,True,True,True,13.622338799999385
1379.6,2,24,255,124,abba,A2,False,1,BPo,1026475.0,258.0,True,True,True,497.3946074999982
1379.96,2,24,255,124,abba,A2,False,2,OPA_SUMo,1004299.0,246.0,True,True,True,55.744044299999565
1380.32,2,24,255,124,abba,A2,False,3,SUMo,1006212.0,247.0,True,True,True,93.84277839999979
1380.68,2,24,255,124,abba,A2,False,4,LPo,875000.0,277.0,True,False,True,-2519.3360500000003
1382.54,2,24,255,126,abba,A1,False,0,PGAgain,1002165.0,267.0,True,True,True,13.243940499999276
1382.9,2,24,255,126,abba,A1,False,1,BPo,1026508.0,296.0,True,True,True,498.05182560000077
1383.26,2,24,255,126,abba,A1,False,2,OPA_SUMo,1005670.0,266.0,True,True,True,83.04846899999919
1383.62,2,24,255,126,abba,A1,False,3,SUMo,1007699.0,268.0,True,True,True,123.45742429999912
1383.98,2,24,255,126,abba,A1,False,4,LPo,875000.0,274.0,True,False,True,-2519.3360500000003
1385.84,2,24,255,130,abba,B1,False,0,PGAgain,1002136.0,253.0,True,True,True,12.666385199999349
1386.2,2,24,255,130,abba,B1,False,1,BPo,1026476.0,249.0,True,True,True,497.4145232000023
1386.56,2,24,255,130,abba,B1,False,2,OPA_SUMo,1008628.0,278.0,True,True,True,141.95910960000086
1386.92,2,24,255,130,abba,B1,False,3,SUMo,1010681.0,243.0,True,True,True,182.8460417000008
1387.28,2,24,255,130,abba,B1,False,4,LPo,875019.0,243.0,True,False,True,-2518.9576517
1389.14,2,24,255,130,abba,B2,False,0,PGAgain,1002201.0,281.0,True,True,True,13.960905700000435
1389.5,2,24,255,130,abba,B2,False,1,BPo,1026541.0,288.0,True,True,True,498.70904369999886
1389.86,2,24,255,130,abba,B2,False,2,OPA_SUMo,1008629.0,261.0,True,True,True,141.9790253000004
1390.22,2,24,255,130,abba,B2,False,3,SUMo,1010721.0,278.0,True,True,True,183.64266970000008
1390.58,2,24,255,130,abba,B2,False,4,LPo,875000.0,281.0,True,False,True,-2519.3360500000003
1392.44,2,24,255,126,abba,A2,False,0,PGAgain,1002251.0,259.0,True,True,True,14.95669069999953
1392.8,2,24,255,126,abba,A2,False,1,BPo,1026501.0,257.0,True,True,True,497.91241569999954
1393.16,2,24,255,126,abba,A2,False,2,OPA_SUMo,1005685.0,249.0,True,True,True,83.34720449999892
1393.52,2,24,255,126,abba,A2,False,3,SUMo,1007687.0,277.0,True,True,True,123.21843590000024
1393.88,2,24,255,126,abba,A2,False,4,LPo,875004.0,281.0,True,False,True,-2519.2563871999996
1458.56,2,24,192,0,referencia,,False,0,PGAgain,1002194.0,278.0,True,True,True,13.821495799999203
1458.92,2,24,192,0,referencia,,False,1,BPo,1020838.0,275.0,True,True,True,385.1298065999993
1459.28,2,24,192,0,referencia,,False,2,OPA_SUMo,934876.0,275.0,True,True,True,-1326.8635968000006
1459.64,2,24,192,0,referencia,,False,3,SUMo,936788.0,262.0,True,True,True,-1288.7847783999998
1460.0,2,24,192,0,referencia,,False,4,LPo,875000.0,273.0,True,False,True,-2519.3360500000003
1461.86,2,24,192,-255,malla,,False,0,PGAgain,1002246.0,270.0,True,True,True,14.857112199999621
1462.22,2,24,192,-255,malla,,False,1,BPo,1020797.0,284.0,True,True,True,384.31326290000055
1462.58,2,24,192,-255,malla,,False,2,OPA_SUMo,875000.0,275.0,True,False,True,-2519.3360500000003
1462.94,2,24,192,-255,malla,,False,3,SUMo,875000.0,284.0,True,False,True,-2519.3360500000003
1463.3,2,24,192,-255,malla,,False,4,LPo,875000.0,258.0,True,False,True,-2519.3360500000003
1465.16,2,24,192,-128,malla,,False,0,PGAgain,1002185.0,247.0,True,True,True,13.642254499998915
1465.52,2,24,192,-128,malla,,False,1,BPo,1020799.0,275.0,True,True,True,384.3530942999996
1465.88,2,24,192,-128,malla,,False,2,OPA_SUMo,875000.0,255.0,True,False,True,-2519.3360500000003
1466.24,2,24,192,-128,malla,,False,3,SUMo,875000.0,264.0,True,False,True,-2519.3360500000003
1466.6,2,24,192,-128,malla,,False,4,LPo,875000.0,258.0,True,False,True,-2519.3360500000003
1468.46,2,24,192,-64,malla,,False,0,PGAgain,1002212.0,241.0,True,True,True,14.179978399999783
1468.82,2,24,192,-64,malla,,False,1,BPo,1020786.0,262.0,True,True,True,384.09419019999893
1469.18,2,24,192,-64,malla,,False,2,OPA_SUMo,887354.0,279.0,True,True,True,-2273.2974921999994
1469.54,2,24,192,-64,malla,,False,3,SUMo,889357.0,265.0,True,True,True,-2233.4063451000006
1469.9,2,24,192,-64,malla,,False,4,LPo,875000.0,247.0,True,False,True,-2519.3360500000003
1471.76,2,24,192,0,malla,,False,0,PGAgain,1002251.0,250.0,True,True,True,14.95669069999953
1472.12,2,24,192,0,malla,,False,1,BPo,1020814.0,267.0,True,True,True,384.6518297999993
1472.48,2,24,192,0,malla,,False,2,OPA_SUMo,934819.0,251.0,True,True,True,-1327.9987917000008
1472.84,2,24,192,0,malla,,False,3,SUMo,936822.0,256.0,True,True,True,-1288.1076446
1473.2,2,24,192,0,malla,,False,4,LPo,875000.0,249.0,True,False,True,-2519.3360500000003
1475.06,2,24,192,64,malla,,False,0,PGAgain,1002254.0,276.0,True,True,True,15.01643780000038
1475.42,2,24,192,64,malla,,False,1,BPo,1020801.0,259.0,True,True,True,384.3929257000009
1475.78,2,24,192,64,malla,,False,2,OPA_SUMo,982232.0,258.0,True,True,True,-383.7357076000006
1476.14,2,24,192,64,malla,,False,3,SUMo,984254.0,271.0,True,True,True,-343.46616219999964
1476.5,2,24,192,64,malla,,False,4,LPo,875000.0,275.0,True,False,True,-2519.3360500000003
1478.36,2,24,192,128,malla,,False,0,PGAgain,1002247.0,243.0,True,True,True,14.877027899999149
1478.72,2,24,192,128,malla,,False,1,BPo,1020822.0,249.0,True,True,True,384.8111554000001
1479.08,2,24,192,128,malla,,False,2,OPA_SUMo,1029618.0,245.0,True,True,True,559.9896525999987
1479.44,2,24,192,128,malla,,False,3,SUMo,1031616.0,243.0,True,True,True,599.7812211999998
1479.8,2,24,192,128,malla,,False,4,LPo,875000.0,266.0,True,False,True,-2519.3360500000003
1481.66,2,24,192,255,malla,,False,0,PGAgain,1002232.0,253.0,True,True,True,14.578292399999421
1482.02,2,24,192,255,malla,,False,1,BPo,1020809.0,261.0,True,True,True,384.5522512999994
1482.38,2,24,192,255,malla,,False,2,OPA_SUMo,1123769.0,296.0,True,False,True,2435.0727233000002
1482.74,2,24,192,255,malla,,False,3,SUMo,1125757.0,246.0,True,False,True,2474.6651349000012
1483.1,2,24,192,255,malla,,False,4,LPo,875024.0,273.0,True,False,True,-2518.8580732
1484.96,2,24,192,56,abba,A1,False,0,PGAgain,1002207.0,286.0,True,True,True,14.080399899999874
1485.32,2,24,192,56,abba,A1,False,1,BPo,1020796.0,268.0,True,True,True,384.293347200001
1485.68,2,24,192,56,abba,A1,False,2,OPA_SUMo,976280.0,244.0,True,True,True,-502.2739540000006
1486.04,2,24,192,56,abba,A1,False,3,SUMo,978243.0,287.0,True,True,True,-463.17943489999897
1486.4,2,24,192,56,abba,A1,False,4,LPo,875024.0,261.0,True,False,True,-2518.8580732
1488.26,2,24,192,72,abba,B1,False,0,PGAgain,1002203.0,256.0,True,True,True,14.000737099999494
1488.62,2,24,192,72,abba,B1,False,1,BPo,1020814.0,257.0,True,True,True,384.6518297999993
1488.98,2,24,192,72,abba,B1,False,2,OPA_SUMo,988121.0,261.0,True,True,True,-266.45215030000037
1489.34,2,24,192,72,abba,B1,False,3,SUMo,990067.0,272.0,True,True,True,-227.69619809999986
1489.7,2,24,192,72,abba,B1,False,4,LPo,875061.0,281.0,True,False,True,-2518.1211922999996
1491.56,2,24,192,72,abba,B2,False,0,PGAgain,1002215.0,276.0,True,True,True,14.239725500000635
1491.92,2,24,192,72,abba,B2,False,1,BPo,1020818.0,282.0,True,True,True,384.7314925999997
1492.28,2,24,192,72,abba,B2,False,2,OPA_SUMo,988155.0,280.0,True,True,True,-265.77501650000056
1492.64,2,24,192,72,abba,B2,False,3,SUMo,990002.0,258.0,True,True,True,-228.99071860000095
1493.0,2,24,192,72,abba,B2,False,4,LPo,875033.0,252.0,True,False,True,-2518.6788318999998
1494.86,2,24,192,56,abba,A2,False,0,PGAgain,1002254.0,283.0,True,True,True,15.01643780000038
1495.22,2,24,192,56,abba,A2,False,1,BPo,1020809.0,258.0,True,True,True,384.5522512999994
1495.58,2,24,192,56,abba,A2,False,2,OPA_SUMo,976209.0,278.0,True,True,True,-503.6879687000011
1495.94,2,24,192,56,abba,A2,False,3,SUMo,978256.0,258.0,True,True,True,-462.92053080000056
1496.3,2,24,192,56,abba,A2,False,4,LPo,875000.0,267.0,True,False,True,-2519.3360500000003
1498.16,2,24,192,60,abba,A1,False,0,PGAgain,1002245.0,276.0,True,True,True,14.837196500000092
1498.52,2,24,192,60,abba,A1,False,1,BPo,1020833.0,245.0,True,True,True,385.0302280999994
1498.88,2,24,192,60,abba,A1,False,2,OPA_SUMo,979135.0,272.0,True,True,True,-445.4146305000002
1499.24,2,24,192,60,abba,A1,False,3,SUMo,981172.0,257.0,True,True,True,-404.84634959999954
1499.6,2,24,192,60,abba,A1,False,4,LPo,875000.0,253.0,True,False,True,-2519.3360500000003
1501.46,2,24,192,68,abba,B1,False,0,PGAgain,1002216.0,268.0,True,True,True,14.259641200000164
1501.82,2,24,192,68,abba,B1,False,1,BPo,1020728.0,260.0,True,True,True,382.93907959999905
1502.18,2,24,192,68,abba,B1,False,2,OPA_SUMo,985102.0,278.0,True,True,True,-326.5776486000005
1502.54,2,24,192,68,abba,B1,False,3,SUMo,987105.0,263.0,True,True,True,-286.6865014999997
1502.9,2,24,192,68,abba,B1,False,4,LPo,875000.0,253.0,True,False,True,-2519.3360500000003
1504.76,2,24,192,68,abba,B2,False,0,PGAgain,1002218.0,260.0,True,True,True,14.299472599999222
1505.12,2,24,192,68,abba,B2,False,1,BPo,1020746.0,280.0,True,True,True,383.2975621999996
1505.48,2,24,192,68,abba,B2,False,2,OPA_SUMo,985097.0,264.0,True,True,True,-326.67722710000044
1505.84,2,24,192,68,abba,B2,False,3,SUMo,987086.0,286.0,True,True,True,-287.06489979999975
1506.2,2,24,192,68,abba,B2,False,4,LPo,875018.0,286.0,True,False,True,-2518.9775673999998
1508.06,2,24,192,60,abba,A2,False,0,PGAgain,1002209.0,252.0,True,True,True,14.120231299998933
1508.42,2,24,192,60,abba,A2,False,1,BPo,1020786.0,285.0,True,True,True,384.09419019999893
1508.78,2,24,192,60,abba,A2,False,2,OPA_SUMo,979201.0,282.0,True,True,True,-444.1001942999996
1509.14,2,24,192,60,abba,A2,False,3,SUMo,981216.0,258.0,True,True,True,-403.97005879999983
1509.5,2,24,192,60,abba,A2,False,4,LPo,875000.0,254.0,True,False,True,-2519.3360500000003
1511.36,2,24,192,62,abba,A1,False,0,PGAgain,1002199.0,285.0,True,True,True,13.921074299999113
1511.72,2,24,192,62,abba,A1,False,1,BPo,1020832.0,265.0,True,True,True,385.0103123999999
1512.08,2,24,192,62,abba,A1,False,2,OPA_SUMo,980558.0,296.0,True,True,True,-417.07458940000015
1512.44,2,24,192,62,abba,A1,False,3,SUMo,982645.0,255.0,True,True,True,-375.5105235000004
1512.8,2,24,192,62,abba,A1,False,4,LPo,875000.0,251.0,True,False,True,-2519.3360500000003
1514.66,2,24,192,66,abba,B1,False,0,PGAgain,1002186.0,270.0,True,True,True,13.662170200000707
1515.02,2,24,192,66,abba,B1,False,1,BPo,1020821.0,256.0,True,True,True,384.7912397000006
1515.38,2,24,192,66,abba,B1,False,2,OPA_SUMo,983623.0,285.0,True,True,True,-356.0329688999991
1515.74,2,24,192,66,abba,B1,False,3,SUMo,985610.0,267.0,True,True,True,-316.46047299999975
1516.1,2,24,192,66,abba,B1,False,4,LPo,875000.0,267.0,True,False,True,-2519.3360500000003
1517.96,2,24,192,66,abba,B2,False,0,PGAgain,1002214.0,277.0,True,True,True,14.219809800001105
1518.32,2,24,192,66,abba,B2,False,1,BPo,1020782.0,279.0,True,True,True,384.0145274000008
1518.68,2,24,192,66,abba,B2,False,2,OPA_SUMo,983632.0,248.0,True,True,True,-355.85372760000104
1519.04,2,24,192,66,abba,B2,False,3,SUMo,985579.0,283.0,True,True,True,-317.077859700001
1519.4,2,24,192,66,abba,B2,False,4,LPo,875000.0,275.0,True,False,True,-2519.3360500000003
1521.26,2,24,192,62,abba,A2,False,0,PGAgain,1002240.0,248.0,True,True,True,14.737618000000182
1521.62,2,24,192,62,abba,A2,False,1,BPo,1020847.0,260.0,True,True,True,385.3090478999996
1521.98,2,24,192,62,abba,A2,False,2,OPA_SUMo,980583.0,261.0,True,True,True,-416.5766969000006
1522.34,2,24,192,62,abba,A2,False,3,SUMo,982544.0,273.0,True,True,True,-377.52200920000035
1522.7,2,24,192,62,abba,A2,False,4,LPo,875000.0,267.0,True,False,True,-2519.3360500000003
1587.38,2,24,128,0,referencia,,False,0,PGAgain,1002253.0,249.0,True,True,True,14.996522100000853
1587.74,2,24,128,0,referencia,,False,1,BPo,1015002.0,267.0,True,True,True,268.9017813999991
1588.1,2,24,128,0,referencia,,False,2,OPA_SUMo,957486.0,258.0,True,True,True,-876.5696198000003
1588.46,2,24,128,0,referencia,,False,3,SUMo,959585.0,255.0,True,True,True,-834.7665654999993
1588.82,2,24,128,0,referencia,,False,4,LPo,875000.0,259.0,True,False,True,-2519.3360500000003
1590.68,2,24,128,-255,malla,,False,0,PGAgain,1002283.0,269.0,True,True,True,15.59399310000031
1591.04,2,24,128,-255,malla,,False,1,BPo,1015026.0,247.0,True,True,True,269.3797581999991
1591.4,2,24,128,-255,malla,,False,2,OPA_SUMo,875000.0,260.0,True,False,True,-2519.3360500000003
1591.76,2,24,128,-255,malla,,False,3,SUMo,875000.0,273.0,True,False,True,-2519.3360500000003
1592.12,2,24,128,-255,malla,,False,4,LPo,875000.0,295.0,True,False,True,-2519.3360500000003
1593.98,2,24,128,-128,malla,,False,0,PGAgain,1002254.0,247.0,True,True,True,15.01643780000038
1594.34,2,24,128,-128,malla,,False,1,BPo,1015038.0,271.0,True,True,True,269.61874660000024
1594.7,2,24,128,-128,malla,,False,2,OPA_SUMo,875000.0,255.0,True,False,True,-2519.3360500000003
1595.06,2,24,128,-128,malla,,False,3,SUMo,875000.0,249.0,True,False,True,-2519.3360500000003
1595.42,2,24,128,-128,malla,,False,4,LPo,875054.0,270.0,True,False,True,-2518.2606022000004
1597.28,2,24,128,-64,malla,,False,0,PGAgain,1002224.0,258.0,True,True,True,14.418966800000925
1597.64,2,24,128,-64,malla,,False,1,BPo,1015062.0,270.0,True,True,True,270.09672340000026
1598.0,2,24,128,-64,malla,,False,2,OPA_SUMo,910092.0,276.0,True,True,True,-1820.4543056000005
1598.36,2,24,128,-64,malla,,False,3,SUMo,912080.0,247.0,True,True,True,-1780.8618939999992
1598.72,2,24,128,-64,malla,,False,4,LPo,875088.0,256.0,True,False,True,-2517.583468400001
1600.58,2,24,128,0,malla,,False,0,PGAgain,1002213.0,272.0,True,True,True,14.199894099999312
1600.94,2,24,128,0,malla,,False,1,BPo,1015025.0,272.0,True,True,True,269.35984249999956
1601.3,2,24,128,0,malla,,False,2,OPA_SUMo,957447.0,248.0,True,True,True,-877.3463321
1601.66,2,24,128,0,malla,,False,3,SUMo,959475.0,247.0,True,True,True,-836.9572924999995
1602.02,2,24,128,0,malla,,False,4,LPo,875013.0,250.0,True,False,True,-2519.0771458999993
1603.88,2,24,128,64,malla,,False,0,PGAgain,1002226.0,244.0,True,True,True,14.458798199999983
1604.24,2,24,128,64,malla,,False,1,BPo,1015068.0,265.0,True,True,True,270.2162175999997
1604.6,2,24,128,64,malla,,False,2,OPA_SUMo,1004918.0,255.0,True,True,True,68.07186260000013
1604.96,2,24,128,64,malla,,False,3,SUMo,1006892.0,253.0,True,True,True,107.38545440000105
1605.32,2,24,128,64,malla,,False,4,LPo,875000.0,254.0,True,False,True,-2519.3360500000003
1607.18,2,24,128,128,malla,,False,0,PGAgain,1002252.0,252.0,True,True,True,14.976606399999058
1607.54,2,24,128,128,malla,,False,1,BPo,1015011.0,254.0,True,True,True,269.0810226999994
1607.9,2,24,128,128,malla,,False,2,OPA_SUMo,1052343.0,270.0,True,True,True,1012.5739351000016
1608.26,2,24,128,128,malla,,False,3,SUMo,1054428.0,250.0,True,True,True,1054.0981696000022
1608.62,2,24,128,128,malla,,False,4,LPo,875000.0,272.0,True,False,True,-2519.3360500000003
1610.48,2,24,128,255,malla,,False,0,PGAgain,1002236.0,256.0,True,True,True,14.657955199999801
1610.84,2,24,128,255,malla,,False,1,BPo,1014980.0,269.0,True,True,True,268.46363600000035
1611.2,2,24,128,255,malla,,False,2,OPA_SUMo,1128000.0,273.0,True,False,True,2519.3360500000003
1611.56,2,24,128,255,malla,,False,3,SUMo,1128000.0,257.0,True,False,True,2519.3360500000003
1611.92,2,24,128,255,malla,,False,4,LPo,875000.0,256.0,True,False,True,-2519.3360500000003
1613.78,2,24,128,56,abba,A1,False,0,PGAgain,1002283.0,255.0,True,True,True,15.59399310000031
1614.14,2,24,128,56,abba,A1,False,1,BPo,1015062.0,267.0,True,True,True,270.09672340000026
1614.5,2,24,128,56,abba,A1,False,2,OPA_SUMo,998954.0,247.0,True,True,True,-50.70537220000098
1614.86,2,24,128,56,abba,A1,False,3,SUMo,1000953.0,262.0,True,True,True,-10.893887900000507
1615.22,2,24,128,56,abba,A1,False,4,LPo,875050.0,269.0,True,False,True,-2518.340265000001
1617.08,2,24,128,72,abba,B1,False,0,PGAgain,1002214.0,255.0,True,True,True,14.219809800001105
1617.44,2,24,128,72,abba,B1,False,1,BPo,1015078.0,256.0,True,True,True,270.4153745999995
1617.8,2,24,128,72,abba,B1,False,2,OPA_SUMo,1010814.0,258.0,True,True,True,185.4948297999993
1618.16,2,24,128,72,abba,B1,False,3,SUMo,1012843.0,279.0,True,True,True,225.90378509999923
1618.52,2,24,128,72,abba,B1,False,4,LPo,875076.0,253.0,True,False,True,-2517.8224567999996
1620.38,2,24,128,72,abba,B2,False,0,PGAgain,1002263.0,272.0,True,True,True,15.195679100000671
1620.74,2,24,128,72,abba,B2,False,1,BPo,1015042.0,276.0,True,True,True,269.6984094000006
1621.1,2,24,128,72,abba,B2,False,2,OPA_SUMo,1010849.0,293.0,True,True,True,186.19187930000092
1621.46,2,24,128,72,abba,B2,False,3,SUMo,1012780.0,271.0,True,True,True,224.64909599999947
1621.82,2,24,128,72,abba,B2,False,4,LPo,875000.0,282.0,True,False,True,-2519.3360500000003
1623.68,2,24,128,56,abba,A2,False,0,PGAgain,1002256.0,256.0,True,True,True,15.05626919999944
1624.04,2,24,128,56,abba,A2,False,1,BPo,1015143.0,255.0,True,True,True,271.7098951000006
1624.4,2,24,128,56,abba,A2,False,2,OPA_SUMo,998948.0,250.0,True,True,True,-50.82486640000042
1624.76,2,24,128,56,abba,A2,False,3,SUMo,1000921.0,261.0,True,True,True,-11.531190299999022
1625.12,2,24,128,56,abba,A2,False,4,LPo,875010.0,269.0,True,False,True,-2519.1368930000003
1626.98,2,24,128,60,abba,A1,False,0,PGAgain,1002201.0,305.0,True,True,False,13.960905700000435
1627.34,2,24,128,60,abba,A1,False,1,BPo,1014999.0,251.0,True,True,True,268.8420343000005
1627.7,2,24,128,60,abba,A1,False,2,OPA_SUMo,1001917.0,247.0,True,True,True,8.304846900000598
1628.06,2,24,128,60,abba,A1,False,3,SUMo,1003917.0,246.0,True,True,True,48.1362469000006
1628.42,2,24,128,60,abba,A1,False,4,LPo,875000.0,247.0,True,False,True,-2519.3360500000003
1630.28,2,24,128,68,abba,B1,False,0,PGAgain,1002256.0,304.0,True,True,False,15.05626919999944
1630.64,2,24,128,68,abba,B1,False,1,BPo,1014992.0,277.0,True,True,True,268.70262439999925
1631.0,2,24,128,68,abba,B1,False,2,OPA_SUMo,1007835.0,271.0,True,True,True,126.16595950000072
1631.36,2,24,128,68,abba,B1,False,3,SUMo,1009838.0,252.0,True,True,True,166.05710659999932
1631.72,2,24,128,68,abba,B1,False,4,LPo,875005.0,284.0,True,False,True,-2519.2364715000003
1633.58,2,24,128,68,abba,B2,False,0,PGAgain,1002186.0,291.0,True,True,True,13.662170200000707
1633.94,2,24,128,68,abba,B2,False,1,BPo,1015095.0,284.0,True,True,True,270.75394150000056
1634.3,2,24,128,68,abba,B2,False,2,OPA_SUMo,1007816.0,292.0,True,True,True,125.78756120000062
1634.66,2,24,128,68,abba,B2,False,3,SUMo,1009789.0,275.0,True,True,True,165.08123729999974
1635.02,2,24,128,68,abba,B2,False,4,LPo,875000.0,255.0,True,False,True,-2519.3360500000003
1636.88,2,24,128,60,abba,A2,False,0,PGAgain,1002296.0,284.0,True,True,True,15.85289720000098
1637.24,2,24,128,60,abba,A2,False,1,BPo,1014993.0,251.0,True,True,True,268.722540100001
1637.6,2,24,128,60,abba,A2,False,2,OPA_SUMo,1001886.0,260.0,True,True,True,7.687460199999348
1637.96,2,24,128,60,abba,A2,False,3,SUMo,1003903.0,291.0,True,True,True,47.8574271000004
1638.32,2,24,128,60,abba,A2,False,4,LPo,875000.0,263.0,True,False,True,-2519.3360500000003
1640.18,2,24,128,62,abba,A1,False,0,PGAgain,1002244.0,268.0,True,True,True,14.817280800000562
1640.54,2,24,128,62,abba,A1,False,1,BPo,1015070.0,319.0,True,True,False,270.256049000001
1640.9,2,24,128,62,abba,A1,False,2,OPA_SUMo,1003315.0,245.0,True,True,True,36.14699550000109
1641.26,2,24,128,62,abba,A1,False,3,SUMo,1005264.0,264.0,True,True,True,74.96269480000021
1641.62,2,24,128,62,abba,A1,False,4,LPo,875000.0,281.0,True,False,True,-2519.3360500000003
1643.48,2,24,128,66,abba,B1,False,0,PGAgain,1002272.0,266.0,True,True,True,15.374920400000962
1643.84,2,24,128,66,abba,B1,False,1,BPo,1015059.0,263.0,True,True,True,270.0369762999994
1644.2,2,24,128,66,abba,B1,False,2,OPA_SUMo,1006323.0,291.0,True,True,True,96.05342109999958
1644.56,2,24,128,66,abba,B1,False,3,SUMo,1008276.0,247.0,True,True,True,134.94878319999907
1644.92,2,24,128,66,abba,B1,False,4,LPo,875050.0,262.0,True,False,True,-2518.340265000001
1646.78,2,24,128,66,abba,B2,False,0,PGAgain,1002267.0,270.0,True,True,True,15.27534190000105
1647.14,2,24,128,66,abba,B2,False,1,BPo,1015037.0,248.0,True,True,True,269.5988309000007
1647.5,2,24,128,66,abba,B2,False,2,OPA_SUMo,1006254.0,252.0,True,True,True,94.67923780000038
1647.86,2,24,128,66,abba,B2,False,3,SUMo,1008266.0,250.0,True,True,True,134.74962619999926
1648.22,2,24,128,66,abba,B2,False,4,LPo,875000.0,256.0,True,False,True,-2519.3360500000003
1650.08,2,24,128,62,abba,A2,False,0,PGAgain,1002273.0,274.0,True,True,True,15.39483610000049
1650.44,2,24,128,62,abba,A2,False,1,BPo,1015017.0,246.0,True,True,True,269.20051690000105
1650.8,2,24,128,62,abba,A2,False,2,OPA_SUMo,1003368.0,251.0,True,True,True,37.202527600001034
1651.16,2,24,128,62,abba,A2,False,3,SUMo,1005289.0,266.0,True,True,True,75.46058729999974
1651.52,2,24,128,62,abba,A2,False,4,LPo,875000.0,276.0,True,False,True,-2519.3360500000003
1716.2,2,24,64,0,referencia,,False,0,PGAgain,1002291.0,272.0,True,True,True,15.753318700001069
1716.56,2,24,64,0,referencia,,False,1,BPo,1009240.0,264.0,True,True,True,154.1475180000002
1716.92,2,24,64,0,referencia,,False,2,OPA_SUMo,980315.0,261.0,True,True,True,-421.9141044999989
1717.28,2,24,64,0,referencia,,False,3,SUMo,982273.0,250.0,True,True,True,-382.91916389999955
1717.64,2,24,64,0,referencia,,False,4,LPo,875025.0,257.0,True,False,True,-2518.8381575000008
1719.5,2,24,64,-255,malla,,False,0,PGAgain,1002277.0,269.0,True,True,True,15.47449890000087
1719.86,2,24,64,-255,malla,,False,1,BPo,1009243.0,249.0,True,True,True,154.20726510000105
1720.22,2,24,64,-255,malla,,False,2,OPA_SUMo,875000.0,259.0,True,False,True,-2519.3360500000003
1720.58,2,24,64,-255,malla,,False,3,SUMo,875000.0,263.0,True,False,True,-2519.3360500000003
1720.94,2,24,64,-255,malla,,False,4,LPo,875003.0,274.0,True,False,True,-2519.2763028999993
1722.8,2,24,64,-128,malla,,False,0,PGAgain,1002350.0,266.0,True,True,True,16.928345000000455
1723.16,2,24,64,-128,malla,,False,1,BPo,1009277.0,251.0,True,True,True,154.8843989000009
1723.52,2,24,64,-128,malla,,False,2,OPA_SUMo,885416.0,291.0,True,True,True,-2311.894118799999
1723.88,2,24,64,-128,malla,,False,3,SUMo,887404.0,260.0,True,True,True,-2272.3017072000002
1724.24,2,24,64,-128,malla,,False,4,LPo,875041.0,283.0,True,False,True,-2518.519506299999
1726.1,2,24,64,-64,malla,,False,0,PGAgain,1002330.0,269.0,True,True,True,16.530031000000815
1726.46,2,24,64,-64,malla,,False,1,BPo,1009277.0,273.0,True,True,True,154.8843989000009
1726.82,2,24,64,-64,malla,,False,2,OPA_SUMo,932790.0,253.0,True,True,True,-1368.4077470000009
1727.18,2,24,64,-64,malla,,False,3,SUMo,934825.0,247.0,True,True,True,-1327.8792974999992
1727.54,2,24,64,-64,malla,,False,4,LPo,875000.0,258.0,True,False,True,-2519.3360500000003
1729.4,2,24,64,0,malla,,False,0,PGAgain,1002323.0,255.0,True,True,True,16.390621099999585
1729.76,2,24,64,0,malla,,False,1,BPo,1009309.0,282.0,True,True,True,155.5217012999994
1730.12,2,24,64,0,malla,,False,2,OPA_SUMo,980251.0,249.0,True,True,True,-423.1887093000005
1730.48,2,24,64,0,malla,,False,3,SUMo,982304.0,276.0,True,True,True,-382.3017772000006
1730.84,2,24,64,0,malla,,False,4,LPo,875000.0,264.0,True,False,True,-2519.3360500000003
1732.7,2,24,64,64,malla,,False,0,PGAgain,1002291.0,295.0,True,True,True,15.753318700001069
1733.06,2,24,64,64,malla,,False,1,BPo,1009267.0,277.0,True,True,True,154.68524190000105
1733.42,2,24,64,64,malla,,False,2,OPA_SUMo,1027712.0,254.0,True,True,True,522.0303283999998
1733.78,2,24,64,64,malla,,False,3,SUMo,1029718.0,246.0,True,True,True,561.9812226000015
1734.14,2,24,64,64,malla,,False,4,LPo,875000.0,257.0,True,False,True,-2519.3360500000003
1736.0,2,24,64,128,malla,,False,0,PGAgain,1002253.0,248.0,True,True,True,14.996522100000853
1736.36,2,24,64,128,malla,,False,1,BPo,1009238.0,259.0,True,True,True,154.10768660000113
1736.72,2,24,64,128,malla,,False,2,OPA_SUMo,1075099.0,264.0,True,True,True,1465.7756042999988
1737.08,2,24,64,128,malla,,False,3,SUMo,1077138.0,277.0,True,True,True,1506.3837165999985
1737.44,2,24,64,128,malla,,False,4,LPo,875000.0,263.0,True,False,True,-2519.3360500000003
1739.3,2,24,64,255,malla,,False,0,PGAgain,1002255.0,262.0,True,True,True,15.03635349999991
1739.66,2,24,64,255,malla,,False,1,BPo,1009257.0,255.0,True,True,True,154.48608489999899
1740.02,2,24,64,255,malla,,False,2,OPA_SUMo,1128000.0,271.0,True,False,True,2519.3360500000003
1740.38,2,24,64,255,malla,,False,3,SUMo,1128000.0,255.0,True,False,True,2519.3360500000003
1740.74,2,24,64,255,malla,,False,4,LPo,875018.0,273.0,True,False,True,-2518.9775673999998
1742.6,2,24,64,-8,abba,A1,False,0,PGAgain,1002278.0,267.0,True,True,True,15.494414600000399
1742.96,2,24,64,-8,abba,A1,False,1,BPo,1009237.0,273.0,True,True,True,154.08777089999933
1743.32,2,24,64,-8,abba,A1,False,2,OPA_SUMo,974353.0,269.0,True,True,True,-540.651507900001
1743.68,2,24,64,-8,abba,A1,False,3,SUMo,976289.0,271.0,True,True,True,-502.0947127000003
1744.04,2,24,64,-8,abba,A1,False,4,LPo,875000.0,256.0,True,False,True,-2519.3360500000003
1745.9,2,24,64,8,abba,B1,False,0,PGAgain,1002306.0,271.0,True,True,True,16.052054200000796
1746.26,2,24,64,8,abba,B1,False,1,BPo,1009248.0,259.0,True,True,True,154.30684360000095
1746.62,2,24,64,8,abba,B1,False,2,OPA_SUMo,986229.0,298.0,True,True,True,-304.1326546999992
1746.98,2,24,64,8,abba,B1,False,3,SUMo,988167.0,262.0,True,True,True,-265.53602809999944
1747.34,2,24,64,8,abba,B1,False,4,LPo,875000.0,279.0,True,False,True,-2519.3360500000003
1749.2,2,24,64,8,abba,B2,False,0,PGAgain,1002294.0,251.0,True,True,True,15.813065799999658
1749.56,2,24,64,8,abba,B2,False,1,BPo,1009234.0,252.0,True,True,True,154.02802380000074
1749.92,2,24,64,8,abba,B2,False,2,OPA_SUMo,986188.0,254.0,True,True,True,-304.9491984000002
1750.28,2,24,64,8,abba,B2,False,3,SUMo,988231.0,268.0,True,True,True,-264.2614233000001
1750.64,2,24,64,8,abba,B2,False,4,LPo,875000.0,259.0,True,False,True,-2519.3360500000003
1752.5,2,24,64,-8,abba,A2,False,0,PGAgain,1002241.0,250.0,True,True,True,14.75753369999971
1752.86,2,24,64,-8,abba,A2,False,1,BPo,1009252.0,261.0,True,True,True,154.38650639999906
1753.22,2,24,64,-8,abba,A2,False,2,OPA_SUMo,974370.0,244.0,True,True,True,-540.3129409999999
1753.58,2,24,64,-8,abba,A2,False,3,SUMo,976245.0,256.0,True,True,True,-502.97100349999994
1753.94,2,24,64,-8,abba,A2,False,4,LPo,875055.0,282.0,True,False,True,-2518.240686500001
1755.8,2,24,64,-4,abba,A1,False,0,PGAgain,1002270.0,257.0,True,True,True,15.33508899999964
1756.16,2,24,64,-4,abba,A1,False,1,BPo,1009335.0,243.0,True,True,True,156.03950950000072
1756.52,2,24,64,-4,abba,A1,False,2,OPA_SUMo,977328.0,266.0,True,True,True,-481.4023004000005
1756.88,2,24,64,-4,abba,A1,False,3,SUMo,979260.0,292.0,True,True,True,-442.9251680000002
1757.24,2,24,64,-4,abba,A1,False,4,LPo,875007.0,263.0,True,False,True,-2519.1966401000013
1759.1,2,24,64,4,abba,B1,False,0,PGAgain,1002303.0,267.0,True,True,True,15.992307099999946
1759.46,2,24,64,4,abba,B1,False,1,BPo,1009297.0,262.0,True,True,True,155.28271290000052
1759.82,2,24,64,4,abba,B1,False,2,OPA_SUMo,983221.0,260.0,True,True,True,-364.03908029999997
1760.18,2,24,64,4,abba,B1,False,3,SUMo,985153.0,244.0,True,True,True,-325.5619478999996
1760.54,2,24,64,4,abba,B1,False,4,LPo,875009.0,261.0,True,False,True,-2519.1568087
1762.4,2,24,64,4,abba,B2,False,0,PGAgain,1002265.0,267.0,True,True,True,15.235510499999728
1762.76,2,24,64,4,abba,B2,False,1,BPo,1009260.0,279.0,True,True,True,154.54583199999982
1763.12,2,24,64,4,abba,B2,False,2,OPA_SUMo,983148.0,281.0,True,True,True,-365.49292639999953
1763.48,2,24,64,4,abba,B2,False,3,SUMo,985154.0,259.0,True,True,True,-325.5420322000001
1763.84,2,24,64,4,abba,B2,False,4,LPo,875043.0,270.0,True,False,True,-2518.4796749
1765.7,2,24,64,-4,abba,A2,False,0,PGAgain,1002279.0,262.0,True,True,True,15.514330299999928
1766.06,2,24,64,-4,abba,A2,False,1,BPo,1009258.0,252.0,True,True,True,154.50600060000076
1766.42,2,24,64,-4,abba,A2,False,2,OPA_SUMo,977268.0,256.0,True,True,True,-482.59724239999946
1766.78,2,24,64,-4,abba,A2,False,3,SUMo,979256.0,259.0,True,True,True,-443.0048308000006
1767.14,2,24,64,-4,abba,A2,False,4,LPo,875000.0,270.0,True,False,True,-2519.3360500000003
1769.0,2,24,64,-2,abba,A1,False,0,PGAgain,1002252.0,279.0,True,True,True,14.976606399999058
1769.36,2,24,64,-2,abba,A1,False,1,BPo,1009327.0,255.0,True,True,True,155.88018389999996
1769.72,2,24,64,-2,abba,A1,False,2,OPA_SUMo,978722.0,265.0,True,True,True,-453.6398146000004
1770.08,2,24,64,-2,abba,A1,False,3,SUMo,980747.0,272.0,True,True,True,-413.31052210000087
1770.44,2,24,64,-2,abba,A1,False,4,LPo,875000.0,303.0,True,False,False,-2519.3360500000003
1772.3,2,24,64,2,abba,B1,False,0,PGAgain,1002270.0,245.0,True,True,True,15.33508899999964
1772.66,2,24,64,2,abba,B1,False,1,BPo,1009197.0,268.0,True,True,True,153.29114290000007
1773.02,2,24,64,2,abba,B1,False,2,OPA_SUMo,981671.0,266.0,True,True,True,-394.90841529999904
1773.38,2,24,64,2,abba,B1,False,3,SUMo,983743.0,263.0,True,True,True,-353.643084899999
1773.74,2,24,64,2,abba,B1,False,4,LPo,875000.0,244.0,True,False,True,-2519.3360500000003
1775.6,2,24,64,2,abba,B2,False,0,PGAgain,1002208.0,283.0,True,True,True,14.100315599999403
1775.96,2,24,64,2,abba,B2,False,1,BPo,1009221.0,247.0,True,True,True,153.7691197000001
1776.32,2,24,64,2,abba,B2,False,2,OPA_SUMo,981717.0,268.0,True,True,True,-393.9922931000003
1776.68,2,24,64,2,abba,B2,False,3,SUMo,983594.0,261.0,True,True,True,-356.610524199999
1777.04,2,24,64,2,abba,B2,False,4,LPo,875029.0,259.0,True,False,True,-2518.7584947
1778.9,2,24,64,-2,abba,A2,False,0,PGAgain,1002309.0,274.0,True,True,True,16.111801299999385
1779.26,2,24,64,-2,abba,A2,False,1,BPo,1009273.0,273.0,True,True,True,154.8047361000005
1779.62,2,24,64,-2,abba,A2,False,2,OPA_SUMo,978676.0,288.0,True,True,True,-454.55593679999913
1779.98,2,24,64,-2,abba,A2,False,3,SUMo,980686.0,257.0,True,True,True,-414.5253797999993
1780.34,2,24,64,-2,abba,A2,False,4,LPo,875000.0,263.0,True,False,True,-2519.3360500000003
1850.38,2,24,0,0,referencia,,False,0,PGAgain,1002295.0,244.0,True,True,True,15.832981499999185
1850.74,2,24,0,0,referencia,,False,1,BPo,1003420.0,262.0,True,True,True,38.23814399999919
1851.1,2,24,0,0,referencia,,False,2,OPA_SUMo,1003150.0,281.0,True,True,True,32.86090499999955
1851.46,2,24,0,0,referencia,,False,3,SUMo,1005215.0,257.0,True,True,True,73.98682550000063
1851.82,2,24,0,0,referencia,,False,4,LPo,875002.0,278.0,True,False,True,-2519.296218600001
1853.68,2,24,0,-255,malla,,False,0,PGAgain,1002321.0,293.0,True,True,True,16.350789700000526
1854.04,2,24,0,-255,malla,,False,1,BPo,1003519.0,264.0,True,True,True,40.20979830000011
1854.4,2,24,0,-255,malla,,False,2,OPA_SUMo,875000.0,270.0,True,False,True,-2519.3360500000003
1854.76,2,24,0,-255,malla,,False,3,SUMo,875000.0,280.0,True,False,True,-2519.3360500000003
1855.12,2,24,0,-255,malla,,False,4,LPo,875000.0,269.0,True,False,True,-2519.3360500000003
1856.98,2,24,0,-128,malla,,False,0,PGAgain,1002333.0,251.0,True,True,True,16.589778099999403
1857.34,2,24,0,-128,malla,,False,1,BPo,1003559.0,282.0,True,True,True,41.00642629999938
1857.7,2,24,0,-128,malla,,False,2,OPA_SUMo,908377.0,248.0,True,True,True,-1854.609731100001
1858.06,2,24,0,-128,malla,,False,3,SUMo,910288.0,251.0,True,True,True,-1816.5508283999998
1858.42,2,24,0,-128,malla,,False,4,LPo,875017.0,292.0,True,False,True,-2518.997483099999
1860.28,2,24,0,-64,malla,,False,0,PGAgain,1002293.0,262.0,True,True,True,15.793150100000128
1860.64,2,24,0,-64,malla,,False,1,BPo,1003484.0,250.0,True,True,True,39.51274880000074
1861.0,2,24,0,-64,malla,,False,2,OPA_SUMo,955734.0,302.0,True,True,False,-911.4619261999993
1861.36,2,24,0,-64,malla,,False,3,SUMo,957798.0,267.0,True,True,True,-870.3559214
1861.72,2,24,0,-64,malla,,False,4,LPo,875000.0,264.0,True,False,True,-2519.3360500000003
1863.58,2,24,0,0,malla,,False,0,PGAgain,1002369.0,265.0,True,True,True,17.306743300000562
1863.94,2,24,0,0,malla,,False,1,BPo,1003490.0,253.0,True,True,True,39.63224300000018
1864.3,2,24,0,0,malla,,False,2,OPA_SUMo,1003203.0,250.0,True,True,True,33.91643709999949
1864.66,2,24,0,0,malla,,False,3,SUMo,1005140.0,272.0,True,True,True,72.49314799999974
1865.02,2,24,0,0,malla,,False,4,LPo,875000.0,248.0,True,False,True,-2519.3360500000003
1866.88,2,24,0,64,malla,,False,0,PGAgain,1002328.0,284.0,True,True,True,16.490199599999492
1867.24,2,24,0,64,malla,,False,1,BPo,1003509.0,276.0,True,True,True,40.010641300000295
1867.6,2,24,0,64,malla,,False,2,OPA_SUMo,1050627.0,244.0,True,True,True,978.3985938999991
1867.96,2,24,0,64,malla,,False,3,SUMo,1052612.0,255.0,True,True,True,1017.9312584000016
1868.32,2,24,0,64,malla,,False,4,LPo,875000.0,258.0,True,False,True,-2519.3360500000003
1870.18,2,24,0,128,malla,,False,0,PGAgain,1002307.0,248.0,True,True,True,16.071969900000326
1870.54,2,24,0,128,malla,,False,1,BPo,1003520.0,260.0,True,True,True,40.22971399999964
1870.9,2,24,0,128,malla,,False,2,OPA_SUMo,1098038.0,295.0,True,True,True,1922.6218466000003
1871.26,2,24,0,128,malla,,False,3,SUMo,1100075.0,298.0,True,True,True,1963.190127500001
1871.62,2,24,0,128,malla,,False,4,LPo,875016.0,283.0,True,False,True,-2519.017398800001
1873.48,2,24,0,255,malla,,False,0,PGAgain,1002284.0,256.0,True,True,True,15.613908799999837
1873.84,2,24,0,255,malla,,False,1,BPo,1003532.0,256.0,True,True,True,40.46870240000078
1874.2,2,24,0,255,malla,,False,2,OPA_SUMo,1128000.0,245.0,True,False,True,2519.3360500000003
1874.56,2,24,0,255,malla,,False,3,SUMo,1128000.0,295.0,True,False,True,2519.3360500000003
1874.92,2,24,0,255,malla,,False,4,LPo,875000.0,274.0,True,False,True,-2519.3360500000003
1876.78,2,24,0,-8,abba,A1,False,0,PGAgain,1002305.0,265.0,True,True,True,16.032138499999004
1877.14,2,24,0,-8,abba,A1,False,1,BPo,1003507.0,275.0,True,True,True,39.97080989999897
1877.5,2,24,0,-8,abba,A1,False,2,OPA_SUMo,997305.0,257.0,True,True,True,-83.546361500001
1877.86,2,24,0,-8,abba,A1,False,3,SUMo,999281.0,262.0,True,True,True,-44.19293830000102
1878.22,2,24,0,-8,abba,A1,False,4,LPo,875071.0,269.0,True,False,True,-2517.9220352999996
1880.08,2,24,0,8,abba,B1,False,0,PGAgain,1002283.0,285.0,True,True,True,15.59399310000031
1880.44,2,24,0,8,abba,B1,False,1,BPo,1003503.0,322.0,True,True,False,39.89114710000085
1880.8,2,24,0,8,abba,B1,False,2,OPA_SUMo,1009089.0,277.0,True,True,True,151.1402473000011
1881.16,2,24,0,8,abba,B1,False,3,SUMo,1011137.0,274.0,True,True,True,191.92760089999888
1881.52,2,24,0,8,abba,B1,False,4,LPo,875000.0,258.0,True,False,True,-2519.3360500000003
1883.38,2,24,0,8,abba,B2,False,0,PGAgain,1002355.0,252.0,True,True,True,17.027923500000362
1883.74,2,24,0,8,abba,B2,False,1,BPo,1003544.0,253.0,True,True,True,40.70769079999966
1884.1,2,24,0,8,abba,B2,False,2,OPA_SUMo,1009081.0,278.0,True,True,True,150.98092170000035
1884.46,2,24,0,8,abba,B2,False,3,SUMo,1011174.0,254.0,True,True,True,192.66448179999958
1884.82,2,24,0,8,abba,B2,False,4,LPo,875029.0,272.0,True,False,True,-2518.7584947
1886.68,2,24,0,-8,abba,A2,False,0,PGAgain,1002355.0,303.0,True,True,False,17.027923500000362
1887.04,2,24,0,-8,abba,A2,False,1,BPo,1003431.0,262.0,True,True,True,38.4572167000008
1887.4,2,24,0,-8,abba,A2,False,2,OPA_SUMo,997255.0,243.0,True,True,True,-84.5421465000001
1887.76,2,24,0,-8,abba,A2,False,3,SUMo,999293.0,277.0,True,True,True,-43.95394989999988
1888.12,2,24,0,-8,abba,A2,False,4,LPo,875034.0,289.0,True,False,True,-2518.6589162000005
1889.98,2,24,0,-4,abba,A1,False,0,PGAgain,1002334.0,298.0,True,True,True,16.609693799998933
1890.34,2,24,0,-4,abba,A1,False,1,BPo,1003460.0,267.0,True,True,True,39.03477200000073
1890.7,2,24,0,-4,abba,A1,False,2,OPA_SUMo,1000271.0,247.0,True,True,True,-24.476395300000835
1891.06,2,24,0,-4,abba,A1,False,3,SUMo,1002208.0,273.0,True,True,True,14.100315599999403
1891.42,2,24,0,-4,abba,A1,False,4,LPo,875000.0,262.0,True,False,True,-2519.3360500000003
1893.28,2,24,0,4,abba,B1,False,0,PGAgain,1002354.0,266.0,True,True,True,17.008007800000833
1893.64,2,24,0,4,abba,B1,False,1,BPo,1003476.0,279.0,True,True,True,39.35342319999999
1894.0,2,24,0,4,abba,B1,False,2,OPA_SUMo,1006228.0,244.0,True,True,True,94.16142959999904
1894.36,2,24,0,4,abba,B1,False,3,SUMo,1008116.0,252.0,True,True,True,131.76227119999973
1894.72,2,24,0,4,abba,B1,False,4,LPo,875000.0,248.0,True,False,True,-2519.3360500000003
1896.58,2,24,0,4,abba,B2,False,0,PGAgain,1002264.0,257.0,True,True,True,15.2155948000002
1896.94,2,24,0,4,abba,B2,False,1,BPo,1003507.0,283.0,True,True,True,39.97080989999897
1897.3,2,24,0,4,abba,B2,False,2,OPA_SUMo,1006108.0,273.0,True,True,True,91.77154559999896
1897.66,2,24,0,4,abba,B2,False,3,SUMo,1008205.0,281.0,True,True,True,133.5347685000008
1898.02,2,24,0,4,abba,B2,False,4,LPo,875022.0,263.0,True,False,True,-2518.897904599999
1899.88,2,24,0,-4,abba,A2,False,0,PGAgain,1002318.0,257.0,True,True,True,16.291042599999674
1900.24,2,24,0,-4,abba,A2,False,1,BPo,1003559.0,259.0,True,True,True,41.00642629999938
1900.6,2,24,0,-4,abba,A2,False,2,OPA_SUMo,1000253.0,270.0,True,True,True,-24.83487789999915
1900.96,2,24,0,-4,abba,A2,False,3,SUMo,1002236.0,260.0,True,True,True,14.657955199999801
1901.32,2,24,0,-4,abba,A2,False,4,LPo,875039.0,302.0,True,False,False,-2518.5593377000005
1903.18,2,24,0,-2,abba,A1,False,0,PGAgain,1002318.0,275.0,True,True,True,16.291042599999674
1903.54,2,24,0,-2,abba,A1,False,1,BPo,1003541.0,254.0,True,True,True,40.64794370000107
1903.9,2,24,0,-2,abba,A1,False,2,OPA_SUMo,1001734.0,286.0,True,True,True,4.660273800000743
1904.26,2,24,0,-2,abba,A1,False,3,SUMo,1003638.0,284.0,True,True,True,42.579766600000674
1904.62,2,24,0,-2,abba,A1,False,4,LPo,875042.0,288.0,True,False,True,-2518.4995905999995
1906.48,2,24,0,2,abba,B1,False,0,PGAgain,1002314.0,257.0,True,True,True,16.211379799999296
1906.84,2,24,0,2,abba,B1,False,1,BPo,1003527.0,265.0,True,True,True,40.36912390000087
1907.2,2,24,0,2,abba,B1,False,2,OPA_SUMo,1004706.0,288.0,True,True,True,63.84973420000035
1907.56,2,24,0,2,abba,B1,False,3,SUMo,1006702.0,282.0,True,True,True,103.60147139999997
1907.92,2,24,0,2,abba,B1,False,4,LPo,875003.0,282.0,True,False,True,-2519.2763028999993
1909.78,2,24,0,2,abba,B2,False,0,PGAgain,1002294.0,278.0,True,True,True,15.813065799999658
1910.14,2,24,0,2,abba,B2,False,1,BPo,1003511.0,261.0,True,True,True,40.05047269999935
1910.5,2,24,0,2,abba,B2,False,2,OPA_SUMo,1004682.0,278.0,True,True,True,63.37175740000033
1910.86,2,24,0,2,abba,B2,False,3,SUMo,1006623.0,256.0,True,True,True,102.02813110000095
1911.22,2,24,0,2,abba,B2,False,4,LPo,875000.0,316.0,True,False,False,-2519.3360500000003
1913.08,2,24,0,-2,abba,A2,False,0,PGAgain,1002318.0,306.0,True,True,False,16.291042599999674
1913.44,2,24,0,-2,abba,A2,False,1,BPo,1003476.0,254.0,True,True,True,39.35342319999999
1913.8,2,24,0,-2,abba,A2,False,2,OPA_SUMo,1001657.0,284.0,True,True,True,3.126764900000779
1914.16,2,24,0,-2,abba,A2,False,3,SUMo,1003772.0,260.0,True,True,True,45.24847040000096
1914.52,2,24,0,-2,abba,A2,False,4,LPo,875000.0,241.0,True,False,True,-2519.3360500000003
1979.2,2,24,-64,0,referencia,,False,0,PGAgain,1002275.0,253.0,True,True,True,15.434667499999549
1979.56,2,24,-64,0,referencia,,False,1,BPo,997704.0,256.0,True,True,True,-75.59999720000098
1979.92,2,24,-64,0,referencia,,False,2,OPA_SUMo,1026368.0,253.0,True,True,True,495.2636275999988
1980.28,2,24,-64,0,referencia,,False,3,SUMo,1028324.0,286.0,True,True,True,534.2187368000014
1980.64,2,24,-64,0,referencia,,False,4,LPo,875087.0,254.0,True,False,True,-2517.6033841000003
1982.5,2,24,-64,-255,malla,,False,0,PGAgain,1002340.0,257.0,True,True,True,16.729188000000637
1982.86,2,24,-64,-255,malla,,False,1,BPo,997780.0,265.0,True,True,True,-74.08640400000054
1983.22,2,24,-64,-255,malla,,False,2,OPA_SUMo,875000.0,268.0,True,False,True,-2519.3360500000003
1983.58,2,24,-64,-255,malla,,False,3,SUMo,875000.0,256.0,True,False,True,-2519.3360500000003
1983.94,2,24,-64,-255,malla,,False,4,LPo,875000.0,279.0,True,False,True,-2519.3360500000003
1985.8,2,24,-64,-128,malla,,False,0,PGAgain,1002369.0,253.0,True,True,True,17.306743300000562
1986.16,2,24,-64,-128,malla,,False,1,BPo,997762.0,259.0,True,True,True,-74.44488660000113
1986.52,2,24,-64,-128,malla,,False,2,OPA_SUMo,931441.0,266.0,True,True,True,-1395.2740262999994
1986.88,2,24,-64,-128,malla,,False,3,SUMo,933420.0,246.0,True,True,True,-1355.860856000001
1987.24,2,24,-64,-128,malla,,False,4,LPo,875009.0,303.0,True,False,False,-2519.1568087
1989.1,2,24,-64,-64,malla,,False,0,PGAgain,1002312.0,295.0,True,True,True,16.171548400000237
1989.46,2,24,-64,-64,malla,,False,1,BPo,997714.0,285.0,True,True,True,-75.4008401999989
1989.82,2,24,-64,-64,malla,,False,2,OPA_SUMo,978925.0,257.0,True,True,True,-449.5969275000009
1990.18,2,24,-64,-64,malla,,False,3,SUMo,980858.0,270.0,True,True,True,-411.0998794000011
1990.54,2,24,-64,-64,malla,,False,4,LPo,875025.0,253.0,True,False,True,-2518.8381575000008
1992.4,2,24,-64,0,malla,,False,0,PGAgain,1002351.0,277.0,True,True,True,16.948260699999985
1992.76,2,24,-64,0,malla,,False,1,BPo,997724.0,263.0,True,True,True,-75.20168319999908
1993.12,2,24,-64,0,malla,,False,2,OPA_SUMo,1026328.0,291.0,True,True,True,494.4669995999995
1993.48,2,24,-64,0,malla,,False,3,SUMo,1028311.0,273.0,True,True,True,533.9598326999985
1993.84,2,24,-64,0,malla,,False,4,LPo,875070.0,255.0,True,False,True,-2517.9419509999993
1995.7,2,24,-64,64,malla,,False,0,PGAgain,1002306.0,259.0,True,True,True,16.052054200000796
1996.06,2,24,-64,64,malla,,False,1,BPo,997693.0,244.0,True,True,True,-75.81906990000033
1996.42,2,24,-64,64,malla,,False,2,OPA_SUMo,1073748.0,269.0,True,True,True,1438.869493600001
1996.78,2,24,-64,64,malla,,False,3,SUMo,1075726.0,281.0,True,True,True,1478.2627482000023
1997.14,2,24,-64,64,malla,,False,4,LPo,875000.0,263.0,True,False,True,-2519.3360500000003
1999.0,2,24,-64,128,malla,,False,0,PGAgain,1002306.0,269.0,True,True,True,16.052054200000796
1999.36,2,24,-64,128,malla,,False,1,BPo,997771.0,248.0,True,True,True,-74.26564530000084
1999.72,2,24,-64,128,malla,,False,2,OPA_SUMo,1121208.0,256.0,True,True,True,2384.068615600002
2000.08,2,24,-64,128,malla,,False,3,SUMo,1123249.0,286.0,True,False,True,2424.7165593000004
2000.44,2,24,-64,128,malla,,False,4,LPo,875061.0,258.0,True,False,True,-2518.1211922999996
2002.3,2,24,-64,255,malla,,False,0,PGAgain,1002277.0,285.0,True,True,True,15.47449890000087
2002.66,2,24,-64,255,malla,,False,1,BPo,997702.0,259.0,True,True,True,-75.63982860000004
2003.02,2,24,-64,255,malla,,False,2,OPA_SUMo,1128000.0,245.0,True,False,True,2519.3360500000003
2003.38,2,24,-64,255,malla,,False,3,SUMo,1128000.0,262.0,True,False,True,2519.3360500000003
2003.74,2,24,-64,255,malla,,False,4,LPo,875000.0,249.0,True,False,True,-2519.3360500000003
2005.6,2,24,-64,-72,abba,A1,False,0,PGAgain,1002328.0,251.0,True,True,True,16.490199599999492
2005.96,2,24,-64,-72,abba,A1,False,1,BPo,997743.0,282.0,True,True,True,-74.82328489999897
2006.32,2,24,-64,-72,abba,A1,False,2,OPA_SUMo,972992.0,249.0,True,True,True,-567.7567756000008
2006.68,2,24,-64,-72,abba,A1,False,3,SUMo,974979.0,275.0,True,True,True,-528.1842796999993
2007.04,2,24,-64,-72,abba,A1,False,4,LPo,875014.0,259.0,True,False,True,-2519.0572302
2008.9,2,24,-64,-56,abba,B1,False,0,PGAgain,1002305.0,307.0,True,True,False,16.032138499999004
2009.26,2,24,-64,-56,abba,B1,False,1,BPo,997696.0,291.0,True,True,True,-75.75932279999948
2009.62,2,24,-64,-56,abba,B1,False,2,OPA_SUMo,984852.0,276.0,True,True,True,-331.5565736000005
2009.98,2,24,-64,-56,abba,B1,False,3,SUMo,986798.0,276.0,True,True,True,-292.80062139999995
2010.34,2,24,-64,-56,abba,B1,False,4,LPo,875000.0,244.0,True,False,True,-2519.3360500000003
2012.2,2,24,-64,-56,abba,B2,False,0,PGAgain,1002287.0,268.0,True,True,True,15.67365590000069
2012.56,2,24,-64,-56,abba,B2,False,1,BPo,997695.0,245.0,True,True,True,-75.77923849999901
2012.92,2,24,-64,-56,abba,B2,False,2,OPA_SUMo,984865.0,252.0,True,True,True,-331.2976694999998
2013.28,2,24,-64,-56,abba,B2,False,3,SUMo,986879.0,266.0,True,True,True,-291.18744969999966
2013.64,2,24,-64,-56,abba,B2,False,4,LPo,875046.0,256.0,True,False,True,-2518.419927799999
2015.5,2,24,-64,-72,abba,A2,False,0,PGAgain,1002279.0,267.0,True,True,True,15.514330299999928
2015.86,2,24,-64,-72,abba,A2,False,1,BPo,997746.0,245.0,True,True,True,-74.76353780000038
2016.22,2,24,-64,-72,abba,A2,False,2,OPA_SUMo,973006.0,275.0,True,True,True,-567.4779558000006
2016.58,2,24,-64,-72,abba,A2,False,3,SUMo,975039.0,249.0,True,True,True,-526.9893377000003
2016.94,2,24,-64,-72,abba,A2,False,4,LPo,875014.0,278.0,True,False,True,-2519.0572302
2018.8,2,24,-64,-68,abba,A1,False,0,PGAgain,1002319.0,278.0,True,True,True,16.310958299999204
2019.16,2,24,-64,-68,abba,A1,False,1,BPo,997736.0,274.0,True,True,True,-74.96269480000021
2019.52,2,24,-64,-68,abba,A1,False,2,OPA_SUMo,975944.0,279.0,True,True,True,-508.9656292000008
2019.88,2,24,-64,-68,abba,A1,False,3,SUMo,977988.0,259.0,True,True,True,-468.2579383999989
2020.24,2,24,-64,-68,abba,A1,False,4,LPo,875010.0,285.0,True,False,True,-2519.1368930000003
2022.1,2,24,-64,-60,abba,B1,False,0,PGAgain,1002266.0,273.0,True,True,True,15.255426199999258
2022.46,2,24,-64,-60,abba,B1,False,1,BPo,997763.0,288.0,True,True,True,-74.42497089999934
2022.82,2,24,-64,-60,abba,B1,False,2,OPA_SUMo,981881.0,260.0,True,True,True,-390.72611830000056
2023.18,2,24,-64,-60,abba,B1,False,3,SUMo,983845.0,265.0,True,True,True,-351.61168349999946
2023.54,2,24,-64,-60,abba,B1,False,4,LPo,875000.0,259.0,True,False,True,-2519.3360500000003
2025.4,2,24,-64,-60,abba,B2,False,0,PGAgain,1002293.0,252.0,True,True,True,15.793150100000128
2025.76,2,24,-64,-60,abba,B2,False,1,BPo,997726.0,253.0,True,True,True,-75.16185180000002
2026.12,2,24,-64,-60,abba,B2,False,2,OPA_SUMo,981965.0,258.0,True,True,True,-389.0531994999994
2026.48,2,24,-64,-60,abba,B2,False,3,SUMo,983896.0,273.0,True,True,True,-350.59598280000085
2026.84,2,24,-64,-60,abba,B2,False,4,LPo,875000.0,246.0,True,False,True,-2519.3360500000003
2028.7,2,24,-64,-68,abba,A2,False,0,PGAgain,1002275.0,244.0,True,True,True,15.434667499999549
2029.06,2,24,-64,-68,abba,A2,False,1,BPo,997710.0,266.0,True,True,True,-75.48050299999927
2029.42,2,24,-64,-68,abba,A2,False,2,OPA_SUMo,975973.0,274.0,True,True,True,-508.3880739000009
2029.78,2,24,-64,-68,abba,A2,False,3,SUMo,978009.0,271.0,True,True,True,-467.83970869999973
2030.14,2,24,-64,-68,abba,A2,False,4,LPo,875000.0,284.0,True,False,True,-2519.3360500000003
2032.0,2,24,-64,-66,abba,A1,False,0,PGAgain,1002254.0,273.0,True,True,True,15.01643780000038
2032.36,2,24,-64,-66,abba,A1,False,1,BPo,997659.0,261.0,True,True,True,-76.49620370000017
2032.72,2,24,-64,-66,abba,A1,False,2,OPA_SUMo,977417.0,276.0,True,True,True,-479.62980309999944
2033.08,2,24,-64,-66,abba,A1,False,3,SUMo,979444.0,247.0,True,True,True,-439.2606792000008
2033.44,2,24,-64,-66,abba,A1,False,4,LPo,875000.0,275.0,True,False,True,-2519.3360500000003
2035.3,2,24,-64,-62,abba,B1,False,0,PGAgain,1002319.0,274.0,True,True,True,16.310958299999204
2035.66,2,24,-64,-62,abba,B1,False,1,BPo,997725.0,261.0,True,True,True,-75.18176749999955
2036.02,2,24,-64,-62,abba,B1,False,2,OPA_SUMo,980423.0,324.0,True,True,False,-419.7632089
2036.38,2,24,-64,-62,abba,B1,False,3,SUMo,982406.0,247.0,True,True,True,-380.27037580000103
2036.74,2,24,-64,-62,abba,B1,False,4,LPo,875000.0,271.0,True,False,True,-2519.3360500000003
2038.6,2,24,-64,-62,abba,B2,False,0,PGAgain,1002325.0,245.0,True,True,True,16.430452500000907
2038.96,2,24,-64,-62,abba,B2,False,1,BPo,997706.0,256.0,True,True,True,-75.56016579999967
2039.32,2,24,-64,-62,abba,B2,False,2,OPA_SUMo,980440.0,256.0,True,True,True,-419.4246419999989
2039.68,2,24,-64,-62,abba,B2,False,3,SUMo,982491.0,251.0,True,True,True,-378.5775413000003
2040.04,2,24,-64,-62,abba,B2,False,4,LPo,875007.0,275.0,True,False,True,-2519.1966401000013
2041.9,2,24,-64,-66,abba,A2,False,0,PGAgain,1002290.0,265.0,True,True,True,15.733402999999276
2042.26,2,24,-64,-66,abba,A2,False,1,BPo,997824.0,274.0,True,True,True,-73.21011320000089
2042.62,2,24,-64,-66,abba,A2,False,2,OPA_SUMo,977397.0,269.0,True,True,True,-480.02811709999906
2042.98,2,24,-64,-66,abba,A2,False,3,SUMo,979494.0,259.0,True,True,True,-438.26489419999945
2043.34,2,24,-64,-66,abba,A2,False,4,LPo,875000.0,265.0,True,False,True,-2519.3360500000003
2108.02,2,24,-128,0,referencia,,False,0,PGAgain,1002322.0,270.0,True,True,True,16.370705400000055
2108.38,2,24,-128,0,referencia,,False,1,BPo,991896.0,288.0,True,True,True,-191.27038280000085
2108.74,2,24,-128,0,referencia,,False,2,OPA_SUMo,1049568.0,263.0,True,True,True,957.3078675999998
2109.1,2,24,-128,0,referencia,,False,3,SUMo,1051567.0,248.0,True,True,True,997.1193519000002
2109.46,2,24,-128,0,referencia,,False,4,LPo,875000.0,286.0,True,False,True,-2519.3360500000003
2111.32,2,24,-128,-255,malla,,False,0,PGAgain,1002244.0,259.0,True,True,True,14.817280800000562
2111.68,2,24,-128,-255,malla,,False,1,BPo,991963.0,249.0,True,True,True,-189.9360309000007
2112.04,2,24,-128,-255,malla,,False,2,OPA_SUMo,875000.0,271.0,True,False,True,-2519.3360500000003
2112.4,2,24,-128,-255,malla,,False,3,SUMo,875000.0,261.0,True,False,True,-2519.3360500000003
2112.76,2,24,-128,-255,malla,,False,4,LPo,875000.0,251.0,True,False,True,-2519.3360500000003
2114.62,2,24,-128,-128,malla,,False,0,PGAgain,1002228.0,294.0,True,True,True,14.49862959999904
2114.98,2,24,-128,-128,malla,,False,1,BPo,992025.0,251.0,True,True,True,-188.70125750000045
2115.34,2,24,-128,-128,malla,,False,2,OPA_SUMo,954762.0,254.0,True,True,True,-930.8199866000011
2115.7,2,24,-128,-128,malla,,False,3,SUMo,956766.0,272.0,True,True,True,-890.9089238000008
2116.06,2,24,-128,-128,malla,,False,4,LPo,875003.0,269.0,True,False,True,-2519.2763028999993
2117.92,2,24,-128,-64,malla,,False,0,PGAgain,1002219.0,265.0,True,True,True,14.319388300001014
2118.28,2,24,-128,-64,malla,,False,1,BPo,991979.0,268.0,True,True,True,-189.6173796999992
2118.64,2,24,-128,-64,malla,,False,2,OPA_SUMo,1002180.0,264.0,True,True,True,13.542675999999004
2119.0,2,24,-128,-64,malla,,False,3,SUMo,1004191.0,243.0,True,True,True,53.59314870000062
2119.36,2,24,-128,-64,malla,,False,4,LPo,875000.0,267.0,True,False,True,-2519.3360500000003
2121.22,2,24,-128,0,malla,,False,0,PGAgain,1002290.0,270.0,True,True,True,15.733402999999276
2121.58,2,24,-128,0,malla,,False,1,BPo,991938.0,249.0,True,True,True,-190.43392340000025
2121.94,2,24,-128,0,malla,,False,2,OPA_SUMo,1049624.0,262.0,True,True,True,958.4231468000005
2122.3,2,24,-128,0,malla,,False,3,SUMo,1051617.0,311.0,True,True,False,998.1151368999992
2122.66,2,24,-128,0,malla,,False,4,LPo,875020.0,304.0,True,False,False,-2518.9377360000003
2124.52,2,24,-128,64,malla,,False,0,PGAgain,1002280.0,262.0,True,True,True,15.534245999999458
2124.88,2,24,-128,64,malla,,False,1,BPo,992033.0,253.0,True,True,True,-188.5419318999997
2125.24,2,24,-128,64,malla,,False,2,OPA_SUMo,1097170.0,255.0,True,True,True,1905.3350190000015
2125.6,2,24,-128,64,malla,,False,3,SUMo,1099046.0,278.0,True,True,True,1942.696872200001
2125.96,2,24,-128,64,malla,,False,4,LPo,875034.0,247.0,True,False,True,-2518.6589162000005
2127.82,2,24,-128,128,malla,,False,0,PGAgain,1002307.0,278.0,True,True,True,16.071969900000326
2128.18,2,24,-128,128,malla,,False,1,BPo,991981.0,300.0,True,True,False,-189.57754830000013
2128.54,2,24,-128,128,malla,,False,2,OPA_SUMo,1128000.0,281.0,True,False,True,2519.3360500000003
2128.9,2,24,-128,128,malla,,False,3,SUMo,1128000.0,269.0,True,False,True,2519.3360500000003
2129.26,2,24,-128,128,malla,,False,4,LPo,875000.0,269.0,True,False,True,-2519.3360500000003
2131.12,2,24,-128,255,malla,,False,0,PGAgain,1002284.0,249.0,True,True,True,15.613908799999837
2131.48,2,24,-128,255,malla,,False,1,BPo,991968.0,258.0,True,True,True,-189.83645240000078
2131.84,2,24,-128,255,malla,,False,2,OPA_SUMo,1128000.0,259.0,True,False,True,2519.3360500000003
2132.2,2,24,-128,255,malla,,False,3,SUMo,1128000.0,251.0,True,False,True,2519.3360500000003
2132.56,2,24,-128,255,malla,,False,4,LPo,875052.0,251.0,True,False,True,-2518.3004336
2134.42,2,24,-128,-72,abba,A1,False,0,PGAgain,1002285.0,275.0,True,True,True,15.633824499999367
2134.78,2,24,-128,-72,abba,A1,False,1,BPo,991997.0,278.0,True,True,True,-189.25889710000087
2135.14,2,24,-128,-72,abba,A1,False,2,OPA_SUMo,996233.0,290.0,True,True,True,-104.89599190000105
2135.5,2,24,-128,-72,abba,A1,False,3,SUMo,998341.0,255.0,True,True,True,-62.91369629999984
2135.86,2,24,-128,-72,abba,A1,False,4,LPo,875000.0,246.0,True,False,True,-2519.3360500000003
2137.72,2,24,-128,-56,abba,B1,False,0,PGAgain,1002338.0,265.0,True,True,True,16.689356599999314
2138.08,2,24,-128,-56,abba,B1,False,1,BPo,991948.0,249.0,True,True,True,-190.23476640000044
2138.44,2,24,-128,-56,abba,B1,False,2,OPA_SUMo,1008184.0,254.0,True,True,True,133.1165387999994
2138.8,2,24,-128,-56,abba,B1,False,3,SUMo,1010094.0,268.0,True,True,True,171.15552580000102
2139.16,2,24,-128,-56,abba,B1,False,4,LPo,875003.0,254.0,True,False,True,-2519.2763028999993
2141.02,2,24,-128,-56,abba,B2,False,0,PGAgain,1002269.0,271.0,True,True,True,15.31517330000011
2141.38,2,24,-128,-56,abba,B2,False,1,BPo,991998.0,245.0,True,True,True,-189.23898139999906
2141.74,2,24,-128,-56,abba,B2,False,2,OPA_SUMo,1008172.0,250.0,True,True,True,132.8775504000005
2142.1,2,24,-128,-56,abba,B2,False,3,SUMo,1010180.0,275.0,True,True,True,172.868275999999
2142.46,2,24,-128,-56,abba,B2,False,4,LPo,875000.0,248.0,True,False,True,-2519.3360500000003
2144.32,2,24,-128,-72,abba,A2,False,0,PGAgain,1002279.0,282.0,True,True,True,15.514330299999928
2144.68,2,24,-128,-72,abba,A2,False,1,BPo,992013.0,257.0,True,True,True,-188.94024589999935
2145.04,2,24,-128,-72,abba,A2,False,2,OPA_SUMo,996349.0,249.0,True,True,True,-102.58577069999909
2145.4,2,24,-128,-72,abba,A2,False,3,SUMo,998371.0,249.0,True,True,True,-62.31622530000038
2145.76,2,24,-128,-72,abba,A2,False,4,LPo,875000.0,254.0,True,False,True,-2519.3360500000003
2147.62,2,24,-128,-68,abba,A1,False,0,PGAgain,1002261.0,242.0,True,True,True,15.155847699999349
2147.98,2,24,-128,-68,abba,A1,False,1,BPo,991966.0,245.0,True,True,True,-189.87628379999984
2148.34,2,24,-128,-68,abba,A1,False,2,OPA_SUMo,999306.0,289.0,True,True,True,-43.69504579999921
2148.7,2,24,-128,-68,abba,A1,False,3,SUMo,1001380.0,277.0,True,True,True,-2.3898840000000905
2149.06,2,24,-128,-68,abba,A1,False,4,LPo,875025.0,292.0,True,False,True,-2518.8381575000008
2150.92,2,24,-128,-60,abba,B1,False,0,PGAgain,1002327.0,276.0,True,True,True,16.470283899999966
2151.28,2,24,-128,-60,abba,B1,False,1,BPo,991941.0,259.0,True,True,True,-190.3741762999994
2151.64,2,24,-128,-60,abba,B1,False,2,OPA_SUMo,1005253.0,263.0,True,True,True,74.74362210000085
2152.0,2,24,-128,-60,abba,B1,False,3,SUMo,1007324.0,261.0,True,True,True,115.98903679999911
2152.36,2,24,-128,-60,abba,B1,False,4,LPo,875000.0,271.0,True,False,True,-2519.3360500000003
2154.22,2,24,-128,-60,abba,B2,False,0,PGAgain,1002336.0,262.0,True,True,True,16.649525200000255
2154.58,2,24,-128,-60,abba,B2,False,1,BPo,991980.0,280.0,True,True,True,-189.59746399999966
2154.94,2,24,-128,-60,abba,B2,False,2,OPA_SUMo,1005231.0,270.0,True,True,True,74.3054766999999
2155.3,2,24,-128,-60,abba,B2,False,3,SUMo,1007255.0,281.0,True,True,True,114.61485349999991
2155.66,2,24,-128,-60,abba,B2,False,4,LPo,875000.0,267.0,True,False,True,-2519.3360500000003
2157.52,2,24,-128,-68,abba,A2,False,0,PGAgain,1002215.0,277.0,True,True,True,14.239725500000635
2157.88,2,24,-128,-68,abba,A2,False,1,BPo,991923.0,269.0,True,True,True,-190.73265889999996
2158.24,2,24,-128,-68,abba,A2,False,2,OPA_SUMo,999313.0,269.0,True,True,True,-43.55563590000024
2158.6,2,24,-128,-68,abba,A2,False,3,SUMo,1001306.0,292.0,True,True,True,-3.8636457999992033
2158.96,2,24,-128,-68,abba,A2,False,4,LPo,875001.0,252.0,True,False,True,-2519.3161343000006
2160.82,2,24,-128,-66,abba,A1,False,0,PGAgain,1002222.0,283.0,True,True,True,14.379135399999603
2161.18,2,24,-128,-66,abba,A1,False,1,BPo,991951.0,247.0,True,True,True,-190.17501929999958
2161.54,2,24,-128,-66,abba,A1,False,2,OPA_SUMo,1000759.0,256.0,True,True,True,-14.75753369999971
2161.9,2,24,-128,-66,abba,A1,False,3,SUMo,1002800.0,269.0,True,True,True,25.890409999999097
2162.26,2,24,-128,-66,abba,A1,False,4,LPo,875016.0,260.0,True,False,True,-2519.017398800001
2164.12,2,24,-128,-62,abba,B1,False,0,PGAgain,1002211.0,273.0,True,True,True,14.160062700000255
2164.48,2,24,-128,-62,abba,B1,False,1,BPo,991999.0,261.0,True,True,True,-189.21906569999953
2164.84,2,24,-128,-62,abba,B1,False,2,OPA_SUMo,1003743.0,257.0,True,True,True,44.67091510000103
2165.2,2,24,-128,-62,abba,B1,False,3,SUMo,1005838.0,287.0,True,True,True,86.39430659999931
2165.56,2,24,-128,-62,abba,B1,False,4,LPo,875000.0,245.0,True,False,True,-2519.3360500000003
2167.42,2,24,-128,-62,abba,B2,False,0,PGAgain,1002247.0,246.0,True,True,True,14.877027899999149
2167.78,2,24,-128,-62,abba,B2,False,1,BPo,991960.0,269.0,True,True,True,-189.9957779999993
2168.14,2,24,-128,-62,abba,B2,False,2,OPA_SUMo,1003751.0,267.0,True,True,True,44.83024069999953
2168.5,2,24,-128,-62,abba,B2,False,3,SUMo,1005812.0,256.0,True,True,True,85.87649840000024
2168.86,2,24,-128,-62,abba,B2,False,4,LPo,875000.0,254.0,True,False,True,-2519.3360500000003
2170.72,2,24,-128,-66,abba,A2,False,0,PGAgain,1002265.0,249.0,True,True,True,15.235510499999728
2171.08,2,24,-128,-66,abba,A2,False,1,BPo,992031.0,249.0,True,True,True,-188.58176330000103
2171.44,2,24,-128,-66,abba,A2,False,2,OPA_SUMo,1000832.0,314.0,True,True,False,-13.303687600000128
2171.8,2,24,-128,-66,abba,A2,False,3,SUMo,1002877.0,268.0,True,True,True,27.42391889999906
2172.16,2,24,-128,-66,abba,A2,False,4,LPo,875001.0,283.0,True,False,True,-2519.3161343000006
2236.84,2,24,-192,0,referencia,,False,0,PGAgain,1002283.0,254.0,True,True,True,15.59399310000031
2237.2,2,24,-192,0,referencia,,False,1,BPo,986169.0,295.0,True,True,True,-305.32759670000036
2237.56,2,24,-192,0,referencia,,False,2,OPA_SUMo,1073002.0,258.0,True,True,True,1424.0123813999992
2237.92,2,24,-192,0,referencia,,False,3,SUMo,1075018.0,282.0,True,True,True,1464.1624326000006
2238.28,2,24,-192,0,referencia,,False,4,LPo,875012.0,256.0,True,False,True,-2519.0970616000013
2240.14,2,24,-192,-255,malla,,False,0,PGAgain,1002175.0,279.0,True,True,True,13.443097499999094
2240.5,2,24,-192,-255,malla,,False,1,BPo,986207.0,256.0,True,True,True,-304.57080010000016
2240.86,2,24,-192,-255,malla,,False,2,OPA_SUMo,884116.0,248.0,True,True,True,-2337.7845288000003
2241.22,2,24,-192,-255,malla,,False,3,SUMo,886062.0,291.0,True,True,True,-2299.0285765999997
2241.58,2,24,-192,-255,malla,,False,4,LPo,875017.0,250.0,True,False,True,-2518.997483099999
2243.44,2,24,-192,-128,malla,,False,0,PGAgain,1002200.0,264.0,True,True,True,13.940990000000907
2243.8,2,24,-192,-128,malla,,False,1,BPo,986142.0,287.0,True,True,True,-305.86532059999894
2244.16,2,24,-192,-128,malla,,False,2,OPA_SUMo,978152.0,255.0,True,True,True,-464.99176359999916
2244.52,2,24,-192,-128,malla,,False,3,SUMo,980204.0,263.0,True,True,True,-424.124747200001
2244.88,2,24,-192,-128,malla,,False,4,LPo,875084.0,247.0,True,False,True,-2517.6631312000013
2246.74,2,24,-192,-64,malla,,False,0,PGAgain,1002242.0,257.0,True,True,True,14.77744939999924
2247.1,2,24,-192,-64,malla,,False,1,BPo,986188.0,253.0,True,True,True,-304.9491984000002
2247.46,2,24,-192,-64,malla,,False,2,OPA_SUMo,1025557.0,279.0,True,True,True,479.11199490000035
2247.82,2,24,-192,-64,malla,,False,3,SUMo,1027581.0,254.0,True,True,True,519.4213716999981
2248.18,2,24,-192,-64,malla,,False,4,LPo,875000.0,251.0,True,False,True,-2519.3360500000003
2250.04,2,24,-192,0,malla,,False,0,PGAgain,1002199.0,266.0,True,True,True,13.921074299999113
2250.4,2,24,-192,0,malla,,False,1,BPo,986186.0,261.0,True,True,True,-304.9890297999993
2250.76,2,24,-192,0,malla,,False,2,OPA_SUMo,1073026.0,254.0,True,True,True,1424.4903582000013
2251.12,2,24,-192,0,malla,,False,3,SUMo,1075132.0,291.0,True,True,True,1466.4328224000012
2251.48,2,24,-192,0,malla,,False,4,LPo,875000.0,299.0,True,False,True,-2519.3360500000003
2253.34,2,24,-192,64,malla,,False,0,PGAgain,1002151.0,260.0,True,True,True,12.965120699999076
2253.7,2,24,-192,64,malla,,False,1,BPo,986134.0,249.0,True,True,True,-306.0246461999997
2254.06,2,24,-192,64,malla,,False,2,OPA_SUMo,1120542.0,265.0,True,True,True,2370.8047593999986
2254.42,2,24,-192,64,malla,,False,3,SUMo,1122517.0,287.0,True,True,True,2410.1382669000013
2254.78,2,24,-192,64,malla,,False,4,LPo,875010.0,265.0,True,False,True,-2519.1368930000003
2256.64,2,24,-192,128,malla,,False,0,PGAgain,1002233.0,259.0,True,True,True,14.598208099998951
2257.0,2,24,-192,128,malla,,False,1,BPo,986186.0,248.0,True,True,True,-304.9890297999993
2257.36,2,24,-192,128,malla,,False,2,OPA_SUMo,1128000.0,249.0,True,False,True,2519.3360500000003
2257.72,2,24,-192,128,malla,,False,3,SUMo,1128000.0,258.0,True,False,True,2519.3360500000003
2258.08,2,24,-192,128,malla,,False,4,LPo,875016.0,256.0,True,False,True,-2519.017398800001
2259.94,2,24,-192,255,malla,,False,0,PGAgain,1002223.0,265.0,True,True,True,14.39905109999913
2260.3,2,24,-192,255,malla,,False,1,BPo,986142.0,266.0,True,True,True,-305.86532059999894
2260.66,2,24,-192,255,malla,,False,2,OPA_SUMo,1128000.0,254.0,True,False,True,2519.3360500000003
2261.02,2,24,-192,255,malla,,False,3,SUMo,1128000.0,255.0,True,False,True,2519.3360500000003
2261.38,2,24,-192,255,malla,,False,4,LPo,875000.0,248.0,True,False,True,-2519.3360500000003
2263.24,2,24,-192,-136,abba,A1,False,0,PGAgain,1002225.0,300.0,True,True,False,14.438882500000453
2263.6,2,24,-192,-136,abba,A1,False,1,BPo,986146.0,264.0,True,True,True,-305.7856578000009
2263.96,2,24,-192,-136,abba,A1,False,2,OPA_SUMo,972290.0,261.0,True,True,True,-581.7375970000007
2264.32,2,24,-192,-136,abba,A1,False,3,SUMo,974360.0,249.0,True,True,True,-540.5120979999998
2264.68,2,24,-192,-136,abba,A1,False,4,LPo,875000.0,251.0,True,False,True,-2519.3360500000003
2266.54,2,24,-192,-120,abba,B1,False,0,PGAgain,1002168.0,266.0,True,True,True,13.303687600000128
2266.9,2,24,-192,-120,abba,B1,False,1,BPo,986205.0,272.0,True,True,True,-304.6106314999992
2267.26,2,24,-192,-120,abba,B1,False,2,OPA_SUMo,984178.0,251.0,True,True,True,-344.97975540000004
2267.62,2,24,-192,-120,abba,B1,False,3,SUMo,986136.0,260.0,True,True,True,-305.98481480000066
2267.98,2,24,-192,-120,abba,B1,False,4,LPo,875036.0,284.0,True,False,True,-2518.619084800001
2269.84,2,24,-192,-120,abba,B2,False,0,PGAgain,1002205.0,258.0,True,True,True,14.040568500000816
2270.2,2,24,-192,-120,abba,B2,False,1,BPo,986206.0,290.0,True,True,True,-304.59071579999966
2270.56,2,24,-192,-120,abba,B2,False,2,OPA_SUMo,984170.0,284.0,True,True,True,-345.13908100000083
2270.92,2,24,-192,-120,abba,B2,False,3,SUMo,986182.0,264.0,True,True,True,-305.0686925999997
2271.28,2,24,-192,-120,abba,B2,False,4,LPo,875014.0,258.0,True,False,True,-2519.0572302
2273.14,2,24,-192,-136,abba,A2,False,0,PGAgain,1002185.0,261.0,True,True,True,13.642254499998915
2273.5,2,24,-192,-136,abba,A2,False,1,BPo,986200.0,255.0,True,True,True,-304.7102099999991
2273.86,2,24,-192,-136,abba,A2,False,2,OPA_SUMo,972298.0,268.0,True,True,True,-581.5782714
2274.22,2,24,-192,-136,abba,A2,False,3,SUMo,974350.0,267.0,True,True,True,-540.7112549999996
2274.58,2,24,-192,-136,abba,A2,False,4,LPo,875004.0,302.0,True,False,False,-2519.2563871999996
2276.44,2,24,-192,-132,abba,A1,False,0,PGAgain,1002186.0,284.0,True,True,True,13.662170200000707
2276.8,2,24,-192,-132,abba,A1,False,1,BPo,986143.0,259.0,True,True,True,-305.84540489999944
2277.16,2,24,-192,-132,abba,A1,False,2,OPA_SUMo,975319.0,260.0,True,True,True,-521.4129417000008
2277.52,2,24,-192,-132,abba,A1,False,3,SUMo,977260.0,270.0,True,True,True,-482.7565680000002
2277.88,2,24,-192,-132,abba,A1,False,4,LPo,875000.0,260.0,True,False,True,-2519.3360500000003
2279.74,2,24,-192,-124,abba,B1,False,0,PGAgain,1002208.0,253.0,True,True,True,14.100315599999403
2280.1,2,24,-192,-124,abba,B1,False,1,BPo,986224.0,246.0,True,True,True,-304.2322331999991
2280.46,2,24,-192,-124,abba,B1,False,2,OPA_SUMo,981271.0,266.0,True,True,True,-402.87469530000084
2280.82,2,24,-192,-124,abba,B1,False,3,SUMo,983258.0,269.0,True,True,True,-363.30219939999927
2281.18,2,24,-192,-124,abba,B1,False,4,LPo,875019.0,279.0,True,False,True,-2518.9576517
2283.04,2,24,-192,-124,abba,B2,False,0,PGAgain,1002219.0,276.0,True,True,True,14.319388300001014
2283.4,2,24,-192,-124,abba,B2,False,1,BPo,986203.0,241.0,True,True,True,-304.65046290000055
2283.76,2,24,-192,-124,abba,B2,False,2,OPA_SUMo,981264.0,271.0,True,True,True,-403.01410519999985
2284.12,2,24,-192,-124,abba,B2,False,3,SUMo,983331.0,246.0,True,True,True,-361.8483532999997
2284.48,2,24,-192,-124,abba,B2,False,4,LPo,875036.0,255.0,True,False,True,-2518.619084800001
2286.34,2,24,-192,-132,abba,A2,False,0,PGAgain,1002229.0,266.0,True,True,True,14.518545300000834
2286.7,2,24,-192,-132,abba,A2,False,1,BPo,986189.0,262.0,True,True,True,-304.9292827000007
2287.06,2,24,-192,-132,abba,A2,False,2,OPA_SUMo,975353.0,290.0,True,True,True,-520.735807900001
2287.42,2,24,-192,-132,abba,A2,False,3,SUMo,977336.0,256.0,True,True,True,-481.2429747999998
2287.78,2,24,-192,-132,abba,A2,False,4,LPo,875026.0,270.0,True,False,True,-2518.818241800001
2289.64,2,24,-192,-130,abba,A1,False,0,PGAgain,1002139.0,279.0,True,True,True,12.7261323000002
2290.0,2,24,-192,-130,abba,A1,False,1,BPo,986202.0,258.0,True,True,True,-304.67037860000005
2290.36,2,24,-192,-130,abba,A1,False,2,OPA_SUMo,976858.0,247.0,True,True,True,-490.7626794000011
2290.72,2,24,-192,-130,abba,A1,False,3,SUMo,978833.0,254.0,True,True,True,-451.4291719000006
2291.08,2,24,-192,-130,abba,A1,False,4,LPo,875026.0,257.0,True,False,True,-2518.818241800001
2292.94,2,24,-192,-126,abba,B1,False,0,PGAgain,1002239.0,282.0,True,True,True,14.717702300000653
2293.3,2,24,-192,-126,abba,B1,False,1,BPo,986185.0,252.0,True,True,True,-305.0089455000011
2293.66,2,24,-192,-126,abba,B1,False,2,OPA_SUMo,979823.0,282.0,True,True,True,-431.7126289000004
2294.02,2,24,-192,-126,abba,B1,False,3,SUMo,981828.0,276.0,True,True,True,-391.7816504000005
2294.38,2,24,-192,-126,abba,B1,False,4,LPo,875000.0,243.0,True,False,True,-2519.3360500000003
2296.24,2,24,-192,-126,abba,B2,False,0,PGAgain,1002239.0,252.0,True,True,True,14.717702300000653
2296.6,2,24,-192,-126,abba,B2,False,1,BPo,986242.0,276.0,True,True,True,-303.8737506000008
2296.96,2,24,-192,-126,abba,B2,False,2,OPA_SUMo,979818.0,283.0,True,True,True,-431.8122074000004
2297.32,2,24,-192,-126,abba,B2,False,3,SUMo,981832.0,250.0,True,True,True,-391.70198760000017
2297.68,2,24,-192,-126,abba,B2,False,4,LPo,875005.0,267.0,True,False,True,-2519.2364715000003
2299.54,2,24,-192,-130,abba,A2,False,0,PGAgain,1002197.0,253.0,True,True,True,13.881242900000055
2299.9,2,24,-192,-130,abba,A2,False,1,BPo,986202.0,276.0,True,True,True,-304.67037860000005
2300.26,2,24,-192,-130,abba,A2,False,2,OPA_SUMo,976860.0,263.0,True,True,True,-490.7228479999998
2300.62,2,24,-192,-130,abba,A2,False,3,SUMo,978845.0,260.0,True,True,True,-451.1901834999995
2300.98,2,24,-192,-130,abba,A2,False,4,LPo,875030.0,260.0,True,False,True,-2518.7385790000008
2365.66,2,24,-255,0,referencia,,False,0,PGAgain,1002270.0,251.0,True,True,True,15.33508899999964
2366.02,2,24,-255,0,referencia,,False,1,BPo,980565.0,269.0,True,True,True,-416.9351794999989
2366.38,2,24,-255,0,referencia,,False,2,OPA_SUMo,1096087.0,269.0,True,True,True,1883.7663158999999
2366.74,2,24,-255,0,referencia,,False,3,SUMo,1098063.0,250.0,True,True,True,1923.119739100002
2367.1,2,24,-255,0,referencia,,False,4,LPo,875000.0,249.0,True,False,True,-2519.3360500000003
2368.96,2,24,-255,-255,malla,,False,0,PGAgain,1002219.0,274.0,True,True,True,14.319388300001014
2369.32,2,24,-255,-255,malla,,False,1,BPo,980505.0,278.0,True,True,True,-418.1301215000001
2369.68,2,24,-255,-255,malla,,False,2,OPA_SUMo,907052.0,246.0,True,True,True,-1880.9980335999996
2370.04,2,24,-255,-255,malla,,False,3,SUMo,909091.0,261.0,True,True,True,-1840.3899213
2370.4,2,24,-255,-255,malla,,False,4,LPo,875000.0,269.0,True,False,True,-2519.3360500000003
2372.26,2,24,-255,-128,malla,,False,0,PGAgain,1002182.0,272.0,True,True,True,13.582507400000328
2372.62,2,24,-255,-128,malla,,False,1,BPo,980476.0,267.0,True,True,True,-418.70767680000006
2372.98,2,24,-255,-128,malla,,False,2,OPA_SUMo,1001259.0,278.0,True,True,True,-4.799683699999711
2373.34,2,24,-255,-128,malla,,False,3,SUMo,1003246.0,250.0,True,True,True,34.77281219999962
2373.7,2,24,-255,-128,malla,,False,4,LPo,875007.0,251.0,True,False,True,-2519.1966401000013
2375.56,2,24,-255,-64,malla,,False,0,PGAgain,1002188.0,276.0,True,True,True,13.702001599999765
2375.92,2,24,-255,-64,malla,,False,1,BPo,980576.0,279.0,True,True,True,-416.7161067999996
2376.28,2,24,-255,-64,malla,,False,2,OPA_SUMo,1048721.0,261.0,True,True,True,940.4392697000001
2376.64,2,24,-255,-64,malla,,False,3,SUMo,1050710.0,259.0,True,True,True,980.0515970000008
2377.0,2,24,-255,-64,malla,,False,4,LPo,875000.0,254.0,True,False,True,-2519.3360500000003
2378.86,2,24,-255,0,malla,,False,0,PGAgain,1002189.0,279.0,True,True,True,13.721917299999294
2379.22,2,24,-255,0,malla,,False,1,BPo,980543.0,286.0,True,True,True,-417.3733248999999
2379.58,2,24,-255,0,malla,,False,2,OPA_SUMo,1096109.0,263.0,True,True,True,1884.2044612999987
2379.94,2,24,-255,0,malla,,False,3,SUMo,1098194.0,262.0,True,True,True,1925.7286957999993
2380.3,2,24,-255,0,malla,,False,4,LPo,875000.0,256.0,True,False,True,-2519.3360500000003
2382.16,2,24,-255,64,malla,,False,0,PGAgain,1002177.0,267.0,True,True,True,13.482928900000417
2382.52,2,24,-255,64,malla,,False,1,BPo,980520.0,256.0,True,True,True,-417.8313860000004
2382.88,2,24,-255,64,malla,,False,2,OPA_SUMo,1128000.0,281.0,True,False,True,2519.3360500000003
2383.24,2,24,-255,64,malla,,False,3,SUMo,1128000.0,283.0,True,False,True,2519.3360500000003
2383.6,2,24,-255,64,malla,,False,4,LPo,875029.0,279.0,True,False,True,-2518.7584947
2385.46,2,24,-255,128,malla,,False,0,PGAgain,1002134.0,266.0,True,True,True,12.626553800000291
2385.82,2,24,-255,128,malla,,False,1,BPo,980443.0,264.0,True,True,True,-419.36489490000037
2386.18,2,24,-255,128,malla,,False,2,OPA_SUMo,1128000.0,279.0,True,False,True,2519.3360500000003
2386.54,2,24,-255,128,malla,,False,3,SUMo,1128000.0,276.0,True,False,True,2519.3360500000003
2386.9,2,24,-255,128,malla,,False,4,LPo,875015.0,270.0,True,False,True,-2519.0373145000003
2388.76,2,24,-255,255,malla,,False,0,PGAgain,1002150.0,288.0,True,True,True,12.945204999999548
2389.12,2,24,-255,255,malla,,False,1,BPo,980523.0,258.0,True,True,True,-417.7716388999995
2389.48,2,24,-255,255,malla,,False,2,OPA_SUMo,1128000.0,254.0,True,False,True,2519.3360500000003
2389.84,2,24,-255,255,malla,,False,3,SUMo,1128000.0,262.0,True,False,True,2519.3360500000003
2390.2,2,24,-255,255,malla,,False,4,LPo,875000.0,263.0,True,False,True,-2519.3360500000003
2392.06,2,24,-255,-136,abba,A1,False,0,PGAgain,1002173.0,260.0,True,True,True,13.403266100000037
2392.42,2,24,-255,-136,abba,A1,False,1,BPo,980554.0,256.0,True,True,True,-417.15425220000054
2392.78,2,24,-255,-136,abba,A1,False,2,OPA_SUMo,995339.0,266.0,True,True,True,-122.7006276999989
2393.14,2,24,-255,-136,abba,A1,False,3,SUMo,997347.0,307.0,True,True,False,-82.7099021000004
2393.5,2,24,-255,-136,abba,A1,False,4,LPo,875000.0,245.0,True,False,True,-2519.3360500000003
2395.36,2,24,-255,-120,abba,B1,False,0,PGAgain,1002201.0,248.0,True,True,True,13.960905700000435
2395.72,2,24,-255,-120,abba,B1,False,1,BPo,980497.0,276.0,True,True,True,-418.28944710000087
2396.08,2,24,-255,-120,abba,B1,False,2,OPA_SUMo,1007190.0,260.0,True,True,True,113.3203330000011
2396.44,2,24,-255,-120,abba,B1,False,3,SUMo,1009262.0,294.0,True,True,True,154.58566339999888
2396.8,2,24,-255,-120,abba,B1,False,4,LPo,875104.0,275.0,True,False,True,-2517.2648171999995
2398.66,2,24,-255,-120,abba,B2,False,0,PGAgain,1002185.0,282.0,True,True,True,13.642254499998915
2399.02,2,24,-255,-120,abba,B2,False,1,BPo,980570.0,285.0,True,True,True,-416.83560099999903
2399.38,2,24,-255,-120,abba,B2,False,2,OPA_SUMo,1007209.0,258.0,True,True,True,113.69873129999894
2399.74,2,24,-255,-120,abba,B2,False,3,SUMo,1009228.0,274.0,True,True,True,153.90852959999904
2400.1,2,24,-255,-120,abba,B2,False,4,LPo,875000.0,284.0,True,False,True,-2519.3360500000003
2401.96,2,24,-255,-136,abba,A2,False,0,PGAgain,1002144.0,279.0,True,True,True,12.82571080000011
2402.32,2,24,-255,-136,abba,A2,False,1,BPo,980579.0,269.0,True,True,True,-416.656359700001
2402.68,2,24,-255,-136,abba,A2,False,2,OPA_SUMo,995450.0,254.0,True,True,True,-120.4899849999991
2403.04,2,24,-255,-136,abba,A2,False,3,SUMo,997337.0,262.0,True,True,True,-82.90905910000022
2403.4,2,24,-255,-136,abba,A2,False,4,LPo,875000.0,283.0,True,False,True,-2519.3360500000003
2405.26,2,24,-255,-132,abba,A1,False,0,PGAgain,1002194.0,285.0,True,True,True,13.821495799999203
2405.62,2,24,-255,-132,abba,A1,False,1,BPo,980518.0,252.0,True,True,True,-417.87121739999947
2405.98,2,24,-255,-132,abba,A1,False,2,OPA_SUMo,998304.0,252.0,True,True,True,-63.65057720000053
2406.34,2,24,-255,-132,abba,A1,False,3,SUMo,1000359.0,253.0,True,True,True,-22.72381369999926
2406.7,2,24,-255,-132,abba,A1,False,4,LPo,875000.0,257.0,True,False,True,-2519.3360500000003
2408.56,2,24,-255,-124,abba,B1,False,0,PGAgain,1002208.0,251.0,True,True,True,14.100315599999403
2408.92,2,24,-255,-124,abba,B1,False,1,BPo,980490.0,279.0,True,True,True,-418.4288569999998
2409.28,2,24,-255,-124,abba,B1,False,2,OPA_SUMo,1004323.0,272.0,True,True,True,56.22202109999959
2409.64,2,24,-255,-124,abba,B1,False,3,SUMo,1006285.0,263.0,True,True,True,95.29662449999937
2410.0,2,24,-255,-124,abba,B1,False,4,LPo,875006.0,247.0,True,False,True,-2519.2165558000006
2411.86,2,24,-255,-124,abba,B2,False,0,PGAgain,1002113.0,276.0,True,True,True,12.208324100001123
2412.22,2,24,-255,-124,abba,B2,False,1,BPo,980559.0,243.0,True,True,True,-417.05467370000065
2412.58,2,24,-255,-124,abba,B2,False,2,OPA_SUMo,1004198.0,259.0,True,True,True,53.732558599999585
2412.94,2,24,-255,-124,abba,B2,False,3,SUMo,1006279.0,255.0,True,True,True,95.17713029999993
2413.3,2,24,-255,-124,abba,B2,False,4,LPo,875034.0,249.0,True,False,True,-2518.6589162000005
2415.16,2,24,-255,-132,abba,A2,False,0,PGAgain,1002171.0,267.0,True,True,True,13.36343470000098
2415.52,2,24,-255,-132,abba,A2,False,1,BPo,980579.0,247.0,True,True,True,-416.656359700001
2415.88,2,24,-255,-132,abba,A2,False,2,OPA_SUMo,998376.0,264.0,True,True,True,-62.216646800000476
2416.24,2,24,-255,-132,abba,A2,False,3,SUMo,1000397.0,263.0,True,True,True,-21.96701709999904
2416.6,2,24,-255,-132,abba,A2,False,4,LPo,875000.0,258.0,True,False,True,-2519.3360500000003
2418.46,2,24,-255,-130,abba,A1,False,0,PGAgain,1002189.0,277.0,True,True,True,13.721917299999294
2418.82,2,24,-255,-130,abba,A1,False,1,BPo,980465.0,267.0,True,True,True,-418.9267494999994
2419.18,2,24,-255,-130,abba,A1,False,2,OPA_SUMo,999937.0,269.0,True,True,True,-31.128239099999767
2419.54,2,24,-255,-130,abba,A1,False,3,SUMo,1001962.0,257.0,True,True,True,9.201053399999783
2419.9,2,24,-255,-130,abba,A1,False,4,LPo,875005.0,278.0,True,False,True,-2519.2364715000003
2421.76,2,24,-255,-126,abba,B1,False,0,PGAgain,1002158.0,256.0,True,True,True,13.10453060000031
2422.12,2,24,-255,-126,abba,B1,False,1,BPo,980613.0,271.0,True,True,True,-415.9792258999989
2422.48,2,24,-255,-126,abba,B1,False,2,OPA_SUMo,1002847.0,255.0,True,True,True,26.826447899999604
2422.84,2,24,-255,-126,abba,B1,False,3,SUMo,1004860.0,267.0,True,True,True,66.91675200000027
2423.2,2,24,-255,-126,abba,B1,False,4,LPo,875000.0,276.0,True,False,True,-2519.3360500000003
2425.06,2,24,-255,-126,abba,B2,False,0,PGAgain,1002184.0,264.0,True,True,True,13.622338799999385
2425.42,2,24,-255,-126,abba,B2,False,1,BPo,980495.0,261.0,True,True,True,-418.32927849999993
2425.78,2,24,-255,-126,abba,B2,False,2,OPA_SUMo,1002873.0,291.0,True,True,True,27.344256100000944
2426.14,2,24,-255,-126,abba,B2,False,3,SUMo,1004857.0,268.0,True,True,True,66.85700489999942
2426.5,2,24,-255,-126,abba,B2,False,4,LPo,875033.0,262.0,True,False,True,-2518.6788318999998
2428.36,2,24,-255,-130,abba,A2,False,0,PGAgain,1002083.0,272.0,True,True,True,11.610853099999403
2428.72,2,24,-255,-130,abba,A2,False,1,BPo,980544.0,265.0,True,True,True,-417.3534092000004
2429.08,2,24,-255,-130,abba,A2,False,2,OPA_SUMo,999922.0,252.0,True,True,True,-31.426974599999493
2429.44,2,24,-255,-130,abba,A2,False,3,SUMo,1001932.0,288.0,True,True,True,8.603582400000327
2429.8,2,24,-255,-130,abba,A2,False,4,LPo,875000.0,268.0,True,False,True,-2519.3360500000003
