t_s,pasada,idac0,idac1,idac2,fase,ch,tap,media_banco_uv,pp_banco_uv,ok,valido,clavado,real_mv_vs_vref
187.44,1,12,-255,0,referencia,0,PGAgain,1001568.0,277.0,True,True,True,1.354267599999674
187.8,1,12,-255,0,referencia,1,BPo,980494.0,249.0,True,True,True,-418.3491941999995
188.16,1,12,-255,0,referencia,2,OPA_SUMo,1101019.0,278.0,True,True,True,1981.9905483000002
188.52,1,12,-255,0,referencia,3,SUMo,1102994.0,254.0,True,True,True,2021.3240557999984
188.88,1,12,-255,0,referencia,4,LPo,875084.0,288.0,True,False,True,-2517.6631312000013
190.74,1,12,-255,-255,malla,0,PGAgain,1001561.0,298.0,True,True,True,1.2148577000007066
191.1,1,12,-255,-255,malla,1,BPo,980533.0,314.0,True,True,False,-417.57248189999973
191.46,1,12,-255,-255,malla,2,OPA_SUMo,912021.0,267.0,True,True,True,-1782.036920300001
191.82,1,12,-255,-255,malla,3,SUMo,913996.0,259.0,True,True,True,-1742.7034128000005
192.18,1,12,-255,-255,malla,4,LPo,875031.0,255.0,True,False,True,-2518.718663300001
194.04,1,12,-255,-128,malla,0,PGAgain,1001437.0,250.0,True,True,True,-1.2546890999997646
194.4,1,12,-255,-128,malla,1,BPo,980516.0,273.0,True,True,True,-417.91104880000074
194.76,1,12,-255,-128,malla,2,OPA_SUMo,1006154.0,287.0,True,True,True,92.68766779999993
195.12,1,12,-255,-128,malla,3,SUMo,1008096.0,269.0,True,True,True,131.36395720000007
195.48,1,12,-255,-128,malla,4,LPo,875000.0,247.0,True,False,True,-2519.3360500000003
197.34,1,12,-255,-64,malla,0,PGAgain,1001576.0,258.0,True,True,True,1.5135932000004348
197.7,1,12,-255,-64,malla,1,BPo,980594.0,291.0,True,True,True,-416.357624199999
198.06,1,12,-255,-64,malla,2,OPA_SUMo,1053598.0,244.0,True,True,True,1037.5681385999992
198.42,1,12,-255,-64,malla,3,SUMo,1055586.0,280.0,True,True,True,1077.1605502000002
198.78,1,12,-255,-64,malla,4,LPo,875000.0,260.0,True,False,True,-2519.3360500000003
200.64,1,12,-255,0,malla,0,PGAgain,1001601.0,261.0,True,True,True,2.011485699999982
201.0,1,12,-255,0,malla,1,BPo,980608.0,269.0,True,True,True,-416.07880440000105
201.36,1,12,-255,0,malla,2,OPA_SUMo,1101001.0,256.0,True,True,True,1981.6320656999997
201.72,1,12,-255,0,malla,3,SUMo,1102993.0,264.0,True,True,True,2021.304140099999
202.08,1,12,-255,0,malla,4,LPo,875000.0,281.0,True,False,True,-2519.3360500000003
203.94,1,12,-255,64,malla,0,PGAgain,1001614.0,268.0,True,True,True,2.270389800000652
204.3,1,12,-255,64,malla,1,BPo,980533.0,260.0,True,True,True,-417.57248189999973
204.66,1,12,-255,64,malla,2,OPA_SUMo,1128000.0,289.0,True,False,True,2519.3360500000003
205.02,1,12,-255,64,malla,3,SUMo,1128000.0,281.0,True,False,True,2519.3360500000003
205.38,1,12,-255,64,malla,4,LPo,875000.0,275.0,True,False,True,-2519.3360500000003
207.24,1,12,-255,128,malla,0,PGAgain,1001526.0,252.0,True,True,True,0.5178081999990762
207.6,1,12,-255,128,malla,1,BPo,980553.0,244.0,True,True,True,-417.1741679000001
207.96,1,12,-255,128,malla,2,OPA_SUMo,1128000.0,275.0,True,False,True,2519.3360500000003
208.32,1,12,-255,128,malla,3,SUMo,1128000.0,280.0,True,False,True,2519.3360500000003
208.68,1,12,-255,128,malla,4,LPo,875000.0,276.0,True,False,True,-2519.3360500000003
210.54,1,12,-255,255,malla,0,PGAgain,1001518.0,257.0,True,True,True,0.35848260000057963
210.9,1,12,-255,255,malla,1,BPo,980583.0,246.0,True,True,True,-416.5766969000006
211.26,1,12,-255,255,malla,2,OPA_SUMo,1128000.0,263.0,True,False,True,2519.3360500000003
211.62,1,12,-255,255,malla,3,SUMo,1128000.0,271.0,True,False,True,2519.3360500000003
211.98,1,12,-255,255,malla,4,LPo,875000.0,267.0,True,False,True,-2519.3360500000003
213.84,1,12,-255,-136,fino,0,PGAgain,1001579.0,267.0,True,True,True,1.573340299999022
214.2,1,12,-255,-136,fino,1,BPo,980432.0,268.0,True,True,True,-419.5839675999997
214.56,1,12,-255,-136,fino,2,OPA_SUMo,1000163.0,255.0,True,True,True,-26.627290899999785
214.92,1,12,-255,-136,fino,3,SUMo,1002217.0,269.0,True,True,True,14.279556899999692
215.28,1,12,-255,-136,fino,4,LPo,875018.0,281.0,True,False,True,-2518.9775673999998
217.14,1,12,-255,-132,fino,0,PGAgain,1001567.0,243.0,True,True,True,1.334351900000145
217.5,1,12,-255,-132,fino,1,BPo,980503.0,254.0,True,True,True,-418.16995289999915
217.86,1,12,-255,-132,fino,2,OPA_SUMo,1003162.0,280.0,True,True,True,33.09989340000069
218.22,1,12,-255,-132,fino,3,SUMo,1005095.0,302.0,True,True,False,71.59694150000055
218.58,1,12,-255,-132,fino,4,LPo,875000.0,260.0,True,False,True,-2519.3360500000003
220.44,1,12,-255,-130,fino,0,PGAgain,1001548.0,280.0,True,True,True,0.9559536000000363
220.8,1,12,-255,-130,fino,1,BPo,980482.0,242.0,True,True,True,-418.5881826000006
221.16,1,12,-255,-130,fino,2,OPA_SUMo,1004678.0,275.0,True,True,True,63.29209459999995
221.52,1,12,-255,-130,fino,3,SUMo,1006595.0,262.0,True,True,True,101.47049150000055
221.88,1,12,-255,-130,fino,4,LPo,875000.0,266.0,True,False,True,-2519.3360500000003
223.74,1,12,-255,-128,fino,0,PGAgain,1001619.0,248.0,True,True,True,2.369968300000562
224.1,1,12,-255,-128,fino,1,BPo,980479.0,250.0,True,True,True,-418.64792969999917
224.46,1,12,-255,-128,fino,2,OPA_SUMo,1006123.0,286.0,True,True,True,92.07028110000094
224.82,1,12,-255,-128,fino,3,SUMo,1008054.0,256.0,True,True,True,130.52749779999948
225.18,1,12,-255,-128,fino,4,LPo,875001.0,267.0,True,False,True,-2519.3161343000006
227.04,1,12,-255,-126,fino,0,PGAgain,1001522.0,310.0,True,True,False,0.43814540000096003
227.4,1,12,-255,-126,fino,1,BPo,980478.0,271.0,True,True,True,-418.667845400001
227.76,1,12,-255,-126,fino,2,OPA_SUMo,1007594.0,250.0,True,True,True,121.36627580000102
228.12,1,12,-255,-126,fino,3,SUMo,1009587.0,250.0,True,True,True,161.05826589999978
228.48,1,12,-255,-126,fino,4,LPo,875000.0,264.0,True,False,True,-2519.3360500000003
230.34,1,12,-255,-124,fino,0,PGAgain,1001564.0,288.0,True,True,True,1.2746047999992935
230.7,1,12,-255,-124,fino,1,BPo,980517.0,260.0,True,True,True,-417.89113309999897
231.06,1,12,-255,-124,fino,2,OPA_SUMo,1009059.0,271.0,True,True,True,150.5427762999994
231.42,1,12,-255,-124,fino,3,SUMo,1010966.0,279.0,True,True,True,188.52201620000017
231.78,1,12,-255,-124,fino,4,LPo,875000.0,272.0,True,False,True,-2519.3360500000003
233.64,1,12,-255,-120,fino,0,PGAgain,1001577.0,249.0,True,True,True,1.5335088999999638
234.0,1,12,-255,-120,fino,1,BPo,980594.0,263.0,True,True,True,-416.357624199999
234.36,1,12,-255,-120,fino,2,OPA_SUMo,1012040.0,271.0,True,True,True,209.91147799999928
234.72,1,12,-255,-120,fino,3,SUMo,1014026.0,264.0,True,True,True,249.4640581999991
235.08,1,12,-255,-120,fino,4,LPo,875034.0,277.0,True,False,True,-2518.6589162000005
325.44,1,12,-192,0,referencia,0,PGAgain,1001532.0,280.0,True,True,True,0.6373024000007789
325.8,1,12,-192,0,referencia,1,BPo,986202.0,265.0,True,True,True,-304.67037860000005
326.16,1,12,-192,0,referencia,2,OPA_SUMo,1078122.0,267.0,True,True,True,1525.9807654000015
326.52,1,12,-192,0,referencia,3,SUMo,1080139.0,260.0,True,True,True,1566.150732299998
326.88,1,12,-192,0,referencia,4,LPo,875034.0,257.0,True,False,True,-2518.6589162000005
328.74,1,12,-192,-255,malla,0,PGAgain,1001489.0,242.0,True,True,True,-0.21907269999934795
329.1,1,12,-192,-255,malla,1,BPo,986153.0,244.0,True,True,True,-305.6462478999996
329.46,1,12,-192,-255,malla,2,OPA_SUMo,889116.0,293.0,True,True,True,-2238.2060288000002
329.82,1,12,-192,-255,malla,3,SUMo,891169.0,252.0,True,True,True,-2197.3190967000005
330.18,1,12,-192,-255,malla,4,LPo,875045.0,255.0,True,False,True,-2518.4398435000007
332.04,1,12,-192,-128,malla,0,PGAgain,1001540.0,243.0,True,True,True,0.7966279999992755
332.4,1,12,-192,-128,malla,1,BPo,986129.0,245.0,True,True,True,-306.1242246999996
332.76,1,12,-192,-128,malla,2,OPA_SUMo,983205.0,261.0,True,True,True,-364.3577314999992
333.12,1,12,-192,-128,malla,3,SUMo,985235.0,269.0,True,True,True,-323.92886049999976
333.48,1,12,-192,-128,malla,4,LPo,875000.0,264.0,True,False,True,-2519.3360500000003
335.34,1,12,-192,-64,malla,0,PGAgain,1001566.0,266.0,True,True,True,1.314436200000616
335.7,1,12,-192,-64,malla,1,BPo,986202.0,293.0,True,True,True,-304.67037860000005
336.06,1,12,-192,-64,malla,2,OPA_SUMo,1030658.0,265.0,True,True,True,580.701980599998
336.42,1,12,-192,-64,malla,3,SUMo,1032641.0,257.0,True,True,True,620.1948137000015
336.78,1,12,-192,-64,malla,4,LPo,875061.0,249.0,True,False,True,-2518.1211922999996
338.64,1,12,-192,0,malla,0,PGAgain,1001618.0,261.0,True,True,True,2.3500526000010327
339.0,1,12,-192,0,malla,1,BPo,986226.0,248.0,True,True,True,-304.1924018
339.36,1,12,-192,0,malla,2,OPA_SUMo,1078165.0,263.0,True,True,True,1526.8371404999994
339.72,1,12,-192,0,malla,3,SUMo,1080059.0,254.0,True,True,True,1564.5574762999995
340.08,1,12,-192,0,malla,4,LPo,875000.0,252.0,True,False,True,-2519.3360500000003
341.94,1,12,-192,64,malla,0,PGAgain,1001626.0,249.0,True,True,True,2.5093781999995293
342.3,1,12,-192,64,malla,1,BPo,986168.0,274.0,True,True,True,-305.3475123999999
342.66,1,12,-192,64,malla,2,OPA_SUMo,1125628.0,272.0,True,False,True,2472.0960095999985
343.02,1,12,-192,64,malla,3,SUMo,1127561.0,263.0,True,False,True,2510.5930576999986
343.38,1,12,-192,64,malla,4,LPo,875000.0,246.0,True,False,True,-2519.3360500000003
345.24,1,12,-192,128,malla,0,PGAgain,1001579.0,269.0,True,True,True,1.573340299999022
345.6,1,12,-192,128,malla,1,BPo,986142.0,266.0,True,True,True,-305.86532059999894
345.96,1,12,-192,128,malla,2,OPA_SUMo,1128000.0,271.0,True,False,True,2519.3360500000003
346.32,1,12,-192,128,malla,3,SUMo,1128000.0,259.0,True,False,True,2519.3360500000003
346.68,1,12,-192,128,malla,4,LPo,875039.0,263.0,True,False,True,-2518.5593377000005
348.54,1,12,-192,255,malla,0,PGAgain,1001594.0,260.0,True,True,True,1.8720758000010145
348.9,1,12,-192,255,malla,1,BPo,986241.0,253.0,True,True,True,-303.8936663000003
349.26,1,12,-192,255,malla,2,OPA_SUMo,1128000.0,242.0,True,False,True,2519.3360500000003
349.62,1,12,-192,255,malla,3,SUMo,1128000.0,273.0,True,False,True,2519.3360500000003
349.98,1,12,-192,255,malla,4,LPo,875000.0,262.0,True,False,True,-2519.3360500000003
351.84,1,12,-192,-136,fino,0,PGAgain,1001633.0,256.0,True,True,True,2.6487881000007607
352.2,1,12,-192,-136,fino,1,BPo,986235.0,249.0,True,True,True,-304.01316049999974
352.56,1,12,-192,-136,fino,2,OPA_SUMo,977338.0,258.0,True,True,True,-481.2031434000007
352.92,1,12,-192,-136,fino,3,SUMo,979316.0,258.0,True,True,True,-441.8098887999994
353.28,1,12,-192,-136,fino,4,LPo,875002.0,262.0,True,False,True,-2519.296218600001
355.14,1,12,-192,-132,fino,0,PGAgain,1001575.0,262.0,True,True,True,1.4936775000009057
355.5,1,12,-192,-132,fino,1,BPo,986240.0,253.0,True,True,True,-303.91358199999985
355.86,1,12,-192,-132,fino,2,OPA_SUMo,980264.0,253.0,True,True,True,-422.9298051999998
356.22,1,12,-192,-132,fino,3,SUMo,982305.0,261.0,True,True,True,-382.281861500001
356.58,1,12,-192,-132,fino,4,LPo,875026.0,259.0,True,False,True,-2518.818241800001
358.44,1,12,-192,-130,fino,0,PGAgain,1001603.0,265.0,True,True,True,2.05131709999904
358.8,1,12,-192,-130,fino,1,BPo,986223.0,282.0,True,True,True,-304.25214890000086
359.16,1,12,-192,-130,fino,2,OPA_SUMo,981754.0,271.0,True,True,True,-393.2554121999996
359.52,1,12,-192,-130,fino,3,SUMo,983826.0,269.0,True,True,True,-351.9900817999996
359.88,1,12,-192,-130,fino,4,LPo,875057.0,252.0,True,False,True,-2518.2008551
361.74,1,12,-192,-128,fino,0,PGAgain,1001553.0,260.0,True,True,True,1.0555320999999458
362.1,1,12,-192,-128,fino,1,BPo,986206.0,263.0,True,True,True,-304.59071579999966
362.46,1,12,-192,-128,fino,2,OPA_SUMo,983257.0,247.0,True,True,True,-363.32211510000104
362.82,1,12,-192,-128,fino,3,SUMo,985281.0,257.0,True,True,True,-323.01273830000105
363.18,1,12,-192,-128,fino,4,LPo,875007.0,252.0,True,False,True,-2519.1966401000013
365.04,1,12,-192,-126,fino,0,PGAgain,1001577.0,266.0,True,True,True,1.5335088999999638
365.4,1,12,-192,-126,fino,1,BPo,986203.0,277.0,True,True,True,-304.65046290000055
365.76,1,12,-192,-126,fino,2,OPA_SUMo,984749.0,260.0,True,True,True,-333.60789069999953
366.12,1,12,-192,-126,fino,3,SUMo,986773.0,257.0,True,True,True,-293.29851389999953
366.48,1,12,-192,-126,fino,4,LPo,875000.0,244.0,True,False,True,-2519.3360500000003
368.34,1,12,-192,-124,fino,0,PGAgain,1001582.0,259.0,True,True,True,1.6330873999998734
368.7,1,12,-192,-124,fino,1,BPo,986215.0,255.0,True,True,True,-304.4114744999994
369.06,1,12,-192,-124,fino,2,OPA_SUMo,986179.0,262.0,True,True,True,-305.12843970000057
369.42,1,12,-192,-124,fino,3,SUMo,988197.0,264.0,True,True,True,-264.93855709999997
369.78,1,12,-192,-124,fino,4,LPo,875000.0,259.0,True,False,True,-2519.3360500000003
371.64,1,12,-192,-120,fino,0,PGAgain,1001550.0,259.0,True,True,True,0.9957849999990944
372.0,1,12,-192,-120,fino,1,BPo,986177.0,254.0,True,True,True,-305.1682710999996
372.36,1,12,-192,-120,fino,2,OPA_SUMo,989170.0,248.0,True,True,True,-245.56058100000084
372.72,1,12,-192,-120,fino,3,SUMo,991169.0,262.0,True,True,True,-205.74909670000036
373.08,1,12,-192,-120,fino,4,LPo,875058.0,269.0,True,False,True,-2518.1809394
463.44,1,12,-128,0,referencia,0,PGAgain,1001597.0,254.0,True,True,True,1.9318228999996017
463.8,1,12,-128,0,referencia,1,BPo,991979.0,278.0,True,True,True,-189.6173796999992
464.16,1,12,-128,0,referencia,2,OPA_SUMo,1055101.0,277.0,True,True,True,1067.5014357000023
464.52,1,12,-128,0,referencia,3,SUMo,1057018.0,242.0,True,True,True,1105.6798326000007
464.88,1,12,-128,0,referencia,4,LPo,875008.0,272.0,True,False,True,-2519.1767243999993
466.74,1,12,-128,-255,malla,0,PGAgain,1001485.0,281.0,True,True,True,-0.2987354999997283
467.1,1,12,-128,-255,malla,1,BPo,991983.0,277.0,True,True,True,-189.53771690000107
467.46,1,12,-128,-255,malla,2,OPA_SUMo,875000.0,265.0,True,False,True,-2519.3360500000003
467.82,1,12,-128,-255,malla,3,SUMo,875000.0,254.0,True,False,True,-2519.3360500000003
468.18,1,12,-128,-255,malla,4,LPo,875031.0,256.0,True,False,True,-2518.718663300001
470.04,1,12,-128,-128,malla,0,PGAgain,1001531.0,274.0,True,True,True,0.6173866999989857
470.4,1,12,-128,-128,malla,1,BPo,991966.0,274.0,True,True,True,-189.87628379999984
470.76,1,12,-128,-128,malla,2,OPA_SUMo,960234.0,264.0,True,True,True,-821.8412761999994
471.12,1,12,-128,-128,malla,3,SUMo,962289.0,245.0,True,True,True,-780.9145127000003
471.48,1,12,-128,-128,malla,4,LPo,875000.0,271.0,True,False,True,-2519.3360500000003
473.34,1,12,-128,-64,malla,0,PGAgain,1001598.0,272.0,True,True,True,1.9517385999991306
473.7,1,12,-128,-64,malla,1,BPo,991974.0,263.0,True,True,True,-189.71695819999908
474.06,1,12,-128,-64,malla,2,OPA_SUMo,1007696.0,284.0,True,True,True,123.39767720000053
474.42,1,12,-128,-64,malla,3,SUMo,1009655.0,251.0,True,True,True,162.41253349999945
474.78,1,12,-128,-64,malla,4,LPo,875000.0,312.0,True,False,False,-2519.3360500000003
476.64,1,12,-128,0,malla,0,PGAgain,1001466.0,262.0,True,True,True,-0.677133799999837
477.0,1,12,-128,0,malla,1,BPo,991943.0,284.0,True,True,True,-190.33434490000033
477.36,1,12,-128,0,malla,2,OPA_SUMo,1055094.0,280.0,True,True,True,1067.362025800001
477.72,1,12,-128,0,malla,3,SUMo,1057107.0,250.0,True,True,True,1107.4523298999995
478.08,1,12,-128,0,malla,4,LPo,875004.0,253.0,True,False,True,-2519.2563871999996
479.94,1,12,-128,64,malla,0,PGAgain,1001607.0,283.0,True,True,True,2.1309798999994203
480.3,1,12,-128,64,malla,1,BPo,991899.0,259.0,True,True,True,-191.21063569999998
480.66,1,12,-128,64,malla,2,OPA_SUMo,1102584.0,253.0,True,True,True,2013.1586188000012
481.02,1,12,-128,64,malla,3,SUMo,1104519.0,262.0,True,True,True,2051.6954983
481.38,1,12,-128,64,malla,4,LPo,875025.0,286.0,True,False,True,-2518.8381575000008
483.24,1,12,-128,128,malla,0,PGAgain,1001564.0,263.0,True,True,True,1.2746047999992935
483.6,1,12,-128,128,malla,1,BPo,991948.0,287.0,True,True,True,-190.23476640000044
483.96,1,12,-128,128,malla,2,OPA_SUMo,1128000.0,275.0,True,False,True,2519.3360500000003
484.32,1,12,-128,128,malla,3,SUMo,1128000.0,282.0,True,False,True,2519.3360500000003
484.68,1,12,-128,128,malla,4,LPo,875007.0,272.0,True,False,True,-2519.1966401000013
486.54,1,12,-128,255,malla,0,PGAgain,1001521.0,309.0,True,True,False,0.4182296999991668
486.9,1,12,-128,255,malla,1,BPo,991952.0,259.0,True,True,True,-190.15510360000005
487.26,1,12,-128,255,malla,2,OPA_SUMo,1128000.0,272.0,True,False,True,2519.3360500000003
487.62,1,12,-128,255,malla,3,SUMo,1128000.0,288.0,True,False,True,2519.3360500000003
487.98,1,12,-128,255,malla,4,LPo,875016.0,255.0,True,False,True,-2519.017398800001
489.84,1,12,-128,-72,fino,0,PGAgain,1001564.0,246.0,True,True,True,1.2746047999992935
490.2,1,12,-128,-72,fino,1,BPo,991971.0,244.0,True,True,True,-189.77670529999995
490.56,1,12,-128,-72,fino,2,OPA_SUMo,1001761.0,281.0,True,True,True,5.197997699999348
490.92,1,12,-128,-72,fino,3,SUMo,1003766.0,262.0,True,True,True,45.12897619999926
491.28,1,12,-128,-72,fino,4,LPo,875000.0,259.0,True,False,True,-2519.3360500000003
493.14,1,12,-128,-68,fino,0,PGAgain,1001558.0,250.0,True,True,True,1.1551105999998552
493.5,1,12,-128,-68,fino,1,BPo,992011.0,259.0,True,True,True,-188.98007730000066
493.86,1,12,-128,-68,fino,2,OPA_SUMo,1004783.0,267.0,True,True,True,65.38324310000031
494.22,1,12,-128,-68,fino,3,SUMo,1006774.0,243.0,True,True,True,105.03540180000002
494.58,1,12,-128,-68,fino,4,LPo,875000.0,275.0,True,False,True,-2519.3360500000003
496.44,1,12,-128,-66,fino,0,PGAgain,1001619.0,259.0,True,True,True,2.369968300000562
496.8,1,12,-128,-66,fino,1,BPo,991945.0,273.0,True,True,True,-190.29451349999903
497.16,1,12,-128,-66,fino,2,OPA_SUMo,1006183.0,279.0,True,True,True,93.26522309999986
497.52,1,12,-128,-66,fino,3,SUMo,1008235.0,255.0,True,True,True,134.13223950000028
497.88,1,12,-128,-66,fino,4,LPo,875000.0,276.0,True,False,True,-2519.3360500000003
499.74,1,12,-128,-64,fino,0,PGAgain,1001568.0,269.0,True,True,True,1.354267599999674
500.1,1,12,-128,-64,fino,1,BPo,991902.0,253.0,True,True,True,-191.15088859999915
500.46,1,12,-128,-64,fino,2,OPA_SUMo,1007744.0,257.0,True,True,True,124.35363080000057
500.82,1,12,-128,-64,fino,3,SUMo,1009711.0,281.0,True,True,True,163.52781270000025
501.18,1,12,-128,-64,fino,4,LPo,875011.0,289.0,True,False,True,-2519.1169773000006
503.04,1,12,-128,-62,fino,0,PGAgain,1001545.0,257.0,True,True,True,0.896206499999185
503.4,1,12,-128,-62,fino,1,BPo,991919.0,288.0,True,True,True,-190.81232170000035
503.76,1,12,-128,-62,fino,2,OPA_SUMo,1009226.0,246.0,True,True,True,153.86869819999998
504.12,1,12,-128,-62,fino,3,SUMo,1011216.0,244.0,True,True,True,193.50094120000017
504.48,1,12,-128,-62,fino,4,LPo,875000.0,270.0,True,False,True,-2519.3360500000003
506.34,1,12,-128,-60,fino,0,PGAgain,1001566.0,262.0,True,True,True,1.314436200000616
506.7,1,12,-128,-60,fino,1,BPo,991956.0,249.0,True,True,True,-190.07544079999965
507.06,1,12,-128,-60,fino,2,OPA_SUMo,1010642.0,266.0,True,True,True,182.06932940000107
507.42,1,12,-128,-60,fino,3,SUMo,1012714.0,258.0,True,True,True,223.3346598000011
507.78,1,12,-128,-60,fino,4,LPo,875000.0,277.0,True,False,True,-2519.3360500000003
509.64,1,12,-128,-56,fino,0,PGAgain,1001504.0,251.0,True,True,True,0.07966280000038038
510.0,1,12,-128,-56,fino,1,BPo,992026.0,261.0,True,True,True,-188.68134180000092
510.36,1,12,-128,-56,fino,2,OPA_SUMo,1013669.0,284.0,True,True,True,242.35415329999967
510.72,1,12,-128,-56,fino,3,SUMo,1015712.0,262.0,True,True,True,283.0419283999998
511.08,1,12,-128,-56,fino,4,LPo,875056.0,272.0,True,False,True,-2518.220770799999
601.44,1,12,-64,0,referencia,0,PGAgain,1001551.0,254.0,True,True,True,1.0157007000008875
601.8,1,12,-64,0,referencia,1,BPo,997735.0,261.0,True,True,True,-74.98261049999974
602.16,1,12,-64,0,referencia,2,OPA_SUMo,1032259.0,253.0,True,True,True,612.5870163000003
602.52,1,12,-64,0,referencia,3,SUMo,1034291.0,300.0,True,True,False,653.0557186999988
602.88,1,12,-64,0,referencia,4,LPo,875009.0,256.0,True,False,True,-2519.1568087
604.74,1,12,-64,-255,malla,0,PGAgain,1001508.0,256.0,True,True,True,0.15932560000076076
605.1,1,12,-64,-255,malla,1,BPo,997747.0,245.0,True,True,True,-74.74362210000085
605.46,1,12,-64,-255,malla,2,OPA_SUMo,875000.0,277.0,True,False,True,-2519.3360500000003
605.82,1,12,-64,-255,malla,3,SUMo,875000.0,280.0,True,False,True,-2519.3360500000003
606.18,1,12,-64,-255,malla,4,LPo,875002.0,260.0,True,False,True,-2519.296218600001
608.04,1,12,-64,-128,malla,0,PGAgain,1001513.0,288.0,True,True,True,0.2589041000006702
608.4,1,12,-64,-128,malla,1,BPo,997791.0,267.0,True,True,True,-73.86733129999894
608.76,1,12,-64,-128,malla,2,OPA_SUMo,937397.0,241.0,True,True,True,-1276.6561170999992
609.12,1,12,-64,-128,malla,3,SUMo,939476.0,288.0,True,True,True,-1235.2513768000001
609.48,1,12,-64,-128,malla,4,LPo,875000.0,264.0,True,False,True,-2519.3360500000003
611.34,1,12,-64,-64,malla,0,PGAgain,1001547.0,279.0,True,True,True,0.9360379000005072
611.7,1,12,-64,-64,malla,1,BPo,997736.0,255.0,True,True,True,-74.96269480000021
612.06,1,12,-64,-64,malla,2,OPA_SUMo,984773.0,279.0,True,True,True,-333.1299138999995
612.42,1,12,-64,-64,malla,3,SUMo,986879.0,245.0,True,True,True,-291.18744969999966
612.78,1,12,-64,-64,malla,4,LPo,875000.0,270.0,True,False,True,-2519.3360500000003
614.64,1,12,-64,0,malla,0,PGAgain,1001512.0,269.0,True,True,True,0.238988399998877
615.0,1,12,-64,0,malla,1,BPo,997723.0,245.0,True,True,True,-75.22159890000087
615.36,1,12,-64,0,malla,2,OPA_SUMo,1032283.0,270.0,True,True,True,613.0649930999981
615.72,1,12,-64,0,malla,3,SUMo,1034313.0,263.0,True,True,True,653.493864100002
616.08,1,12,-64,0,malla,4,LPo,875008.0,252.0,True,False,True,-2519.1767243999993
617.94,1,12,-64,64,malla,0,PGAgain,1001519.0,259.0,True,True,True,0.3783983000001087
618.3,1,12,-64,64,malla,1,BPo,997753.0,256.0,True,True,True,-74.62412789999915
618.66,1,12,-64,64,malla,2,OPA_SUMo,1079787.0,271.0,True,True,True,1559.1404059000008
619.02,1,12,-64,64,malla,3,SUMo,1081751.0,264.0,True,True,True,1598.2548406999997
619.38,1,12,-64,64,malla,4,LPo,875000.0,272.0,True,False,True,-2519.3360500000003
621.24,1,12,-64,128,malla,0,PGAgain,1001524.0,256.0,True,True,True,0.47797680000001813
621.6,1,12,-64,128,malla,1,BPo,997743.0,275.0,True,True,True,-74.82328489999897
621.96,1,12,-64,128,malla,2,OPA_SUMo,1127185.0,252.0,True,False,True,2503.104754499999
622.32,1,12,-64,128,malla,3,SUMo,1128000.0,245.0,True,False,True,2519.3360500000003
622.68,1,12,-64,128,malla,4,LPo,875036.0,274.0,True,False,True,-2518.619084800001
624.54,1,12,-64,255,malla,0,PGAgain,1001438.0,252.0,True,True,True,-1.2347734000002355
624.9,1,12,-64,255,malla,1,BPo,997752.0,261.0,True,True,True,-74.64404360000094
625.26,1,12,-64,255,malla,2,OPA_SUMo,1128000.0,261.0,True,False,True,2519.3360500000003
625.62,1,12,-64,255,malla,3,SUMo,1128000.0,248.0,True,False,True,2519.3360500000003
625.98,1,12,-64,255,malla,4,LPo,875036.0,290.0,True,False,True,-2518.619084800001
627.84,1,12,-64,-72,fino,0,PGAgain,1001567.0,311.0,True,True,False,1.334351900000145
628.2,1,12,-64,-72,fino,1,BPo,997689.0,283.0,True,True,True,-75.8987327000007
628.56,1,12,-64,-72,fino,2,OPA_SUMo,978982.0,260.0,True,True,True,-448.46173260000063
628.92,1,12,-64,-72,fino,3,SUMo,981003.0,278.0,True,True,True,-408.2121028999992
629.28,1,12,-64,-72,fino,4,LPo,875010.0,274.0,True,False,True,-2519.1368930000003
631.14,1,12,-64,-68,fino,0,PGAgain,1001532.0,282.0,True,True,True,0.6373024000007789
631.5,1,12,-64,-68,fino,1,BPo,997678.0,301.0,True,True,False,-76.11780540000005
631.86,1,12,-64,-68,fino,2,OPA_SUMo,981951.0,262.0,True,True,True,-389.33201929999956
632.22,1,12,-64,-68,fino,3,SUMo,983992.0,274.0,True,True,True,-348.68407560000077
632.58,1,12,-64,-68,fino,4,LPo,875013.0,251.0,True,False,True,-2519.0771458999993
634.44,1,12,-64,-66,fino,0,PGAgain,1001526.0,277.0,True,True,True,0.5178081999990762
634.8,1,12,-64,-66,fino,1,BPo,997742.0,280.0,True,True,True,-74.84320060000077
635.16,1,12,-64,-66,fino,2,OPA_SUMo,983454.0,285.0,True,True,True,-359.398722200001
635.52,1,12,-64,-66,fino,3,SUMo,985449.0,255.0,True,True,True,-319.6669007000009
635.88,1,12,-64,-66,fino,4,LPo,875000.0,253.0,True,False,True,-2519.3360500000003
637.74,1,12,-64,-64,fino,0,PGAgain,1001575.0,246.0,True,True,True,1.4936775000009057
638.1,1,12,-64,-64,fino,1,BPo,997709.0,260.0,True,True,True,-75.50041870000108
638.46,1,12,-64,-64,fino,2,OPA_SUMo,984866.0,247.0,True,True,True,-331.2777538000003
638.82,1,12,-64,-64,fino,3,SUMo,986933.0,262.0,True,True,True,-290.11200190000017
639.18,1,12,-64,-64,fino,4,LPo,875002.0,271.0,True,False,True,-2519.296218600001
641.04,1,12,-64,-62,fino,0,PGAgain,1001508.0,263.0,True,True,True,0.15932560000076076
641.4,1,12,-64,-62,fino,1,BPo,997773.0,282.0,True,True,True,-74.22581389999951
641.76,1,12,-64,-62,fino,2,OPA_SUMo,986384.0,268.0,True,True,True,-301.0457211999997
642.12,1,12,-64,-62,fino,3,SUMo,988487.0,277.0,True,True,True,-259.1630041000007
642.48,1,12,-64,-62,fino,4,LPo,875000.0,246.0,True,False,True,-2519.3360500000003
644.34,1,12,-64,-60,fino,0,PGAgain,1001540.0,258.0,True,True,True,0.7966279999992755
644.7,1,12,-64,-60,fino,1,BPo,997677.0,251.0,True,True,True,-76.13772109999958
645.06,1,12,-64,-60,fino,2,OPA_SUMo,987885.0,290.0,True,True,True,-271.1522555000002
645.42,1,12,-64,-60,fino,3,SUMo,989937.0,260.0,True,True,True,-230.28523909999979
645.78,1,12,-64,-60,fino,4,LPo,875037.0,254.0,True,False,True,-2518.5991690999995
647.64,1,12,-64,-56,fino,0,PGAgain,1001519.0,289.0,True,True,True,0.3783983000001087
648.0,1,12,-64,-56,fino,1,BPo,997729.0,291.0,True,True,True,-75.10210469999917
648.36,1,12,-64,-56,fino,2,OPA_SUMo,990860.0,260.0,True,True,True,-211.90304799999973
648.72,1,12,-64,-56,fino,3,SUMo,992877.0,307.0,True,True,False,-171.73308110000096
649.08,1,12,-64,-56,fino,4,LPo,875000.0,282.0,True,False,True,-2519.3360500000003
739.44,1,12,0,0,referencia,0,PGAgain,1001446.0,290.0,True,True,True,-1.0754477999994747
739.8,1,12,0,0,referencia,1,BPo,1003477.0,256.0,True,True,True,39.37333889999951
740.16,1,12,0,0,referencia,2,OPA_SUMo,1009593.0,255.0,True,True,True,161.17776009999923
740.52,1,12,0,0,referencia,3,SUMo,1011584.0,277.0,True,True,True,200.82991879999895
740.88,1,12,0,0,referencia,4,LPo,875000.0,263.0,True,False,True,-2519.3360500000003
742.74,1,12,0,-255,malla,0,PGAgain,1001456.0,251.0,True,True,True,-0.8762907999996559
743.1,1,12,0,-255,malla,1,BPo,1003525.0,263.0,True,True,True,40.329292499999546
743.46,1,12,0,-255,malla,2,OPA_SUMo,875000.0,253.0,True,False,True,-2519.3360500000003
743.82,1,12,0,-255,malla,3,SUMo,875000.0,265.0,True,False,True,-2519.3360500000003
744.18,1,12,0,-255,malla,4,LPo,875000.0,257.0,True,False,True,-2519.3360500000003
746.04,1,12,0,-128,malla,0,PGAgain,1001481.0,251.0,True,True,True,-0.3783983000001087
746.4,1,12,0,-128,malla,1,BPo,1003478.0,290.0,True,True,True,39.39325459999904
746.76,1,12,0,-128,malla,2,OPA_SUMo,914731.0,267.0,True,True,True,-1728.0653733000001
747.12,1,12,0,-128,malla,3,SUMo,916767.0,263.0,True,True,True,-1687.517008099999
747.48,1,12,0,-128,malla,4,LPo,875026.0,261.0,True,False,True,-2518.818241800001
749.34,1,12,0,-64,malla,0,PGAgain,1001443.0,257.0,True,True,True,-1.135194900000326
749.7,1,12,0,-64,malla,1,BPo,1003511.0,262.0,True,True,True,40.05047269999935
750.06,1,12,0,-64,malla,2,OPA_SUMo,962119.0,258.0,True,True,True,-784.3001816999995
750.42,1,12,0,-64,malla,3,SUMo,964216.0,245.0,True,True,True,-742.5369587999999
750.78,1,12,0,-64,malla,4,LPo,875000.0,246.0,True,False,True,-2519.3360500000003
752.64,1,12,0,0,malla,0,PGAgain,1001491.0,291.0,True,True,True,-0.17924130000028982
753.0,1,12,0,0,malla,1,BPo,1003476.0,261.0,True,True,True,39.35342319999999
753.36,1,12,0,0,malla,2,OPA_SUMo,1009612.0,255.0,True,True,True,161.55615839999933
753.72,1,12,0,0,malla,3,SUMo,1011613.0,255.0,True,True,True,201.40747410000114
754.08,1,12,0,0,malla,4,LPo,875066.0,257.0,True,False,True,-2518.0216137999996
755.94,1,12,0,64,malla,0,PGAgain,1001479.0,268.0,True,True,True,-0.4182296999991668
756.3,1,12,0,64,malla,1,BPo,1003536.0,261.0,True,True,True,40.5483651999989
756.66,1,12,0,64,malla,2,OPA_SUMo,1057099.0,269.0,True,True,True,1107.2930042999988
757.02,1,12,0,64,malla,3,SUMo,1059016.0,276.0,True,True,True,1145.4714012000015
757.38,1,12,0,64,malla,4,LPo,875029.0,271.0,True,False,True,-2518.7584947
759.24,1,12,0,128,malla,0,PGAgain,1001492.0,276.0,True,True,True,-0.15932560000076076
759.6,1,12,0,128,malla,1,BPo,1003499.0,258.0,True,True,True,39.81148430000047
759.96,1,12,0,128,malla,2,OPA_SUMo,1104460.0,272.0,True,True,True,2050.5204720000006
760.32,1,12,0,128,malla,3,SUMo,1106485.0,267.0,True,True,True,2090.849764499998
760.68,1,12,0,128,malla,4,LPo,875000.0,248.0,True,False,True,-2519.3360500000003
762.54,1,12,0,255,malla,0,PGAgain,1001419.0,272.0,True,True,True,-1.6131717000003443
762.9,1,12,0,255,malla,1,BPo,1003505.0,249.0,True,True,True,39.93097849999991
763.26,1,12,0,255,malla,2,OPA_SUMo,1128000.0,291.0,True,False,True,2519.3360500000003
763.62,1,12,0,255,malla,3,SUMo,1128000.0,271.0,True,False,True,2519.3360500000003
763.98,1,12,0,255,malla,4,LPo,875000.0,283.0,True,False,True,-2519.3360500000003
765.84,1,12,0,-8,fino,0,PGAgain,1001512.0,256.0,True,True,True,0.238988399998877
766.2,1,12,0,-8,fino,1,BPo,1003450.0,273.0,True,True,True,38.83561500000091
766.56,1,12,0,-8,fino,2,OPA_SUMo,1003739.0,259.0,True,True,True,44.591252300000654
766.92,1,12,0,-8,fino,3,SUMo,1005707.0,261.0,True,True,True,83.78534989999987
767.28,1,12,0,-8,fino,4,LPo,875000.0,249.0,True,False,True,-2519.3360500000003
769.14,1,12,0,-4,fino,0,PGAgain,1001480.0,246.0,True,True,True,-0.39831399999963774
769.5,1,12,0,-4,fino,1,BPo,1003537.0,269.0,True,True,True,40.56828090000069
769.86,1,12,0,-4,fino,2,OPA_SUMo,1006662.0,279.0,True,True,True,102.80484340000069
770.22,1,12,0,-4,fino,3,SUMo,1008777.0,262.0,True,True,True,144.92654890000088
770.58,1,12,0,-4,fino,4,LPo,875000.0,247.0,True,False,True,-2519.3360500000003
772.44,1,12,0,-2,fino,0,PGAgain,1001414.0,248.0,True,True,True,-1.7127502000002537
772.8,1,12,0,-2,fino,1,BPo,1003459.0,285.0,True,True,True,39.01485629999893
773.16,1,12,0,-2,fino,2,OPA_SUMo,1008223.0,276.0,True,True,True,133.89325109999913
773.52,1,12,0,-2,fino,3,SUMo,1010224.0,267.0,True,True,True,173.74456680000094
773.88,1,12,0,-2,fino,4,LPo,875000.0,250.0,True,False,True,-2519.3360500000003
775.74,1,12,0,0,fino,0,PGAgain,1001527.0,263.0,True,True,True,0.5377239000008694
776.1,1,12,0,0,fino,1,BPo,1003536.0,272.0,True,True,True,40.5483651999989
776.46,1,12,0,0,fino,2,OPA_SUMo,1009662.0,255.0,True,True,True,162.5519434000007
776.82,1,12,0,0,fino,3,SUMo,1011703.0,244.0,True,True,True,203.1998870999995
777.18,1,12,0,0,fino,4,LPo,875029.0,271.0,True,False,True,-2518.7584947
779.04,1,12,0,2,fino,0,PGAgain,1001414.0,261.0,True,True,True,-1.7127502000002537
779.4,1,12,0,2,fino,1,BPo,1003503.0,251.0,True,True,True,39.89114710000085
779.76,1,12,0,2,fino,2,OPA_SUMo,1011175.0,278.0,True,True,True,192.6843974999991
780.12,1,12,0,2,fino,3,SUMo,1013127.0,269.0,True,True,True,231.55984389999907
780.48,1,12,0,2,fino,4,LPo,875026.0,275.0,True,False,True,-2518.818241800001
782.34,1,12,0,4,fino,0,PGAgain,1001406.0,267.0,True,True,True,-1.8720758000010145
782.7,1,12,0,4,fino,1,BPo,1003507.0,253.0,True,True,True,39.97080989999897
783.06,1,12,0,4,fino,2,OPA_SUMo,1012660.0,267.0,True,True,True,222.25921199999937
783.42,1,12,0,4,fino,3,SUMo,1014669.0,244.0,True,True,True,262.2698532999997
783.78,1,12,0,4,fino,4,LPo,875043.0,290.0,True,False,True,-2518.4796749
785.64,1,12,0,8,fino,0,PGAgain,1001476.0,260.0,True,True,True,-0.47797680000001813
786.0,1,12,0,8,fino,1,BPo,1003470.0,262.0,True,True,True,39.23392900000054
786.36,1,12,0,8,fino,2,OPA_SUMo,1015632.0,259.0,True,True,True,281.448672399999
786.72,1,12,0,8,fino,3,SUMo,1017645.0,282.0,True,True,True,321.53897649999965
787.08,1,12,0,8,fino,4,LPo,875000.0,264.0,True,False,True,-2519.3360500000003
877.44,1,12,64,0,referencia,0,PGAgain,1001417.0,277.0,True,True,True,-1.6530030999994023
877.8,1,12,64,0,referencia,1,BPo,1009202.0,255.0,True,True,True,153.39072139999996
878.16,1,12,64,0,referencia,2,OPA_SUMo,986939.0,270.0,True,True,True,-289.9925077000007
878.52,1,12,64,0,referencia,3,SUMo,988962.0,279.0,True,True,True,-249.70304660000022
878.88,1,12,64,0,referencia,4,LPo,875000.0,252.0,True,False,True,-2519.3360500000003
880.74,1,12,64,-255,malla,0,PGAgain,1001360.0,251.0,True,True,True,-2.7881979999997286
881.1,1,12,64,-255,malla,1,BPo,1009275.0,243.0,True,True,True,154.84456749999956
881.46,1,12,64,-255,malla,2,OPA_SUMo,875000.0,262.0,True,False,True,-2519.3360500000003
881.82,1,12,64,-255,malla,3,SUMo,875000.0,302.0,True,False,False,-2519.3360500000003
882.18,1,12,64,-255,malla,4,LPo,875014.0,259.0,True,False,True,-2519.0572302
884.04,1,12,64,-128,malla,0,PGAgain,1001443.0,260.0,True,True,True,-1.135194900000326
884.4,1,12,64,-128,malla,1,BPo,1009273.0,259.0,True,True,True,154.8047361000005
884.76,1,12,64,-128,malla,2,OPA_SUMo,892026.0,250.0,True,True,True,-2180.2513418000012
885.12,1,12,64,-128,malla,3,SUMo,894072.0,255.0,True,True,True,-2139.5038196
885.48,1,12,64,-128,malla,4,LPo,875000.0,274.0,True,False,True,-2519.3360500000003
887.34,1,12,64,-64,malla,0,PGAgain,1001424.0,252.0,True,True,True,-1.5135932000004348
887.7,1,12,64,-64,malla,1,BPo,1009233.0,279.0,True,True,True,154.00810809999896
888.06,1,12,64,-64,malla,2,OPA_SUMo,939514.0,275.0,True,True,True,-1234.4945802
888.42,1,12,64,-64,malla,3,SUMo,941531.0,255.0,True,True,True,-1194.3246133000011
888.78,1,12,64,-64,malla,4,LPo,875000.0,256.0,True,False,True,-2519.3360500000003
890.64,1,12,64,0,malla,0,PGAgain,1001436.0,267.0,True,True,True,-1.2746047999992935
891.0,1,12,64,0,malla,1,BPo,1009289.0,273.0,True,True,True,155.12338729999976
891.36,1,12,64,0,malla,2,OPA_SUMo,986910.0,267.0,True,True,True,-290.57006300000063
891.72,1,12,64,0,malla,3,SUMo,988950.0,275.0,True,True,True,-249.9420349999991
892.08,1,12,64,0,malla,4,LPo,875066.0,265.0,True,False,True,-2518.0216137999996
893.94,1,12,64,64,malla,0,PGAgain,1001398.0,251.0,True,True,True,-2.031401399999511
894.3,1,12,64,64,malla,1,BPo,1009242.0,257.0,True,True,True,154.18734939999925
894.66,1,12,64,64,malla,2,OPA_SUMo,1034397.0,278.0,True,True,True,655.1667828999987
895.02,1,12,64,64,malla,3,SUMo,1036316.0,296.0,True,True,True,693.3850112000007
895.38,1,12,64,64,malla,4,LPo,875002.0,261.0,True,False,True,-2519.296218600001
897.24,1,12,64,128,malla,0,PGAgain,1001487.0,278.0,True,True,True,-0.2589041000006702
897.6,1,12,64,128,malla,1,BPo,1009248.0,261.0,True,True,True,154.30684360000095
897.96,1,12,64,128,malla,2,OPA_SUMo,1081872.0,257.0,True,True,True,1600.6646404000014
898.32,1,12,64,128,malla,3,SUMo,1083818.0,270.0,True,True,True,1639.4205925999997
898.68,1,12,64,128,malla,4,LPo,875030.0,247.0,True,False,True,-2518.7385790000008
900.54,1,12,64,255,malla,0,PGAgain,1001416.0,265.0,True,True,True,-1.6729187999989314
900.9,1,12,64,255,malla,1,BPo,1009313.0,261.0,True,True,True,155.60136409999978
901.26,1,12,64,255,malla,2,OPA_SUMo,1128000.0,250.0,True,False,True,2519.3360500000003
901.62,1,12,64,255,malla,3,SUMo,1128000.0,289.0,True,False,True,2519.3360500000003
901.98,1,12,64,255,malla,4,LPo,875034.0,284.0,True,False,True,-2518.6589162000005
903.84,1,12,64,-8,fino,0,PGAgain,1001449.0,251.0,True,True,True,-1.0157007000008875
904.2,1,12,64,-8,fino,1,BPo,1009215.0,286.0,True,True,True,153.64962550000064
904.56,1,12,64,-8,fino,2,OPA_SUMo,981030.0,256.0,True,True,True,-407.67437900000056
904.92,1,12,64,-8,fino,3,SUMo,983051.0,268.0,True,True,True,-367.4247492999991
905.28,1,12,64,-8,fino,4,LPo,875000.0,269.0,True,False,True,-2519.3360500000003
907.14,1,12,64,-4,fino,0,PGAgain,1001445.0,266.0,True,True,True,-1.0953634999990038
907.5,1,12,64,-4,fino,1,BPo,1009263.0,291.0,True,True,True,154.60557910000068
907.86,1,12,64,-4,fino,2,OPA_SUMo,983983.0,270.0,True,True,True,-348.86331690000105
908.22,1,12,64,-4,fino,3,SUMo,986032.0,326.0,True,True,False,-308.05604759999926
908.58,1,12,64,-4,fino,4,LPo,875005.0,256.0,True,False,True,-2519.2364715000003
910.44,1,12,64,-2,fino,0,PGAgain,1001483.0,289.0,True,True,True,-0.3385669000010506
910.8,1,12,64,-2,fino,1,BPo,1009359.0,257.0,True,True,True,156.51748630000074
911.16,1,12,64,-2,fino,2,OPA_SUMo,985498.0,249.0,True,True,True,-318.6910313999991
911.52,1,12,64,-2,fino,3,SUMo,987545.0,280.0,True,True,True,-277.92359350000083
911.88,1,12,64,-2,fino,4,LPo,875000.0,270.0,True,False,True,-2519.3360500000003
913.74,1,12,64,0,fino,0,PGAgain,1001425.0,274.0,True,True,True,-1.4936775000009057
914.1,1,12,64,0,fino,1,BPo,1009322.0,290.0,True,True,True,155.78060540000007
914.46,1,12,64,0,fino,2,OPA_SUMo,986962.0,296.0,True,True,True,-289.53444660000025
914.82,1,12,64,0,fino,3,SUMo,989017.0,269.0,True,True,True,-248.60768309999895
915.18,1,12,64,0,fino,4,LPo,875009.0,279.0,True,False,True,-2519.1568087
917.04,1,12,64,2,fino,0,PGAgain,1001437.0,251.0,True,True,True,-1.2546890999997646
917.4,1,12,64,2,fino,1,BPo,1009271.0,286.0,True,True,True,154.76490469999916
917.76,1,12,64,2,fino,2,OPA_SUMo,988482.0,288.0,True,True,True,-259.2625826000006
918.12,1,12,64,2,fino,3,SUMo,990517.0,275.0,True,True,True,-218.73413309999896
918.48,1,12,64,2,fino,4,LPo,875000.0,294.0,True,False,True,-2519.3360500000003
920.34,1,12,64,4,fino,0,PGAgain,1001427.0,253.0,True,True,True,-1.4538460999995835
920.7,1,12,64,4,fino,1,BPo,1009291.0,280.0,True,True,True,155.16321870000107
921.06,1,12,64,4,fino,2,OPA_SUMo,989966.0,259.0,True,True,True,-229.70768379999984
921.42,1,12,64,4,fino,3,SUMo,991906.0,279.0,True,True,True,-191.07122580000103
921.78,1,12,64,4,fino,4,LPo,875000.0,248.0,True,False,True,-2519.3360500000003
923.64,1,12,64,8,fino,0,PGAgain,1001439.0,247.0,True,True,True,-1.2148577000007066
924.0,1,12,64,8,fino,1,BPo,1009255.0,257.0,True,True,True,154.44625349999993
924.36,1,12,64,8,fino,2,OPA_SUMo,992953.0,280.0,True,True,True,-170.21948790000053
924.72,1,12,64,8,fino,3,SUMo,994889.0,260.0,True,True,True,-131.6626926999998
925.08,1,12,64,8,fino,4,LPo,875000.0,251.0,True,False,True,-2519.3360500000003
1015.44,1,12,128,0,referencia,0,PGAgain,1001415.0,265.0,True,True,True,-1.6928345000007246
1015.8,1,12,128,0,referencia,1,BPo,1015029.0,257.0,True,True,True,269.43950529999995
1016.16,1,12,128,0,referencia,2,OPA_SUMo,964123.0,263.0,True,True,True,-744.3891188999991
1016.52,1,12,128,0,referencia,3,SUMo,966040.0,252.0,True,True,True,-706.2107220000007
1016.88,1,12,128,0,referencia,4,LPo,875016.0,257.0,True,False,True,-2519.017398800001
1018.74,1,12,128,-255,malla,0,PGAgain,1001406.0,253.0,True,True,True,-1.8720758000010145
1019.1,1,12,128,-255,malla,1,BPo,1015039.0,284.0,True,True,True,269.63866229999974
1019.46,1,12,128,-255,malla,2,OPA_SUMo,875000.0,247.0,True,False,True,-2519.3360500000003
1019.82,1,12,128,-255,malla,3,SUMo,875000.0,251.0,True,False,True,-2519.3360500000003
1020.18,1,12,128,-255,malla,4,LPo,875000.0,256.0,True,False,True,-2519.3360500000003
1022.04,1,12,128,-128,malla,0,PGAgain,1001437.0,252.0,True,True,True,-1.2546890999997646
1022.4,1,12,128,-128,malla,1,BPo,1015062.0,298.0,True,True,True,270.09672340000026
1022.76,1,12,128,-128,malla,2,OPA_SUMo,875000.0,265.0,True,False,True,-2519.3360500000003
1023.12,1,12,128,-128,malla,3,SUMo,875000.0,267.0,True,False,True,-2519.3360500000003
1023.48,1,12,128,-128,malla,4,LPo,875069.0,259.0,True,False,True,-2517.961866700001
1025.34,1,12,128,-64,malla,0,PGAgain,1001433.0,274.0,True,True,True,-1.334351900000145
1025.7,1,12,128,-64,malla,1,BPo,1015044.0,281.0,True,True,True,269.7382407999997
1026.06,1,12,128,-64,malla,2,OPA_SUMo,916719.0,251.0,True,True,True,-1688.4729616999991
1026.42,1,12,128,-64,malla,3,SUMo,918703.0,285.0,True,True,True,-1648.9602129000007
1026.78,1,12,128,-64,malla,4,LPo,875000.0,290.0,True,False,True,-2519.3360500000003
1028.64,1,12,128,0,malla,0,PGAgain,1001384.0,252.0,True,True,True,-2.3102211999997104
1029.0,1,12,128,0,malla,1,BPo,1015024.0,272.0,True,True,True,269.33992680000006
1029.36,1,12,128,0,malla,2,OPA_SUMo,964180.0,250.0,True,True,True,-743.253924000001
1029.72,1,12,128,0,malla,3,SUMo,966116.0,246.0,True,True,True,-704.6971288000003
1030.08,1,12,128,0,malla,4,LPo,875046.0,269.0,True,False,True,-2518.419927799999
1031.94,1,12,128,64,malla,0,PGAgain,1001386.0,277.0,True,True,True,-2.270389800000652
1032.3,1,12,128,64,malla,1,BPo,1015158.0,252.0,True,True,True,272.00863060000034
1032.66,1,12,128,64,malla,2,OPA_SUMo,1011610.0,277.0,True,True,True,201.34772700000028
1033.02,1,12,128,64,malla,3,SUMo,1013537.0,281.0,True,True,True,239.7252809000007
1033.38,1,12,128,64,malla,4,LPo,875039.0,251.0,True,False,True,-2518.5593377000005
1035.24,1,12,128,128,malla,0,PGAgain,1001459.0,255.0,True,True,True,-0.8165437000010687
1035.6,1,12,128,128,malla,1,BPo,1015057.0,277.0,True,True,True,269.99714490000036
1035.96,1,12,128,128,malla,2,OPA_SUMo,1059053.0,304.0,True,True,False,1146.2082821000022
1036.32,1,12,128,128,malla,3,SUMo,1060991.0,273.0,True,True,True,1184.8049086999997
1036.68,1,12,128,128,malla,4,LPo,875019.0,250.0,True,False,True,-2518.9576517
1038.54,1,12,128,255,malla,0,PGAgain,1001460.0,262.0,True,True,True,-0.7966279999992755
1038.9,1,12,128,255,malla,1,BPo,1015039.0,255.0,True,True,True,269.63866229999974
1039.26,1,12,128,255,malla,2,OPA_SUMo,1128000.0,257.0,True,False,True,2519.3360500000003
1039.62,1,12,128,255,malla,3,SUMo,1128000.0,290.0,True,False,True,2519.3360500000003
1039.98,1,12,128,255,malla,4,LPo,875000.0,268.0,True,False,True,-2519.3360500000003
1041.84,1,12,128,56,fino,0,PGAgain,1001420.0,259.0,True,True,True,-1.5932560000008151
1042.2,1,12,128,56,fino,1,BPo,1015076.0,268.0,True,True,True,270.37554320000044
1042.56,1,12,128,56,fino,2,OPA_SUMo,1005628.0,266.0,True,True,True,82.21200960000085
1042.92,1,12,128,56,fino,3,SUMo,1007614.0,273.0,True,True,True,121.76458980000066
1043.28,1,12,128,56,fino,4,LPo,875027.0,291.0,True,False,True,-2518.7983260999995
1045.14,1,12,128,60,fino,0,PGAgain,1001388.0,261.0,True,True,True,-2.23055839999933
1045.5,1,12,128,60,fino,1,BPo,1014968.0,271.0,True,True,True,268.22464759999923
1045.86,1,12,128,60,fino,2,OPA_SUMo,1008545.0,248.0,True,True,True,140.3061064999992
1046.22,1,12,128,60,fino,3,SUMo,1010567.0,267.0,True,True,True,180.57565190000017
1046.58,1,12,128,60,fino,4,LPo,875000.0,264.0,True,False,True,-2519.3360500000003
1048.44,1,12,128,62,fino,0,PGAgain,1001494.0,260.0,True,True,True,-0.1194941999994385
1048.8,1,12,128,62,fino,1,BPo,1015003.0,253.0,True,True,True,268.92169710000087
1049.16,1,12,128,62,fino,2,OPA_SUMo,1010066.0,259.0,True,True,True,170.59788620000063
1049.52,1,12,128,62,fino,3,SUMo,1012090.0,272.0,True,True,True,210.90726300000065
1049.88,1,12,128,62,fino,4,LPo,875000.0,275.0,True,False,True,-2519.3360500000003
1051.74,1,12,128,64,fino,0,PGAgain,1001399.0,275.0,True,True,True,-2.011485699999982
1052.1,1,12,128,64,fino,1,BPo,1015023.0,254.0,True,True,True,269.3200111000005
1052.46,1,12,128,64,fino,2,OPA_SUMo,1011570.0,256.0,True,True,True,200.55109900000102
1052.82,1,12,128,64,fino,3,SUMo,1013626.0,259.0,True,True,True,241.49777819999954
1053.18,1,12,128,64,fino,4,LPo,875030.0,278.0,True,False,True,-2518.7385790000008
1055.04,1,12,128,66,fino,0,PGAgain,1001325.0,254.0,True,True,True,-3.4852474999990943
1055.4,1,12,128,66,fino,1,BPo,1015029.0,288.0,True,True,True,269.43950529999995
1055.76,1,12,128,66,fino,2,OPA_SUMo,1013040.0,287.0,True,True,True,229.8271779999993
1056.12,1,12,128,66,fino,3,SUMo,1015116.0,258.0,True,True,True,271.17217119999975
1056.48,1,12,128,66,fino,4,LPo,875000.0,257.0,True,False,True,-2519.3360500000003
1058.34,1,12,128,68,fino,0,PGAgain,1001387.0,267.0,True,True,True,-2.250474100001123
1058.7,1,12,128,68,fino,1,BPo,1015026.0,279.0,True,True,True,269.3797581999991
1059.06,1,12,128,68,fino,2,OPA_SUMo,1014527.0,284.0,True,True,True,259.4418239000009
1059.42,1,12,128,68,fino,3,SUMo,1016524.0,273.0,True,True,True,299.2134768
1059.78,1,12,128,68,fino,4,LPo,875000.0,277.0,True,False,True,-2519.3360500000003
1061.64,1,12,128,72,fino,0,PGAgain,1001368.0,263.0,True,True,True,-2.6288723999989676
1062.0,1,12,128,72,fino,1,BPo,1015100.0,250.0,True,True,True,270.85352000000046
1062.36,1,12,128,72,fino,2,OPA_SUMo,1017544.0,255.0,True,True,True,319.52749079999967
1062.72,1,12,128,72,fino,3,SUMo,1019532.0,262.0,True,True,True,359.1199024000008
1063.08,1,12,128,72,fino,4,LPo,875004.0,266.0,True,False,True,-2519.2563871999996
1153.44,1,12,192,0,referencia,0,PGAgain,1001374.0,274.0,True,True,True,-2.5093781999995293
1153.8,1,12,192,0,referencia,1,BPo,1020754.0,260.0,True,True,True,383.4568878000004
1154.16,1,12,192,0,referencia,2,OPA_SUMo,941157.0,290.0,True,True,True,-1201.7730850999992
1154.52,1,12,192,0,referencia,3,SUMo,943099.0,253.0,True,True,True,-1163.0967956999991
1154.88,1,12,192,0,referencia,4,LPo,875082.0,279.0,True,False,True,-2517.7029626000003
1156.74,1,12,192,-255,malla,0,PGAgain,1001429.0,245.0,True,True,True,-1.4140147000005254
1157.1,1,12,192,-255,malla,1,BPo,1020784.0,261.0,True,True,True,384.0543587999999
1157.46,1,12,192,-255,malla,2,OPA_SUMo,875000.0,259.0,True,False,True,-2519.3360500000003
1157.82,1,12,192,-255,malla,3,SUMo,875000.0,268.0,True,False,True,-2519.3360500000003
1158.18,1,12,192,-255,malla,4,LPo,875000.0,264.0,True,False,True,-2519.3360500000003
1160.04,1,12,192,-128,malla,0,PGAgain,1001347.0,249.0,True,True,True,-3.047102100000399
1160.4,1,12,192,-128,malla,1,BPo,1020807.0,254.0,True,True,True,384.51241990000034
1160.76,1,12,192,-128,malla,2,OPA_SUMo,875000.0,278.0,True,False,True,-2519.3360500000003
1161.12,1,12,192,-128,malla,3,SUMo,875000.0,257.0,True,False,True,-2519.3360500000003
1161.48,1,12,192,-128,malla,4,LPo,875000.0,252.0,True,False,True,-2519.3360500000003
1163.34,1,12,192,-64,malla,0,PGAgain,1001359.0,259.0,True,True,True,-2.8081136999992573
1163.7,1,12,192,-64,malla,1,BPo,1020785.0,267.0,True,True,True,384.0742744999994
1164.06,1,12,192,-64,malla,2,OPA_SUMo,893722.0,264.0,True,True,True,-2146.4743146000005
1164.42,1,12,192,-64,malla,3,SUMo,895677.0,269.0,True,True,True,-2107.5391210999996
1164.78,1,12,192,-64,malla,4,LPo,875035.0,262.0,True,False,True,-2518.6390005000007
1166.64,1,12,192,0,malla,0,PGAgain,1001394.0,264.0,True,True,True,-2.1110641999998916
1167.0,1,12,192,0,malla,1,BPo,1020808.0,250.0,True,True,True,384.5323355999999
1167.36,1,12,192,0,malla,2,OPA_SUMo,941120.0,268.0,True,True,True,-1202.509966
1167.72,1,12,192,0,malla,3,SUMo,943125.0,246.0,True,True,True,-1162.5789875
1168.08,1,12,192,0,malla,4,LPo,875000.0,280.0,True,False,True,-2519.3360500000003
1169.94,1,12,192,64,malla,0,PGAgain,1001362.0,263.0,True,True,True,-2.7483666000006703
1170.3,1,12,192,64,malla,1,BPo,1020775.0,258.0,True,True,True,383.8751174999996
1170.66,1,12,192,64,malla,2,OPA_SUMo,988531.0,245.0,True,True,True,-258.28671330000105
1171.02,1,12,192,64,malla,3,SUMo,990545.0,272.0,True,True,True,-218.17649350000082
1171.38,1,12,192,64,malla,4,LPo,875000.0,279.0,True,False,True,-2519.3360500000003
1173.24,1,12,192,128,malla,0,PGAgain,1001385.0,250.0,True,True,True,-2.2903055000001813
1173.6,1,12,192,128,malla,1,BPo,1020768.0,275.0,True,True,True,383.7357076000006
1173.96,1,12,192,128,malla,2,OPA_SUMo,1035990.0,255.0,True,True,True,686.8924930000002
1174.32,1,12,192,128,malla,3,SUMo,1037950.0,290.0,True,True,True,725.927265000001
1174.68,1,12,192,128,malla,4,LPo,875000.0,268.0,True,False,True,-2519.3360500000003
1176.54,1,12,192,255,malla,0,PGAgain,1001456.0,254.0,True,True,True,-0.8762907999996559
1176.9,1,12,192,255,malla,1,BPo,1020782.0,261.0,True,True,True,384.0145274000008
1177.26,1,12,192,255,malla,2,OPA_SUMo,1128000.0,244.0,True,False,True,2519.3360500000003
1177.62,1,12,192,255,malla,3,SUMo,1128000.0,266.0,True,False,True,2519.3360500000003
1177.98,1,12,192,255,malla,4,LPo,875000.0,272.0,True,False,True,-2519.3360500000003
1179.84,1,12,192,56,fino,0,PGAgain,1001393.0,260.0,True,True,True,-2.1309798999994203
1180.2,1,12,192,56,fino,1,BPo,1020821.0,267.0,True,True,True,384.7912397000006
1180.56,1,12,192,56,fino,2,OPA_SUMo,982621.0,261.0,True,True,True,-375.9885003000004
1180.92,1,12,192,56,fino,3,SUMo,984595.0,250.0,True,True,True,-336.67490849999945
1181.28,1,12,192,56,fino,4,LPo,875057.0,290.0,True,False,True,-2518.2008551
1183.14,1,12,192,60,fino,0,PGAgain,1001441.0,257.0,True,True,True,-1.1750262999993841
1183.5,1,12,192,60,fino,1,BPo,1020801.0,250.0,True,True,True,384.3929257000009
1183.86,1,12,192,60,fino,2,OPA_SUMo,985626.0,245.0,True,True,True,-316.1418218000005
1184.22,1,12,192,60,fino,3,SUMo,987625.0,269.0,True,True,True,-276.33033750000004
1184.58,1,12,192,60,fino,4,LPo,875000.0,251.0,True,False,True,-2519.3360500000003
1186.44,1,12,192,62,fino,0,PGAgain,1001426.0,248.0,True,True,True,-1.4737617999991126
1186.8,1,12,192,62,fino,1,BPo,1020813.0,273.0,True,True,True,384.6319140999998
1187.16,1,12,192,62,fino,2,OPA_SUMo,987045.0,284.0,True,True,True,-287.88144350000084
1187.52,1,12,192,62,fino,3,SUMo,989029.0,257.0,True,True,True,-248.36869470000008
1187.88,1,12,192,62,fino,4,LPo,875000.0,243.0,True,False,True,-2519.3360500000003
1189.74,1,12,192,64,fino,0,PGAgain,1001423.0,248.0,True,True,True,-1.5335088999999638
1190.1,1,12,192,64,fino,1,BPo,1020839.0,286.0,True,True,True,385.14972230000114
1190.46,1,12,192,64,fino,2,OPA_SUMo,988584.0,272.0,True,True,True,-257.23118120000106
1190.82,1,12,192,64,fino,3,SUMo,990531.0,256.0,True,True,True,-218.45531330000102
1191.18,1,12,192,64,fino,4,LPo,875002.0,247.0,True,False,True,-2519.296218600001
1193.04,1,12,192,66,fino,0,PGAgain,1001429.0,265.0,True,True,True,-1.4140147000005254
1193.4,1,12,192,66,fino,1,BPo,1020787.0,265.0,True,True,True,384.1141059000007
1193.76,1,12,192,66,fino,2,OPA_SUMo,990000.0,272.0,True,True,True,-229.03055
1194.12,1,12,192,66,fino,3,SUMo,992008.0,259.0,True,True,True,-189.03982439999925
1194.48,1,12,192,66,fino,4,LPo,875000.0,266.0,True,False,True,-2519.3360500000003
1196.34,1,12,192,68,fino,0,PGAgain,1001389.0,262.0,True,True,True,-2.210642699999801
1196.7,1,12,192,68,fino,1,BPo,1020810.0,270.0,True,True,True,384.57216699999896
1197.06,1,12,192,68,fino,2,OPA_SUMo,991524.0,251.0,True,True,True,-198.6790232
1197.42,1,12,192,68,fino,3,SUMo,993508.0,250.0,True,True,True,-159.16627439999925
1197.78,1,12,192,68,fino,4,LPo,875000.0,299.0,True,False,True,-2519.3360500000003
1199.64,1,12,192,72,fino,0,PGAgain,1001382.0,248.0,True,True,True,-2.3500526000010327
1200.0,1,12,192,72,fino,1,BPo,1020778.0,242.0,True,True,True,383.9348646000004
1200.36,1,12,192,72,fino,2,OPA_SUMo,994461.0,260.0,True,True,True,-140.18661229999975
1200.72,1,12,192,72,fino,3,SUMo,996479.0,255.0,True,True,True,-99.99672969999918
1201.08,1,12,192,72,fino,4,LPo,875000.0,261.0,True,False,True,-2519.3360500000003
1291.44,1,12,255,0,referencia,0,PGAgain,1001459.0,272.0,True,True,True,-0.8165437000010687
1291.8,1,12,255,0,referencia,1,BPo,1026532.0,285.0,True,True,True,498.5298023999985
1292.16,1,12,255,0,referencia,2,OPA_SUMo,918342.0,252.0,True,True,True,-1656.1497806000004
1292.52,1,12,255,0,referencia,3,SUMo,920231.0,272.0,True,True,True,-1618.5290233000003
1292.88,1,12,255,0,referencia,4,LPo,875000.0,271.0,True,False,True,-2519.3360500000003
1294.74,1,12,255,-255,malla,0,PGAgain,1001382.0,293.0,True,True,True,-2.3500526000010327
1295.1,1,12,255,-255,malla,1,BPo,1026409.0,259.0,True,True,True,496.0801713000021
1295.46,1,12,255,-255,malla,2,OPA_SUMo,875000.0,264.0,True,False,True,-2519.3360500000003
1295.82,1,12,255,-255,malla,3,SUMo,875000.0,272.0,True,False,True,-2519.3360500000003
1296.18,1,12,255,-255,malla,4,LPo,875000.0,288.0,True,False,True,-2519.3360500000003
1298.04,1,12,255,-128,malla,0,PGAgain,1001399.0,247.0,True,True,True,-2.011485699999982
1298.4,1,12,255,-128,malla,1,BPo,1026430.0,280.0,True,True,True,496.4984010000013
1298.76,1,12,255,-128,malla,2,OPA_SUMo,875000.0,267.0,True,False,True,-2519.3360500000003
1299.12,1,12,255,-128,malla,3,SUMo,875000.0,266.0,True,False,True,-2519.3360500000003
1299.48,1,12,255,-128,malla,4,LPo,875000.0,265.0,True,False,True,-2519.3360500000003
1301.34,1,12,255,-64,malla,0,PGAgain,1001364.0,247.0,True,True,True,-2.708535199999348
1301.7,1,12,255,-64,malla,1,BPo,1026433.0,272.0,True,True,True,496.55814809999987
1302.06,1,12,255,-64,malla,2,OPA_SUMo,875000.0,277.0,True,False,True,-2519.3360500000003
1302.42,1,12,255,-64,malla,3,SUMo,875000.0,279.0,True,False,True,-2519.3360500000003
1302.78,1,12,255,-64,malla,4,LPo,875000.0,267.0,True,False,True,-2519.3360500000003
1304.64,1,12,255,0,malla,0,PGAgain,1001409.0,250.0,True,True,True,-1.812328700000163
1305.0,1,12,255,0,malla,1,BPo,1026432.0,269.0,True,True,True,496.53823240000037
1305.36,1,12,255,0,malla,2,OPA_SUMo,918273.0,243.0,True,True,True,-1657.5239638999997
1305.72,1,12,255,0,malla,3,SUMo,920254.0,259.0,True,True,True,-1618.0709621999997
1306.08,1,12,255,0,malla,4,LPo,875000.0,279.0,True,False,True,-2519.3360500000003
1307.94,1,12,255,64,malla,0,PGAgain,1001429.0,275.0,True,True,True,-1.4140147000005254
1308.3,1,12,255,64,malla,1,BPo,1026522.0,286.0,True,True,True,498.33064539999873
1308.66,1,12,255,64,malla,2,OPA_SUMo,965595.0,256.0,True,True,True,-715.0732084999995
1309.02,1,12,255,64,malla,3,SUMo,967707.0,259.0,True,True,True,-673.0112501000002
1309.38,1,12,255,64,malla,4,LPo,875009.0,303.0,True,False,False,-2519.1568087
1311.24,1,12,255,128,malla,0,PGAgain,1001420.0,250.0,True,True,True,-1.5932560000008151
1311.6,1,12,255,128,malla,1,BPo,1026532.0,273.0,True,True,True,498.5298023999985
1311.96,1,12,255,128,malla,2,OPA_SUMo,1013103.0,252.0,True,True,True,231.08186709999904
1312.32,1,12,255,128,malla,3,SUMo,1015070.0,258.0,True,True,True,270.256049000001
1312.68,1,12,255,128,malla,4,LPo,875050.0,267.0,True,False,True,-2518.340265000001
1314.54,1,12,255,255,malla,0,PGAgain,1001418.0,253.0,True,True,True,-1.6330873999998734
1314.9,1,12,255,255,malla,1,BPo,1026453.0,260.0,True,True,True,496.9564620999995
1315.26,1,12,255,255,malla,2,OPA_SUMo,1107252.0,253.0,True,True,True,2106.1251063999994
1315.62,1,12,255,255,malla,3,SUMo,1109185.0,260.0,True,True,True,2144.622154499999
1315.98,1,12,255,255,malla,4,LPo,875000.0,272.0,True,False,True,-2519.3360500000003
1317.84,1,12,255,120,fino,0,PGAgain,1001435.0,266.0,True,True,True,-1.2945205000010869
1318.2,1,12,255,120,fino,1,BPo,1026488.0,266.0,True,True,True,497.65351160000114
1318.56,1,12,255,120,fino,2,OPA_SUMo,1007185.0,259.0,True,True,True,113.22075449999892
1318.92,1,12,255,120,fino,3,SUMo,1009230.0,265.0,True,True,True,153.94836100000038
1319.28,1,12,255,120,fino,4,LPo,875007.0,270.0,True,False,True,-2519.1966401000013
1321.14,1,12,255,124,fino,0,PGAgain,1001443.0,273.0,True,True,True,-1.135194900000326
1321.5,1,12,255,124,fino,1,BPo,1026481.0,249.0,True,True,True,497.5141016999999
1321.86,1,12,255,124,fino,2,OPA_SUMo,1010108.0,263.0,True,True,True,171.43434559999895
1322.22,1,12,255,124,fino,3,SUMo,1012123.0,249.0,True,True,True,211.56448110000096
1322.58,1,12,255,124,fino,4,LPo,875053.0,254.0,True,False,True,-2518.2805179
1324.44,1,12,255,126,fino,0,PGAgain,1001412.0,254.0,True,True,True,-1.7525815999993117
1324.8,1,12,255,126,fino,1,BPo,1026525.0,258.0,True,True,True,498.39039250000184
1325.16,1,12,255,126,fino,2,OPA_SUMo,1011579.0,282.0,True,True,True,200.73034029999903
1325.52,1,12,255,126,fino,3,SUMo,1013559.0,266.0,True,True,True,240.1634262999994
1325.88,1,12,255,126,fino,4,LPo,875008.0,247.0,True,False,True,-2519.1767243999993
1327.74,1,12,255,128,fino,0,PGAgain,1001498.0,261.0,True,True,True,-0.03983139999905812
1328.1,1,12,255,128,fino,1,BPo,1026524.0,270.0,True,True,True,498.3704767999978
1328.46,1,12,255,128,fino,2,OPA_SUMo,1013078.0,272.0,True,True,True,230.5839745999995
1328.82,1,12,255,128,fino,3,SUMo,1015056.0,254.0,True,True,True,269.9772292000008
1329.18,1,12,255,128,fino,4,LPo,875000.0,256.0,True,False,True,-2519.3360500000003
1331.04,1,12,255,130,fino,0,PGAgain,1001428.0,251.0,True,True,True,-1.4339304000000543
1331.4,1,12,255,130,fino,1,BPo,1026439.0,263.0,True,True,True,496.6776423000016
1331.76,1,12,255,130,fino,2,OPA_SUMo,1014508.0,248.0,True,True,True,259.06342560000076
1332.12,1,12,255,130,fino,3,SUMo,1016558.0,243.0,True,True,True,299.8906105999999
1332.48,1,12,255,130,fino,4,LPo,875049.0,273.0,True,False,True,-2518.3601807000005
1334.34,1,12,255,132,fino,0,PGAgain,1001428.0,265.0,True,True,True,-1.4339304000000543
1334.7,1,12,255,132,fino,1,BPo,1026542.0,263.0,True,True,True,498.72895939999836
1335.06,1,12,255,132,fino,2,OPA_SUMo,1016046.0,271.0,True,True,True,289.693772200001
1335.42,1,12,255,132,fino,3,SUMo,1017962.0,250.0,True,True,True,327.8522533999998
1335.78,1,12,255,132,fino,4,LPo,875018.0,260.0,True,False,True,-2518.9775673999998
1337.64,1,12,255,136,fino,0,PGAgain,1001401.0,245.0,True,True,True,-1.971654300000924
1338.0,1,12,255,136,fino,1,BPo,1026399.0,255.0,True,True,True,495.8810142999978
1338.36,1,12,255,136,fino,2,OPA_SUMo,1018885.0,244.0,True,True,True,346.2344444999998
1338.72,1,12,255,136,fino,3,SUMo,1021007.0,266.0,True,True,True,388.49555989999897
1339.08,1,12,255,136,fino,4,LPo,875000.0,269.0,True,False,True,-2519.3360500000003
1429.44,2,12,255,0,referencia,0,PGAgain,1001517.0,281.0,True,True,True,0.3385669000010506
1429.8,2,12,255,0,referencia,1,BPo,1026488.0,241.0,True,True,True,497.65351160000114
1430.16,2,12,255,0,referencia,2,OPA_SUMo,917944.0,262.0,True,True,True,-1664.0762292000009
1430.52,2,12,255,0,referencia,3,SUMo,919911.0,255.0,True,True,True,-1624.9020473000012
1430.88,2,12,255,0,referencia,4,LPo,875000.0,264.0,True,False,True,-2519.3360500000003
1432.74,2,12,255,-255,malla,0,PGAgain,1001465.0,262.0,True,True,True,-0.697049499999366
1433.1,2,12,255,-255,malla,1,BPo,1026504.0,252.0,True,True,True,497.97216279999816
1433.46,2,12,255,-255,malla,2,OPA_SUMo,875000.0,247.0,True,False,True,-2519.3360500000003
1433.82,2,12,255,-255,malla,3,SUMo,875000.0,275.0,True,False,True,-2519.3360500000003
1434.18,2,12,255,-255,malla,4,LPo,875038.0,271.0,True,False,True,-2518.5792533999997
1436.04,2,12,255,-128,malla,0,PGAgain,1001497.0,272.0,True,True,True,-0.05974710000085132
1436.4,2,12,255,-128,malla,1,BPo,1026510.0,261.0,True,True,True,498.0916569999998
1436.76,2,12,255,-128,malla,2,OPA_SUMo,875000.0,261.0,True,False,True,-2519.3360500000003
1437.12,2,12,255,-128,malla,3,SUMo,875000.0,262.0,True,False,True,-2519.3360500000003
1437.48,2,12,255,-128,malla,4,LPo,875000.0,272.0,True,False,True,-2519.3360500000003
1439.34,2,12,255,-64,malla,0,PGAgain,1001480.0,276.0,True,True,True,-0.39831399999963774
1439.7,2,12,255,-64,malla,1,BPo,1026499.0,252.0,True,True,True,497.8725843000005
1440.06,2,12,255,-64,malla,2,OPA_SUMo,875000.0,266.0,True,False,True,-2519.3360500000003
1440.42,2,12,255,-64,malla,3,SUMo,875000.0,270.0,True,False,True,-2519.3360500000003
1440.78,2,12,255,-64,malla,4,LPo,875000.0,252.0,True,False,True,-2519.3360500000003
1442.64,2,12,255,0,malla,0,PGAgain,1001418.0,250.0,True,True,True,-1.6330873999998734
1443.0,2,12,255,0,malla,1,BPo,1026488.0,257.0,True,True,True,497.65351160000114
1443.36,2,12,255,0,malla,2,OPA_SUMo,917878.0,257.0,True,True,True,-1665.3906653999993
1443.72,2,12,255,0,malla,3,SUMo,919956.0,265.0,True,True,True,-1624.0058407999998
1444.08,2,12,255,0,malla,4,LPo,875000.0,281.0,True,False,True,-2519.3360500000003
1445.94,2,12,255,64,malla,0,PGAgain,1001453.0,276.0,True,True,True,-0.9360379000005072
1446.3,2,12,255,64,malla,1,BPo,1026482.0,282.0,True,True,True,497.53401739999947
1446.66,2,12,255,64,malla,2,OPA_SUMo,965349.0,267.0,True,True,True,-719.9724706999991
1447.02,2,12,255,64,malla,3,SUMo,967272.0,286.0,True,True,True,-681.6745795999991
1447.38,2,12,255,64,malla,4,LPo,875000.0,271.0,True,False,True,-2519.3360500000003
1449.24,2,12,255,128,malla,0,PGAgain,1001440.0,270.0,True,True,True,-1.1949419999989133
1449.6,2,12,255,128,malla,1,BPo,1026547.0,255.0,True,True,True,498.8285379000005
1449.96,2,12,255,128,malla,2,OPA_SUMo,1012718.0,257.0,True,True,True,223.41432259999922
1450.32,2,12,255,128,malla,3,SUMo,1014770.0,300.0,True,True,False,264.28133899999966
1450.68,2,12,255,128,malla,4,LPo,875015.0,257.0,True,False,True,-2519.0373145000003
1452.54,2,12,255,255,malla,0,PGAgain,1001481.0,252.0,True,True,True,-0.3783983000001087
1452.9,2,12,255,255,malla,1,BPo,1026437.0,273.0,True,True,True,496.637810899998
1453.26,2,12,255,255,malla,2,OPA_SUMo,1106882.0,268.0,True,True,True,2098.756297400001
1453.62,2,12,255,255,malla,3,SUMo,1108885.0,286.0,True,True,True,2138.6474445
1453.98,2,12,255,255,malla,4,LPo,875000.0,274.0,True,False,True,-2519.3360500000003
1455.84,2,12,255,120,fino,0,PGAgain,1001399.0,267.0,True,True,True,-2.011485699999982
1456.2,2,12,255,120,fino,1,BPo,1026467.0,241.0,True,True,True,497.235281900002
1456.56,2,12,255,120,fino,2,OPA_SUMo,1006825.0,280.0,True,True,True,106.05110250000091
1456.92,2,12,255,120,fino,3,SUMo,1008813.0,245.0,True,True,True,145.64351409999978
1457.28,2,12,255,120,fino,4,LPo,875044.0,250.0,True,False,True,-2518.4597592000005
1459.14,2,12,255,124,fino,0,PGAgain,1001472.0,294.0,True,True,True,-0.5576396000003985
1459.5,2,12,255,124,fino,1,BPo,1026461.0,251.0,True,True,True,497.1157877000003
1459.86,2,12,255,124,fino,2,OPA_SUMo,1009757.0,280.0,True,True,True,164.44393489999896
1460.22,2,12,255,124,fino,3,SUMo,1011776.0,282.0,True,True,True,204.6537331999991
1460.58,2,12,255,124,fino,4,LPo,875036.0,248.0,True,False,True,-2518.619084800001
1462.44,2,12,255,126,fino,0,PGAgain,1001416.0,285.0,True,True,True,-1.6729187999989314
1462.8,2,12,255,126,fino,1,BPo,1026474.0,259.0,True,True,True,497.3746917999987
1463.16,2,12,255,126,fino,2,OPA_SUMo,1011237.0,261.0,True,True,True,193.91917089999933
1463.52,2,12,255,126,fino,3,SUMo,1013248.0,265.0,True,True,True,233.96964360000095
1463.88,2,12,255,126,fino,4,LPo,875035.0,250.0,True,False,True,-2518.6390005000007
1465.74,2,12,255,128,fino,0,PGAgain,1001530.0,273.0,True,True,True,0.5974709999994566
1466.1,2,12,255,128,fino,1,BPo,1026420.0,279.0,True,True,True,496.29924400000147
1466.46,2,12,255,128,fino,2,OPA_SUMo,1012698.0,285.0,True,True,True,223.0160085999996
1466.82,2,12,255,128,fino,3,SUMo,1014710.0,271.0,True,True,True,263.0863970000007
1467.18,2,12,255,128,fino,4,LPo,875000.0,280.0,True,False,True,-2519.3360500000003
1469.04,2,12,255,130,fino,0,PGAgain,1001464.0,258.0,True,True,True,-0.7169651999988952
1469.4,2,12,255,130,fino,1,BPo,1026466.0,271.0,True,True,True,497.2153661999979
1469.76,2,12,255,130,fino,2,OPA_SUMo,1014203.0,273.0,True,True,True,252.9891370999995
1470.12,2,12,255,130,fino,3,SUMo,1016183.0,252.0,True,True,True,292.4222230999999
1470.48,2,12,255,130,fino,4,LPo,875022.0,261.0,True,False,True,-2518.897904599999
1472.34,2,12,255,132,fino,0,PGAgain,1001471.0,260.0,True,True,True,-0.5775552999999276
1472.7,2,12,255,132,fino,1,BPo,1026481.0,270.0,True,True,True,497.5141016999999
1473.06,2,12,255,132,fino,2,OPA_SUMo,1015694.0,254.0,True,True,True,282.6834457999992
1473.42,2,12,255,132,fino,3,SUMo,1017678.0,250.0,True,True,True,322.19619459999996
1473.78,2,12,255,132,fino,4,LPo,875021.0,257.0,True,False,True,-2518.917820300001
1475.64,2,12,255,136,fino,0,PGAgain,1001444.0,271.0,True,True,True,-1.115279200000797
1476.0,2,12,255,136,fino,1,BPo,1026411.0,260.0,True,True,True,496.1200027000012
1476.36,2,12,255,136,fino,2,OPA_SUMo,1018624.0,249.0,True,True,True,341.0364468000005
1476.72,2,12,255,136,fino,3,SUMo,1020628.0,258.0,True,True,True,380.9475096000009
1477.08,2,12,255,136,fino,4,LPo,875000.0,264.0,True,False,True,-2519.3360500000003
1567.44,2,12,192,0,referencia,0,PGAgain,1001546.0,292.0,True,True,True,0.9161222000009782
1567.8,2,12,192,0,referencia,1,BPo,1020790.0,280.0,True,True,True,384.17385299999927
1568.16,2,12,192,0,referencia,2,OPA_SUMo,940221.0,258.0,True,True,True,-1220.4141803
1568.52,2,12,192,0,referencia,3,SUMo,942215.0,264.0,True,True,True,-1180.7022744999995
1568.88,2,12,192,0,referencia,4,LPo,875000.0,268.0,True,False,True,-2519.3360500000003
1570.74,2,12,192,-255,malla,0,PGAgain,1001545.0,269.0,True,True,True,0.896206499999185
1571.1,2,12,192,-255,malla,1,BPo,1020770.0,269.0,True,True,True,383.77553899999964
1571.46,2,12,192,-255,malla,2,OPA_SUMo,875000.0,261.0,True,False,True,-2519.3360500000003
1571.82,2,12,192,-255,malla,3,SUMo,875000.0,301.0,True,False,False,-2519.3360500000003
1572.18,2,12,192,-255,malla,4,LPo,875007.0,252.0,True,False,True,-2519.1966401000013
1574.04,2,12,192,-128,malla,0,PGAgain,1001516.0,265.0,True,True,True,0.3186511999992574
1574.4,2,12,192,-128,malla,1,BPo,1020860.0,250.0,True,True,True,385.5679520000003
1574.76,2,12,192,-128,malla,2,OPA_SUMo,875000.0,264.0,True,False,True,-2519.3360500000003
1575.12,2,12,192,-128,malla,3,SUMo,875000.0,255.0,True,False,True,-2519.3360500000003
1575.48,2,12,192,-128,malla,4,LPo,875000.0,249.0,True,False,True,-2519.3360500000003
1577.34,2,12,192,-64,malla,0,PGAgain,1001470.0,268.0,True,True,True,-0.5974709999994566
1577.7,2,12,192,-64,malla,1,BPo,1020780.0,255.0,True,True,True,383.9746959999995
1578.06,2,12,192,-64,malla,2,OPA_SUMo,892705.0,264.0,True,True,True,-2166.728581499999
1578.42,2,12,192,-64,malla,3,SUMo,894796.0,245.0,True,True,True,-2125.084852799999
1578.78,2,12,192,-64,malla,4,LPo,875000.0,265.0,True,False,True,-2519.3360500000003
1580.64,2,12,192,0,malla,0,PGAgain,1001595.0,254.0,True,True,True,1.8919915000005434
1581.0,2,12,192,0,malla,1,BPo,1020876.0,266.0,True,True,True,385.88660319999957
1581.36,2,12,192,0,malla,2,OPA_SUMo,940168.0,247.0,True,True,True,-1221.4697124
1581.72,2,12,192,0,malla,3,SUMo,942164.0,259.0,True,True,True,-1181.7179752000004
1582.08,2,12,192,0,malla,4,LPo,875068.0,256.0,True,False,True,-2517.9817824000006
1583.94,2,12,192,64,malla,0,PGAgain,1001498.0,255.0,True,True,True,-0.03983139999905812
1584.3,2,12,192,64,malla,1,BPo,1020827.0,269.0,True,True,True,384.91073389999997
1584.66,2,12,192,64,malla,2,OPA_SUMo,987648.0,287.0,True,True,True,-275.8722763999995
1585.02,2,12,192,64,malla,3,SUMo,989698.0,276.0,True,True,True,-235.04509140000042
1585.38,2,12,192,64,malla,4,LPo,875010.0,270.0,True,False,True,-2519.1368930000003
1587.24,2,12,192,128,malla,0,PGAgain,1001544.0,255.0,True,True,True,0.8762907999996559
1587.6,2,12,192,128,malla,1,BPo,1020849.0,254.0,True,True,True,385.34887930000093
1587.96,2,12,192,128,malla,2,OPA_SUMo,1035066.0,252.0,True,True,True,668.4903862000007
1588.32,2,12,192,128,malla,3,SUMo,1037070.0,272.0,True,True,True,708.4014489999988
1588.68,2,12,192,128,malla,4,LPo,875000.0,253.0,True,False,True,-2519.3360500000003
1590.54,2,12,192,255,malla,0,PGAgain,1001500.0,273.0,True,True,True,0.0
1590.9,2,12,192,255,malla,1,BPo,1020752.0,265.0,True,True,True,383.41705639999907
1591.26,2,12,192,255,malla,2,OPA_SUMo,1128000.0,291.0,True,False,True,2519.3360500000003
1591.62,2,12,192,255,malla,3,SUMo,1128000.0,255.0,True,False,True,2519.3360500000003
1591.98,2,12,192,255,malla,4,LPo,875000.0,242.0,True,False,True,-2519.3360500000003
1593.84,2,12,192,56,fino,0,PGAgain,1001548.0,258.0,True,True,True,0.9559536000000363
1594.2,2,12,192,56,fino,1,BPo,1020783.0,264.0,True,True,True,384.0344431000003
1594.56,2,12,192,56,fino,2,OPA_SUMo,981629.0,284.0,True,True,True,-395.7448746999996
1594.92,2,12,192,56,fino,3,SUMo,983666.0,263.0,True,True,True,-355.17659379999895
1595.28,2,12,192,56,fino,4,LPo,875008.0,255.0,True,False,True,-2519.1767243999993
1597.14,2,12,192,60,fino,0,PGAgain,1001555.0,265.0,True,True,True,1.0953634999990038
1597.5,2,12,192,60,fino,1,BPo,1020801.0,259.0,True,True,True,384.3929257000009
1597.86,2,12,192,60,fino,2,OPA_SUMo,984545.0,274.0,True,True,True,-337.6706935000008
1598.22,2,12,192,60,fino,3,SUMo,986658.0,251.0,True,True,True,-295.5888193999997
1598.58,2,12,192,60,fino,4,LPo,875012.0,259.0,True,False,True,-2519.0970616000013
1600.44,2,12,192,62,fino,0,PGAgain,1001553.0,252.0,True,True,True,1.0555320999999458
1600.8,2,12,192,62,fino,1,BPo,1020762.0,271.0,True,True,True,383.6162133999989
1601.16,2,12,192,62,fino,2,OPA_SUMo,986196.0,278.0,True,True,True,-304.7898727999995
1601.52,2,12,192,62,fino,3,SUMo,988104.0,252.0,True,True,True,-266.79071719999916
1601.88,2,12,192,62,fino,4,LPo,875000.0,260.0,True,False,True,-2519.3360500000003
1603.74,2,12,192,64,fino,0,PGAgain,1001520.0,248.0,True,True,True,0.39831399999963774
1604.1,2,12,192,64,fino,1,BPo,1020820.0,252.0,True,True,True,384.771324000001
1604.46,2,12,192,64,fino,2,OPA_SUMo,987563.0,246.0,True,True,True,-277.56511090000026
1604.82,2,12,192,64,fino,3,SUMo,989560.0,260.0,True,True,True,-237.7934580000011
1605.18,2,12,192,64,fino,4,LPo,875014.0,253.0,True,False,True,-2519.0572302
1607.04,2,12,192,66,fino,0,PGAgain,1001516.0,247.0,True,True,True,0.3186511999992574
1607.4,2,12,192,66,fino,1,BPo,1020717.0,264.0,True,True,True,382.7200068999997
1607.76,2,12,192,66,fino,2,OPA_SUMo,989096.0,261.0,True,True,True,-247.03434279999993
1608.12,2,12,192,66,fino,3,SUMo,991026.0,290.0,True,True,True,-208.59704180000094
1608.48,2,12,192,66,fino,4,LPo,875000.0,282.0,True,False,True,-2519.3360500000003
1610.34,2,12,192,68,fino,0,PGAgain,1001532.0,245.0,True,True,True,0.6373024000007789
1610.7,2,12,192,68,fino,1,BPo,1020743.0,257.0,True,True,True,383.23781510000106
1611.06,2,12,192,68,fino,2,OPA_SUMo,990531.0,264.0,True,True,True,-218.45531330000102
1611.42,2,12,192,68,fino,3,SUMo,992517.0,252.0,True,True,True,-178.90273309999895
1611.78,2,12,192,68,fino,4,LPo,875011.0,266.0,True,False,True,-2519.1169773000006
1613.64,2,12,192,72,fino,0,PGAgain,1001512.0,288.0,True,True,True,0.238988399998877
1614.0,2,12,192,72,fino,1,BPo,1020851.0,254.0,True,True,True,385.3887107
1614.36,2,12,192,72,fino,2,OPA_SUMo,993503.0,266.0,True,True,True,-159.26585289999915
1614.72,2,12,192,72,fino,3,SUMo,995480.0,251.0,True,True,True,-119.89251399999965
1615.08,2,12,192,72,fino,4,LPo,875012.0,244.0,True,False,True,-2519.0970616000013
1705.44,2,12,128,0,referencia,0,PGAgain,1001527.0,271.0,True,True,True,0.5377239000008694
1705.8,2,12,128,0,referencia,1,BPo,1015070.0,258.0,True,True,True,270.256049000001
1706.16,2,12,128,0,referencia,2,OPA_SUMo,962923.0,257.0,True,True,True,-768.2879589
1706.52,2,12,128,0,referencia,3,SUMo,964959.0,268.0,True,True,True,-727.7395937000011
1706.88,2,12,128,0,referencia,4,LPo,875000.0,267.0,True,False,True,-2519.3360500000003
1708.74,2,12,128,-255,malla,0,PGAgain,1001573.0,251.0,True,True,True,1.4538460999995835
1709.1,2,12,128,-255,malla,1,BPo,1015057.0,265.0,True,True,True,269.99714490000036
1709.46,2,12,128,-255,malla,2,OPA_SUMo,875000.0,247.0,True,False,True,-2519.3360500000003
1709.82,2,12,128,-255,malla,3,SUMo,875000.0,257.0,True,False,True,-2519.3360500000003
1710.18,2,12,128,-255,malla,4,LPo,875033.0,275.0,True,False,True,-2518.6788318999998
1712.04,2,12,128,-128,malla,0,PGAgain,1001528.0,266.0,True,True,True,0.5576396000003985
1712.4,2,12,128,-128,malla,1,BPo,1015000.0,261.0,True,True,True,268.86195000000004
1712.76,2,12,128,-128,malla,2,OPA_SUMo,875000.0,251.0,True,False,True,-2519.3360500000003
1713.12,2,12,128,-128,malla,3,SUMo,875000.0,247.0,True,False,True,-2519.3360500000003
1713.48,2,12,128,-128,malla,4,LPo,875043.0,294.0,True,False,True,-2518.4796749
1715.34,2,12,128,-64,malla,0,PGAgain,1001610.0,272.0,True,True,True,2.1907270000002717
1715.7,2,12,128,-64,malla,1,BPo,1015053.0,273.0,True,True,True,269.9174821
1716.06,2,12,128,-64,malla,2,OPA_SUMo,915555.0,261.0,True,True,True,-1711.654836500001
1716.42,2,12,128,-64,malla,3,SUMo,917531.0,262.0,True,True,True,-1672.301413300001
1716.78,2,12,128,-64,malla,4,LPo,875000.0,262.0,True,False,True,-2519.3360500000003
1718.64,2,12,128,0,malla,0,PGAgain,1001609.0,256.0,True,True,True,2.170811300000743
1719.0,2,12,128,0,malla,1,BPo,1015052.0,312.0,True,True,False,269.8975664000004
1719.36,2,12,128,0,malla,2,OPA_SUMo,962909.0,265.0,True,True,True,-768.5667787000002
1719.72,2,12,128,0,malla,3,SUMo,964964.0,265.0,True,True,True,-727.640015199999
1720.08,2,12,128,0,malla,4,LPo,875078.0,265.0,True,False,True,-2517.7826254000006
1721.94,2,12,128,64,malla,0,PGAgain,1001640.0,260.0,True,True,True,2.7881979999997286
1722.3,2,12,128,64,malla,1,BPo,1015016.0,266.0,True,True,True,269.1806011999993
1722.66,2,12,128,64,malla,2,OPA_SUMo,1010384.0,272.0,True,True,True,176.9310788000003
1723.02,2,12,128,64,malla,3,SUMo,1012469.0,252.0,True,True,True,218.45531330000102
1723.38,2,12,128,64,malla,4,LPo,875000.0,295.0,True,False,True,-2519.3360500000003
1725.24,2,12,128,128,malla,0,PGAgain,1001550.0,307.0,True,True,False,0.9957849999990944
1725.6,2,12,128,128,malla,1,BPo,1015048.0,252.0,True,True,True,269.8179036
1725.96,2,12,128,128,malla,2,OPA_SUMo,1057830.0,255.0,True,True,True,1121.8513809999986
1726.32,2,12,128,128,malla,3,SUMo,1059769.0,259.0,True,True,True,1160.4679233000002
1726.68,2,12,128,128,malla,4,LPo,875025.0,246.0,True,False,True,-2518.8381575000008
1728.54,2,12,128,255,malla,0,PGAgain,1001560.0,276.0,True,True,True,1.1949419999989133
1728.9,2,12,128,255,malla,1,BPo,1014997.0,270.0,True,True,True,268.80220289999914
1729.26,2,12,128,255,malla,2,OPA_SUMo,1128000.0,259.0,True,False,True,2519.3360500000003
1729.62,2,12,128,255,malla,3,SUMo,1128000.0,244.0,True,False,True,2519.3360500000003
1729.98,2,12,128,255,malla,4,LPo,875025.0,256.0,True,False,True,-2518.8381575000008
1731.84,2,12,128,56,fino,0,PGAgain,1001553.0,303.0,True,True,False,1.0555320999999458
1732.2,2,12,128,56,fino,1,BPo,1015074.0,298.0,True,True,True,270.3357117999991
1732.56,2,12,128,56,fino,2,OPA_SUMo,1004417.0,270.0,True,True,True,58.0940969000006
1732.92,2,12,128,56,fino,3,SUMo,1006419.0,308.0,True,True,False,97.96532829999965
1733.28,2,12,128,56,fino,4,LPo,875086.0,250.0,True,False,True,-2517.6232998
1735.14,2,12,128,60,fino,0,PGAgain,1001599.0,283.0,True,True,True,1.971654300000924
1735.5,2,12,128,60,fino,1,BPo,1015001.0,263.0,True,True,True,268.88186569999954
1735.86,2,12,128,60,fino,2,OPA_SUMo,1007430.0,281.0,True,True,True,118.10010099999901
1736.22,2,12,128,60,fino,3,SUMo,1009403.0,258.0,True,True,True,157.39377710000042
1736.58,2,12,128,60,fino,4,LPo,875008.0,251.0,True,False,True,-2519.1767243999993
1738.44,2,12,128,62,fino,0,PGAgain,1001570.0,269.0,True,True,True,1.3940990000009963
1738.8,2,12,128,62,fino,1,BPo,1015001.0,252.0,True,True,True,268.88186569999954
1739.16,2,12,128,62,fino,2,OPA_SUMo,1008889.0,247.0,True,True,True,147.1571073000002
1739.52,2,12,128,62,fino,3,SUMo,1010896.0,282.0,True,True,True,187.1279171999992
1739.88,2,12,128,62,fino,4,LPo,875022.0,283.0,True,False,True,-2518.897904599999
1741.74,2,12,128,64,fino,0,PGAgain,1001573.0,256.0,True,True,True,1.4538460999995835
1742.1,2,12,128,64,fino,1,BPo,1015078.0,291.0,True,True,True,270.4153745999995
1742.46,2,12,128,64,fino,2,OPA_SUMo,1010307.0,256.0,True,True,True,175.39756990000035
1742.82,2,12,128,64,fino,3,SUMo,1012341.0,274.0,True,True,True,215.9061037000002
1743.18,2,12,128,64,fino,4,LPo,875010.0,247.0,True,False,True,-2519.1368930000003
1745.04,2,12,128,66,fino,0,PGAgain,1001532.0,272.0,True,True,True,0.6373024000007789
1745.4,2,12,128,66,fino,1,BPo,1015104.0,279.0,True,True,True,270.93318280000085
1745.76,2,12,128,66,fino,2,OPA_SUMo,1011845.0,270.0,True,True,True,206.02791650000054
1746.12,2,12,128,66,fino,3,SUMo,1013827.0,251.0,True,True,True,245.50083389999998
1746.48,2,12,128,66,fino,4,LPo,875000.0,256.0,True,False,True,-2519.3360500000003
1748.34,2,12,128,68,fino,0,PGAgain,1001588.0,258.0,True,True,True,1.7525815999993117
1748.7,2,12,128,68,fino,1,BPo,1014987.0,244.0,True,True,True,268.60304589999936
1749.06,2,12,128,68,fino,2,OPA_SUMo,1013298.0,257.0,True,True,True,234.96542860000005
1749.42,2,12,128,68,fino,3,SUMo,1015301.0,246.0,True,True,True,274.8565757000009
1749.78,2,12,128,68,fino,4,LPo,875047.0,262.0,True,False,True,-2518.4000120999995
1751.64,2,12,128,72,fino,0,PGAgain,1001552.0,266.0,True,True,True,1.0356164000004167
1752.0,2,12,128,72,fino,1,BPo,1015049.0,245.0,True,True,True,269.8378192999996
1752.36,2,12,128,72,fino,2,OPA_SUMo,1016263.0,257.0,True,True,True,294.0154791000007
1752.72,2,12,128,72,fino,3,SUMo,1018325.0,275.0,True,True,True,335.0816525000009
1753.08,2,12,128,72,fino,4,LPo,875000.0,295.0,True,False,True,-2519.3360500000003
1843.44,2,12,64,0,referencia,0,PGAgain,1001586.0,269.0,True,True,True,1.7127502000002537
1843.8,2,12,64,0,referencia,1,BPo,1009313.0,255.0,True,True,True,155.60136409999978
1844.16,2,12,64,0,referencia,2,OPA_SUMo,985829.0,275.0,True,True,True,-312.098934700001
1844.52,2,12,64,0,referencia,3,SUMo,987792.0,251.0,True,True,True,-273.0044155999994
1844.88,2,12,64,0,referencia,4,LPo,875000.0,267.0,True,False,True,-2519.3360500000003
1846.74,2,12,64,-255,malla,0,PGAgain,1001597.0,255.0,True,True,True,1.9318228999996017
1847.1,2,12,64,-255,malla,1,BPo,1009250.0,258.0,True,True,True,154.346675
1847.46,2,12,64,-255,malla,2,OPA_SUMo,875000.0,261.0,True,False,True,-2519.3360500000003
1847.82,2,12,64,-255,malla,3,SUMo,875000.0,262.0,True,False,True,-2519.3360500000003
1848.18,2,12,64,-255,malla,4,LPo,875080.0,285.0,True,False,True,-2517.7427939999993
1850.04,2,12,64,-128,malla,0,PGAgain,1001573.0,252.0,True,True,True,1.4538460999995835
1850.4,2,12,64,-128,malla,1,BPo,1009313.0,250.0,True,True,True,155.60136409999978
1850.76,2,12,64,-128,malla,2,OPA_SUMo,890951.0,264.0,True,True,True,-2201.6607192999995
1851.12,2,12,64,-128,malla,3,SUMo,892961.0,244.0,True,True,True,-2161.6301623
1851.48,2,12,64,-128,malla,4,LPo,875000.0,248.0,True,False,True,-2519.3360500000003
1853.34,2,12,64,-64,malla,0,PGAgain,1001505.0,246.0,True,True,True,0.09957849999990943
1853.7,2,12,64,-64,malla,1,BPo,1009264.0,292.0,True,True,True,154.6254948000002
1854.06,2,12,64,-64,malla,2,OPA_SUMo,938495.0,297.0,True,True,True,-1254.7886785
1854.42,2,12,64,-64,malla,3,SUMo,940368.0,256.0,True,True,True,-1217.486572399999
1854.78,2,12,64,-64,malla,4,LPo,875000.0,249.0,True,False,True,-2519.3360500000003
1856.64,2,12,64,0,malla,0,PGAgain,1001469.0,278.0,True,True,True,-0.6173866999989857
1857.0,2,12,64,0,malla,1,BPo,1009282.0,245.0,True,True,True,154.98397740000078
1857.36,2,12,64,0,malla,2,OPA_SUMo,985870.0,242.0,True,True,True,-311.2823909999999
1857.72,2,12,64,0,malla,3,SUMo,987868.0,251.0,True,True,True,-271.490822399999
1858.08,2,12,64,0,malla,4,LPo,875039.0,279.0,True,False,True,-2518.5593377000005
1859.94,2,12,64,64,malla,0,PGAgain,1001580.0,254.0,True,True,True,1.5932560000008151
1860.3,2,12,64,64,malla,1,BPo,1009293.0,269.0,True,True,True,155.20305010000013
1860.66,2,12,64,64,malla,2,OPA_SUMo,1033252.0,252.0,True,True,True,632.3633063999991
1861.02,2,12,64,64,malla,3,SUMo,1035325.0,286.0,True,True,True,673.648552500001
1861.38,2,12,64,64,malla,4,LPo,875014.0,294.0,True,False,True,-2519.0572302
1863.24,2,12,64,128,malla,0,PGAgain,1001570.0,300.0,True,True,False,1.3940990000009963
1863.6,2,12,64,128,malla,1,BPo,1009302.0,245.0,True,True,True,155.3822914000004
1863.96,2,12,64,128,malla,2,OPA_SUMo,1080737.0,298.0,True,True,True,1578.0603209000017
1864.32,2,12,64,128,malla,3,SUMo,1082719.0,282.0,True,True,True,1617.5332383000011
1864.68,2,12,64,128,malla,4,LPo,875028.0,266.0,True,False,True,-2518.7784103999998
1866.54,2,12,64,255,malla,0,PGAgain,1001547.0,276.0,True,True,True,0.9360379000005072
1866.9,2,12,64,255,malla,1,BPo,1009260.0,265.0,True,True,True,154.54583199999982
1867.26,2,12,64,255,malla,2,OPA_SUMo,1128000.0,261.0,True,False,True,2519.3360500000003
1867.62,2,12,64,255,malla,3,SUMo,1128000.0,254.0,True,False,True,2519.3360500000003
1867.98,2,12,64,255,malla,4,LPo,875033.0,258.0,True,False,True,-2518.6788318999998
1869.84,2,12,64,-8,fino,0,PGAgain,1001607.0,284.0,True,True,True,2.1309798999994203
1870.2,2,12,64,-8,fino,1,BPo,1009272.0,274.0,True,True,True,154.78482040000097
1870.56,2,12,64,-8,fino,2,OPA_SUMo,979961.0,255.0,True,True,True,-428.96426229999975
1870.92,2,12,64,-8,fino,3,SUMo,981930.0,277.0,True,True,True,-389.750249000001
1871.28,2,12,64,-8,fino,4,LPo,875083.0,277.0,True,False,True,-2517.6830469000006
1873.14,2,12,64,-4,fino,0,PGAgain,1001575.0,258.0,True,True,True,1.4936775000009057
1873.5,2,12,64,-4,fino,1,BPo,1009292.0,265.0,True,True,True,155.1831344000006
1873.86,2,12,64,-4,fino,2,OPA_SUMo,982871.0,267.0,True,True,True,-371.0095753000004
1874.22,2,12,64,-4,fino,3,SUMo,984914.0,265.0,True,True,True,-330.32180020000027
1874.58,2,12,64,-4,fino,4,LPo,875034.0,263.0,True,False,True,-2518.6589162000005
1876.44,2,12,64,-2,fino,0,PGAgain,1001569.0,269.0,True,True,True,1.3741832999992032
1876.8,2,12,64,-2,fino,1,BPo,1009233.0,277.0,True,True,True,154.00810809999896
1877.16,2,12,64,-2,fino,2,OPA_SUMo,984379.0,276.0,True,True,True,-340.97669969999964
1877.52,2,12,64,-2,fino,3,SUMo,986399.0,274.0,True,True,True,-300.7469857
1877.88,2,12,64,-2,fino,4,LPo,875001.0,274.0,True,False,True,-2519.3161343000006
1879.74,2,12,64,0,fino,0,PGAgain,1001606.0,268.0,True,True,True,2.1110641999998916
1880.1,2,12,64,0,fino,1,BPo,1009242.0,284.0,True,True,True,154.18734939999925
1880.46,2,12,64,0,fino,2,OPA_SUMo,985861.0,270.0,True,True,True,-311.4616323000002
1880.82,2,12,64,0,fino,3,SUMo,987834.0,253.0,True,True,True,-272.1679562000011
1881.18,2,12,64,0,fino,4,LPo,875000.0,246.0,True,False,True,-2519.3360500000003
1883.04,2,12,64,2,fino,0,PGAgain,1001537.0,252.0,True,True,True,0.7368809000006883
1883.4,2,12,64,2,fino,1,BPo,1009229.0,261.0,True,True,True,153.92844530000085
1883.76,2,12,64,2,fino,2,OPA_SUMo,987326.0,271.0,True,True,True,-282.2851317999996
1884.12,2,12,64,2,fino,3,SUMo,989269.0,264.0,True,True,True,-243.58892669999992
1884.48,2,12,64,2,fino,4,LPo,875000.0,261.0,True,False,True,-2519.3360500000003
1886.34,2,12,64,4,fino,0,PGAgain,1001549.0,272.0,True,True,True,0.9758692999995653
1886.7,2,12,64,4,fino,1,BPo,1009234.0,251.0,True,True,True,154.02802380000074
1887.06,2,12,64,4,fino,2,OPA_SUMo,988868.0,252.0,True,True,True,-251.57512239999897
1887.42,2,12,64,4,fino,3,SUMo,990811.0,269.0,True,True,True,-212.8789172999993
1887.78,2,12,64,4,fino,4,LPo,875000.0,260.0,True,False,True,-2519.3360500000003
1889.64,2,12,64,8,fino,0,PGAgain,1001542.0,259.0,True,True,True,0.8364594000005978
1890.0,2,12,64,8,fino,1,BPo,1009260.0,252.0,True,True,True,154.54583199999982
1890.36,2,12,64,8,fino,2,OPA_SUMo,991800.0,301.0,True,True,False,-193.1822900000009
1890.72,2,12,64,8,fino,3,SUMo,993722.0,273.0,True,True,True,-154.90431460000042
1891.08,2,12,64,8,fino,4,LPo,875000.0,255.0,True,False,True,-2519.3360500000003
1981.44,2,12,0,0,referencia,0,PGAgain,1001513.0,247.0,True,True,True,0.2589041000006702
1981.8,2,12,0,0,referencia,1,BPo,1003506.0,270.0,True,True,True,39.95089419999944
1982.16,2,12,0,0,referencia,2,OPA_SUMo,1008942.0,264.0,True,True,True,148.21263940000014
1982.52,2,12,0,0,referencia,3,SUMo,1010992.0,264.0,True,True,True,189.03982439999925
1982.88,2,12,0,0,referencia,4,LPo,875000.0,260.0,True,False,True,-2519.3360500000003
1984.74,2,12,0,-255,malla,0,PGAgain,1001519.0,247.0,True,True,True,0.3783983000001087
1985.1,2,12,0,-255,malla,1,BPo,1003511.0,244.0,True,True,True,40.05047269999935
1985.46,2,12,0,-255,malla,2,OPA_SUMo,875000.0,286.0,True,False,True,-2519.3360500000003
1985.82,2,12,0,-255,malla,3,SUMo,875000.0,264.0,True,False,True,-2519.3360500000003
1986.18,2,12,0,-255,malla,4,LPo,875004.0,257.0,True,False,True,-2519.2563871999996
1988.04,2,12,0,-128,malla,0,PGAgain,1001528.0,271.0,True,True,True,0.5576396000003985
1988.4,2,12,0,-128,malla,1,BPo,1003489.0,290.0,True,True,True,39.61232730000066
1988.76,2,12,0,-128,malla,2,OPA_SUMo,914122.0,301.0,True,True,False,-1740.194034600001
1989.12,2,12,0,-128,malla,3,SUMo,916140.0,244.0,True,True,True,-1700.0041520000004
1989.48,2,12,0,-128,malla,4,LPo,875000.0,247.0,True,False,True,-2519.3360500000003
1991.34,2,12,0,-64,malla,0,PGAgain,1001524.0,249.0,True,True,True,0.47797680000001813
1991.7,2,12,0,-64,malla,1,BPo,1003504.0,266.0,True,True,True,39.91106280000038
1992.06,2,12,0,-64,malla,2,OPA_SUMo,961537.0,266.0,True,True,True,-795.8911190999994
1992.42,2,12,0,-64,malla,3,SUMo,963617.0,247.0,True,True,True,-754.4664631000009
1992.78,2,12,0,-64,malla,4,LPo,875048.0,264.0,True,False,True,-2518.3800964
1994.64,2,12,0,0,malla,0,PGAgain,1001544.0,265.0,True,True,True,0.8762907999996559
1995.0,2,12,0,0,malla,1,BPo,1003472.0,252.0,True,True,True,39.2737603999996
1995.36,2,12,0,0,malla,2,OPA_SUMo,1009038.0,251.0,True,True,True,150.12454660000023
1995.72,2,12,0,0,malla,3,SUMo,1011015.0,283.0,True,True,True,189.49788549999974
1996.08,2,12,0,0,malla,4,LPo,875000.0,257.0,True,False,True,-2519.3360500000003
1997.94,2,12,0,64,malla,0,PGAgain,1001602.0,288.0,True,True,True,2.031401399999511
1998.3,2,12,0,64,malla,1,BPo,1003535.0,246.0,True,True,True,40.52844949999937
1998.66,2,12,0,64,malla,2,OPA_SUMo,1056440.0,246.0,True,True,True,1094.1685580000012
1999.02,2,12,0,64,malla,3,SUMo,1058341.0,281.0,True,True,True,1132.0283036999979
1999.38,2,12,0,64,malla,4,LPo,875000.0,253.0,True,False,True,-2519.3360500000003
2001.24,2,12,0,128,malla,0,PGAgain,1001581.0,267.0,True,True,True,1.6131717000003443
2001.6,2,12,0,128,malla,1,BPo,1003451.0,257.0,True,True,True,38.855530700000436
2001.96,2,12,0,128,malla,2,OPA_SUMo,1103815.0,266.0,True,True,True,2037.674845500001
2002.32,2,12,0,128,malla,3,SUMo,1105897.0,260.0,True,True,True,2079.139332899999
2002.68,2,12,0,128,malla,4,LPo,875000.0,263.0,True,False,True,-2519.3360500000003
2004.54,2,12,0,255,malla,0,PGAgain,1001580.0,267.0,True,True,True,1.5932560000008151
2004.9,2,12,0,255,malla,1,BPo,1003459.0,285.0,True,True,True,39.01485629999893
2005.26,2,12,0,255,malla,2,OPA_SUMo,1128000.0,260.0,True,False,True,2519.3360500000003
2005.62,2,12,0,255,malla,3,SUMo,1128000.0,288.0,True,False,True,2519.3360500000003
2005.98,2,12,0,255,malla,4,LPo,875000.0,295.0,True,False,True,-2519.3360500000003
2007.84,2,12,0,-8,fino,0,PGAgain,1001561.0,277.0,True,True,True,1.2148577000007066
2008.2,2,12,0,-8,fino,1,BPo,1003432.0,307.0,True,True,False,38.47713240000033
2008.56,2,12,0,-8,fino,2,OPA_SUMo,1003122.0,281.0,True,True,True,32.30326539999915
2008.92,2,12,0,-8,fino,3,SUMo,1005106.0,262.0,True,True,True,71.8160141999999
2009.28,2,12,0,-8,fino,4,LPo,875000.0,268.0,True,False,True,-2519.3360500000003
2011.14,2,12,0,-4,fino,0,PGAgain,1001570.0,270.0,True,True,True,1.3940990000009963
2011.5,2,12,0,-4,fino,1,BPo,1003488.0,247.0,True,True,True,39.59241160000113
2011.86,2,12,0,-4,fino,2,OPA_SUMo,1006049.0,260.0,True,True,True,90.59651929999957
2012.22,2,12,0,-4,fino,3,SUMo,1008048.0,272.0,True,True,True,130.40800360000003
2012.58,2,12,0,-4,fino,4,LPo,875023.0,261.0,True,False,True,-2518.8779888999998
2014.44,2,12,0,-2,fino,0,PGAgain,1001546.0,304.0,True,True,False,0.9161222000009782
2014.8,2,12,0,-2,fino,1,BPo,1003498.0,292.0,True,True,True,39.79156860000094
2015.16,2,12,0,-2,fino,2,OPA_SUMo,1007534.0,246.0,True,True,True,120.17133379999984
2015.52,2,12,0,-2,fino,3,SUMo,1009456.0,281.0,True,True,True,158.44930920000036
2015.88,2,12,0,-2,fino,4,LPo,875000.0,257.0,True,False,True,-2519.3360500000003
2017.74,2,12,0,0,fino,0,PGAgain,1001538.0,247.0,True,True,True,0.7567966000002174
2018.1,2,12,0,0,fino,1,BPo,1003529.0,261.0,True,True,True,40.40895529999993
2018.46,2,12,0,0,fino,2,OPA_SUMo,1009041.0,278.0,True,True,True,150.18429370000106
2018.82,2,12,0,0,fino,3,SUMo,1011024.0,260.0,True,True,True,189.67712680000002
2019.18,2,12,0,0,fino,4,LPo,875000.0,268.0,True,False,True,-2519.3360500000003
2021.04,2,12,0,2,fino,0,PGAgain,1001566.0,250.0,True,True,True,1.314436200000616
2021.4,2,12,0,2,fino,1,BPo,1003457.0,255.0,True,True,True,38.97502489999987
2021.76,2,12,0,2,fino,2,OPA_SUMo,1010452.0,246.0,True,True,True,178.28534639999998
2022.12,2,12,0,2,fino,3,SUMo,1012477.0,249.0,True,True,True,218.61463889999953
2022.48,2,12,0,2,fino,4,LPo,875000.0,246.0,True,False,True,-2519.3360500000003
2024.34,2,12,0,4,fino,0,PGAgain,1001514.0,267.0,True,True,True,0.27881980000019924
2024.7,2,12,0,4,fino,1,BPo,1003521.0,289.0,True,True,True,40.24962969999917
2025.06,2,12,0,4,fino,2,OPA_SUMo,1012016.0,277.0,True,True,True,209.43350119999926
2025.42,2,12,0,4,fino,3,SUMo,1013991.0,244.0,True,True,True,248.76700869999974
2025.78,2,12,0,4,fino,4,LPo,875000.0,287.0,True,False,True,-2519.3360500000003
2027.64,2,12,0,8,fino,0,PGAgain,1001538.0,254.0,True,True,True,0.7567966000002174
2028.0,2,12,0,8,fino,1,BPo,1003456.0,266.0,True,True,True,38.955109200000344
2028.36,2,12,0,8,fino,2,OPA_SUMo,1014931.0,256.0,True,True,True,267.4877667000008
2028.72,2,12,0,8,fino,3,SUMo,1016994.0,282.0,True,True,True,308.57385580000056
2029.08,2,12,0,8,fino,4,LPo,875043.0,259.0,True,False,True,-2518.4796749
2119.44,2,12,-64,0,referencia,0,PGAgain,1001460.0,262.0,True,True,True,-0.7966279999992755
2119.8,2,12,-64,0,referencia,1,BPo,997794.0,270.0,True,True,True,-73.80758420000035
2120.16,2,12,-64,0,referencia,2,OPA_SUMo,1032266.0,266.0,True,True,True,612.7264262000016
2120.52,2,12,-64,0,referencia,3,SUMo,1034244.0,266.0,True,True,True,652.1196807999984
2120.88,2,12,-64,0,referencia,4,LPo,875030.0,267.0,True,False,True,-2518.7385790000008
2122.74,2,12,-64,-255,malla,0,PGAgain,1001543.0,255.0,True,True,True,0.8563751000001268
2123.1,2,12,-64,-255,malla,1,BPo,997718.0,288.0,True,True,True,-75.32117740000078
2123.46,2,12,-64,-255,malla,2,OPA_SUMo,875000.0,256.0,True,False,True,-2519.3360500000003
2123.82,2,12,-64,-255,malla,3,SUMo,875000.0,269.0,True,False,True,-2519.3360500000003
2124.18,2,12,-64,-255,malla,4,LPo,875049.0,255.0,True,False,True,-2518.3601807000005
2126.04,2,12,-64,-128,malla,0,PGAgain,1001482.0,271.0,True,True,True,-0.35848260000057963
2126.4,2,12,-64,-128,malla,1,BPo,997784.0,267.0,True,True,True,-74.00674120000016
2126.76,2,12,-64,-128,malla,2,OPA_SUMo,937426.0,256.0,True,True,True,-1276.078561799999
2127.12,2,12,-64,-128,malla,3,SUMo,939437.0,276.0,True,True,True,-1236.0280890999998
2127.48,2,12,-64,-128,malla,4,LPo,875000.0,245.0,True,False,True,-2519.3360500000003
2129.34,2,12,-64,-64,malla,0,PGAgain,1001525.0,247.0,True,True,True,0.4978924999995472
2129.7,2,12,-64,-64,malla,1,BPo,997733.0,249.0,True,True,True,-75.02244190000106
2130.06,2,12,-64,-64,malla,2,OPA_SUMo,984893.0,253.0,True,True,True,-330.74002989999946
2130.42,2,12,-64,-64,malla,3,SUMo,986895.0,262.0,True,True,True,-290.86879850000037
2130.78,2,12,-64,-64,malla,4,LPo,875000.0,275.0,True,False,True,-2519.3360500000003
2132.64,2,12,-64,0,malla,0,PGAgain,1001589.0,258.0,True,True,True,1.772497300001105
2133.0,2,12,-64,0,malla,1,BPo,997714.0,252.0,True,True,True,-75.4008401999989
2133.36,2,12,-64,0,malla,2,OPA_SUMo,1032296.0,240.0,True,True,True,613.323897200001
2133.72,2,12,-64,0,malla,3,SUMo,1034326.0,259.0,True,True,True,653.7527682000004
2134.08,2,12,-64,0,malla,4,LPo,875066.0,252.0,True,False,True,-2518.0216137999996
2135.94,2,12,-64,64,malla,0,PGAgain,1001555.0,247.0,True,True,True,1.0953634999990038
2136.3,2,12,-64,64,malla,1,BPo,997739.0,251.0,True,True,True,-74.90294769999934
2136.66,2,12,-64,64,malla,2,OPA_SUMo,1079712.0,266.0,True,True,True,1557.6467283999998
2137.02,2,12,-64,64,malla,3,SUMo,1081807.0,282.0,True,True,True,1599.3701199000004
2137.38,2,12,-64,64,malla,4,LPo,875055.0,261.0,True,False,True,-2518.240686500001
2139.24,2,12,-64,128,malla,0,PGAgain,1001525.0,273.0,True,True,True,0.4978924999995472
2139.6,2,12,-64,128,malla,1,BPo,997702.0,254.0,True,True,True,-75.63982860000004
2139.96,2,12,-64,128,malla,2,OPA_SUMo,1127168.0,271.0,True,False,True,2502.766187599998
2140.32,2,12,-64,128,malla,3,SUMo,1128000.0,263.0,True,False,True,2519.3360500000003
2140.68,2,12,-64,128,malla,4,LPo,875071.0,266.0,True,False,True,-2517.9220352999996
2142.54,2,12,-64,255,malla,0,PGAgain,1001563.0,280.0,True,True,True,1.2546890999997646
2142.9,2,12,-64,255,malla,1,BPo,997689.0,267.0,True,True,True,-75.8987327000007
2143.26,2,12,-64,255,malla,2,OPA_SUMo,1128000.0,274.0,True,False,True,2519.3360500000003
2143.62,2,12,-64,255,malla,3,SUMo,1128000.0,274.0,True,False,True,2519.3360500000003
2143.98,2,12,-64,255,malla,4,LPo,875000.0,258.0,True,False,True,-2519.3360500000003
2145.84,2,12,-64,-72,fino,0,PGAgain,1001544.0,271.0,True,True,True,0.8762907999996559
2146.2,2,12,-64,-72,fino,1,BPo,997747.0,286.0,True,True,True,-74.74362210000085
2146.56,2,12,-64,-72,fino,2,OPA_SUMo,978978.0,262.0,True,True,True,-448.54139540000097
2146.92,2,12,-64,-72,fino,3,SUMo,980988.0,261.0,True,True,True,-408.5108383999989
2147.28,2,12,-64,-72,fino,4,LPo,875076.0,262.0,True,False,True,-2517.8224567999996
2149.14,2,12,-64,-68,fino,0,PGAgain,1001471.0,255.0,True,True,True,-0.5775552999999276
2149.5,2,12,-64,-68,fino,1,BPo,997736.0,274.0,True,True,True,-74.96269480000021
2149.86,2,12,-64,-68,fino,2,OPA_SUMo,981978.0,252.0,True,True,True,-388.794295400001
2150.22,2,12,-64,-68,fino,3,SUMo,983901.0,260.0,True,True,True,-350.49640430000096
2150.58,2,12,-64,-68,fino,4,LPo,875000.0,260.0,True,False,True,-2519.3360500000003
2152.44,2,12,-64,-66,fino,0,PGAgain,1001475.0,277.0,True,True,True,-0.4978924999995472
2152.8,2,12,-64,-66,fino,1,BPo,997761.0,260.0,True,True,True,-74.46480230000066
2153.16,2,12,-64,-66,fino,2,OPA_SUMo,983463.0,254.0,True,True,True,-359.2194809000007
2153.52,2,12,-64,-66,fino,3,SUMo,985430.0,261.0,True,True,True,-320.045299000001
2153.88,2,12,-64,-66,fino,4,LPo,875000.0,265.0,True,False,True,-2519.3360500000003
2155.74,2,12,-64,-64,fino,0,PGAgain,1001548.0,257.0,True,True,True,0.9559536000000363
2156.1,2,12,-64,-64,fino,1,BPo,997690.0,283.0,True,True,True,-75.87881699999892
2156.46,2,12,-64,-64,fino,2,OPA_SUMo,984947.0,278.0,True,True,True,-329.66458209999996
2156.82,2,12,-64,-64,fino,3,SUMo,986971.0,284.0,True,True,True,-289.35520529999997
2157.18,2,12,-64,-64,fino,4,LPo,875026.0,250.0,True,False,True,-2518.818241800001
2159.04,2,12,-64,-62,fino,0,PGAgain,1001467.0,270.0,True,True,True,-0.657218100000308
2159.4,2,12,-64,-62,fino,1,BPo,997755.0,274.0,True,True,True,-74.5842965000001
2159.76,2,12,-64,-62,fino,2,OPA_SUMo,986505.0,255.0,True,True,True,-298.6359215000001
2160.12,2,12,-64,-62,fino,3,SUMo,988459.0,262.0,True,True,True,-259.72064370000106
2160.48,2,12,-64,-62,fino,4,LPo,875000.0,249.0,True,False,True,-2519.3360500000003
2162.34,2,12,-64,-60,fino,0,PGAgain,1001526.0,283.0,True,True,True,0.5178081999990762
2162.7,2,12,-64,-60,fino,1,BPo,997732.0,275.0,True,True,True,-75.04235760000059
2163.06,2,12,-64,-60,fino,2,OPA_SUMo,987976.0,258.0,True,True,True,-269.33992680000006
2163.42,2,12,-64,-60,fino,3,SUMo,989915.0,240.0,True,True,True,-230.72338450000075
2163.78,2,12,-64,-60,fino,4,LPo,875031.0,324.0,True,False,False,-2518.718663300001
2165.64,2,12,-64,-56,fino,0,PGAgain,1001513.0,264.0,True,True,True,0.2589041000006702
2166.0,2,12,-64,-56,fino,1,BPo,997746.0,241.0,True,True,True,-74.76353780000038
2166.36,2,12,-64,-56,fino,2,OPA_SUMo,990952.0,245.0,True,True,True,-210.07080360000003
2166.72,2,12,-64,-56,fino,3,SUMo,992951.0,249.0,True,True,True,-170.25931929999956
2167.08,2,12,-64,-56,fino,4,LPo,875000.0,254.0,True,False,True,-2519.3360500000003
2257.44,2,12,-128,0,referencia,0,PGAgain,1001457.0,258.0,True,True,True,-0.8563751000001268
2257.8,2,12,-128,0,referencia,1,BPo,992013.0,257.0,True,True,True,-188.94024589999935
2258.16,2,12,-128,0,referencia,2,OPA_SUMo,1055736.0,249.0,True,True,True,1080.147905200002
2258.52,2,12,-128,0,referencia,3,SUMo,1057742.0,308.0,True,True,False,1120.0987993999993
2258.88,2,12,-128,0,referencia,4,LPo,875000.0,247.0,True,False,True,-2519.3360500000003
2260.74,2,12,-128,-255,malla,0,PGAgain,1001496.0,246.0,True,True,True,-0.07966280000038038
2261.1,2,12,-128,-255,malla,1,BPo,991966.0,258.0,True,True,True,-189.87628379999984
2261.46,2,12,-128,-255,malla,2,OPA_SUMo,875000.0,246.0,True,False,True,-2519.3360500000003
2261.82,2,12,-128,-255,malla,3,SUMo,875000.0,247.0,True,False,True,-2519.3360500000003
2262.18,2,12,-128,-255,malla,4,LPo,875000.0,277.0,True,False,True,-2519.3360500000003
2264.04,2,12,-128,-128,malla,0,PGAgain,1001475.0,267.0,True,True,True,-0.4978924999995472
2264.4,2,12,-128,-128,malla,1,BPo,992000.0,296.0,True,True,True,-189.19915
2264.76,2,12,-128,-128,malla,2,OPA_SUMo,960845.0,266.0,True,True,True,-809.6727834999995
2265.12,2,12,-128,-128,malla,3,SUMo,962878.0,268.0,True,True,True,-769.1841653999992
2265.48,2,12,-128,-128,malla,4,LPo,875000.0,274.0,True,False,True,-2519.3360500000003
2267.34,2,12,-128,-64,malla,0,PGAgain,1001444.0,253.0,True,True,True,-1.115279200000797
2267.7,2,12,-128,-64,malla,1,BPo,991967.0,249.0,True,True,True,-189.8563681000003
2268.06,2,12,-128,-64,malla,2,OPA_SUMo,1008290.0,278.0,True,True,True,135.22760299999928
2268.42,2,12,-128,-64,malla,3,SUMo,1010344.0,243.0,True,True,True,176.13445080000102
2268.78,2,12,-128,-64,malla,4,LPo,875019.0,243.0,True,False,True,-2518.9576517
2270.64,2,12,-128,0,malla,0,PGAgain,1001506.0,281.0,True,True,True,0.1194941999994385
2271.0,2,12,-128,0,malla,1,BPo,992033.0,288.0,True,True,True,-188.5419318999997
2271.36,2,12,-128,0,malla,2,OPA_SUMo,1055740.0,261.0,True,True,True,1080.2275680000002
2271.72,2,12,-128,0,malla,3,SUMo,1057835.0,278.0,True,True,True,1121.9509595000009
2272.08,2,12,-128,0,malla,4,LPo,875000.0,281.0,True,False,True,-2519.3360500000003
2273.94,2,12,-128,64,malla,0,PGAgain,1001554.0,259.0,True,True,True,1.0754477999994747
2274.3,2,12,-128,64,malla,1,BPo,991993.0,257.0,True,True,True,-189.33855989999898
2274.66,2,12,-128,64,malla,2,OPA_SUMo,1103211.0,249.0,True,True,True,2025.6457627000004
2275.02,2,12,-128,64,malla,3,SUMo,1105215.0,277.0,True,True,True,2065.5568254999985
2275.38,2,12,-128,64,malla,4,LPo,875004.0,281.0,True,False,True,-2519.2563871999996
2277.24,2,12,-128,128,malla,0,PGAgain,1001430.0,304.0,True,True,False,-1.3940990000009963
2277.6,2,12,-128,128,malla,1,BPo,991969.0,261.0,True,True,True,-189.816536699999
2277.96,2,12,-128,128,malla,2,OPA_SUMo,1128000.0,253.0,True,False,True,2519.3360500000003
2278.32,2,12,-128,128,malla,3,SUMo,1128000.0,270.0,True,False,True,2519.3360500000003
2278.68,2,12,-128,128,malla,4,LPo,875009.0,272.0,True,False,True,-2519.1568087
2280.54,2,12,-128,255,malla,0,PGAgain,1001442.0,273.0,True,True,True,-1.1551105999998552
2280.9,2,12,-128,255,malla,1,BPo,992048.0,271.0,True,True,True,-188.2431964
2281.26,2,12,-128,255,malla,2,OPA_SUMo,1128000.0,246.0,True,False,True,2519.3360500000003
2281.62,2,12,-128,255,malla,3,SUMo,1128000.0,257.0,True,False,True,2519.3360500000003
2281.98,2,12,-128,255,malla,4,LPo,875000.0,269.0,True,False,True,-2519.3360500000003
2283.84,2,12,-128,-72,fino,0,PGAgain,1001469.0,254.0,True,True,True,-0.6173866999989857
2284.2,2,12,-128,-72,fino,1,BPo,991944.0,264.0,True,True,True,-190.3144292000008
2284.56,2,12,-128,-72,fino,2,OPA_SUMo,1002452.0,278.0,True,True,True,18.959746399999965
2284.92,2,12,-128,-72,fino,3,SUMo,1004497.0,275.0,True,True,True,59.687352899999155
2285.28,2,12,-128,-72,fino,4,LPo,875037.0,275.0,True,False,True,-2518.5991690999995
2287.14,2,12,-128,-68,fino,0,PGAgain,1001425.0,262.0,True,True,True,-1.4936775000009057
2287.5,2,12,-128,-68,fino,1,BPo,991955.0,273.0,True,True,True,-190.09535649999918
2287.86,2,12,-128,-68,fino,2,OPA_SUMo,1005476.0,270.0,True,True,True,79.18482319999998
2288.22,2,12,-128,-68,fino,3,SUMo,1007431.0,284.0,True,True,True,118.1200167000008
2288.58,2,12,-128,-68,fino,4,LPo,875000.0,275.0,True,False,True,-2519.3360500000003
2290.44,2,12,-128,-66,fino,0,PGAgain,1001533.0,284.0,True,True,True,0.657218100000308
2290.8,2,12,-128,-66,fino,1,BPo,991931.0,258.0,True,True,True,-190.5733332999992
2291.16,2,12,-128,-66,fino,2,OPA_SUMo,1006906.0,247.0,True,True,True,107.66427419999899
2291.52,2,12,-128,-66,fino,3,SUMo,1008925.0,275.0,True,True,True,147.8740724999991
2291.88,2,12,-128,-66,fino,4,LPo,875014.0,255.0,True,False,True,-2519.0572302
2293.74,2,12,-128,-64,fino,0,PGAgain,1001483.0,264.0,True,True,True,-0.3385669000010506
2294.1,2,12,-128,-64,fino,1,BPo,991875.0,258.0,True,True,True,-191.6886125
2294.46,2,12,-128,-64,fino,2,OPA_SUMo,1008423.0,241.0,True,True,True,137.87639110000003
2294.82,2,12,-128,-64,fino,3,SUMo,1010404.0,262.0,True,True,True,177.32939279999994
2295.18,2,12,-128,-64,fino,4,LPo,875000.0,279.0,True,False,True,-2519.3360500000003
2297.04,2,12,-128,-62,fino,0,PGAgain,1001451.0,265.0,True,True,True,-0.9758692999995653
2297.4,2,12,-128,-62,fino,1,BPo,991923.0,247.0,True,True,True,-190.73265889999996
2297.76,2,12,-128,-62,fino,2,OPA_SUMo,1009953.0,250.0,True,True,True,168.3474120999995
2298.12,2,12,-128,-62,fino,3,SUMo,1011923.0,267.0,True,True,True,207.58134110000006
2298.48,2,12,-128,-62,fino,4,LPo,875018.0,251.0,True,False,True,-2518.9775673999998
2300.34,2,12,-128,-60,fino,0,PGAgain,1001493.0,256.0,True,True,True,-0.13940989999896755
2300.7,2,12,-128,-60,fino,1,BPo,991954.0,249.0,True,True,True,-190.115272200001
2301.06,2,12,-128,-60,fino,2,OPA_SUMo,1011446.0,276.0,True,True,True,198.08155220000054
2301.42,2,12,-128,-60,fino,3,SUMo,1013402.0,259.0,True,True,True,237.0366614000009
2301.78,2,12,-128,-60,fino,4,LPo,875009.0,258.0,True,False,True,-2519.1568087
2303.64,2,12,-128,-56,fino,0,PGAgain,1001501.0,271.0,True,True,True,0.01991569999952906
2304.0,2,12,-128,-56,fino,1,BPo,991965.0,275.0,True,True,True,-189.89619949999937
2304.36,2,12,-128,-56,fino,2,OPA_SUMo,1014412.0,243.0,True,True,True,257.1515184000007
2304.72,2,12,-128,-56,fino,3,SUMo,1016397.0,249.0,True,True,True,296.68418290000096
2305.08,2,12,-128,-56,fino,4,LPo,875000.0,245.0,True,False,True,-2519.3360500000003
2395.44,2,12,-192,0,referencia,0,PGAgain,1001409.0,243.0,True,True,True,-1.812328700000163
2395.8,2,12,-192,0,referencia,1,BPo,986185.0,266.0,True,True,True,-305.0089455000011
2396.16,2,12,-192,0,referencia,2,OPA_SUMo,1079214.0,253.0,True,True,True,1547.728709799999
2396.52,2,12,-192,0,referencia,3,SUMo,1081201.0,261.0,True,True,True,1587.3012057000005
2396.88,2,12,-192,0,referencia,4,LPo,875012.0,296.0,True,False,True,-2519.0970616000013
2398.74,2,12,-192,-255,malla,0,PGAgain,1001436.0,246.0,True,True,True,-1.2746047999992935
2399.1,2,12,-192,-255,malla,1,BPo,986225.0,273.0,True,True,True,-304.2123174999996
2399.46,2,12,-192,-255,malla,2,OPA_SUMo,890210.0,286.0,True,True,True,-2216.4182529999994
2399.82,2,12,-192,-255,malla,3,SUMo,892211.0,268.0,True,True,True,-2176.5669373
2400.18,2,12,-192,-255,malla,4,LPo,875015.0,244.0,True,False,True,-2519.0373145000003
2402.04,2,12,-192,-128,malla,0,PGAgain,1001414.0,287.0,True,True,True,-1.7127502000002537
2402.4,2,12,-192,-128,malla,1,BPo,986225.0,261.0,True,True,True,-304.2123174999996
2402.76,2,12,-192,-128,malla,2,OPA_SUMo,984335.0,256.0,True,True,True,-341.8529904999993
2403.12,2,12,-192,-128,malla,3,SUMo,986359.0,257.0,True,True,True,-301.5436136999993
2403.48,2,12,-192,-128,malla,4,LPo,875008.0,261.0,True,False,True,-2519.1767243999993
2405.34,2,12,-192,-64,malla,0,PGAgain,1001388.0,272.0,True,True,True,-2.23055839999933
2405.7,2,12,-192,-64,malla,1,BPo,986261.0,281.0,True,True,True,-303.49535230000066
2406.06,2,12,-192,-64,malla,2,OPA_SUMo,1031786.0,276.0,True,True,True,603.1668902000011
2406.42,2,12,-192,-64,malla,3,SUMo,1033804.0,282.0,True,True,True,643.3567728000017
2406.78,2,12,-192,-64,malla,4,LPo,875052.0,280.0,True,False,True,-2518.3004336
2408.64,2,12,-192,0,malla,0,PGAgain,1001333.0,258.0,True,True,True,-3.3259219000005977
2409.0,2,12,-192,0,malla,1,BPo,986234.0,252.0,True,True,True,-304.0330761999993
2409.36,2,12,-192,0,malla,2,OPA_SUMo,1079263.0,283.0,True,True,True,1548.7045790999985
2409.72,2,12,-192,0,malla,3,SUMo,1081234.0,258.0,True,True,True,1587.9584237999986
2410.08,2,12,-192,0,malla,4,LPo,875000.0,278.0,True,False,True,-2519.3360500000003
2411.94,2,12,-192,64,malla,0,PGAgain,1001453.0,258.0,True,True,True,-0.9360379000005072
2412.3,2,12,-192,64,malla,1,BPo,986162.0,267.0,True,True,True,-305.4670065999993
2412.66,2,12,-192,64,malla,2,OPA_SUMo,1126692.0,276.0,True,False,True,2493.2863144000003
2413.02,2,12,-192,64,malla,3,SUMo,1128000.0,245.0,True,False,True,2519.3360500000003
2413.38,2,12,-192,64,malla,4,LPo,875000.0,272.0,True,False,True,-2519.3360500000003
2415.24,2,12,-192,128,malla,0,PGAgain,1001413.0,257.0,True,True,True,-1.7326658999997828
2415.6,2,12,-192,128,malla,1,BPo,986187.0,253.0,True,True,True,-304.9691140999998
2415.96,2,12,-192,128,malla,2,OPA_SUMo,1128000.0,268.0,True,False,True,2519.3360500000003
2416.32,2,12,-192,128,malla,3,SUMo,1128000.0,260.0,True,False,True,2519.3360500000003
2416.68,2,12,-192,128,malla,4,LPo,875000.0,278.0,True,False,True,-2519.3360500000003
2418.54,2,12,-192,255,malla,0,PGAgain,1001425.0,263.0,True,True,True,-1.4936775000009057
2418.9,2,12,-192,255,malla,1,BPo,986191.0,253.0,True,True,True,-304.8894512999994
2419.26,2,12,-192,255,malla,2,OPA_SUMo,1128000.0,260.0,True,False,True,2519.3360500000003
2419.62,2,12,-192,255,malla,3,SUMo,1128000.0,280.0,True,False,True,2519.3360500000003
2419.98,2,12,-192,255,malla,4,LPo,875000.0,264.0,True,False,True,-2519.3360500000003
2421.84,2,12,-192,-136,fino,0,PGAgain,1001415.0,286.0,True,True,True,-1.6928345000007246
2422.2,2,12,-192,-136,fino,1,BPo,986219.0,286.0,True,True,True,-304.331811699999
2422.56,2,12,-192,-136,fino,2,OPA_SUMo,978451.0,252.0,True,True,True,-459.0369692999996
2422.92,2,12,-192,-136,fino,3,SUMo,980449.0,285.0,True,True,True,-419.2454007000009
2423.28,2,12,-192,-136,fino,4,LPo,875040.0,282.0,True,False,True,-2518.5394220000007
2425.14,2,12,-192,-132,fino,0,PGAgain,1001483.0,258.0,True,True,True,-0.3385669000010506
2425.5,2,12,-192,-132,fino,1,BPo,986181.0,254.0,True,True,True,-305.08860829999924
2425.86,2,12,-192,-132,fino,2,OPA_SUMo,981413.0,285.0,True,True,True,-400.0466658999998
2426.22,2,12,-192,-132,fino,3,SUMo,983467.0,265.0,True,True,True,-359.13981810000035
2426.58,2,12,-192,-132,fino,4,LPo,875000.0,296.0,True,False,True,-2519.3360500000003
2428.44,2,12,-192,-130,fino,0,PGAgain,1001438.0,255.0,True,True,True,-1.2347734000002355
2428.8,2,12,-192,-130,fino,1,BPo,986192.0,251.0,True,True,True,-304.8695355999999
2429.16,2,12,-192,-130,fino,2,OPA_SUMo,982888.0,270.0,True,True,True,-370.6710083999993
2429.52,2,12,-192,-130,fino,3,SUMo,984945.0,256.0,True,True,True,-329.704413499999
2429.88,2,12,-192,-130,fino,4,LPo,875034.0,285.0,True,False,True,-2518.6589162000005
2431.74,2,12,-192,-128,fino,0,PGAgain,1001448.0,267.0,True,True,True,-1.0356164000004167
2432.1,2,12,-192,-128,fino,1,BPo,986169.0,267.0,True,True,True,-305.32759670000036
2432.46,2,12,-192,-128,fino,2,OPA_SUMo,984404.0,277.0,True,True,True,-340.47880720000006
2432.82,2,12,-192,-128,fino,3,SUMo,986396.0,279.0,True,True,True,-300.8067328000009
2433.18,2,12,-192,-128,fino,4,LPo,875052.0,248.0,True,False,True,-2518.3004336
2435.04,2,12,-192,-126,fino,0,PGAgain,1001426.0,283.0,True,True,True,-1.4737617999991126
2435.4,2,12,-192,-126,fino,1,BPo,986199.0,275.0,True,True,True,-304.7301257000009
2435.76,2,12,-192,-126,fino,2,OPA_SUMo,985919.0,248.0,True,True,True,-310.30652170000036
2436.12,2,12,-192,-126,fino,3,SUMo,987950.0,260.0,True,True,True,-269.8577349999991
2436.48,2,12,-192,-126,fino,4,LPo,875000.0,261.0,True,False,True,-2519.3360500000003
2438.34,2,12,-192,-124,fino,0,PGAgain,1001364.0,273.0,True,True,True,-2.708535199999348
2438.7,2,12,-192,-124,fino,1,BPo,986146.0,267.0,True,True,True,-305.7856578000009
2439.06,2,12,-192,-124,fino,2,OPA_SUMo,987419.0,257.0,True,True,True,-280.43297170000034
2439.42,2,12,-192,-124,fino,3,SUMo,989425.0,264.0,True,True,True,-240.4820775000009
2439.78,2,12,-192,-124,fino,4,LPo,875001.0,277.0,True,False,True,-2519.3161343000006
2441.64,2,12,-192,-120,fino,0,PGAgain,1001386.0,270.0,True,True,True,-2.270389800000652
2442.0,2,12,-192,-120,fino,1,BPo,986207.0,262.0,True,True,True,-304.57080010000016
2442.36,2,12,-192,-120,fino,2,OPA_SUMo,990398.0,263.0,True,True,True,-221.10410139999954
2442.72,2,12,-192,-120,fino,3,SUMo,992371.0,261.0,True,True,True,-181.8104253000004
2443.08,2,12,-192,-120,fino,4,LPo,875003.0,250.0,True,False,True,-2519.2763028999993
2533.44,2,12,-255,0,referencia,0,PGAgain,1001347.0,278.0,True,True,True,-3.047102100000399
2533.8,2,12,-255,0,referencia,1,BPo,980554.0,266.0,True,True,True,-417.15425220000054
2534.16,2,12,-255,0,referencia,2,OPA_SUMo,1102135.0,259.0,True,True,True,2004.2164695
2534.52,2,12,-255,0,referencia,3,SUMo,1104151.0,269.0,True,True,True,2044.3665207000015
2534.88,2,12,-255,0,referencia,4,LPo,875005.0,249.0,True,False,True,-2519.2364715000003
2536.74,2,12,-255,-255,malla,0,PGAgain,1001372.0,267.0,True,True,True,-2.5492096000008515
2537.1,2,12,-255,-255,malla,1,BPo,980478.0,258.0,True,True,True,-418.667845400001
2537.46,2,12,-255,-255,malla,2,OPA_SUMo,913232.0,255.0,True,True,True,-1757.9190076000007
2537.82,2,12,-255,-255,malla,3,SUMo,915178.0,259.0,True,True,True,-1719.1630554
2538.18,2,12,-255,-255,malla,4,LPo,875033.0,269.0,True,False,True,-2518.6788318999998
2540.04,2,12,-255,-128,malla,0,PGAgain,1001395.0,247.0,True,True,True,-2.0911485000003625
2540.4,2,12,-255,-128,malla,1,BPo,980490.0,260.0,True,True,True,-418.4288569999998
2540.76,2,12,-255,-128,malla,2,OPA_SUMo,1007273.0,273.0,True,True,True,114.9733361000005
2541.12,2,12,-255,-128,malla,3,SUMo,1009271.0,295.0,True,True,True,154.76490469999916
2541.48,2,12,-255,-128,malla,4,LPo,875003.0,247.0,True,False,True,-2519.2763028999993
2543.34,2,12,-255,-64,malla,0,PGAgain,1001407.0,271.0,True,True,True,-1.8521600999992212
2543.7,2,12,-255,-64,malla,1,BPo,980519.0,255.0,True,True,True,-417.8513016999999
2544.06,2,12,-255,-64,malla,2,OPA_SUMo,1054677.0,249.0,True,True,True,1059.0571788999982
2544.42,2,12,-255,-64,malla,3,SUMo,1056795.0,270.0,True,True,True,1101.2386315000015
2544.78,2,12,-255,-64,malla,4,LPo,875000.0,258.0,True,False,True,-2519.3360500000003
2546.64,2,12,-255,0,malla,0,PGAgain,1001430.0,270.0,True,True,True,-1.3940990000009963
2547.0,2,12,-255,0,malla,1,BPo,980543.0,276.0,True,True,True,-417.3733248999999
2547.36,2,12,-255,0,malla,2,OPA_SUMo,1102182.0,247.0,True,True,True,2005.1525074000003
2547.72,2,12,-255,0,malla,3,SUMo,1104264.0,256.0,True,True,True,2046.616994799998
2548.08,2,12,-255,0,malla,4,LPo,875000.0,272.0,True,False,True,-2519.3360500000003
2549.94,2,12,-255,64,malla,0,PGAgain,1001393.0,272.0,True,True,True,-2.1309798999994203
2550.3,2,12,-255,64,malla,1,BPo,980475.0,248.0,True,True,True,-418.72759249999956
2550.66,2,12,-255,64,malla,2,OPA_SUMo,1128000.0,247.0,True,False,True,2519.3360500000003
2551.02,2,12,-255,64,malla,3,SUMo,1128000.0,250.0,True,False,True,2519.3360500000003
2551.38,2,12,-255,64,malla,4,LPo,875000.0,244.0,True,False,True,-2519.3360500000003
2553.24,2,12,-255,128,malla,0,PGAgain,1001435.0,265.0,True,True,True,-1.2945205000010869
2553.6,2,12,-255,128,malla,1,BPo,980523.0,255.0,True,True,True,-417.7716388999995
2553.96,2,12,-255,128,malla,2,OPA_SUMo,1128000.0,253.0,True,False,True,2519.3360500000003
2554.32,2,12,-255,128,malla,3,SUMo,1128000.0,254.0,True,False,True,2519.3360500000003
2554.68,2,12,-255,128,malla,4,LPo,875000.0,252.0,True,False,True,-2519.3360500000003
2556.54,2,12,-255,255,malla,0,PGAgain,1001378.0,254.0,True,True,True,-2.4297153999991488
2556.9,2,12,-255,255,malla,1,BPo,980526.0,270.0,True,True,True,-417.71189180000096
2557.26,2,12,-255,255,malla,2,OPA_SUMo,1128000.0,250.0,True,False,True,2519.3360500000003
2557.62,2,12,-255,255,malla,3,SUMo,1128000.0,272.0,True,False,True,2519.3360500000003
2557.98,2,12,-255,255,malla,4,LPo,875000.0,256.0,True,False,True,-2519.3360500000003
2559.84,2,12,-255,-136,fino,0,PGAgain,1001347.0,269.0,True,True,True,-3.047102100000399
2560.2,2,12,-255,-136,fino,1,BPo,980563.0,273.0,True,True,True,-416.97501090000026
2560.56,2,12,-255,-136,fino,2,OPA_SUMo,1001422.0,257.0,True,True,True,-1.553424599999493
2560.92,2,12,-255,-136,fino,3,SUMo,1003326.0,256.0,True,True,True,36.366068200000434
2561.28,2,12,-255,-136,fino,4,LPo,875025.0,255.0,True,False,True,-2518.8381575000008
2563.14,2,12,-255,-132,fino,0,PGAgain,1001428.0,267.0,True,True,True,-1.4339304000000543
2563.5,2,12,-255,-132,fino,1,BPo,980514.0,247.0,True,True,True,-417.9508801999998
2563.86,2,12,-255,-132,fino,2,OPA_SUMo,1004354.0,262.0,True,True,True,56.839407800000835
2564.22,2,12,-255,-132,fino,3,SUMo,1006414.0,269.0,True,True,True,97.86574979999975
2564.58,2,12,-255,-132,fino,4,LPo,875000.0,255.0,True,False,True,-2519.3360500000003
2566.44,2,12,-255,-130,fino,0,PGAgain,1001444.0,256.0,True,True,True,-1.115279200000797
2566.8,2,12,-255,-130,fino,1,BPo,980525.0,258.0,True,True,True,-417.73180750000046
2567.16,2,12,-255,-130,fino,2,OPA_SUMo,1005879.0,279.0,True,True,True,87.21085030000039
2567.52,2,12,-255,-130,fino,3,SUMo,1007925.0,253.0,True,True,True,127.9583724999991
2567.88,2,12,-255,-130,fino,4,LPo,875003.0,272.0,True,False,True,-2519.2763028999993
2569.74,2,12,-255,-128,fino,0,PGAgain,1001408.0,276.0,True,True,True,-1.8322443999996922
2570.1,2,12,-255,-128,fino,1,BPo,980569.0,293.0,True,True,True,-416.8555167000008
2570.46,2,12,-255,-128,fino,2,OPA_SUMo,1007310.0,271.0,True,True,True,115.71021699999892
2570.82,2,12,-255,-128,fino,3,SUMo,1009312.0,282.0,True,True,True,155.58144840000026
2571.18,2,12,-255,-128,fino,4,LPo,875000.0,256.0,True,False,True,-2519.3360500000003
2573.04,2,12,-255,-126,fino,0,PGAgain,1001508.0,255.0,True,True,True,0.15932560000076076
2573.4,2,12,-255,-126,fino,1,BPo,980535.0,250.0,True,True,True,-417.53265050000067
2573.76,2,12,-255,-126,fino,2,OPA_SUMo,1008803.0,261.0,True,True,True,145.44435709999996
2574.12,2,12,-255,-126,fino,3,SUMo,1010829.0,269.0,True,True,True,185.79356529999905
2574.48,2,12,-255,-126,fino,4,LPo,875000.0,305.0,True,False,False,-2519.3360500000003
2576.34,2,12,-255,-124,fino,0,PGAgain,1001364.0,251.0,True,True,True,-2.708535199999348
2576.7,2,12,-255,-124,fino,1,BPo,980548.0,247.0,True,True,True,-417.2737464
2577.06,2,12,-255,-124,fino,2,OPA_SUMo,1010328.0,246.0,True,True,True,175.8157995999995
2577.42,2,12,-255,-124,fino,3,SUMo,1012289.0,247.0,True,True,True,214.87048729999975
2577.78,2,12,-255,-124,fino,4,LPo,875000.0,304.0,True,False,False,-2519.3360500000003
2579.64,2,12,-255,-120,fino,0,PGAgain,1001356.0,277.0,True,True,True,-2.8678608000001087
2580.0,2,12,-255,-120,fino,1,BPo,980545.0,271.0,True,True,True,-417.3334935000008
2580.36,2,12,-255,-120,fino,2,OPA_SUMo,1013294.0,252.0,True,True,True,234.88576579999966
2580.72,2,12,-255,-120,fino,3,SUMo,1015276.0,284.0,True,True,True,274.35868319999906
2581.08,2,12,-255,-120,fino,4,LPo,875000.0,291.0,True,False,True,-2519.3360500000003
