t_s,bloque,repeticion,pgaout,orden,ch,tap,media_banco_uv,pp_banco_uv,ok,valido,clavado,real_mv_vs_vref,codigos_idac
97.44,CONTROL,1,1,0-1-2-3-4,0,PGAgain,1001540.0,277.0,True,True,True,0.7966279999992755,"[12, 0, 0, 0]"
97.8,CONTROL,1,1,0-1-2-3-4,1,BPo,1003469.0,249.0,True,True,True,39.214013300001014,"[12, 0, 0, 0]"
98.16,CONTROL,1,1,0-1-2-3-4,2,OPA_SUMo,1009334.0,278.0,True,True,True,156.01959379999894,"[12, 0, 0, 0]"
98.52,CONTROL,1,1,0-1-2-3-4,3,SUMo,1011308.0,254.0,True,True,True,195.33318559999987,"[12, 0, 0, 0]"
98.88,CONTROL,1,1,0-1-2-3-4,4,LPo,875084.0,288.0,True,False,True,-2517.6631312000013,"[12, 0, 0, 0]"
99.24,CONTROL,2,1,4-3-2-1-0,4,LPo,875012.0,298.0,True,False,True,-2519.0970616000013,"[12, 0, 0, 0]"
99.6,CONTROL,2,1,4-3-2-1-0,3,SUMo,1011348.0,314.0,True,True,False,196.12981359999915,"[12, 0, 0, 0]"
99.96,CONTROL,2,1,4-3-2-1-0,2,OPA_SUMo,1009323.0,267.0,True,True,True,155.8005210999996,"[12, 0, 0, 0]"
100.32,CONTROL,2,1,4-3-2-1-0,1,BPo,1003461.0,259.0,True,True,True,39.05468770000026,"[12, 0, 0, 0]"
100.68,CONTROL,2,1,4-3-2-1-0,0,PGAgain,1001552.0,255.0,True,True,True,1.0356164000004167,"[12, 0, 0, 0]"
101.04,CONTROL,3,1,0-1-2-3-4,0,PGAgain,1001408.0,250.0,True,True,True,-1.8322443999996922,"[12, 0, 0, 0]"
101.4,CONTROL,3,1,0-1-2-3-4,1,BPo,1003491.0,273.0,True,True,True,39.65215869999971,"[12, 0, 0, 0]"
101.76,CONTROL,3,1,0-1-2-3-4,2,OPA_SUMo,1009336.0,287.0,True,True,True,156.05942520000025,"[12, 0, 0, 0]"
102.12,CONTROL,3,1,0-1-2-3-4,3,SUMo,1011278.0,269.0,True,True,True,194.73571460000042,"[12, 0, 0, 0]"
102.48,CONTROL,3,1,0-1-2-3-4,4,LPo,875000.0,247.0,True,False,True,-2519.3360500000003,"[12, 0, 0, 0]"
102.84,CONTROL,4,1,4-3-2-1-0,4,LPo,875026.0,258.0,True,False,True,-2518.818241800001,"[12, 0, 0, 0]"
103.2,CONTROL,4,1,4-3-2-1-0,3,SUMo,1011399.0,291.0,True,True,True,197.14551430000003,"[12, 0, 0, 0]"
103.56,CONTROL,4,1,4-3-2-1-0,2,OPA_SUMo,1009350.0,244.0,True,True,True,156.33824500000046,"[12, 0, 0, 0]"
103.92,CONTROL,4,1,4-3-2-1-0,1,BPo,1003510.0,280.0,True,True,True,40.030556999999824,"[12, 0, 0, 0]"
104.28,CONTROL,4,1,4-3-2-1-0,0,PGAgain,1001474.0,260.0,True,True,True,-0.5178081999990762,"[12, 0, 0, 0]"
104.64,CONTROL,5,1,0-1-2-3-4,0,PGAgain,1001572.0,261.0,True,True,True,1.4339304000000543,"[12, 0, 0, 0]"
105.0,CONTROL,5,1,0-1-2-3-4,1,BPo,1003584.0,269.0,True,True,True,41.504318799998934,"[12, 0, 0, 0]"
105.36,CONTROL,5,1,0-1-2-3-4,2,OPA_SUMo,1009323.0,256.0,True,True,True,155.8005210999996,"[12, 0, 0, 0]"
105.72,CONTROL,5,1,0-1-2-3-4,3,SUMo,1011315.0,264.0,True,True,True,195.4725955000011,"[12, 0, 0, 0]"
106.08,CONTROL,5,1,0-1-2-3-4,4,LPo,875000.0,281.0,True,False,True,-2519.3360500000003,"[12, 0, 0, 0]"
106.44,CONTROL,6,1,4-3-2-1-0,4,LPo,875062.0,268.0,True,False,True,-2518.1012766,"[12, 0, 0, 0]"
106.8,CONTROL,6,1,4-3-2-1-0,3,SUMo,1011328.0,260.0,True,True,True,195.7314995999995,"[12, 0, 0, 0]"
107.16,CONTROL,6,1,4-3-2-1-0,2,OPA_SUMo,1009334.0,289.0,True,True,True,156.01959379999894,"[12, 0, 0, 0]"
107.52,CONTROL,6,1,4-3-2-1-0,1,BPo,1003459.0,281.0,True,True,True,39.01485629999893,"[12, 0, 0, 0]"
107.88,CONTROL,6,1,4-3-2-1-0,0,PGAgain,1001502.0,275.0,True,True,True,0.03983139999905812,"[12, 0, 0, 0]"
108.24,CONTROL,7,1,0-1-2-3-4,0,PGAgain,1001497.0,252.0,True,True,True,-0.05974710000085132,"[12, 0, 0, 0]"
108.6,CONTROL,7,1,0-1-2-3-4,1,BPo,1003528.0,244.0,True,True,True,40.3890396000004,"[12, 0, 0, 0]"
108.96,CONTROL,7,1,0-1-2-3-4,2,OPA_SUMo,1009341.0,275.0,True,True,True,156.15900370000017,"[12, 0, 0, 0]"
109.32,CONTROL,7,1,0-1-2-3-4,3,SUMo,1011266.0,280.0,True,True,True,194.49672619999927,"[12, 0, 0, 0]"
109.68,CONTROL,7,1,0-1-2-3-4,4,LPo,875000.0,276.0,True,False,True,-2519.3360500000003,"[12, 0, 0, 0]"
110.04,CONTROL,8,1,4-3-2-1-0,4,LPo,875000.0,257.0,True,False,True,-2519.3360500000003,"[12, 0, 0, 0]"
110.4,CONTROL,8,1,4-3-2-1-0,3,SUMo,1011368.0,246.0,True,True,True,196.52812760000106,"[12, 0, 0, 0]"
110.76,CONTROL,8,1,4-3-2-1-0,2,OPA_SUMo,1009380.0,263.0,True,True,True,156.93571599999993,"[12, 0, 0, 0]"
111.12,CONTROL,8,1,4-3-2-1-0,1,BPo,1003483.0,271.0,True,True,True,39.492833099998954,"[12, 0, 0, 0]"
111.48,CONTROL,8,1,4-3-2-1-0,0,PGAgain,1001519.0,267.0,True,True,True,0.3783983000001087,"[12, 0, 0, 0]"
111.84,CONTROL,9,1,0-1-2-3-4,0,PGAgain,1001550.0,267.0,True,True,True,0.9957849999990944,"[12, 0, 0, 0]"
112.2,CONTROL,9,1,0-1-2-3-4,1,BPo,1003408.0,268.0,True,True,True,37.99915560000031,"[12, 0, 0, 0]"
112.56,CONTROL,9,1,0-1-2-3-4,2,OPA_SUMo,1009283.0,255.0,True,True,True,155.0038931000003,"[12, 0, 0, 0]"
112.92,CONTROL,9,1,0-1-2-3-4,3,SUMo,1011337.0,269.0,True,True,True,195.91074089999978,"[12, 0, 0, 0]"
113.28,CONTROL,9,1,0-1-2-3-4,4,LPo,875018.0,281.0,True,False,True,-2518.9775673999998,"[12, 0, 0, 0]"
113.64,CONTROL,10,1,4-3-2-1-0,4,LPo,875012.0,243.0,True,False,True,-2519.0970616000013,"[12, 0, 0, 0]"
114.0,CONTROL,10,1,4-3-2-1-0,3,SUMo,1011280.0,254.0,True,True,True,194.77554599999948,"[12, 0, 0, 0]"
114.36,CONTROL,10,1,4-3-2-1-0,2,OPA_SUMo,1009319.0,280.0,True,True,True,155.7208582999992,"[12, 0, 0, 0]"
114.72,CONTROL,10,1,4-3-2-1-0,1,BPo,1003453.0,302.0,True,True,False,38.895362099999495,"[12, 0, 0, 0]"
115.08,CONTROL,10,1,4-3-2-1-0,0,PGAgain,1001507.0,260.0,True,True,True,0.13940989999896755,"[12, 0, 0, 0]"
115.44,CONTROL,11,1,0-1-2-3-4,0,PGAgain,1001518.0,280.0,True,True,True,0.35848260000057963,"[12, 0, 0, 0]"
115.8,CONTROL,11,1,0-1-2-3-4,1,BPo,1003458.0,242.0,True,True,True,38.9949405999994,"[12, 0, 0, 0]"
116.16,CONTROL,11,1,0-1-2-3-4,2,OPA_SUMo,1009354.0,275.0,True,True,True,156.41790780000085,"[12, 0, 0, 0]"
116.52,CONTROL,11,1,0-1-2-3-4,3,SUMo,1011271.0,262.0,True,True,True,194.59630469999917,"[12, 0, 0, 0]"
116.88,CONTROL,11,1,0-1-2-3-4,4,LPo,875000.0,266.0,True,False,True,-2519.3360500000003,"[12, 0, 0, 0]"
117.24,CONTROL,12,1,4-3-2-1-0,4,LPo,875062.0,248.0,True,False,True,-2518.1012766,"[12, 0, 0, 0]"
117.6,CONTROL,12,1,4-3-2-1-0,3,SUMo,1011246.0,250.0,True,True,True,194.09841219999964,"[12, 0, 0, 0]"
117.96,CONTROL,12,1,4-3-2-1-0,2,OPA_SUMo,1009319.0,286.0,True,True,True,155.7208582999992,"[12, 0, 0, 0]"
118.32,CONTROL,12,1,4-3-2-1-0,1,BPo,1003459.0,256.0,True,True,True,39.01485629999893,"[12, 0, 0, 0]"
118.68,CONTROL,12,1,4-3-2-1-0,0,PGAgain,1001528.0,267.0,True,True,True,0.5576396000003985,"[12, 0, 0, 0]"
119.04,CONTROL,13,1,0-1-2-3-4,0,PGAgain,1001492.0,310.0,True,True,False,-0.15932560000076076,"[12, 0, 0, 0]"
119.4,CONTROL,13,1,0-1-2-3-4,1,BPo,1003454.0,271.0,True,True,True,38.915277799999025,"[12, 0, 0, 0]"
119.76,CONTROL,13,1,0-1-2-3-4,2,OPA_SUMo,1009308.0,250.0,True,True,True,155.50178559999986,"[12, 0, 0, 0]"
120.12,CONTROL,13,1,0-1-2-3-4,3,SUMo,1011300.0,250.0,True,True,True,195.1738599999991,"[12, 0, 0, 0]"
120.48,CONTROL,13,1,0-1-2-3-4,4,LPo,875000.0,264.0,True,False,True,-2519.3360500000003,"[12, 0, 0, 0]"
120.84,CONTROL,14,1,4-3-2-1-0,4,LPo,875006.0,288.0,True,False,True,-2519.2165558000006,"[12, 0, 0, 0]"
121.2,CONTROL,14,1,4-3-2-1-0,3,SUMo,1011275.0,260.0,True,True,True,194.67596749999956,"[12, 0, 0, 0]"
121.56,CONTROL,14,1,4-3-2-1-0,2,OPA_SUMo,1009291.0,271.0,True,True,True,155.16321870000107,"[12, 0, 0, 0]"
121.92,CONTROL,14,1,4-3-2-1-0,1,BPo,1003417.0,279.0,True,True,True,38.1783969000006,"[12, 0, 0, 0]"
122.28,CONTROL,14,1,4-3-2-1-0,0,PGAgain,1001463.0,272.0,True,True,True,-0.7368809000006883,"[12, 0, 0, 0]"
122.64,CONTROL,15,1,0-1-2-3-4,0,PGAgain,1001547.0,249.0,True,True,True,0.9360379000005072,"[12, 0, 0, 0]"
123.0,CONTROL,15,1,0-1-2-3-4,1,BPo,1003569.0,263.0,True,True,True,41.205583299999205,"[12, 0, 0, 0]"
123.36,CONTROL,15,1,0-1-2-3-4,2,OPA_SUMo,1009309.0,271.0,True,True,True,155.5217012999994,"[12, 0, 0, 0]"
123.72,CONTROL,15,1,0-1-2-3-4,3,SUMo,1011294.0,264.0,True,True,True,195.05436579999966,"[12, 0, 0, 0]"
124.08,CONTROL,15,1,0-1-2-3-4,4,LPo,875034.0,277.0,True,False,True,-2518.6589162000005,"[12, 0, 0, 0]"
124.44,CONTROL,16,1,4-3-2-1-0,4,LPo,875000.0,280.0,True,False,True,-2519.3360500000003,"[12, 0, 0, 0]"
124.8,CONTROL,16,1,4-3-2-1-0,3,SUMo,1011275.0,265.0,True,True,True,194.67596749999956,"[12, 0, 0, 0]"
125.16,CONTROL,16,1,4-3-2-1-0,2,OPA_SUMo,1009263.0,267.0,True,True,True,154.60557910000068,"[12, 0, 0, 0]"
125.52,CONTROL,16,1,4-3-2-1-0,1,BPo,1003507.0,260.0,True,True,True,39.97080989999897,"[12, 0, 0, 0]"
125.88,CONTROL,16,1,4-3-2-1-0,0,PGAgain,1001564.0,257.0,True,True,True,1.2746047999992935,"[12, 0, 0, 0]"
126.24,CONTROL,17,1,0-1-2-3-4,0,PGAgain,1001446.0,242.0,True,True,True,-1.0754477999994747,"[12, 0, 0, 0]"
126.6,CONTROL,17,1,0-1-2-3-4,1,BPo,1003453.0,244.0,True,True,True,38.895362099999495,"[12, 0, 0, 0]"
126.96,CONTROL,17,1,0-1-2-3-4,2,OPA_SUMo,1009239.0,293.0,True,True,True,154.12760230000066,"[12, 0, 0, 0]"
127.32,CONTROL,17,1,0-1-2-3-4,3,SUMo,1011291.0,252.0,True,True,True,194.99461870000107,"[12, 0, 0, 0]"
127.68,CONTROL,17,1,0-1-2-3-4,4,LPo,875045.0,255.0,True,False,True,-2518.4398435000007,"[12, 0, 0, 0]"
128.04,CONTROL,18,1,4-3-2-1-0,4,LPo,875000.0,243.0,True,False,True,-2519.3360500000003,"[12, 0, 0, 0]"
128.4,CONTROL,18,1,4-3-2-1-0,3,SUMo,1011192.0,245.0,True,True,True,193.02296440000015,"[12, 0, 0, 0]"
128.76,CONTROL,18,1,4-3-2-1-0,2,OPA_SUMo,1009203.0,261.0,True,True,True,153.4106370999995,"[12, 0, 0, 0]"
129.12,CONTROL,18,1,4-3-2-1-0,1,BPo,1003470.0,269.0,True,True,True,39.23392900000054,"[12, 0, 0, 0]"
129.48,CONTROL,18,1,4-3-2-1-0,0,PGAgain,1001456.0,264.0,True,True,True,-0.8762907999996559,"[12, 0, 0, 0]"
129.84,CONTROL,19,1,0-1-2-3-4,0,PGAgain,1001524.0,266.0,True,True,True,0.47797680000001813,"[12, 0, 0, 0]"
130.2,CONTROL,19,1,0-1-2-3-4,1,BPo,1003501.0,293.0,True,True,True,39.85131569999953,"[12, 0, 0, 0]"
130.56,CONTROL,19,1,0-1-2-3-4,2,OPA_SUMo,1009221.0,265.0,True,True,True,153.7691197000001,"[12, 0, 0, 0]"
130.92,CONTROL,19,1,0-1-2-3-4,3,SUMo,1011203.0,257.0,True,True,True,193.2420370999995,"[12, 0, 0, 0]"
131.28,CONTROL,19,1,0-1-2-3-4,4,LPo,875061.0,249.0,True,False,True,-2518.1211922999996,"[12, 0, 0, 0]"
131.64,CONTROL,20,1,4-3-2-1-0,4,LPo,875044.0,261.0,True,False,True,-2518.4597592000005,"[12, 0, 0, 0]"
132.0,CONTROL,20,1,4-3-2-1-0,3,SUMo,1011281.0,248.0,True,True,True,194.795461699999,"[12, 0, 0, 0]"
132.36,CONTROL,20,1,4-3-2-1-0,2,OPA_SUMo,1009294.0,263.0,True,True,True,155.22296579999966,"[12, 0, 0, 0]"
132.72,CONTROL,20,1,4-3-2-1-0,1,BPo,1003434.0,254.0,True,True,True,38.51696379999939,"[12, 0, 0, 0]"
133.08,CONTROL,20,1,4-3-2-1-0,0,PGAgain,1001492.0,252.0,True,True,True,-0.15932560000076076,"[12, 0, 0, 0]"
133.44,CONTROL,21,1,0-1-2-3-4,0,PGAgain,1001584.0,249.0,True,True,True,1.6729187999989314,"[12, 0, 0, 0]"
133.8,CONTROL,21,1,0-1-2-3-4,1,BPo,1003467.0,274.0,True,True,True,39.174181899999695,"[12, 0, 0, 0]"
134.16,CONTROL,21,1,0-1-2-3-4,2,OPA_SUMo,1009322.0,272.0,True,True,True,155.78060540000007,"[12, 0, 0, 0]"
134.52,CONTROL,21,1,0-1-2-3-4,3,SUMo,1011254.0,263.0,True,True,True,194.2577378000004,"[12, 0, 0, 0]"
134.88,CONTROL,21,1,0-1-2-3-4,4,LPo,875000.0,246.0,True,False,True,-2519.3360500000003,"[12, 0, 0, 0]"
135.24,CONTROL,22,1,4-3-2-1-0,4,LPo,875006.0,269.0,True,False,True,-2519.2165558000006,"[12, 0, 0, 0]"
135.6,CONTROL,22,1,4-3-2-1-0,3,SUMo,1011188.0,266.0,True,True,True,192.94330159999978,"[12, 0, 0, 0]"
135.96,CONTROL,22,1,4-3-2-1-0,2,OPA_SUMo,1009173.0,271.0,True,True,True,152.81316610000005,"[12, 0, 0, 0]"
136.32,CONTROL,22,1,4-3-2-1-0,1,BPo,1003523.0,259.0,True,True,True,40.289461100000494,"[12, 0, 0, 0]"
136.68,CONTROL,22,1,4-3-2-1-0,0,PGAgain,1001572.0,263.0,True,True,True,1.4339304000000543,"[12, 0, 0, 0]"
137.04,CONTROL,23,1,0-1-2-3-4,0,PGAgain,1001554.0,260.0,True,True,True,1.0754477999994747,"[12, 0, 0, 0]"
137.4,CONTROL,23,1,0-1-2-3-4,1,BPo,1003540.0,253.0,True,True,True,40.628027999999276,"[12, 0, 0, 0]"
137.76,CONTROL,23,1,0-1-2-3-4,2,OPA_SUMo,1009202.0,242.0,True,True,True,153.39072139999996,"[12, 0, 0, 0]"
138.12,CONTROL,23,1,0-1-2-3-4,3,SUMo,1011232.0,273.0,True,True,True,193.81959239999944,"[12, 0, 0, 0]"
138.48,CONTROL,23,1,0-1-2-3-4,4,LPo,875000.0,262.0,True,False,True,-2519.3360500000003,"[12, 0, 0, 0]"
138.84,CONTROL,24,1,4-3-2-1-0,4,LPo,875059.0,256.0,True,False,True,-2518.161023700001,"[12, 0, 0, 0]"
139.2,CONTROL,24,1,4-3-2-1-0,3,SUMo,1011271.0,249.0,True,True,True,194.59630469999917,"[12, 0, 0, 0]"
139.56,CONTROL,24,1,4-3-2-1-0,2,OPA_SUMo,1009246.0,258.0,True,True,True,154.26701219999964,"[12, 0, 0, 0]"
139.92,CONTROL,24,1,4-3-2-1-0,1,BPo,1003488.0,258.0,True,True,True,39.59241160000113,"[12, 0, 0, 0]"
140.28,CONTROL,24,1,4-3-2-1-0,0,PGAgain,1001536.0,262.0,True,True,True,0.7169651999988952,"[12, 0, 0, 0]"
140.64,CONTROL,25,1,0-1-2-3-4,0,PGAgain,1001535.0,262.0,True,True,True,0.697049499999366,"[12, 0, 0, 0]"
141.0,CONTROL,25,1,0-1-2-3-4,1,BPo,1003539.0,253.0,True,True,True,40.608112299999746,"[12, 0, 0, 0]"
141.36,CONTROL,25,1,0-1-2-3-4,2,OPA_SUMo,1009205.0,253.0,True,True,True,153.45046850000082,"[12, 0, 0, 0]"
141.72,CONTROL,25,1,0-1-2-3-4,3,SUMo,1011245.0,261.0,True,True,True,194.0784965000001,"[12, 0, 0, 0]"
142.08,CONTROL,25,1,0-1-2-3-4,4,LPo,875026.0,259.0,True,False,True,-2518.818241800001,"[12, 0, 0, 0]"
142.44,CONTROL,26,1,4-3-2-1-0,4,LPo,875029.0,265.0,True,False,True,-2518.7584947,"[12, 0, 0, 0]"
142.8,CONTROL,26,1,4-3-2-1-0,3,SUMo,1011251.0,282.0,True,True,True,194.19799069999954,"[12, 0, 0, 0]"
143.16,CONTROL,26,1,4-3-2-1-0,2,OPA_SUMo,1009209.0,271.0,True,True,True,153.53013129999894,"[12, 0, 0, 0]"
143.52,CONTROL,26,1,4-3-2-1-0,1,BPo,1003554.0,269.0,True,True,True,40.906847799999476,"[12, 0, 0, 0]"
143.88,CONTROL,26,1,4-3-2-1-0,0,PGAgain,1001593.0,252.0,True,True,True,1.8521600999992212,"[12, 0, 0, 0]"
144.24,CONTROL,27,1,0-1-2-3-4,0,PGAgain,1001514.0,260.0,True,True,True,0.27881980000019924,"[12, 0, 0, 0]"
144.6,CONTROL,27,1,0-1-2-3-4,1,BPo,1003506.0,263.0,True,True,True,39.95089419999944,"[12, 0, 0, 0]"
144.96,CONTROL,27,1,0-1-2-3-4,2,OPA_SUMo,1009225.0,247.0,True,True,True,153.84878250000045,"[12, 0, 0, 0]"
145.32,CONTROL,27,1,0-1-2-3-4,3,SUMo,1011249.0,257.0,True,True,True,194.15815930000048,"[12, 0, 0, 0]"
145.68,CONTROL,27,1,0-1-2-3-4,4,LPo,875007.0,252.0,True,False,True,-2519.1966401000013,"[12, 0, 0, 0]"
146.04,CONTROL,28,1,4-3-2-1-0,4,LPo,875002.0,266.0,True,False,True,-2519.296218600001,"[12, 0, 0, 0]"
146.4,CONTROL,28,1,4-3-2-1-0,3,SUMo,1011222.0,277.0,True,True,True,193.62043539999962,"[12, 0, 0, 0]"
146.76,CONTROL,28,1,4-3-2-1-0,2,OPA_SUMo,1009232.0,260.0,True,True,True,153.98819239999943,"[12, 0, 0, 0]"
147.12,CONTROL,28,1,4-3-2-1-0,1,BPo,1003537.0,257.0,True,True,True,40.56828090000069,"[12, 0, 0, 0]"
147.48,CONTROL,28,1,4-3-2-1-0,0,PGAgain,1001504.0,244.0,True,True,True,0.07966280000038038,"[12, 0, 0, 0]"
147.84,CONTROL,29,1,0-1-2-3-4,0,PGAgain,1001544.0,259.0,True,True,True,0.8762907999996559,"[12, 0, 0, 0]"
148.2,CONTROL,29,1,0-1-2-3-4,1,BPo,1003514.0,255.0,True,True,True,40.1102198000002,"[12, 0, 0, 0]"
148.56,CONTROL,29,1,0-1-2-3-4,2,OPA_SUMo,1009176.0,262.0,True,True,True,152.8729132000009,"[12, 0, 0, 0]"
148.92,CONTROL,29,1,0-1-2-3-4,3,SUMo,1011193.0,264.0,True,True,True,193.04288009999968,"[12, 0, 0, 0]"
149.28,CONTROL,29,1,0-1-2-3-4,4,LPo,875000.0,259.0,True,False,True,-2519.3360500000003,"[12, 0, 0, 0]"
149.64,CONTROL,30,1,4-3-2-1-0,4,LPo,875000.0,259.0,True,False,True,-2519.3360500000003,"[12, 0, 0, 0]"
150.0,CONTROL,30,1,4-3-2-1-0,3,SUMo,1011188.0,254.0,True,True,True,192.94330159999978,"[12, 0, 0, 0]"
150.36,CONTROL,30,1,4-3-2-1-0,2,OPA_SUMo,1009199.0,248.0,True,True,True,153.33097429999913,"[12, 0, 0, 0]"
150.72,CONTROL,30,1,4-3-2-1-0,1,BPo,1003487.0,262.0,True,True,True,39.57249589999933,"[12, 0, 0, 0]"
151.08,CONTROL,30,1,4-3-2-1-0,0,PGAgain,1001596.0,269.0,True,True,True,1.9119072000000725,"[12, 0, 0, 0]"
151.44,CONTROL,31,1,0-1-2-3-4,0,PGAgain,1001566.0,254.0,True,True,True,1.314436200000616,"[12, 0, 0, 0]"
151.8,CONTROL,31,1,0-1-2-3-4,1,BPo,1003512.0,278.0,True,True,True,40.070388399998876,"[12, 0, 0, 0]"
152.16,CONTROL,31,1,0-1-2-3-4,2,OPA_SUMo,1009210.0,277.0,True,True,True,153.55004700000075,"[12, 0, 0, 0]"
152.52,CONTROL,31,1,0-1-2-3-4,3,SUMo,1011127.0,242.0,True,True,True,191.72844389999906,"[12, 0, 0, 0]"
152.88,CONTROL,31,1,0-1-2-3-4,4,LPo,875008.0,272.0,True,False,True,-2519.1767243999993,"[12, 0, 0, 0]"
153.24,CONTROL,32,1,4-3-2-1-0,4,LPo,875000.0,281.0,True,False,True,-2519.3360500000003,"[12, 0, 0, 0]"
153.6,CONTROL,32,1,4-3-2-1-0,3,SUMo,1011219.0,277.0,True,True,True,193.56068830000103,"[12, 0, 0, 0]"
153.96,CONTROL,32,1,4-3-2-1-0,2,OPA_SUMo,1009191.0,265.0,True,True,True,153.17164870000062,"[12, 0, 0, 0]"
154.32,CONTROL,32,1,4-3-2-1-0,1,BPo,1003479.0,254.0,True,True,True,39.413170300000836,"[12, 0, 0, 0]"
154.68,CONTROL,32,1,4-3-2-1-0,0,PGAgain,1001570.0,256.0,True,True,True,1.3940990000009963,"[12, 0, 0, 0]"
155.04,CONTROL,33,1,0-1-2-3-4,0,PGAgain,1001502.0,274.0,True,True,True,0.03983139999905812,"[12, 0, 0, 0]"
155.4,CONTROL,33,1,0-1-2-3-4,1,BPo,1003499.0,274.0,True,True,True,39.81148430000047,"[12, 0, 0, 0]"
155.76,CONTROL,33,1,0-1-2-3-4,2,OPA_SUMo,1009191.0,264.0,True,True,True,153.17164870000062,"[12, 0, 0, 0]"
156.12,CONTROL,33,1,0-1-2-3-4,3,SUMo,1011245.0,245.0,True,True,True,194.0784965000001,"[12, 0, 0, 0]"
156.48,CONTROL,33,1,0-1-2-3-4,4,LPo,875000.0,271.0,True,False,True,-2519.3360500000003,"[12, 0, 0, 0]"
156.84,CONTROL,34,1,4-3-2-1-0,4,LPo,875031.0,272.0,True,False,True,-2518.718663300001,"[12, 0, 0, 0]"
157.2,CONTROL,34,1,4-3-2-1-0,3,SUMo,1011202.0,263.0,True,True,True,193.22212139999996,"[12, 0, 0, 0]"
157.56,CONTROL,34,1,4-3-2-1-0,2,OPA_SUMo,1009214.0,284.0,True,True,True,153.6297098000011,"[12, 0, 0, 0]"
157.92,CONTROL,34,1,4-3-2-1-0,1,BPo,1003479.0,251.0,True,True,True,39.413170300000836,"[12, 0, 0, 0]"
158.28,CONTROL,34,1,4-3-2-1-0,0,PGAgain,1001532.0,312.0,True,True,False,0.6373024000007789,"[12, 0, 0, 0]"
158.64,CONTROL,35,1,0-1-2-3-4,0,PGAgain,1001439.0,262.0,True,True,True,-1.2148577000007066,"[12, 0, 0, 0]"
159.0,CONTROL,35,1,0-1-2-3-4,1,BPo,1003476.0,284.0,True,True,True,39.35342319999999,"[12, 0, 0, 0]"
159.36,CONTROL,35,1,0-1-2-3-4,2,OPA_SUMo,1009172.0,280.0,True,True,True,152.79325040000052,"[12, 0, 0, 0]"
159.72,CONTROL,35,1,0-1-2-3-4,3,SUMo,1011183.0,250.0,True,True,True,192.84372309999986,"[12, 0, 0, 0]"
160.08,CONTROL,35,1,0-1-2-3-4,4,LPo,875004.0,253.0,True,False,True,-2519.2563871999996,"[12, 0, 0, 0]"
160.44,CONTROL,36,1,4-3-2-1-0,4,LPo,875041.0,283.0,True,False,True,-2518.519506299999,"[12, 0, 0, 0]"
160.8,CONTROL,36,1,4-3-2-1-0,3,SUMo,1011117.0,259.0,True,True,True,191.52928689999925,"[12, 0, 0, 0]"
161.16,CONTROL,36,1,4-3-2-1-0,2,OPA_SUMo,1009222.0,253.0,True,True,True,153.78903539999962,"[12, 0, 0, 0]"
161.52,CONTROL,36,1,4-3-2-1-0,1,BPo,1003472.0,262.0,True,True,True,39.2737603999996,"[12, 0, 0, 0]"
161.88,CONTROL,36,1,4-3-2-1-0,0,PGAgain,1001566.0,286.0,True,True,True,1.314436200000616,"[12, 0, 0, 0]"
162.24,CONTROL,37,1,0-1-2-3-4,0,PGAgain,1001539.0,263.0,True,True,True,0.7767122999997464,"[12, 0, 0, 0]"
162.6,CONTROL,37,1,0-1-2-3-4,1,BPo,1003481.0,287.0,True,True,True,39.453001699999895,"[12, 0, 0, 0]"
162.96,CONTROL,37,1,0-1-2-3-4,2,OPA_SUMo,1009136.0,275.0,True,True,True,152.07628519999935,"[12, 0, 0, 0]"
163.32,CONTROL,37,1,0-1-2-3-4,3,SUMo,1011189.0,282.0,True,True,True,192.96321729999931,"[12, 0, 0, 0]"
163.68,CONTROL,37,1,0-1-2-3-4,4,LPo,875007.0,272.0,True,False,True,-2519.1966401000013,"[12, 0, 0, 0]"
164.04,CONTROL,38,1,4-3-2-1-0,4,LPo,875000.0,309.0,True,False,False,-2519.3360500000003,"[12, 0, 0, 0]"
164.4,CONTROL,38,1,4-3-2-1-0,3,SUMo,1011163.0,259.0,True,True,True,192.44540910000023,"[12, 0, 0, 0]"
164.76,CONTROL,38,1,4-3-2-1-0,2,OPA_SUMo,1009154.0,272.0,True,True,True,152.43476779999995,"[12, 0, 0, 0]"
165.12,CONTROL,38,1,4-3-2-1-0,1,BPo,1003423.0,288.0,True,True,True,38.29789110000004,"[12, 0, 0, 0]"
165.48,CONTROL,38,1,4-3-2-1-0,0,PGAgain,1001558.0,255.0,True,True,True,1.1551105999998552,"[12, 0, 0, 0]"
165.84,CONTROL,39,1,0-1-2-3-4,0,PGAgain,1001541.0,246.0,True,True,True,0.8165437000010687,"[12, 0, 0, 0]"
166.2,CONTROL,39,1,0-1-2-3-4,1,BPo,1003504.0,244.0,True,True,True,39.91106280000038,"[12, 0, 0, 0]"
166.56,CONTROL,39,1,0-1-2-3-4,2,OPA_SUMo,1009167.0,281.0,True,True,True,152.6936719000006,"[12, 0, 0, 0]"
166.92,CONTROL,39,1,0-1-2-3-4,3,SUMo,1011170.0,262.0,True,True,True,192.5848189999992,"[12, 0, 0, 0]"
167.28,CONTROL,39,1,0-1-2-3-4,4,LPo,875000.0,259.0,True,False,True,-2519.3360500000003,"[12, 0, 0, 0]"
167.64,CONTROL,40,1,4-3-2-1-0,4,LPo,875000.0,250.0,True,False,True,-2519.3360500000003,"[12, 0, 0, 0]"
168.0,CONTROL,40,1,4-3-2-1-0,3,SUMo,1011213.0,259.0,True,True,True,193.44119409999934,"[12, 0, 0, 0]"
168.36,CONTROL,40,1,4-3-2-1-0,2,OPA_SUMo,1009215.0,267.0,True,True,True,153.64962550000064,"[12, 0, 0, 0]"
168.72,CONTROL,40,1,4-3-2-1-0,1,BPo,1003538.0,243.0,True,True,True,40.58819660000022,"[12, 0, 0, 0]"
169.08,CONTROL,40,1,4-3-2-1-0,0,PGAgain,1001540.0,275.0,True,True,True,0.7966279999992755,"[12, 0, 0, 0]"
169.44,CONTROL,41,1,0-1-2-3-4,0,PGAgain,1001598.0,259.0,True,True,True,1.9517385999991306,"[12, 0, 0, 0]"
169.8,CONTROL,41,1,0-1-2-3-4,1,BPo,1003477.0,273.0,True,True,True,39.37333889999951,"[12, 0, 0, 0]"
170.16,CONTROL,41,1,0-1-2-3-4,2,OPA_SUMo,1009124.0,279.0,True,True,True,151.83729680000047,"[12, 0, 0, 0]"
170.52,CONTROL,41,1,0-1-2-3-4,3,SUMo,1011176.0,255.0,True,True,True,192.7043132000009,"[12, 0, 0, 0]"
170.88,CONTROL,41,1,0-1-2-3-4,4,LPo,875000.0,276.0,True,False,True,-2519.3360500000003,"[12, 0, 0, 0]"
171.24,CONTROL,42,1,4-3-2-1-0,4,LPo,875005.0,269.0,True,False,True,-2519.2364715000003,"[12, 0, 0, 0]"
171.6,CONTROL,42,1,4-3-2-1-0,3,SUMo,1011097.0,253.0,True,True,True,191.13097289999962,"[12, 0, 0, 0]"
171.96,CONTROL,42,1,4-3-2-1-0,2,OPA_SUMo,1009195.0,257.0,True,True,True,153.251311500001,"[12, 0, 0, 0]"
172.32,CONTROL,42,1,4-3-2-1-0,1,BPo,1003501.0,281.0,True,True,True,39.85131569999953,"[12, 0, 0, 0]"
172.68,CONTROL,42,1,4-3-2-1-0,0,PGAgain,1001555.0,289.0,True,True,True,1.0953634999990038,"[12, 0, 0, 0]"
173.04,CONTROL,43,1,0-1-2-3-4,0,PGAgain,1001527.0,257.0,True,True,True,0.5377239000008694,"[12, 0, 0, 0]"
173.4,CONTROL,43,1,0-1-2-3-4,1,BPo,1003452.0,288.0,True,True,True,38.875446399999966,"[12, 0, 0, 0]"
173.76,CONTROL,43,1,0-1-2-3-4,2,OPA_SUMo,1009186.0,246.0,True,True,True,153.07207020000072,"[12, 0, 0, 0]"
174.12,CONTROL,43,1,0-1-2-3-4,3,SUMo,1011175.0,244.0,True,True,True,192.6843974999991,"[12, 0, 0, 0]"
174.48,CONTROL,43,1,0-1-2-3-4,4,LPo,875000.0,270.0,True,False,True,-2519.3360500000003,"[12, 0, 0, 0]"
174.84,CONTROL,44,1,4-3-2-1-0,4,LPo,875004.0,262.0,True,False,True,-2519.2563871999996,"[12, 0, 0, 0]"
175.2,CONTROL,44,1,4-3-2-1-0,3,SUMo,1011143.0,249.0,True,True,True,192.0470951000006,"[12, 0, 0, 0]"
175.56,CONTROL,44,1,4-3-2-1-0,2,OPA_SUMo,1009111.0,266.0,True,True,True,151.5783926999998,"[12, 0, 0, 0]"
175.92,CONTROL,44,1,4-3-2-1-0,1,BPo,1003529.0,258.0,True,True,True,40.40895529999993,"[12, 0, 0, 0]"
176.28,CONTROL,44,1,4-3-2-1-0,0,PGAgain,1001495.0,277.0,True,True,True,-0.09957849999990943,"[12, 0, 0, 0]"
176.64,CONTROL,45,1,0-1-2-3-4,0,PGAgain,1001488.0,251.0,True,True,True,-0.238988399998877,"[12, 0, 0, 0]"
177.0,CONTROL,45,1,0-1-2-3-4,1,BPo,1003558.0,261.0,True,True,True,40.98651059999986,"[12, 0, 0, 0]"
177.36,CONTROL,45,1,0-1-2-3-4,2,OPA_SUMo,1009164.0,284.0,True,True,True,152.63392479999976,"[12, 0, 0, 0]"
177.72,CONTROL,45,1,0-1-2-3-4,3,SUMo,1011206.0,262.0,True,True,True,193.30178420000036,"[12, 0, 0, 0]"
178.08,CONTROL,45,1,0-1-2-3-4,4,LPo,875056.0,272.0,True,False,True,-2518.220770799999,"[12, 0, 0, 0]"
178.44,CONTROL,46,1,4-3-2-1-0,4,LPo,875013.0,254.0,True,False,True,-2519.0771458999993,"[12, 0, 0, 0]"
178.8,CONTROL,46,1,4-3-2-1-0,3,SUMo,1011147.0,261.0,True,True,True,192.12675790000097,"[12, 0, 0, 0]"
179.16,CONTROL,46,1,4-3-2-1-0,2,OPA_SUMo,1009133.0,253.0,True,True,True,152.01653810000076,"[12, 0, 0, 0]"
179.52,CONTROL,46,1,4-3-2-1-0,1,BPo,1003518.0,300.0,True,True,False,40.18988260000058,"[12, 0, 0, 0]"
179.88,CONTROL,46,1,4-3-2-1-0,0,PGAgain,1001555.0,256.0,True,True,True,1.0953634999990038,"[12, 0, 0, 0]"
180.24,CONTROL,47,1,0-1-2-3-4,0,PGAgain,1001517.0,256.0,True,True,True,0.3385669000010506,"[12, 0, 0, 0]"
180.6,CONTROL,47,1,0-1-2-3-4,1,BPo,1003514.0,245.0,True,True,True,40.1102198000002,"[12, 0, 0, 0]"
180.96,CONTROL,47,1,0-1-2-3-4,2,OPA_SUMo,1009177.0,277.0,True,True,True,152.89282890000044,"[12, 0, 0, 0]"
181.32,CONTROL,47,1,0-1-2-3-4,3,SUMo,1011139.0,280.0,True,True,True,191.9674323000002,"[12, 0, 0, 0]"
181.68,CONTROL,47,1,0-1-2-3-4,4,LPo,875002.0,260.0,True,False,True,-2519.296218600001,"[12, 0, 0, 0]"
182.04,CONTROL,48,1,4-3-2-1-0,4,LPo,875000.0,288.0,True,False,True,-2519.3360500000003,"[12, 0, 0, 0]"
182.4,CONTROL,48,1,4-3-2-1-0,3,SUMo,1011196.0,267.0,True,True,True,193.10262720000054,"[12, 0, 0, 0]"
182.76,CONTROL,48,1,4-3-2-1-0,2,OPA_SUMo,1009109.0,241.0,True,True,True,151.53856130000074,"[12, 0, 0, 0]"
183.12,CONTROL,48,1,4-3-2-1-0,1,BPo,1003551.0,288.0,True,True,True,40.84710070000089,"[12, 0, 0, 0]"
183.48,CONTROL,48,1,4-3-2-1-0,0,PGAgain,1001483.0,264.0,True,True,True,-0.3385669000010506,"[12, 0, 0, 0]"
183.84,CONTROL,49,1,0-1-2-3-4,0,PGAgain,1001559.0,279.0,True,True,True,1.1750262999993841,"[12, 0, 0, 0]"
184.2,CONTROL,49,1,0-1-2-3-4,1,BPo,1003502.0,255.0,True,True,True,39.87123139999906,"[12, 0, 0, 0]"
184.56,CONTROL,49,1,0-1-2-3-4,2,OPA_SUMo,1009043.0,279.0,True,True,True,150.22412510000012,"[12, 0, 0, 0]"
184.92,CONTROL,49,1,0-1-2-3-4,3,SUMo,1011146.0,245.0,True,True,True,192.10684219999916,"[12, 0, 0, 0]"
185.28,CONTROL,49,1,0-1-2-3-4,4,LPo,875000.0,270.0,True,False,True,-2519.3360500000003,"[12, 0, 0, 0]"
185.64,CONTROL,50,1,4-3-2-1-0,4,LPo,875000.0,269.0,True,False,True,-2519.3360500000003,"[12, 0, 0, 0]"
186.0,CONTROL,50,1,4-3-2-1-0,3,SUMo,1011120.0,245.0,True,True,True,191.5890340000001,"[12, 0, 0, 0]"
186.36,CONTROL,50,1,4-3-2-1-0,2,OPA_SUMo,1009110.0,270.0,True,True,True,151.55847700000027,"[12, 0, 0, 0]"
186.72,CONTROL,50,1,4-3-2-1-0,1,BPo,1003508.0,263.0,True,True,True,39.990725600000765,"[12, 0, 0, 0]"
187.08,CONTROL,50,1,4-3-2-1-0,0,PGAgain,1001556.0,252.0,True,True,True,1.115279200000797,"[12, 0, 0, 0]"
187.44,CONTROL,51,1,0-1-2-3-4,0,PGAgain,1001534.0,259.0,True,True,True,0.677133799999837,"[12, 0, 0, 0]"
187.8,CONTROL,51,1,0-1-2-3-4,1,BPo,1003519.0,256.0,True,True,True,40.20979830000011,"[12, 0, 0, 0]"
188.16,CONTROL,51,1,0-1-2-3-4,2,OPA_SUMo,1009170.0,271.0,True,True,True,152.75341899999918,"[12, 0, 0, 0]"
188.52,CONTROL,51,1,0-1-2-3-4,3,SUMo,1011132.0,264.0,True,True,True,191.82802239999899,"[12, 0, 0, 0]"
188.88,CONTROL,51,1,0-1-2-3-4,4,LPo,875000.0,272.0,True,False,True,-2519.3360500000003,"[12, 0, 0, 0]"
189.24,CONTROL,52,1,4-3-2-1-0,4,LPo,875000.0,256.0,True,False,True,-2519.3360500000003,"[12, 0, 0, 0]"
189.6,CONTROL,52,1,4-3-2-1-0,3,SUMo,1011132.0,275.0,True,True,True,191.82802239999899,"[12, 0, 0, 0]"
189.96,CONTROL,52,1,4-3-2-1-0,2,OPA_SUMo,1009123.0,252.0,True,True,True,151.81738110000094,"[12, 0, 0, 0]"
190.32,CONTROL,52,1,4-3-2-1-0,1,BPo,1003511.0,245.0,True,True,True,40.05047269999935,"[12, 0, 0, 0]"
190.68,CONTROL,52,1,4-3-2-1-0,0,PGAgain,1001584.0,274.0,True,True,True,1.6729187999989314,"[12, 0, 0, 0]"
191.04,CONTROL,53,1,0-1-2-3-4,0,PGAgain,1001456.0,252.0,True,True,True,-0.8762907999996559,"[12, 0, 0, 0]"
191.4,CONTROL,53,1,0-1-2-3-4,1,BPo,1003519.0,261.0,True,True,True,40.20979830000011,"[12, 0, 0, 0]"
191.76,CONTROL,53,1,0-1-2-3-4,2,OPA_SUMo,1009094.0,261.0,True,True,True,151.23982580000103,"[12, 0, 0, 0]"
192.12,CONTROL,53,1,0-1-2-3-4,3,SUMo,1011149.0,248.0,True,True,True,192.16658930000003,"[12, 0, 0, 0]"
192.48,CONTROL,53,1,0-1-2-3-4,4,LPo,875036.0,290.0,True,False,True,-2518.619084800001,"[12, 0, 0, 0]"
192.84,CONTROL,54,1,4-3-2-1-0,4,LPo,875037.0,311.0,True,False,False,-2518.5991690999995,"[12, 0, 0, 0]"
193.2,CONTROL,54,1,4-3-2-1-0,3,SUMo,1011071.0,283.0,True,True,True,190.61316470000054,"[12, 0, 0, 0]"
193.56,CONTROL,54,1,4-3-2-1-0,2,OPA_SUMo,1009122.0,260.0,True,True,True,151.79746539999917,"[12, 0, 0, 0]"
193.92,CONTROL,54,1,4-3-2-1-0,1,BPo,1003526.0,278.0,True,True,True,40.349208199999076,"[12, 0, 0, 0]"
194.28,CONTROL,54,1,4-3-2-1-0,0,PGAgain,1001560.0,274.0,True,True,True,1.1949419999989133,"[12, 0, 0, 0]"
194.64,CONTROL,55,1,0-1-2-3-4,0,PGAgain,1001553.0,282.0,True,True,True,1.0555320999999458,"[12, 0, 0, 0]"
195.0,CONTROL,55,1,0-1-2-3-4,1,BPo,1003445.0,301.0,True,True,False,38.736036500001,"[12, 0, 0, 0]"
195.36,CONTROL,55,1,0-1-2-3-4,2,OPA_SUMo,1009114.0,262.0,True,True,True,151.63813980000066,"[12, 0, 0, 0]"
195.72,CONTROL,55,1,0-1-2-3-4,3,SUMo,1011153.0,274.0,True,True,True,192.24625210000042,"[12, 0, 0, 0]"
196.08,CONTROL,55,1,0-1-2-3-4,4,LPo,875013.0,251.0,True,False,True,-2519.0771458999993,"[12, 0, 0, 0]"
196.44,CONTROL,56,1,4-3-2-1-0,4,LPo,875000.0,277.0,True,False,True,-2519.3360500000003,"[12, 0, 0, 0]"
196.8,CONTROL,56,1,4-3-2-1-0,3,SUMo,1011116.0,280.0,True,True,True,191.50937119999972,"[12, 0, 0, 0]"
197.16,CONTROL,56,1,4-3-2-1-0,2,OPA_SUMo,1009122.0,285.0,True,True,True,151.79746539999917,"[12, 0, 0, 0]"
197.52,CONTROL,56,1,4-3-2-1-0,1,BPo,1003509.0,255.0,True,True,True,40.010641300000295,"[12, 0, 0, 0]"
197.88,CONTROL,56,1,4-3-2-1-0,0,PGAgain,1001485.0,253.0,True,True,True,-0.2987354999997283,"[12, 0, 0, 0]"
198.24,CONTROL,57,1,0-1-2-3-4,0,PGAgain,1001599.0,246.0,True,True,True,1.971654300000924,"[12, 0, 0, 0]"
198.6,CONTROL,57,1,0-1-2-3-4,1,BPo,1003475.0,260.0,True,True,True,39.33350750000046,"[12, 0, 0, 0]"
198.96,CONTROL,57,1,0-1-2-3-4,2,OPA_SUMo,1009040.0,247.0,True,True,True,150.1643779999993,"[12, 0, 0, 0]"
199.32,CONTROL,57,1,0-1-2-3-4,3,SUMo,1011106.0,262.0,True,True,True,191.3102141999999,"[12, 0, 0, 0]"
199.68,CONTROL,57,1,0-1-2-3-4,4,LPo,875002.0,271.0,True,False,True,-2519.296218600001,"[12, 0, 0, 0]"
200.04,CONTROL,58,1,4-3-2-1-0,4,LPo,875000.0,263.0,True,False,True,-2519.3360500000003,"[12, 0, 0, 0]"
200.4,CONTROL,58,1,4-3-2-1-0,3,SUMo,1011141.0,282.0,True,True,True,192.00726369999927,"[12, 0, 0, 0]"
200.76,CONTROL,58,1,4-3-2-1-0,2,OPA_SUMo,1009064.0,268.0,True,True,True,150.6423547999993,"[12, 0, 0, 0]"
201.12,CONTROL,58,1,4-3-2-1-0,1,BPo,1003565.0,277.0,True,True,True,41.12592050000109,"[12, 0, 0, 0]"
201.48,CONTROL,58,1,4-3-2-1-0,0,PGAgain,1001516.0,246.0,True,True,True,0.3186511999992574,"[12, 0, 0, 0]"
201.84,CONTROL,59,1,0-1-2-3-4,0,PGAgain,1001567.0,258.0,True,True,True,1.334351900000145,"[12, 0, 0, 0]"
202.2,CONTROL,59,1,0-1-2-3-4,1,BPo,1003443.0,251.0,True,True,True,38.69620509999967,"[12, 0, 0, 0]"
202.56,CONTROL,59,1,0-1-2-3-4,2,OPA_SUMo,1009070.0,290.0,True,True,True,150.761849000001,"[12, 0, 0, 0]"
202.92,CONTROL,59,1,0-1-2-3-4,3,SUMo,1011121.0,260.0,True,True,True,191.60894969999964,"[12, 0, 0, 0]"
203.28,CONTROL,59,1,0-1-2-3-4,4,LPo,875037.0,254.0,True,False,True,-2518.5991690999995,"[12, 0, 0, 0]"
203.64,CONTROL,60,1,4-3-2-1-0,4,LPo,875000.0,289.0,True,False,True,-2519.3360500000003,"[12, 0, 0, 0]"
204.0,CONTROL,60,1,4-3-2-1-0,3,SUMo,1011090.0,291.0,True,True,True,190.99156300000064,"[12, 0, 0, 0]"
204.36,CONTROL,60,1,4-3-2-1-0,2,OPA_SUMo,1009069.0,260.0,True,True,True,150.7419332999992,"[12, 0, 0, 0]"
204.72,CONTROL,60,1,4-3-2-1-0,1,BPo,1003491.0,307.0,True,True,False,39.65215869999971,"[12, 0, 0, 0]"
205.08,CONTROL,60,1,4-3-2-1-0,0,PGAgain,1001511.0,282.0,True,True,True,0.21907269999934795,"[12, 0, 0, 0]"
205.44,CONTROL,61,1,0-1-2-3-4,0,PGAgain,1001508.0,290.0,True,True,True,0.15932560000076076,"[12, 0, 0, 0]"
205.8,CONTROL,61,1,0-1-2-3-4,1,BPo,1003477.0,256.0,True,True,True,39.37333889999951,"[12, 0, 0, 0]"
206.16,CONTROL,61,1,0-1-2-3-4,2,OPA_SUMo,1009103.0,255.0,True,True,True,151.41906709999904,"[12, 0, 0, 0]"
206.52,CONTROL,61,1,0-1-2-3-4,3,SUMo,1011092.0,277.0,True,True,True,191.0313943999997,"[12, 0, 0, 0]"
206.88,CONTROL,61,1,0-1-2-3-4,4,LPo,875000.0,263.0,True,False,True,-2519.3360500000003,"[12, 0, 0, 0]"
207.24,CONTROL,62,1,4-3-2-1-0,4,LPo,875000.0,251.0,True,False,True,-2519.3360500000003,"[12, 0, 0, 0]"
207.6,CONTROL,62,1,4-3-2-1-0,3,SUMo,1011113.0,263.0,True,True,True,191.44962410000113,"[12, 0, 0, 0]"
207.96,CONTROL,62,1,4-3-2-1-0,2,OPA_SUMo,1009119.0,253.0,True,True,True,151.73771830000058,"[12, 0, 0, 0]"
208.32,CONTROL,62,1,4-3-2-1-0,1,BPo,1003461.0,265.0,True,True,True,39.05468770000026,"[12, 0, 0, 0]"
208.68,CONTROL,62,1,4-3-2-1-0,0,PGAgain,1001543.0,257.0,True,True,True,0.8563751000001268,"[12, 0, 0, 0]"
209.04,CONTROL,63,1,0-1-2-3-4,0,PGAgain,1001547.0,251.0,True,True,True,0.9360379000005072,"[12, 0, 0, 0]"
209.4,CONTROL,63,1,0-1-2-3-4,1,BPo,1003478.0,290.0,True,True,True,39.39325459999904,"[12, 0, 0, 0]"
209.76,CONTROL,63,1,0-1-2-3-4,2,OPA_SUMo,1009078.0,267.0,True,True,True,150.9211745999995,"[12, 0, 0, 0]"
210.12,CONTROL,63,1,0-1-2-3-4,3,SUMo,1011112.0,263.0,True,True,True,191.42970839999933,"[12, 0, 0, 0]"
210.48,CONTROL,63,1,0-1-2-3-4,4,LPo,875026.0,261.0,True,False,True,-2518.818241800001,"[12, 0, 0, 0]"
210.84,CONTROL,64,1,4-3-2-1-0,4,LPo,875000.0,257.0,True,False,True,-2519.3360500000003,"[12, 0, 0, 0]"
211.2,CONTROL,64,1,4-3-2-1-0,3,SUMo,1011092.0,262.0,True,True,True,191.0313943999997,"[12, 0, 0, 0]"
211.56,CONTROL,64,1,4-3-2-1-0,2,OPA_SUMo,1009022.0,258.0,True,True,True,149.80589540000096,"[12, 0, 0, 0]"
211.92,CONTROL,64,1,4-3-2-1-0,1,BPo,1003537.0,245.0,True,True,True,40.56828090000069,"[12, 0, 0, 0]"
212.28,CONTROL,64,1,4-3-2-1-0,0,PGAgain,1001546.0,246.0,True,True,True,0.9161222000009782,"[12, 0, 0, 0]"
212.64,CONTROL,65,1,0-1-2-3-4,0,PGAgain,1001560.0,291.0,True,True,True,1.1949419999989133,"[12, 0, 0, 0]"
213.0,CONTROL,65,1,0-1-2-3-4,1,BPo,1003476.0,261.0,True,True,True,39.35342319999999,"[12, 0, 0, 0]"
213.36,CONTROL,65,1,0-1-2-3-4,2,OPA_SUMo,1009070.0,255.0,True,True,True,150.761849000001,"[12, 0, 0, 0]"
213.72,CONTROL,65,1,0-1-2-3-4,3,SUMo,1011068.0,255.0,True,True,True,190.55341759999968,"[12, 0, 0, 0]"
214.08,CONTROL,65,1,0-1-2-3-4,4,LPo,875066.0,257.0,True,False,True,-2518.0216137999996,"[12, 0, 0, 0]"
214.44,CONTROL,66,1,4-3-2-1-0,4,LPo,875000.0,268.0,True,False,True,-2519.3360500000003,"[12, 0, 0, 0]"
214.8,CONTROL,66,1,4-3-2-1-0,3,SUMo,1011110.0,261.0,True,True,True,191.38987700000027,"[12, 0, 0, 0]"
215.16,CONTROL,66,1,4-3-2-1-0,2,OPA_SUMo,1009111.0,269.0,True,True,True,151.5783926999998,"[12, 0, 0, 0]"
215.52,CONTROL,66,1,4-3-2-1-0,1,BPo,1003455.0,276.0,True,True,True,38.935193500000814,"[12, 0, 0, 0]"
215.88,CONTROL,66,1,4-3-2-1-0,0,PGAgain,1001584.0,271.0,True,True,True,1.6729187999989314,"[12, 0, 0, 0]"
216.24,CONTROL,67,1,0-1-2-3-4,0,PGAgain,1001565.0,276.0,True,True,True,1.2945205000010869,"[12, 0, 0, 0]"
216.6,CONTROL,67,1,0-1-2-3-4,1,BPo,1003499.0,258.0,True,True,True,39.81148430000047,"[12, 0, 0, 0]"
216.96,CONTROL,67,1,0-1-2-3-4,2,OPA_SUMo,1009029.0,272.0,True,True,True,149.94530529999994,"[12, 0, 0, 0]"
217.32,CONTROL,67,1,0-1-2-3-4,3,SUMo,1011051.0,267.0,True,True,True,190.2148507000009,"[12, 0, 0, 0]"
217.68,CONTROL,67,1,0-1-2-3-4,4,LPo,875000.0,248.0,True,False,True,-2519.3360500000003,"[12, 0, 0, 0]"
218.04,CONTROL,68,1,4-3-2-1-0,4,LPo,875000.0,272.0,True,False,True,-2519.3360500000003,"[12, 0, 0, 0]"
218.4,CONTROL,68,1,4-3-2-1-0,3,SUMo,1011072.0,249.0,True,True,True,190.63308040000007,"[12, 0, 0, 0]"
218.76,CONTROL,68,1,4-3-2-1-0,2,OPA_SUMo,1009098.0,291.0,True,True,True,151.31948859999915,"[12, 0, 0, 0]"
219.12,CONTROL,68,1,4-3-2-1-0,1,BPo,1003428.0,271.0,True,True,True,38.39746959999995,"[12, 0, 0, 0]"
219.48,CONTROL,68,1,4-3-2-1-0,0,PGAgain,1001503.0,283.0,True,True,True,0.05974710000085132,"[12, 0, 0, 0]"
219.84,CONTROL,69,1,0-1-2-3-4,0,PGAgain,1001587.0,256.0,True,True,True,1.7326658999997828,"[12, 0, 0, 0]"
220.2,CONTROL,69,1,0-1-2-3-4,1,BPo,1003450.0,273.0,True,True,True,38.83561500000091,"[12, 0, 0, 0]"
220.56,CONTROL,69,1,0-1-2-3-4,2,OPA_SUMo,1009073.0,259.0,True,True,True,150.8215960999996,"[12, 0, 0, 0]"
220.92,CONTROL,69,1,0-1-2-3-4,3,SUMo,1011040.0,261.0,True,True,True,189.9957779999993,"[12, 0, 0, 0]"
221.28,CONTROL,69,1,0-1-2-3-4,4,LPo,875000.0,249.0,True,False,True,-2519.3360500000003,"[12, 0, 0, 0]"
221.64,CONTROL,70,1,4-3-2-1-0,4,LPo,875001.0,246.0,True,False,True,-2519.3161343000006,"[12, 0, 0, 0]"
222.0,CONTROL,70,1,4-3-2-1-0,3,SUMo,1011098.0,269.0,True,True,True,191.15088859999915,"[12, 0, 0, 0]"
222.36,CONTROL,70,1,4-3-2-1-0,2,OPA_SUMo,1009018.0,279.0,True,True,True,149.7262326000006,"[12, 0, 0, 0]"
222.72,CONTROL,70,1,4-3-2-1-0,1,BPo,1003573.0,262.0,True,True,True,41.28524609999958,"[12, 0, 0, 0]"
223.08,CONTROL,70,1,4-3-2-1-0,0,PGAgain,1001533.0,247.0,True,True,True,0.657218100000308,"[12, 0, 0, 0]"
223.44,CONTROL,71,1,0-1-2-3-4,0,PGAgain,1001493.0,248.0,True,True,True,-0.13940989999896755,"[12, 0, 0, 0]"
223.8,CONTROL,71,1,0-1-2-3-4,1,BPo,1003459.0,285.0,True,True,True,39.01485629999893,"[12, 0, 0, 0]"
224.16,CONTROL,71,1,0-1-2-3-4,2,OPA_SUMo,1009085.0,276.0,True,True,True,151.06058450000074,"[12, 0, 0, 0]"
224.52,CONTROL,71,1,0-1-2-3-4,3,SUMo,1011084.0,267.0,True,True,True,190.87206879999894,"[12, 0, 0, 0]"
224.88,CONTROL,71,1,0-1-2-3-4,4,LPo,875000.0,250.0,True,False,True,-2519.3360500000003,"[12, 0, 0, 0]"
225.24,CONTROL,72,1,4-3-2-1-0,4,LPo,875051.0,263.0,True,False,True,-2518.320349299999,"[12, 0, 0, 0]"
225.6,CONTROL,72,1,4-3-2-1-0,3,SUMo,1011091.0,272.0,True,True,True,191.01147870000017,"[12, 0, 0, 0]"
225.96,CONTROL,72,1,4-3-2-1-0,2,OPA_SUMo,1009029.0,255.0,True,True,True,149.94530529999994,"[12, 0, 0, 0]"
226.32,CONTROL,72,1,4-3-2-1-0,1,BPo,1003515.0,244.0,True,True,True,40.13013549999973,"[12, 0, 0, 0]"
226.68,CONTROL,72,1,4-3-2-1-0,0,PGAgain,1001586.0,271.0,True,True,True,1.7127502000002537,"[12, 0, 0, 0]"
227.04,CONTROL,73,1,0-1-2-3-4,0,PGAgain,1001496.0,261.0,True,True,True,-0.07966280000038038,"[12, 0, 0, 0]"
227.4,CONTROL,73,1,0-1-2-3-4,1,BPo,1003503.0,251.0,True,True,True,39.89114710000085,"[12, 0, 0, 0]"
227.76,CONTROL,73,1,0-1-2-3-4,2,OPA_SUMo,1009048.0,278.0,True,True,True,150.32370360000004,"[12, 0, 0, 0]"
228.12,CONTROL,73,1,0-1-2-3-4,3,SUMo,1010997.0,269.0,True,True,True,189.13940289999917,"[12, 0, 0, 0]"
228.48,CONTROL,73,1,0-1-2-3-4,4,LPo,875026.0,275.0,True,False,True,-2518.818241800001,"[12, 0, 0, 0]"
228.84,CONTROL,74,1,4-3-2-1-0,4,LPo,875000.0,267.0,True,False,True,-2519.3360500000003,"[12, 0, 0, 0]"
229.2,CONTROL,74,1,4-3-2-1-0,3,SUMo,1011056.0,253.0,True,True,True,190.3144292000008,"[12, 0, 0, 0]"
229.56,CONTROL,74,1,4-3-2-1-0,2,OPA_SUMo,1009038.0,267.0,True,True,True,150.12454660000023,"[12, 0, 0, 0]"
229.92,CONTROL,74,1,4-3-2-1-0,1,BPo,1003497.0,244.0,True,True,True,39.771652899999154,"[12, 0, 0, 0]"
230.28,CONTROL,74,1,4-3-2-1-0,0,PGAgain,1001601.0,290.0,True,True,True,2.011485699999982,"[12, 0, 0, 0]"
230.64,CONTROL,75,1,0-1-2-3-4,0,PGAgain,1001561.0,260.0,True,True,True,1.2148577000007066,"[12, 0, 0, 0]"
231.0,CONTROL,75,1,0-1-2-3-4,1,BPo,1003470.0,262.0,True,True,True,39.23392900000054,"[12, 0, 0, 0]"
231.36,CONTROL,75,1,0-1-2-3-4,2,OPA_SUMo,1009033.0,259.0,True,True,True,150.0249681000003,"[12, 0, 0, 0]"
231.72,CONTROL,75,1,0-1-2-3-4,3,SUMo,1011044.0,282.0,True,True,True,190.07544079999965,"[12, 0, 0, 0]"
232.08,CONTROL,75,1,0-1-2-3-4,4,LPo,875000.0,264.0,True,False,True,-2519.3360500000003,"[12, 0, 0, 0]"
232.44,CONTROL,76,1,4-3-2-1-0,4,LPo,875000.0,277.0,True,False,True,-2519.3360500000003,"[12, 0, 0, 0]"
232.8,CONTROL,76,1,4-3-2-1-0,3,SUMo,1010979.0,255.0,True,True,True,188.78092030000084,"[12, 0, 0, 0]"
233.16,CONTROL,76,1,4-3-2-1-0,2,OPA_SUMo,1009079.0,270.0,True,True,True,150.94109029999902,"[12, 0, 0, 0]"
233.52,CONTROL,76,1,4-3-2-1-0,1,BPo,1003558.0,279.0,True,True,True,40.98651059999986,"[12, 0, 0, 0]"
233.88,CONTROL,76,1,4-3-2-1-0,0,PGAgain,1001555.0,252.0,True,True,True,1.0953634999990038,"[12, 0, 0, 0]"
234.24,CONTROL,77,1,0-1-2-3-4,0,PGAgain,1001480.0,251.0,True,True,True,-0.39831399999963774,"[12, 0, 0, 0]"
234.6,CONTROL,77,1,0-1-2-3-4,1,BPo,1003509.0,243.0,True,True,True,40.010641300000295,"[12, 0, 0, 0]"
234.96,CONTROL,77,1,0-1-2-3-4,2,OPA_SUMo,1008980.0,262.0,True,True,True,148.96943600000037,"[12, 0, 0, 0]"
235.32,CONTROL,77,1,0-1-2-3-4,3,SUMo,1010998.0,302.0,True,True,False,189.15931860000094,"[12, 0, 0, 0]"
235.68,CONTROL,77,1,0-1-2-3-4,4,LPo,875014.0,259.0,True,False,True,-2519.0572302,"[12, 0, 0, 0]"
236.04,CONTROL,78,1,4-3-2-1-0,4,LPo,875005.0,260.0,True,False,True,-2519.2364715000003,"[12, 0, 0, 0]"
236.4,CONTROL,78,1,4-3-2-1-0,3,SUMo,1011044.0,259.0,True,True,True,190.07544079999965,"[12, 0, 0, 0]"
236.76,CONTROL,78,1,4-3-2-1-0,2,OPA_SUMo,1009006.0,250.0,True,True,True,149.48724419999945,"[12, 0, 0, 0]"
237.12,CONTROL,78,1,4-3-2-1-0,1,BPo,1003515.0,255.0,True,True,True,40.13013549999973,"[12, 0, 0, 0]"
237.48,CONTROL,78,1,4-3-2-1-0,0,PGAgain,1001543.0,274.0,True,True,True,0.8563751000001268,"[12, 0, 0, 0]"
237.84,CONTROL,79,1,0-1-2-3-4,0,PGAgain,1001547.0,252.0,True,True,True,0.9360379000005072,"[12, 0, 0, 0]"
238.2,CONTROL,79,1,0-1-2-3-4,1,BPo,1003466.0,279.0,True,True,True,39.154266200000166,"[12, 0, 0, 0]"
238.56,CONTROL,79,1,0-1-2-3-4,2,OPA_SUMo,1009051.0,275.0,True,True,True,150.3834507000009,"[12, 0, 0, 0]"
238.92,CONTROL,79,1,0-1-2-3-4,3,SUMo,1011067.0,255.0,True,True,True,190.53350190000015,"[12, 0, 0, 0]"
239.28,CONTROL,79,1,0-1-2-3-4,4,LPo,875000.0,256.0,True,False,True,-2519.3360500000003,"[12, 0, 0, 0]"
239.64,CONTROL,80,1,4-3-2-1-0,4,LPo,875000.0,267.0,True,False,True,-2519.3360500000003,"[12, 0, 0, 0]"
240.0,CONTROL,80,1,4-3-2-1-0,3,SUMo,1011053.0,273.0,True,True,True,190.25468209999997,"[12, 0, 0, 0]"
240.36,CONTROL,80,1,4-3-2-1-0,2,OPA_SUMo,1009005.0,267.0,True,True,True,149.46732849999992,"[12, 0, 0, 0]"
240.72,CONTROL,80,1,4-3-2-1-0,1,BPo,1003513.0,275.0,True,True,True,40.09030410000067,"[12, 0, 0, 0]"
241.08,CONTROL,80,1,4-3-2-1-0,0,PGAgain,1001627.0,265.0,True,True,True,2.5292938999990584,"[12, 0, 0, 0]"
241.44,CONTROL,81,1,0-1-2-3-4,0,PGAgain,1001523.0,251.0,True,True,True,0.4580611000004891,"[12, 0, 0, 0]"
241.8,CONTROL,81,1,0-1-2-3-4,1,BPo,1003476.0,257.0,True,True,True,39.35342319999999,"[12, 0, 0, 0]"
242.16,CONTROL,81,1,0-1-2-3-4,2,OPA_SUMo,1009049.0,278.0,True,True,True,150.34361929999957,"[12, 0, 0, 0]"
242.52,CONTROL,81,1,0-1-2-3-4,3,SUMo,1010967.0,296.0,True,True,True,188.5419318999997,"[12, 0, 0, 0]"
242.88,CONTROL,81,1,0-1-2-3-4,4,LPo,875002.0,261.0,True,False,True,-2519.296218600001,"[12, 0, 0, 0]"
243.24,CONTROL,82,1,4-3-2-1-0,4,LPo,875053.0,278.0,True,False,True,-2518.2805179,"[12, 0, 0, 0]"
243.6,CONTROL,82,1,4-3-2-1-0,3,SUMo,1011007.0,261.0,True,True,True,189.33855989999898,"[12, 0, 0, 0]"
243.96,CONTROL,82,1,4-3-2-1-0,2,OPA_SUMo,1009082.0,257.0,True,True,True,151.00083739999988,"[12, 0, 0, 0]"
244.32,CONTROL,82,1,4-3-2-1-0,1,BPo,1003502.0,270.0,True,True,True,39.87123139999906,"[12, 0, 0, 0]"
244.68,CONTROL,82,1,4-3-2-1-0,0,PGAgain,1001591.0,247.0,True,True,True,1.812328700000163,"[12, 0, 0, 0]"
245.04,CONTROL,83,1,0-1-2-3-4,0,PGAgain,1001544.0,265.0,True,True,True,0.8762907999996559,"[12, 0, 0, 0]"
245.4,CONTROL,83,1,0-1-2-3-4,1,BPo,1003547.0,261.0,True,True,True,40.76743790000051,"[12, 0, 0, 0]"
245.76,CONTROL,83,1,0-1-2-3-4,2,OPA_SUMo,1009061.0,250.0,True,True,True,150.58260770000072,"[12, 0, 0, 0]"
246.12,CONTROL,83,1,0-1-2-3-4,3,SUMo,1010968.0,289.0,True,True,True,188.56184759999923,"[12, 0, 0, 0]"
246.48,CONTROL,83,1,0-1-2-3-4,4,LPo,875034.0,284.0,True,False,True,-2518.6589162000005,"[12, 0, 0, 0]"
246.84,CONTROL,84,1,4-3-2-1-0,4,LPo,875018.0,251.0,True,False,True,-2518.9775673999998,"[12, 0, 0, 0]"
247.2,CONTROL,84,1,4-3-2-1-0,3,SUMo,1010969.0,286.0,True,True,True,188.58176330000103,"[12, 0, 0, 0]"
247.56,CONTROL,84,1,4-3-2-1-0,2,OPA_SUMo,1009011.0,256.0,True,True,True,149.58682269999935,"[12, 0, 0, 0]"
247.92,CONTROL,84,1,4-3-2-1-0,1,BPo,1003511.0,268.0,True,True,True,40.05047269999935,"[12, 0, 0, 0]"
248.28,CONTROL,84,1,4-3-2-1-0,0,PGAgain,1001552.0,269.0,True,True,True,1.0356164000004167,"[12, 0, 0, 0]"
248.64,CONTROL,85,1,0-1-2-3-4,0,PGAgain,1001576.0,266.0,True,True,True,1.5135932000004348,"[12, 0, 0, 0]"
249.0,CONTROL,85,1,0-1-2-3-4,1,BPo,1003496.0,291.0,True,True,True,39.751737199999624,"[12, 0, 0, 0]"
249.36,CONTROL,85,1,0-1-2-3-4,2,OPA_SUMo,1008989.0,270.0,True,True,True,149.14867730000066,"[12, 0, 0, 0]"
249.72,CONTROL,85,1,0-1-2-3-4,3,SUMo,1011036.0,326.0,True,True,False,189.9161151999989,"[12, 0, 0, 0]"
250.08,CONTROL,85,1,0-1-2-3-4,4,LPo,875005.0,256.0,True,False,True,-2519.2364715000003,"[12, 0, 0, 0]"
250.44,CONTROL,86,1,4-3-2-1-0,4,LPo,875053.0,289.0,True,False,True,-2518.2805179,"[12, 0, 0, 0]"
250.8,CONTROL,86,1,4-3-2-1-0,3,SUMo,1011107.0,257.0,True,True,True,191.33012989999943,"[12, 0, 0, 0]"
251.16,CONTROL,86,1,4-3-2-1-0,2,OPA_SUMo,1009011.0,249.0,True,True,True,149.58682269999935,"[12, 0, 0, 0]"
251.52,CONTROL,86,1,4-3-2-1-0,1,BPo,1003542.0,280.0,True,True,True,40.6678594000006,"[12, 0, 0, 0]"
251.88,CONTROL,86,1,4-3-2-1-0,0,PGAgain,1001553.0,270.0,True,True,True,1.0555320999999458,"[12, 0, 0, 0]"
252.24,CONTROL,87,1,0-1-2-3-4,0,PGAgain,1001558.0,274.0,True,True,True,1.1551105999998552,"[12, 0, 0, 0]"
252.6,CONTROL,87,1,0-1-2-3-4,1,BPo,1003556.0,290.0,True,True,True,40.9466792000008,"[12, 0, 0, 0]"
252.96,CONTROL,87,1,0-1-2-3-4,2,OPA_SUMo,1008983.0,296.0,True,True,True,149.02918309999896,"[12, 0, 0, 0]"
253.32,CONTROL,87,1,0-1-2-3-4,3,SUMo,1011036.0,269.0,True,True,True,189.9161151999989,"[12, 0, 0, 0]"
253.68,CONTROL,87,1,0-1-2-3-4,4,LPo,875009.0,279.0,True,False,True,-2519.1568087,"[12, 0, 0, 0]"
254.04,CONTROL,88,1,4-3-2-1-0,4,LPo,875009.0,251.0,True,False,True,-2519.1568087,"[12, 0, 0, 0]"
254.4,CONTROL,88,1,4-3-2-1-0,3,SUMo,1011015.0,286.0,True,True,True,189.49788549999974,"[12, 0, 0, 0]"
254.76,CONTROL,88,1,4-3-2-1-0,2,OPA_SUMo,1009010.0,288.0,True,True,True,149.56690699999982,"[12, 0, 0, 0]"
255.12,CONTROL,88,1,4-3-2-1-0,1,BPo,1003536.0,275.0,True,True,True,40.5483651999989,"[12, 0, 0, 0]"
255.48,CONTROL,88,1,4-3-2-1-0,0,PGAgain,1001516.0,294.0,True,True,True,0.3186511999992574,"[12, 0, 0, 0]"
255.84,CONTROL,89,1,0-1-2-3-4,0,PGAgain,1001563.0,253.0,True,True,True,1.2546890999997646,"[12, 0, 0, 0]"
256.2,CONTROL,89,1,0-1-2-3-4,1,BPo,1003525.0,280.0,True,True,True,40.329292499999546,"[12, 0, 0, 0]"
256.56,CONTROL,89,1,0-1-2-3-4,2,OPA_SUMo,1009002.0,259.0,True,True,True,149.40758139999906,"[12, 0, 0, 0]"
256.92,CONTROL,89,1,0-1-2-3-4,3,SUMo,1010940.0,279.0,True,True,True,188.00420800000109,"[12, 0, 0, 0]"
257.28,CONTROL,89,1,0-1-2-3-4,4,LPo,875000.0,248.0,True,False,True,-2519.3360500000003,"[12, 0, 0, 0]"
257.64,CONTROL,90,1,4-3-2-1-0,4,LPo,875013.0,247.0,True,False,True,-2519.0771458999993,"[12, 0, 0, 0]"
258.0,CONTROL,90,1,4-3-2-1-0,3,SUMo,1010993.0,257.0,True,True,True,189.05974010000105,"[12, 0, 0, 0]"
258.36,CONTROL,90,1,4-3-2-1-0,2,OPA_SUMo,1009015.0,280.0,True,True,True,149.66648549999974,"[12, 0, 0, 0]"
258.72,CONTROL,90,1,4-3-2-1-0,1,BPo,1003446.0,260.0,True,True,True,38.75595220000053,"[12, 0, 0, 0]"
259.08,CONTROL,90,1,4-3-2-1-0,0,PGAgain,1001496.0,251.0,True,True,True,-0.07966280000038038,"[12, 0, 0, 0]"
259.44,CONTROL,91,1,0-1-2-3-4,0,PGAgain,1001574.0,265.0,True,True,True,1.4737617999991126,"[12, 0, 0, 0]"
259.8,CONTROL,91,1,0-1-2-3-4,1,BPo,1003496.0,257.0,True,True,True,39.751737199999624,"[12, 0, 0, 0]"
260.16,CONTROL,91,1,0-1-2-3-4,2,OPA_SUMo,1009012.0,263.0,True,True,True,149.60673839999887,"[12, 0, 0, 0]"
260.52,CONTROL,91,1,0-1-2-3-4,3,SUMo,1010928.0,252.0,True,True,True,187.76521959999997,"[12, 0, 0, 0]"
260.88,CONTROL,91,1,0-1-2-3-4,4,LPo,875016.0,257.0,True,False,True,-2519.017398800001,"[12, 0, 0, 0]"
261.24,CONTROL,92,1,4-3-2-1-0,4,LPo,875002.0,253.0,True,False,True,-2519.296218600001,"[12, 0, 0, 0]"
261.6,CONTROL,92,1,4-3-2-1-0,3,SUMo,1011005.0,284.0,True,True,True,189.29872849999992,"[12, 0, 0, 0]"
261.96,CONTROL,92,1,4-3-2-1-0,2,OPA_SUMo,1008973.0,247.0,True,True,True,148.83002609999915,"[12, 0, 0, 0]"
262.32,CONTROL,92,1,4-3-2-1-0,1,BPo,1003588.0,251.0,True,True,True,41.58398159999931,"[12, 0, 0, 0]"
262.68,CONTROL,92,1,4-3-2-1-0,0,PGAgain,1001523.0,256.0,True,True,True,0.4580611000004891,"[12, 0, 0, 0]"
263.04,CONTROL,93,1,0-1-2-3-4,0,PGAgain,1001597.0,252.0,True,True,True,1.9318228999996017,"[12, 0, 0, 0]"
263.4,CONTROL,93,1,0-1-2-3-4,1,BPo,1003529.0,298.0,True,True,True,40.40895529999993,"[12, 0, 0, 0]"
263.76,CONTROL,93,1,0-1-2-3-4,2,OPA_SUMo,1009020.0,265.0,True,True,True,149.76606399999966,"[12, 0, 0, 0]"
264.12,CONTROL,93,1,0-1-2-3-4,3,SUMo,1011002.0,267.0,True,True,True,189.23898139999906,"[12, 0, 0, 0]"
264.48,CONTROL,93,1,0-1-2-3-4,4,LPo,875069.0,259.0,True,False,True,-2517.961866700001,"[12, 0, 0, 0]"
264.84,CONTROL,94,1,4-3-2-1-0,4,LPo,875030.0,274.0,True,False,True,-2518.7385790000008,"[12, 0, 0, 0]"
265.2,CONTROL,94,1,4-3-2-1-0,3,SUMo,1011006.0,281.0,True,True,True,189.31864419999945,"[12, 0, 0, 0]"
265.56,CONTROL,94,1,4-3-2-1-0,2,OPA_SUMo,1009019.0,251.0,True,True,True,149.74614830000013,"[12, 0, 0, 0]"
265.92,CONTROL,94,1,4-3-2-1-0,1,BPo,1003508.0,285.0,True,True,True,39.990725600000765,"[12, 0, 0, 0]"
266.28,CONTROL,94,1,4-3-2-1-0,0,PGAgain,1001545.0,290.0,True,True,True,0.896206499999185,"[12, 0, 0, 0]"
266.64,CONTROL,95,1,0-1-2-3-4,0,PGAgain,1001547.0,252.0,True,True,True,0.9360379000005072,"[12, 0, 0, 0]"
267.0,CONTROL,95,1,0-1-2-3-4,1,BPo,1003491.0,272.0,True,True,True,39.65215869999971,"[12, 0, 0, 0]"
267.36,CONTROL,95,1,0-1-2-3-4,2,OPA_SUMo,1009041.0,250.0,True,True,True,150.18429370000106,"[12, 0, 0, 0]"
267.72,CONTROL,95,1,0-1-2-3-4,3,SUMo,1010977.0,246.0,True,True,True,188.7410888999995,"[12, 0, 0, 0]"
268.08,CONTROL,95,1,0-1-2-3-4,4,LPo,875046.0,269.0,True,False,True,-2518.419927799999,"[12, 0, 0, 0]"
268.44,CONTROL,96,1,4-3-2-1-0,4,LPo,875000.0,277.0,True,False,True,-2519.3360500000003,"[12, 0, 0, 0]"
268.8,CONTROL,96,1,4-3-2-1-0,3,SUMo,1011115.0,252.0,True,True,True,191.4894555000002,"[12, 0, 0, 0]"
269.16,CONTROL,96,1,4-3-2-1-0,2,OPA_SUMo,1009033.0,277.0,True,True,True,150.0249681000003,"[12, 0, 0, 0]"
269.52,CONTROL,96,1,4-3-2-1-0,1,BPo,1003471.0,281.0,True,True,True,39.25384470000007,"[12, 0, 0, 0]"
269.88,CONTROL,96,1,4-3-2-1-0,0,PGAgain,1001604.0,251.0,True,True,True,2.0712328000008333,"[12, 0, 0, 0]"
270.24,CONTROL,97,1,0-1-2-3-4,0,PGAgain,1001623.0,255.0,True,True,True,2.449631100000942,"[12, 0, 0, 0]"
270.6,CONTROL,97,1,0-1-2-3-4,1,BPo,1003524.0,277.0,True,True,True,40.30937680000002,"[12, 0, 0, 0]"
270.96,CONTROL,97,1,0-1-2-3-4,2,OPA_SUMo,1009039.0,304.0,True,True,False,150.14446229999976,"[12, 0, 0, 0]"
271.32,CONTROL,97,1,0-1-2-3-4,3,SUMo,1010976.0,273.0,True,True,True,188.72117319999998,"[12, 0, 0, 0]"
271.68,CONTROL,97,1,0-1-2-3-4,4,LPo,875019.0,250.0,True,False,True,-2518.9576517,"[12, 0, 0, 0]"
272.04,CONTROL,98,1,4-3-2-1-0,4,LPo,875059.0,262.0,True,False,True,-2518.161023700001,"[12, 0, 0, 0]"
272.4,CONTROL,98,1,4-3-2-1-0,3,SUMo,1010992.0,255.0,True,True,True,189.03982439999925,"[12, 0, 0, 0]"
272.76,CONTROL,98,1,4-3-2-1-0,2,OPA_SUMo,1008992.0,257.0,True,True,True,149.20842439999925,"[12, 0, 0, 0]"
273.12,CONTROL,98,1,4-3-2-1-0,1,BPo,1003522.0,290.0,True,True,True,40.269545400000965,"[12, 0, 0, 0]"
273.48,CONTROL,98,1,4-3-2-1-0,0,PGAgain,1001537.0,268.0,True,True,True,0.7368809000006883,"[12, 0, 0, 0]"
273.84,CONTROL,99,1,0-1-2-3-4,0,PGAgain,1001586.0,259.0,True,True,True,1.7127502000002537,"[12, 0, 0, 0]"
274.2,CONTROL,99,1,0-1-2-3-4,1,BPo,1003543.0,268.0,True,True,True,40.68777510000013,"[12, 0, 0, 0]"
274.56,CONTROL,99,1,0-1-2-3-4,2,OPA_SUMo,1008963.0,266.0,True,True,True,148.63086909999933,"[12, 0, 0, 0]"
274.92,CONTROL,99,1,0-1-2-3-4,3,SUMo,1010948.0,273.0,True,True,True,188.1635335999996,"[12, 0, 0, 0]"
275.28,CONTROL,99,1,0-1-2-3-4,4,LPo,875027.0,291.0,True,False,True,-2518.7983260999995,"[12, 0, 0, 0]"
275.64,CONTROL,100,1,4-3-2-1-0,4,LPo,875000.0,261.0,True,False,True,-2519.3360500000003,"[12, 0, 0, 0]"
276.0,CONTROL,100,1,4-3-2-1-0,3,SUMo,1010917.0,271.0,True,True,True,187.54614690000062,"[12, 0, 0, 0]"
276.36,CONTROL,100,1,4-3-2-1-0,2,OPA_SUMo,1008910.0,248.0,True,True,True,147.57533699999937,"[12, 0, 0, 0]"
276.72,CONTROL,100,1,4-3-2-1-0,1,BPo,1003451.0,267.0,True,True,True,38.855530700000436,"[12, 0, 0, 0]"
277.08,CONTROL,100,1,4-3-2-1-0,0,PGAgain,1001555.0,264.0,True,True,True,1.0953634999990038,"[12, 0, 0, 0]"
277.44,CONTROL,101,1,0-1-2-3-4,0,PGAgain,1001661.0,260.0,True,True,True,3.2064276999988954,"[12, 0, 0, 0]"
277.8,CONTROL,101,1,0-1-2-3-4,1,BPo,1003470.0,253.0,True,True,True,39.23392900000054,"[12, 0, 0, 0]"
278.16,CONTROL,101,1,0-1-2-3-4,2,OPA_SUMo,1008943.0,259.0,True,True,True,148.23255509999967,"[12, 0, 0, 0]"
278.52,CONTROL,101,1,0-1-2-3-4,3,SUMo,1010966.0,272.0,True,True,True,188.52201620000017,"[12, 0, 0, 0]"
278.88,CONTROL,101,1,0-1-2-3-4,4,LPo,875000.0,275.0,True,False,True,-2519.3360500000003,"[12, 0, 0, 0]"
279.24,CONTROL,102,1,4-3-2-1-0,4,LPo,875000.0,275.0,True,False,True,-2519.3360500000003,"[12, 0, 0, 0]"
279.6,CONTROL,102,1,4-3-2-1-0,3,SUMo,1010968.0,254.0,True,True,True,188.56184759999923,"[12, 0, 0, 0]"
279.96,CONTROL,102,1,4-3-2-1-0,2,OPA_SUMo,1008959.0,256.0,True,True,True,148.55120629999894,"[12, 0, 0, 0]"
280.32,CONTROL,102,1,4-3-2-1-0,1,BPo,1003538.0,259.0,True,True,True,40.58819660000022,"[12, 0, 0, 0]"
280.68,CONTROL,102,1,4-3-2-1-0,0,PGAgain,1001597.0,278.0,True,True,True,1.9318228999996017,"[12, 0, 0, 0]"
281.04,CONTROL,103,1,0-1-2-3-4,0,PGAgain,1001493.0,254.0,True,True,True,-0.13940989999896755,"[12, 0, 0, 0]"
281.4,CONTROL,103,1,0-1-2-3-4,1,BPo,1003497.0,288.0,True,True,True,39.771652899999154,"[12, 0, 0, 0]"
281.76,CONTROL,103,1,0-1-2-3-4,2,OPA_SUMo,1008942.0,287.0,True,True,True,148.21263940000014,"[12, 0, 0, 0]"
282.12,CONTROL,103,1,0-1-2-3-4,3,SUMo,1011017.0,258.0,True,True,True,189.53771690000107,"[12, 0, 0, 0]"
282.48,CONTROL,103,1,0-1-2-3-4,4,LPo,875000.0,257.0,True,False,True,-2519.3360500000003,"[12, 0, 0, 0]"
282.84,CONTROL,104,1,4-3-2-1-0,4,LPo,875000.0,267.0,True,False,True,-2519.3360500000003,"[12, 0, 0, 0]"
283.2,CONTROL,104,1,4-3-2-1-0,3,SUMo,1010966.0,279.0,True,True,True,188.52201620000017,"[12, 0, 0, 0]"
283.56,CONTROL,104,1,4-3-2-1-0,2,OPA_SUMo,1008943.0,284.0,True,True,True,148.23255509999967,"[12, 0, 0, 0]"
283.92,CONTROL,104,1,4-3-2-1-0,1,BPo,1003466.0,273.0,True,True,True,39.154266200000166,"[12, 0, 0, 0]"
284.28,CONTROL,104,1,4-3-2-1-0,0,PGAgain,1001564.0,277.0,True,True,True,1.2746047999992935,"[12, 0, 0, 0]"
284.64,CONTROL,105,1,0-1-2-3-4,0,PGAgain,1001538.0,263.0,True,True,True,0.7567966000002174,"[12, 0, 0, 0]"
285.0,CONTROL,105,1,0-1-2-3-4,1,BPo,1003567.0,250.0,True,True,True,41.165751900000146,"[12, 0, 0, 0]"
285.36,CONTROL,105,1,0-1-2-3-4,2,OPA_SUMo,1008990.0,255.0,True,True,True,149.1685930000002,"[12, 0, 0, 0]"
285.72,CONTROL,105,1,0-1-2-3-4,3,SUMo,1010978.0,262.0,True,True,True,188.76100459999904,"[12, 0, 0, 0]"
286.08,CONTROL,105,1,0-1-2-3-4,4,LPo,875004.0,266.0,True,False,True,-2519.2563871999996,"[12, 0, 0, 0]"
286.44,CONTROL,106,1,4-3-2-1-0,4,LPo,875000.0,274.0,True,False,True,-2519.3360500000003,"[12, 0, 0, 0]"
286.8,CONTROL,106,1,4-3-2-1-0,3,SUMo,1010924.0,260.0,True,True,True,187.68555679999957,"[12, 0, 0, 0]"
287.16,CONTROL,106,1,4-3-2-1-0,2,OPA_SUMo,1009002.0,290.0,True,True,True,149.40758139999906,"[12, 0, 0, 0]"
287.52,CONTROL,106,1,4-3-2-1-0,1,BPo,1003475.0,253.0,True,True,True,39.33350750000046,"[12, 0, 0, 0]"
287.88,CONTROL,106,1,4-3-2-1-0,0,PGAgain,1001650.0,279.0,True,True,True,2.9873549999995475,"[12, 0, 0, 0]"
288.24,CONTROL,107,1,0-1-2-3-4,0,PGAgain,1001602.0,245.0,True,True,True,2.031401399999511,"[12, 0, 0, 0]"
288.6,CONTROL,107,1,0-1-2-3-4,1,BPo,1003485.0,261.0,True,True,True,39.53266450000027,"[12, 0, 0, 0]"
288.96,CONTROL,107,1,0-1-2-3-4,2,OPA_SUMo,1008951.0,259.0,True,True,True,148.39188070000046,"[12, 0, 0, 0]"
289.32,CONTROL,107,1,0-1-2-3-4,3,SUMo,1010933.0,268.0,True,True,True,187.86479809999986,"[12, 0, 0, 0]"
289.68,CONTROL,107,1,0-1-2-3-4,4,LPo,875000.0,264.0,True,False,True,-2519.3360500000003,"[12, 0, 0, 0]"
290.04,CONTROL,108,1,4-3-2-1-0,4,LPo,875000.0,249.0,True,False,True,-2519.3360500000003,"[12, 0, 0, 0]"
290.4,CONTROL,108,1,4-3-2-1-0,3,SUMo,1010972.0,254.0,True,True,True,188.64151039999962,"[12, 0, 0, 0]"
290.76,CONTROL,108,1,4-3-2-1-0,2,OPA_SUMo,1008967.0,278.0,True,True,True,148.7105318999997,"[12, 0, 0, 0]"
291.12,CONTROL,108,1,4-3-2-1-0,1,BPo,1003542.0,257.0,True,True,True,40.6678594000006,"[12, 0, 0, 0]"
291.48,CONTROL,108,1,4-3-2-1-0,0,PGAgain,1001563.0,252.0,True,True,True,1.2546890999997646,"[12, 0, 0, 0]"
291.84,CONTROL,109,1,0-1-2-3-4,0,PGAgain,1001533.0,259.0,True,True,True,0.657218100000308,"[12, 0, 0, 0]"
292.2,CONTROL,109,1,0-1-2-3-4,1,BPo,1003486.0,267.0,True,True,True,39.5525801999998,"[12, 0, 0, 0]"
292.56,CONTROL,109,1,0-1-2-3-4,2,OPA_SUMo,1008996.0,264.0,True,True,True,149.28808719999964,"[12, 0, 0, 0]"
292.92,CONTROL,109,1,0-1-2-3-4,3,SUMo,1010951.0,269.0,True,True,True,188.22328070000046,"[12, 0, 0, 0]"
293.28,CONTROL,109,1,0-1-2-3-4,4,LPo,875035.0,262.0,True,False,True,-2518.6390005000007,"[12, 0, 0, 0]"
293.64,CONTROL,110,1,4-3-2-1-0,4,LPo,875000.0,264.0,True,False,True,-2519.3360500000003,"[12, 0, 0, 0]"
294.0,CONTROL,110,1,4-3-2-1-0,3,SUMo,1010970.0,250.0,True,True,True,188.60167900000056,"[12, 0, 0, 0]"
294.36,CONTROL,110,1,4-3-2-1-0,2,OPA_SUMo,1008962.0,268.0,True,True,True,148.6109533999998,"[12, 0, 0, 0]"
294.72,CONTROL,110,1,4-3-2-1-0,1,BPo,1003506.0,246.0,True,True,True,39.95089419999944,"[12, 0, 0, 0]"
295.08,CONTROL,110,1,4-3-2-1-0,0,PGAgain,1001503.0,280.0,True,True,True,0.05974710000085132,"[12, 0, 0, 0]"
295.44,CONTROL,111,1,0-1-2-3-4,0,PGAgain,1001536.0,263.0,True,True,True,0.7169651999988952,"[12, 0, 0, 0]"
295.8,CONTROL,111,1,0-1-2-3-4,1,BPo,1003476.0,258.0,True,True,True,39.35342319999999,"[12, 0, 0, 0]"
296.16,CONTROL,111,1,0-1-2-3-4,2,OPA_SUMo,1008941.0,245.0,True,True,True,148.1927237000006,"[12, 0, 0, 0]"
296.52,CONTROL,111,1,0-1-2-3-4,3,SUMo,1010955.0,272.0,True,True,True,188.30294350000082,"[12, 0, 0, 0]"
296.88,CONTROL,111,1,0-1-2-3-4,4,LPo,875000.0,279.0,True,False,True,-2519.3360500000003,"[12, 0, 0, 0]"
297.24,CONTROL,112,1,4-3-2-1-0,4,LPo,875000.0,250.0,True,False,True,-2519.3360500000003,"[12, 0, 0, 0]"
297.6,CONTROL,112,1,4-3-2-1-0,3,SUMo,1010927.0,275.0,True,True,True,187.74530390000044,"[12, 0, 0, 0]"
297.96,CONTROL,112,1,4-3-2-1-0,2,OPA_SUMo,1008968.0,255.0,True,True,True,148.73044759999922,"[12, 0, 0, 0]"
298.32,CONTROL,112,1,4-3-2-1-0,1,BPo,1003471.0,290.0,True,True,True,39.25384470000007,"[12, 0, 0, 0]"
298.68,CONTROL,112,1,4-3-2-1-0,0,PGAgain,1001558.0,268.0,True,True,True,1.1551105999998552,"[12, 0, 0, 0]"
299.04,CONTROL,113,1,0-1-2-3-4,0,PGAgain,1001630.0,254.0,True,True,True,2.5890409999999098,"[12, 0, 0, 0]"
299.4,CONTROL,113,1,0-1-2-3-4,1,BPo,1003483.0,261.0,True,True,True,39.492833099998954,"[12, 0, 0, 0]"
299.76,CONTROL,113,1,0-1-2-3-4,2,OPA_SUMo,1008967.0,244.0,True,True,True,148.7105318999997,"[12, 0, 0, 0]"
300.12,CONTROL,113,1,0-1-2-3-4,3,SUMo,1010972.0,266.0,True,True,True,188.64151039999962,"[12, 0, 0, 0]"
300.48,CONTROL,113,1,0-1-2-3-4,4,LPo,875000.0,272.0,True,False,True,-2519.3360500000003,"[12, 0, 0, 0]"
300.84,CONTROL,114,1,4-3-2-1-0,4,LPo,875000.0,260.0,True,False,True,-2519.3360500000003,"[12, 0, 0, 0]"
301.2,CONTROL,114,1,4-3-2-1-0,3,SUMo,1010976.0,267.0,True,True,True,188.72117319999998,"[12, 0, 0, 0]"
301.56,CONTROL,114,1,4-3-2-1-0,2,OPA_SUMo,1008960.0,261.0,True,True,True,148.57112200000074,"[12, 0, 0, 0]"
301.92,CONTROL,114,1,4-3-2-1-0,1,BPo,1003481.0,250.0,True,True,True,39.453001699999895,"[12, 0, 0, 0]"
302.28,CONTROL,114,1,4-3-2-1-0,0,PGAgain,1001627.0,290.0,True,True,True,2.5292938999990584,"[12, 0, 0, 0]"
302.64,CONTROL,115,1,0-1-2-3-4,0,PGAgain,1001615.0,257.0,True,True,True,2.2903055000001813,"[12, 0, 0, 0]"
303.0,CONTROL,115,1,0-1-2-3-4,1,BPo,1003502.0,250.0,True,True,True,39.87123139999906,"[12, 0, 0, 0]"
303.36,CONTROL,115,1,0-1-2-3-4,2,OPA_SUMo,1009001.0,245.0,True,True,True,149.38766569999953,"[12, 0, 0, 0]"
303.72,CONTROL,115,1,0-1-2-3-4,3,SUMo,1011000.0,269.0,True,True,True,189.19915,"[12, 0, 0, 0]"
304.08,CONTROL,115,1,0-1-2-3-4,4,LPo,875000.0,251.0,True,False,True,-2519.3360500000003,"[12, 0, 0, 0]"
304.44,CONTROL,116,1,4-3-2-1-0,4,LPo,875029.0,248.0,True,False,True,-2518.7584947,"[12, 0, 0, 0]"
304.8,CONTROL,116,1,4-3-2-1-0,3,SUMo,1010965.0,273.0,True,True,True,188.50210050000064,"[12, 0, 0, 0]"
305.16,CONTROL,116,1,4-3-2-1-0,2,OPA_SUMo,1008939.0,284.0,True,True,True,148.1528922999993,"[12, 0, 0, 0]"
305.52,CONTROL,116,1,4-3-2-1-0,1,BPo,1003472.0,257.0,True,True,True,39.2737603999996,"[12, 0, 0, 0]"
305.88,CONTROL,116,1,4-3-2-1-0,0,PGAgain,1001562.0,243.0,True,True,True,1.2347734000002355,"[12, 0, 0, 0]"
306.24,CONTROL,117,1,0-1-2-3-4,0,PGAgain,1001596.0,248.0,True,True,True,1.9119072000000725,"[12, 0, 0, 0]"
306.6,CONTROL,117,1,0-1-2-3-4,1,BPo,1003540.0,286.0,True,True,True,40.628027999999276,"[12, 0, 0, 0]"
306.96,CONTROL,117,1,0-1-2-3-4,2,OPA_SUMo,1008996.0,272.0,True,True,True,149.28808719999964,"[12, 0, 0, 0]"
307.32,CONTROL,117,1,0-1-2-3-4,3,SUMo,1010943.0,256.0,True,True,True,188.06395509999967,"[12, 0, 0, 0]"
307.68,CONTROL,117,1,0-1-2-3-4,4,LPo,875002.0,247.0,True,False,True,-2519.296218600001,"[12, 0, 0, 0]"
308.04,CONTROL,118,1,4-3-2-1-0,4,LPo,875032.0,265.0,True,False,True,-2518.6987475999995,"[12, 0, 0, 0]"
308.4,CONTROL,118,1,4-3-2-1-0,3,SUMo,1010936.0,265.0,True,True,True,187.92454520000072,"[12, 0, 0, 0]"
308.76,CONTROL,118,1,4-3-2-1-0,2,OPA_SUMo,1008931.0,272.0,True,True,True,147.9935667000008,"[12, 0, 0, 0]"
309.12,CONTROL,118,1,4-3-2-1-0,1,BPo,1003491.0,259.0,True,True,True,39.65215869999971,"[12, 0, 0, 0]"
309.48,CONTROL,118,1,4-3-2-1-0,0,PGAgain,1001497.0,266.0,True,True,True,-0.05974710000085132,"[12, 0, 0, 0]"
309.84,CONTROL,119,1,0-1-2-3-4,0,PGAgain,1001562.0,262.0,True,True,True,1.2347734000002355,"[12, 0, 0, 0]"
310.2,CONTROL,119,1,0-1-2-3-4,1,BPo,1003511.0,270.0,True,True,True,40.05047269999935,"[12, 0, 0, 0]"
310.56,CONTROL,119,1,0-1-2-3-4,2,OPA_SUMo,1008974.0,251.0,True,True,True,148.84994180000092,"[12, 0, 0, 0]"
310.92,CONTROL,119,1,0-1-2-3-4,3,SUMo,1010958.0,250.0,True,True,True,188.3626905999994,"[12, 0, 0, 0]"
311.28,CONTROL,119,1,0-1-2-3-4,4,LPo,875000.0,299.0,True,False,True,-2519.3360500000003,"[12, 0, 0, 0]"
311.64,CONTROL,120,1,4-3-2-1-0,4,LPo,875000.0,248.0,True,False,True,-2519.3360500000003,"[12, 0, 0, 0]"
312.0,CONTROL,120,1,4-3-2-1-0,3,SUMo,1010925.0,242.0,True,True,True,187.7054724999991,"[12, 0, 0, 0]"
312.36,CONTROL,120,1,4-3-2-1-0,2,OPA_SUMo,1008948.0,260.0,True,True,True,148.3321335999996,"[12, 0, 0, 0]"
312.72,CONTROL,120,1,4-3-2-1-0,1,BPo,1003521.0,255.0,True,True,True,40.24962969999917,"[12, 0, 0, 0]"
313.08,CONTROL,120,1,4-3-2-1-0,0,PGAgain,1001532.0,261.0,True,True,True,0.6373024000007789,"[12, 0, 0, 0]"
313.44,CONTROL,121,1,0-1-2-3-4,0,PGAgain,1001617.0,272.0,True,True,True,2.3301368999992396,"[12, 0, 0, 0]"
313.8,CONTROL,121,1,0-1-2-3-4,1,BPo,1003557.0,285.0,True,True,True,40.96659490000033,"[12, 0, 0, 0]"
314.16,CONTROL,121,1,0-1-2-3-4,2,OPA_SUMo,1009016.0,252.0,True,True,True,149.68640119999927,"[12, 0, 0, 0]"
314.52,CONTROL,121,1,0-1-2-3-4,3,SUMo,1010906.0,272.0,True,True,True,187.327074199999,"[12, 0, 0, 0]"
314.88,CONTROL,121,1,0-1-2-3-4,4,LPo,875000.0,271.0,True,False,True,-2519.3360500000003,"[12, 0, 0, 0]"
315.24,CONTROL,122,1,4-3-2-1-0,4,LPo,875000.0,293.0,True,False,True,-2519.3360500000003,"[12, 0, 0, 0]"
315.6,CONTROL,122,1,4-3-2-1-0,3,SUMo,1010876.0,259.0,True,True,True,186.72960319999953,"[12, 0, 0, 0]"
315.96,CONTROL,122,1,4-3-2-1-0,2,OPA_SUMo,1008911.0,264.0,True,True,True,147.5952526999989,"[12, 0, 0, 0]"
316.32,CONTROL,122,1,4-3-2-1-0,1,BPo,1003513.0,272.0,True,True,True,40.09030410000067,"[12, 0, 0, 0]"
316.68,CONTROL,122,1,4-3-2-1-0,0,PGAgain,1001559.0,288.0,True,True,True,1.1750262999993841,"[12, 0, 0, 0]"
317.04,CONTROL,123,1,0-1-2-3-4,0,PGAgain,1001555.0,247.0,True,True,True,1.0953634999990038,"[12, 0, 0, 0]"
317.4,CONTROL,123,1,0-1-2-3-4,1,BPo,1003454.0,280.0,True,True,True,38.915277799999025,"[12, 0, 0, 0]"
317.76,CONTROL,123,1,0-1-2-3-4,2,OPA_SUMo,1008967.0,267.0,True,True,True,148.7105318999997,"[12, 0, 0, 0]"
318.12,CONTROL,123,1,0-1-2-3-4,3,SUMo,1010923.0,266.0,True,True,True,187.66564110000004,"[12, 0, 0, 0]"
318.48,CONTROL,123,1,0-1-2-3-4,4,LPo,875000.0,265.0,True,False,True,-2519.3360500000003,"[12, 0, 0, 0]"
318.84,CONTROL,124,1,4-3-2-1-0,4,LPo,875000.0,247.0,True,False,True,-2519.3360500000003,"[12, 0, 0, 0]"
319.2,CONTROL,124,1,4-3-2-1-0,3,SUMo,1010898.0,272.0,True,True,True,187.1677486000005,"[12, 0, 0, 0]"
319.56,CONTROL,124,1,4-3-2-1-0,2,OPA_SUMo,1008920.0,277.0,True,True,True,147.77449399999918,"[12, 0, 0, 0]"
319.92,CONTROL,124,1,4-3-2-1-0,1,BPo,1003536.0,279.0,True,True,True,40.5483651999989,"[12, 0, 0, 0]"
320.28,CONTROL,124,1,4-3-2-1-0,0,PGAgain,1001522.0,267.0,True,True,True,0.43814540000096003,"[12, 0, 0, 0]"
320.64,CONTROL,125,1,0-1-2-3-4,0,PGAgain,1001564.0,250.0,True,True,True,1.2746047999992935,"[12, 0, 0, 0]"
321.0,CONTROL,125,1,0-1-2-3-4,1,BPo,1003456.0,269.0,True,True,True,38.955109200000344,"[12, 0, 0, 0]"
321.36,CONTROL,125,1,0-1-2-3-4,2,OPA_SUMo,1008967.0,243.0,True,True,True,148.7105318999997,"[12, 0, 0, 0]"
321.72,CONTROL,125,1,0-1-2-3-4,3,SUMo,1010948.0,259.0,True,True,True,188.1635335999996,"[12, 0, 0, 0]"
322.08,CONTROL,125,1,0-1-2-3-4,4,LPo,875000.0,279.0,True,False,True,-2519.3360500000003,"[12, 0, 0, 0]"
322.44,CONTROL,126,1,4-3-2-1-0,4,LPo,875012.0,275.0,True,False,True,-2519.0970616000013,"[12, 0, 0, 0]"
322.8,CONTROL,126,1,4-3-2-1-0,3,SUMo,1010984.0,286.0,True,True,True,188.88049880000077,"[12, 0, 0, 0]"
323.16,CONTROL,126,1,4-3-2-1-0,2,OPA_SUMo,1008863.0,256.0,True,True,True,146.63929910000112,"[12, 0, 0, 0]"
323.52,CONTROL,126,1,4-3-2-1-0,1,BPo,1003538.0,259.0,True,True,True,40.58819660000022,"[12, 0, 0, 0]"
323.88,CONTROL,126,1,4-3-2-1-0,0,PGAgain,1001581.0,303.0,True,True,False,1.6131717000003443,"[12, 0, 0, 0]"
324.24,CONTROL,127,1,0-1-2-3-4,0,PGAgain,1001573.0,250.0,True,True,True,1.4538460999995835,"[12, 0, 0, 0]"
324.6,CONTROL,127,1,0-1-2-3-4,1,BPo,1003556.0,273.0,True,True,True,40.9466792000008,"[12, 0, 0, 0]"
324.96,CONTROL,127,1,0-1-2-3-4,2,OPA_SUMo,1008945.0,252.0,True,True,True,148.272386500001,"[12, 0, 0, 0]"
325.32,CONTROL,127,1,0-1-2-3-4,3,SUMo,1010912.0,258.0,True,True,True,187.4465684000007,"[12, 0, 0, 0]"
325.68,CONTROL,127,1,0-1-2-3-4,4,LPo,875050.0,267.0,True,False,True,-2518.340265000001,"[12, 0, 0, 0]"
326.04,CONTROL,128,1,4-3-2-1-0,4,LPo,875000.0,253.0,True,False,True,-2519.3360500000003,"[12, 0, 0, 0]"
326.4,CONTROL,128,1,4-3-2-1-0,3,SUMo,1010913.0,260.0,True,True,True,187.46648410000023,"[12, 0, 0, 0]"
326.76,CONTROL,128,1,4-3-2-1-0,2,OPA_SUMo,1008977.0,253.0,True,True,True,148.9096888999995,"[12, 0, 0, 0]"
327.12,CONTROL,128,1,4-3-2-1-0,1,BPo,1003474.0,260.0,True,True,True,39.31359180000093,"[12, 0, 0, 0]"
327.48,CONTROL,128,1,4-3-2-1-0,0,PGAgain,1001554.0,272.0,True,True,True,1.0754477999994747,"[12, 0, 0, 0]"
327.84,CONTROL,129,1,0-1-2-3-4,0,PGAgain,1001587.0,266.0,True,True,True,1.7326658999997828,"[12, 0, 0, 0]"
328.2,CONTROL,129,1,0-1-2-3-4,1,BPo,1003513.0,266.0,True,True,True,40.09030410000067,"[12, 0, 0, 0]"
328.56,CONTROL,129,1,0-1-2-3-4,2,OPA_SUMo,1008967.0,259.0,True,True,True,148.7105318999997,"[12, 0, 0, 0]"
328.92,CONTROL,129,1,0-1-2-3-4,3,SUMo,1011012.0,265.0,True,True,True,189.43813839999888,"[12, 0, 0, 0]"
329.28,CONTROL,129,1,0-1-2-3-4,4,LPo,875007.0,270.0,True,False,True,-2519.1966401000013,"[12, 0, 0, 0]"
329.64,CONTROL,130,1,4-3-2-1-0,4,LPo,875022.0,273.0,True,False,True,-2518.897904599999,"[12, 0, 0, 0]"
330.0,CONTROL,130,1,4-3-2-1-0,3,SUMo,1010938.0,249.0,True,True,True,187.96437659999978,"[12, 0, 0, 0]"
330.36,CONTROL,130,1,4-3-2-1-0,2,OPA_SUMo,1008930.0,263.0,True,True,True,147.97365099999902,"[12, 0, 0, 0]"
330.72,CONTROL,130,1,4-3-2-1-0,1,BPo,1003513.0,249.0,True,True,True,40.09030410000067,"[12, 0, 0, 0]"
331.08,CONTROL,130,1,4-3-2-1-0,0,PGAgain,1001626.0,254.0,True,True,True,2.5093781999995293,"[12, 0, 0, 0]"
331.44,CONTROL,131,1,0-1-2-3-4,0,PGAgain,1001562.0,254.0,True,True,True,1.2347734000002355,"[12, 0, 0, 0]"
331.8,CONTROL,131,1,0-1-2-3-4,1,BPo,1003549.0,258.0,True,True,True,40.80726929999957,"[12, 0, 0, 0]"
332.16,CONTROL,131,1,0-1-2-3-4,2,OPA_SUMo,1008925.0,282.0,True,True,True,147.8740724999991,"[12, 0, 0, 0]"
332.52,CONTROL,131,1,0-1-2-3-4,3,SUMo,1010905.0,266.0,True,True,True,187.30715849999947,"[12, 0, 0, 0]"
332.88,CONTROL,131,1,0-1-2-3-4,4,LPo,875008.0,247.0,True,False,True,-2519.1767243999993,"[12, 0, 0, 0]"
333.24,CONTROL,132,1,4-3-2-1-0,4,LPo,875075.0,261.0,True,False,True,-2517.8423724999993,"[12, 0, 0, 0]"
333.6,CONTROL,132,1,4-3-2-1-0,3,SUMo,1010979.0,270.0,True,True,True,188.78092030000084,"[12, 0, 0, 0]"
333.96,CONTROL,132,1,4-3-2-1-0,2,OPA_SUMo,1008948.0,272.0,True,True,True,148.3321335999996,"[12, 0, 0, 0]"
334.32,CONTROL,132,1,4-3-2-1-0,1,BPo,1003495.0,254.0,True,True,True,39.731821500000095,"[12, 0, 0, 0]"
334.68,CONTROL,132,1,4-3-2-1-0,0,PGAgain,1001501.0,256.0,True,True,True,0.01991569999952906,"[12, 0, 0, 0]"
335.04,CONTROL,133,1,0-1-2-3-4,0,PGAgain,1001577.0,251.0,True,True,True,1.5335088999999638,"[12, 0, 0, 0]"
335.4,CONTROL,133,1,0-1-2-3-4,1,BPo,1003464.0,263.0,True,True,True,39.114434800001106,"[12, 0, 0, 0]"
335.76,CONTROL,133,1,0-1-2-3-4,2,OPA_SUMo,1008903.0,248.0,True,True,True,147.4359271000004,"[12, 0, 0, 0]"
336.12,CONTROL,133,1,0-1-2-3-4,3,SUMo,1010953.0,243.0,True,True,True,188.2631120999995,"[12, 0, 0, 0]"
336.48,CONTROL,133,1,0-1-2-3-4,4,LPo,875049.0,273.0,True,False,True,-2518.3601807000005,"[12, 0, 0, 0]"
336.84,CONTROL,134,1,4-3-2-1-0,4,LPo,875003.0,265.0,True,False,True,-2519.2763028999993,"[12, 0, 0, 0]"
337.2,CONTROL,134,1,4-3-2-1-0,3,SUMo,1010996.0,263.0,True,True,True,189.11948719999964,"[12, 0, 0, 0]"
337.56,CONTROL,134,1,4-3-2-1-0,2,OPA_SUMo,1008964.0,271.0,True,True,True,148.6507848000011,"[12, 0, 0, 0]"
337.92,CONTROL,134,1,4-3-2-1-0,1,BPo,1003452.0,250.0,True,True,True,38.875446399999966,"[12, 0, 0, 0]"
338.28,CONTROL,134,1,4-3-2-1-0,0,PGAgain,1001592.0,260.0,True,True,True,1.8322443999996922,"[12, 0, 0, 0]"
338.64,CONTROL,135,1,0-1-2-3-4,0,PGAgain,1001549.0,245.0,True,True,True,0.9758692999995653,"[12, 0, 0, 0]"
339.0,CONTROL,135,1,0-1-2-3-4,1,BPo,1003424.0,255.0,True,True,True,38.317806799999566,"[12, 0, 0, 0]"
339.36,CONTROL,135,1,0-1-2-3-4,2,OPA_SUMo,1008846.0,244.0,True,True,True,146.30073220000008,"[12, 0, 0, 0]"
339.72,CONTROL,135,1,0-1-2-3-4,3,SUMo,1010967.0,266.0,True,True,True,188.5419318999997,"[12, 0, 0, 0]"
340.08,CONTROL,135,1,0-1-2-3-4,4,LPo,875000.0,269.0,True,False,True,-2519.3360500000003,"[12, 0, 0, 0]"
340.44,CONTROL,136,1,4-3-2-1-0,4,LPo,875062.0,281.0,True,False,True,-2518.1012766,"[12, 0, 0, 0]"
340.8,CONTROL,136,1,4-3-2-1-0,3,SUMo,1010941.0,241.0,True,True,True,188.02412370000062,"[12, 0, 0, 0]"
341.16,CONTROL,136,1,4-3-2-1-0,2,OPA_SUMo,1008928.0,262.0,True,True,True,147.93381959999996,"[12, 0, 0, 0]"
341.52,CONTROL,136,1,4-3-2-1-0,1,BPo,1003468.0,255.0,True,True,True,39.194097599999225,"[12, 0, 0, 0]"
341.88,CONTROL,136,1,4-3-2-1-0,0,PGAgain,1001574.0,264.0,True,True,True,1.4737617999991126,"[12, 0, 0, 0]"
342.24,CONTROL,137,1,0-1-2-3-4,0,PGAgain,1001581.0,262.0,True,True,True,1.6131717000003443,"[12, 0, 0, 0]"
342.6,CONTROL,137,1,0-1-2-3-4,1,BPo,1003529.0,252.0,True,True,True,40.40895529999993,"[12, 0, 0, 0]"
342.96,CONTROL,137,1,0-1-2-3-4,2,OPA_SUMo,1008953.0,247.0,True,True,True,148.4317120999995,"[12, 0, 0, 0]"
343.32,CONTROL,137,1,0-1-2-3-4,3,SUMo,1010945.0,275.0,True,True,True,188.103786500001,"[12, 0, 0, 0]"
343.68,CONTROL,137,1,0-1-2-3-4,4,LPo,875038.0,271.0,True,False,True,-2518.5792533999997,"[12, 0, 0, 0]"
344.04,CONTROL,138,1,4-3-2-1-0,4,LPo,875039.0,272.0,True,False,True,-2518.5593377000005,"[12, 0, 0, 0]"
344.4,CONTROL,138,1,4-3-2-1-0,3,SUMo,1010961.0,261.0,True,True,True,188.42243770000027,"[12, 0, 0, 0]"
344.76,CONTROL,138,1,4-3-2-1-0,2,OPA_SUMo,1008889.0,261.0,True,True,True,147.1571073000002,"[12, 0, 0, 0]"
345.12,CONTROL,138,1,4-3-2-1-0,1,BPo,1003544.0,262.0,True,True,True,40.70769079999966,"[12, 0, 0, 0]"
345.48,CONTROL,138,1,4-3-2-1-0,0,PGAgain,1001561.0,272.0,True,True,True,1.2148577000007066,"[12, 0, 0, 0]"
345.84,CONTROL,139,1,0-1-2-3-4,0,PGAgain,1001594.0,276.0,True,True,True,1.8720758000010145,"[12, 0, 0, 0]"
346.2,CONTROL,139,1,0-1-2-3-4,1,BPo,1003523.0,252.0,True,True,True,40.289461100000494,"[12, 0, 0, 0]"
346.56,CONTROL,139,1,0-1-2-3-4,2,OPA_SUMo,1008912.0,266.0,True,True,True,147.6151684000007,"[12, 0, 0, 0]"
346.92,CONTROL,139,1,0-1-2-3-4,3,SUMo,1010975.0,270.0,True,True,True,188.70125750000045,"[12, 0, 0, 0]"
347.28,CONTROL,139,1,0-1-2-3-4,4,LPo,875000.0,252.0,True,False,True,-2519.3360500000003,"[12, 0, 0, 0]"
347.64,CONTROL,140,1,4-3-2-1-0,4,LPo,875000.0,250.0,True,False,True,-2519.3360500000003,"[12, 0, 0, 0]"
348.0,CONTROL,140,1,4-3-2-1-0,3,SUMo,1010937.0,257.0,True,True,True,187.94446090000025,"[12, 0, 0, 0]"
348.36,CONTROL,140,1,4-3-2-1-0,2,OPA_SUMo,1008896.0,257.0,True,True,True,147.2965171999992,"[12, 0, 0, 0]"
348.72,CONTROL,140,1,4-3-2-1-0,1,BPo,1003550.0,265.0,True,True,True,40.8271849999991,"[12, 0, 0, 0]"
349.08,CONTROL,140,1,4-3-2-1-0,0,PGAgain,1001549.0,281.0,True,True,True,0.9758692999995653,"[12, 0, 0, 0]"
349.44,CONTROL,141,1,0-1-2-3-4,0,PGAgain,1001565.0,276.0,True,True,True,1.2945205000010869,"[12, 0, 0, 0]"
349.8,CONTROL,141,1,0-1-2-3-4,1,BPo,1003507.0,282.0,True,True,True,39.97080989999897,"[12, 0, 0, 0]"
350.16,CONTROL,141,1,0-1-2-3-4,2,OPA_SUMo,1008945.0,267.0,True,True,True,148.272386500001,"[12, 0, 0, 0]"
350.52,CONTROL,141,1,0-1-2-3-4,3,SUMo,1010868.0,286.0,True,True,True,186.57027760000105,"[12, 0, 0, 0]"
350.88,CONTROL,141,1,0-1-2-3-4,4,LPo,875000.0,271.0,True,False,True,-2519.3360500000003,"[12, 0, 0, 0]"
351.24,CONTROL,142,1,4-3-2-1-0,4,LPo,875000.0,270.0,True,False,True,-2519.3360500000003,"[12, 0, 0, 0]"
351.6,CONTROL,142,1,4-3-2-1-0,3,SUMo,1010995.0,255.0,True,True,True,189.0995715000001,"[12, 0, 0, 0]"
351.96,CONTROL,142,1,4-3-2-1-0,2,OPA_SUMo,1008890.0,257.0,True,True,True,147.17702299999974,"[12, 0, 0, 0]"
352.32,CONTROL,142,1,4-3-2-1-0,1,BPo,1003520.0,300.0,True,True,False,40.22971399999964,"[12, 0, 0, 0]"
352.68,CONTROL,142,1,4-3-2-1-0,0,PGAgain,1001589.0,257.0,True,True,True,1.772497300001105,"[12, 0, 0, 0]"
353.04,CONTROL,143,1,0-1-2-3-4,0,PGAgain,1001591.0,252.0,True,True,True,1.812328700000163,"[12, 0, 0, 0]"
353.4,CONTROL,143,1,0-1-2-3-4,1,BPo,1003462.0,273.0,True,True,True,39.07460339999979,"[12, 0, 0, 0]"
353.76,CONTROL,143,1,0-1-2-3-4,2,OPA_SUMo,1008940.0,268.0,True,True,True,148.17280800000108,"[12, 0, 0, 0]"
354.12,CONTROL,143,1,0-1-2-3-4,3,SUMo,1010944.0,286.0,True,True,True,188.0838707999992,"[12, 0, 0, 0]"
354.48,CONTROL,143,1,0-1-2-3-4,4,LPo,875000.0,274.0,True,False,True,-2519.3360500000003,"[12, 0, 0, 0]"
354.84,CONTROL,144,1,4-3-2-1-0,4,LPo,875000.0,267.0,True,False,True,-2519.3360500000003,"[12, 0, 0, 0]"
355.2,CONTROL,144,1,4-3-2-1-0,3,SUMo,1010914.0,241.0,True,True,True,187.48639979999976,"[12, 0, 0, 0]"
355.56,CONTROL,144,1,4-3-2-1-0,2,OPA_SUMo,1008944.0,280.0,True,True,True,148.2524707999992,"[12, 0, 0, 0]"
355.92,CONTROL,144,1,4-3-2-1-0,1,BPo,1003510.0,245.0,True,True,True,40.030556999999824,"[12, 0, 0, 0]"
356.28,CONTROL,144,1,4-3-2-1-0,0,PGAgain,1001618.0,250.0,True,True,True,2.3500526000010327,"[12, 0, 0, 0]"
356.64,CONTROL,145,1,0-1-2-3-4,0,PGAgain,1001580.0,294.0,True,True,True,1.5932560000008151,"[12, 0, 0, 0]"
357.0,CONTROL,145,1,0-1-2-3-4,1,BPo,1003486.0,251.0,True,True,True,39.5525801999998,"[12, 0, 0, 0]"
357.36,CONTROL,145,1,0-1-2-3-4,2,OPA_SUMo,1008921.0,280.0,True,True,True,147.79440970000098,"[12, 0, 0, 0]"
357.72,CONTROL,145,1,0-1-2-3-4,3,SUMo,1010940.0,282.0,True,True,True,188.00420800000109,"[12, 0, 0, 0]"
358.08,CONTROL,145,1,0-1-2-3-4,4,LPo,875036.0,248.0,True,False,True,-2518.619084800001,"[12, 0, 0, 0]"
358.44,CONTROL,146,1,4-3-2-1-0,4,LPo,875000.0,285.0,True,False,True,-2519.3360500000003,"[12, 0, 0, 0]"
358.8,CONTROL,146,1,4-3-2-1-0,3,SUMo,1010921.0,259.0,True,True,True,187.62580970000099,"[12, 0, 0, 0]"
359.16,CONTROL,146,1,4-3-2-1-0,2,OPA_SUMo,1008927.0,261.0,True,True,True,147.91390390000043,"[12, 0, 0, 0]"
359.52,CONTROL,146,1,4-3-2-1-0,1,BPo,1003517.0,265.0,True,True,True,40.16996690000105,"[12, 0, 0, 0]"
359.88,CONTROL,146,1,4-3-2-1-0,0,PGAgain,1001610.0,250.0,True,True,True,2.1907270000002717,"[12, 0, 0, 0]"
360.24,CONTROL,147,1,0-1-2-3-4,0,PGAgain,1001636.0,273.0,True,True,True,2.708535199999348,"[12, 0, 0, 0]"
360.6,CONTROL,147,1,0-1-2-3-4,1,BPo,1003445.0,279.0,True,True,True,38.736036500001,"[12, 0, 0, 0]"
360.96,CONTROL,147,1,0-1-2-3-4,2,OPA_SUMo,1008915.0,285.0,True,True,True,147.6749154999993,"[12, 0, 0, 0]"
361.32,CONTROL,147,1,0-1-2-3-4,3,SUMo,1010928.0,271.0,True,True,True,187.76521959999997,"[12, 0, 0, 0]"
361.68,CONTROL,147,1,0-1-2-3-4,4,LPo,875000.0,280.0,True,False,True,-2519.3360500000003,"[12, 0, 0, 0]"
362.04,CONTROL,148,1,4-3-2-1-0,4,LPo,875000.0,258.0,True,False,True,-2519.3360500000003,"[12, 0, 0, 0]"
362.4,CONTROL,148,1,4-3-2-1-0,3,SUMo,1010911.0,271.0,True,True,True,187.4266526999989,"[12, 0, 0, 0]"
362.76,CONTROL,148,1,4-3-2-1-0,2,OPA_SUMo,1008947.0,273.0,True,True,True,148.31221790000006,"[12, 0, 0, 0]"
363.12,CONTROL,148,1,4-3-2-1-0,1,BPo,1003507.0,252.0,True,True,True,39.97080989999897,"[12, 0, 0, 0]"
363.48,CONTROL,148,1,4-3-2-1-0,0,PGAgain,1001596.0,261.0,True,True,True,1.9119072000000725,"[12, 0, 0, 0]"
363.84,CONTROL,149,1,0-1-2-3-4,0,PGAgain,1001574.0,260.0,True,True,True,1.4737617999991126,"[12, 0, 0, 0]"
364.2,CONTROL,149,1,0-1-2-3-4,1,BPo,1003506.0,270.0,True,True,True,39.95089419999944,"[12, 0, 0, 0]"
364.56,CONTROL,149,1,0-1-2-3-4,2,OPA_SUMo,1008964.0,254.0,True,True,True,148.6507848000011,"[12, 0, 0, 0]"
364.92,CONTROL,149,1,0-1-2-3-4,3,SUMo,1010950.0,250.0,True,True,True,188.20336500000093,"[12, 0, 0, 0]"
365.28,CONTROL,149,1,0-1-2-3-4,4,LPo,875021.0,257.0,True,False,True,-2518.917820300001,"[12, 0, 0, 0]"
365.64,CONTROL,150,1,4-3-2-1-0,4,LPo,875000.0,271.0,True,False,True,-2519.3360500000003,"[12, 0, 0, 0]"
366.0,CONTROL,150,1,4-3-2-1-0,3,SUMo,1010856.0,260.0,True,True,True,186.3312891999999,"[12, 0, 0, 0]"
366.36,CONTROL,150,1,4-3-2-1-0,2,OPA_SUMo,1008940.0,249.0,True,True,True,148.17280800000108,"[12, 0, 0, 0]"
366.72,CONTROL,150,1,4-3-2-1-0,1,BPo,1003524.0,258.0,True,True,True,40.30937680000002,"[12, 0, 0, 0]"
367.08,CONTROL,150,1,4-3-2-1-0,0,PGAgain,1001573.0,264.0,True,True,True,1.4538460999995835,"[12, 0, 0, 0]"
367.44,CONTROL,151,1,0-1-2-3-4,0,PGAgain,1001614.0,292.0,True,True,True,2.270389800000652,"[12, 0, 0, 0]"
367.8,CONTROL,151,1,0-1-2-3-4,1,BPo,1003491.0,280.0,True,True,True,39.65215869999971,"[12, 0, 0, 0]"
368.16,CONTROL,151,1,0-1-2-3-4,2,OPA_SUMo,1008890.0,258.0,True,True,True,147.17702299999974,"[12, 0, 0, 0]"
368.52,CONTROL,151,1,0-1-2-3-4,3,SUMo,1010885.0,264.0,True,True,True,186.90884449999982,"[12, 0, 0, 0]"
368.88,CONTROL,151,1,0-1-2-3-4,4,LPo,875000.0,268.0,True,False,True,-2519.3360500000003,"[12, 0, 0, 0]"
369.24,CONTROL,152,1,4-3-2-1-0,4,LPo,875038.0,269.0,True,False,True,-2518.5792533999997,"[12, 0, 0, 0]"
369.6,CONTROL,152,1,4-3-2-1-0,3,SUMo,1010891.0,269.0,True,True,True,187.02833869999927,"[12, 0, 0, 0]"
369.96,CONTROL,152,1,4-3-2-1-0,2,OPA_SUMo,1008954.0,261.0,True,True,True,148.45162779999902,"[12, 0, 0, 0]"
370.32,CONTROL,152,1,4-3-2-1-0,1,BPo,1003522.0,301.0,True,True,False,40.269545400000965,"[12, 0, 0, 0]"
370.68,CONTROL,152,1,4-3-2-1-0,0,PGAgain,1001581.0,252.0,True,True,True,1.6131717000003443,"[12, 0, 0, 0]"
371.04,CONTROL,153,1,0-1-2-3-4,0,PGAgain,1001581.0,265.0,True,True,True,1.6131717000003443,"[12, 0, 0, 0]"
371.4,CONTROL,153,1,0-1-2-3-4,1,BPo,1003560.0,250.0,True,True,True,41.02634199999891,"[12, 0, 0, 0]"
371.76,CONTROL,153,1,0-1-2-3-4,2,OPA_SUMo,1008978.0,264.0,True,True,True,148.92960459999904,"[12, 0, 0, 0]"
372.12,CONTROL,153,1,0-1-2-3-4,3,SUMo,1010975.0,255.0,True,True,True,188.70125750000045,"[12, 0, 0, 0]"
372.48,CONTROL,153,1,0-1-2-3-4,4,LPo,875000.0,249.0,True,False,True,-2519.3360500000003,"[12, 0, 0, 0]"
372.84,CONTROL,154,1,4-3-2-1-0,4,LPo,875000.0,268.0,True,False,True,-2519.3360500000003,"[12, 0, 0, 0]"
373.2,CONTROL,154,1,4-3-2-1-0,3,SUMo,1010901.0,255.0,True,True,True,187.22749569999908,"[12, 0, 0, 0]"
373.56,CONTROL,154,1,4-3-2-1-0,2,OPA_SUMo,1008833.0,264.0,True,True,True,146.0418280999994,"[12, 0, 0, 0]"
373.92,CONTROL,154,1,4-3-2-1-0,1,BPo,1003506.0,245.0,True,True,True,39.95089419999944,"[12, 0, 0, 0]"
374.28,CONTROL,154,1,4-3-2-1-0,0,PGAgain,1001537.0,265.0,True,True,True,0.7368809000006883,"[12, 0, 0, 0]"
374.64,CONTROL,155,1,0-1-2-3-4,0,PGAgain,1001658.0,254.0,True,True,True,3.146680600000308,"[12, 0, 0, 0]"
375.0,CONTROL,155,1,0-1-2-3-4,1,BPo,1003577.0,266.0,True,True,True,41.36490889999997,"[12, 0, 0, 0]"
375.36,CONTROL,155,1,0-1-2-3-4,2,OPA_SUMo,1008874.0,247.0,True,True,True,146.85837180000047,"[12, 0, 0, 0]"
375.72,CONTROL,155,1,0-1-2-3-4,3,SUMo,1010872.0,259.0,True,True,True,186.64994039999917,"[12, 0, 0, 0]"
376.08,CONTROL,155,1,0-1-2-3-4,4,LPo,875068.0,256.0,True,False,True,-2517.9817824000006,"[12, 0, 0, 0]"
376.44,CONTROL,156,1,4-3-2-1-0,4,LPo,875000.0,255.0,True,False,True,-2519.3360500000003,"[12, 0, 0, 0]"
376.8,CONTROL,156,1,4-3-2-1-0,3,SUMo,1010948.0,269.0,True,True,True,188.1635335999996,"[12, 0, 0, 0]"
377.16,CONTROL,156,1,4-3-2-1-0,2,OPA_SUMo,1008931.0,287.0,True,True,True,147.9935667000008,"[12, 0, 0, 0]"
377.52,CONTROL,156,1,4-3-2-1-0,1,BPo,1003562.0,276.0,True,True,True,41.06617340000024,"[12, 0, 0, 0]"
377.88,CONTROL,156,1,4-3-2-1-0,0,PGAgain,1001584.0,270.0,True,True,True,1.6729187999989314,"[12, 0, 0, 0]"
378.24,CONTROL,157,1,0-1-2-3-4,0,PGAgain,1001604.0,255.0,True,True,True,2.0712328000008333,"[12, 0, 0, 0]"
378.6,CONTROL,157,1,0-1-2-3-4,1,BPo,1003550.0,254.0,True,True,True,40.8271849999991,"[12, 0, 0, 0]"
378.96,CONTROL,157,1,0-1-2-3-4,2,OPA_SUMo,1008927.0,252.0,True,True,True,147.91390390000043,"[12, 0, 0, 0]"
379.32,CONTROL,157,1,0-1-2-3-4,3,SUMo,1010932.0,272.0,True,True,True,187.84488240000033,"[12, 0, 0, 0]"
379.68,CONTROL,157,1,0-1-2-3-4,4,LPo,875000.0,253.0,True,False,True,-2519.3360500000003,"[12, 0, 0, 0]"
380.04,CONTROL,158,1,4-3-2-1-0,4,LPo,875000.0,273.0,True,False,True,-2519.3360500000003,"[12, 0, 0, 0]"
380.4,CONTROL,158,1,4-3-2-1-0,3,SUMo,1010873.0,265.0,True,True,True,186.66985610000094,"[12, 0, 0, 0]"
380.76,CONTROL,158,1,4-3-2-1-0,2,OPA_SUMo,1008840.0,291.0,True,True,True,146.18123800000063,"[12, 0, 0, 0]"
381.12,CONTROL,158,1,4-3-2-1-0,1,BPo,1003457.0,255.0,True,True,True,38.97502489999987,"[12, 0, 0, 0]"
381.48,CONTROL,158,1,4-3-2-1-0,0,PGAgain,1001497.0,242.0,True,True,True,-0.05974710000085132,"[12, 0, 0, 0]"
381.84,CONTROL,159,1,0-1-2-3-4,0,PGAgain,1001606.0,258.0,True,True,True,2.1110641999998916,"[12, 0, 0, 0]"
382.2,CONTROL,159,1,0-1-2-3-4,1,BPo,1003484.0,264.0,True,True,True,39.51274880000074,"[12, 0, 0, 0]"
382.56,CONTROL,159,1,0-1-2-3-4,2,OPA_SUMo,1008869.0,284.0,True,True,True,146.75879330000058,"[12, 0, 0, 0]"
382.92,CONTROL,159,1,0-1-2-3-4,3,SUMo,1010907.0,263.0,True,True,True,187.34698990000078,"[12, 0, 0, 0]"
383.28,CONTROL,159,1,0-1-2-3-4,4,LPo,875008.0,255.0,True,False,True,-2519.1767243999993,"[12, 0, 0, 0]"
383.64,CONTROL,160,1,4-3-2-1-0,4,LPo,875038.0,265.0,True,False,True,-2518.5792533999997,"[12, 0, 0, 0]"
384.0,CONTROL,160,1,4-3-2-1-0,3,SUMo,1010922.0,259.0,True,True,True,187.64572540000052,"[12, 0, 0, 0]"
384.36,CONTROL,160,1,4-3-2-1-0,2,OPA_SUMo,1008830.0,274.0,True,True,True,145.98208100000082,"[12, 0, 0, 0]"
384.72,CONTROL,160,1,4-3-2-1-0,1,BPo,1003523.0,251.0,True,True,True,40.289461100000494,"[12, 0, 0, 0]"
385.08,CONTROL,160,1,4-3-2-1-0,0,PGAgain,1001587.0,259.0,True,True,True,1.7326658999997828,"[12, 0, 0, 0]"
385.44,CONTROL,161,1,0-1-2-3-4,0,PGAgain,1001609.0,252.0,True,True,True,2.170811300000743,"[12, 0, 0, 0]"
385.8,CONTROL,161,1,0-1-2-3-4,1,BPo,1003463.0,271.0,True,True,True,39.09451909999932,"[12, 0, 0, 0]"
386.16,CONTROL,161,1,0-1-2-3-4,2,OPA_SUMo,1009008.0,278.0,True,True,True,149.52707560000076,"[12, 0, 0, 0]"
386.52,CONTROL,161,1,0-1-2-3-4,3,SUMo,1010916.0,252.0,True,True,True,187.5262312000011,"[12, 0, 0, 0]"
386.88,CONTROL,161,1,0-1-2-3-4,4,LPo,875000.0,260.0,True,False,True,-2519.3360500000003,"[12, 0, 0, 0]"
387.24,CONTROL,162,1,4-3-2-1-0,4,LPo,875001.0,248.0,True,False,True,-2519.3161343000006,"[12, 0, 0, 0]"
387.6,CONTROL,162,1,4-3-2-1-0,3,SUMo,1010942.0,252.0,True,True,True,188.04403940000014,"[12, 0, 0, 0]"
387.96,CONTROL,162,1,4-3-2-1-0,2,OPA_SUMo,1008901.0,246.0,True,True,True,147.39609569999908,"[12, 0, 0, 0]"
388.32,CONTROL,162,1,4-3-2-1-0,1,BPo,1003479.0,260.0,True,True,True,39.413170300000836,"[12, 0, 0, 0]"
388.68,CONTROL,162,1,4-3-2-1-0,0,PGAgain,1001588.0,253.0,True,True,True,1.7525815999993117,"[12, 0, 0, 0]"
389.04,CONTROL,163,1,0-1-2-3-4,0,PGAgain,1001570.0,247.0,True,True,True,1.3940990000009963,"[12, 0, 0, 0]"
389.4,CONTROL,163,1,0-1-2-3-4,1,BPo,1003418.0,264.0,True,True,True,38.19831260000013,"[12, 0, 0, 0]"
389.76,CONTROL,163,1,0-1-2-3-4,2,OPA_SUMo,1008962.0,261.0,True,True,True,148.6109533999998,"[12, 0, 0, 0]"
390.12,CONTROL,163,1,0-1-2-3-4,3,SUMo,1010892.0,290.0,True,True,True,187.04825440000107,"[12, 0, 0, 0]"
390.48,CONTROL,163,1,0-1-2-3-4,4,LPo,875000.0,282.0,True,False,True,-2519.3360500000003,"[12, 0, 0, 0]"
390.84,CONTROL,164,1,4-3-2-1-0,4,LPo,875010.0,245.0,True,False,True,-2519.1368930000003,"[12, 0, 0, 0]"
391.2,CONTROL,164,1,4-3-2-1-0,3,SUMo,1010865.0,257.0,True,True,True,186.5105305000002,"[12, 0, 0, 0]"
391.56,CONTROL,164,1,4-3-2-1-0,2,OPA_SUMo,1008923.0,264.0,True,True,True,147.83424110000004,"[12, 0, 0, 0]"
391.92,CONTROL,164,1,4-3-2-1-0,1,BPo,1003489.0,252.0,True,True,True,39.61232730000066,"[12, 0, 0, 0]"
392.28,CONTROL,164,1,4-3-2-1-0,0,PGAgain,1001585.0,266.0,True,True,True,1.6928345000007246,"[12, 0, 0, 0]"
392.64,CONTROL,165,1,0-1-2-3-4,0,PGAgain,1001564.0,288.0,True,True,True,1.2746047999992935,"[12, 0, 0, 0]"
393.0,CONTROL,165,1,0-1-2-3-4,1,BPo,1003551.0,254.0,True,True,True,40.84710070000089,"[12, 0, 0, 0]"
393.36,CONTROL,165,1,0-1-2-3-4,2,OPA_SUMo,1008940.0,266.0,True,True,True,148.17280800000108,"[12, 0, 0, 0]"
393.72,CONTROL,165,1,0-1-2-3-4,3,SUMo,1010918.0,251.0,True,True,True,187.56606260000012,"[12, 0, 0, 0]"
394.08,CONTROL,165,1,0-1-2-3-4,4,LPo,875012.0,244.0,True,False,True,-2519.0970616000013,"[12, 0, 0, 0]"
394.44,CONTROL,166,1,4-3-2-1-0,4,LPo,875000.0,271.0,True,False,True,-2519.3360500000003,"[12, 0, 0, 0]"
394.8,CONTROL,166,1,4-3-2-1-0,3,SUMo,1010959.0,258.0,True,True,True,188.38260629999894,"[12, 0, 0, 0]"
395.16,CONTROL,166,1,4-3-2-1-0,2,OPA_SUMo,1008870.0,257.0,True,True,True,146.7787090000001,"[12, 0, 0, 0]"
395.52,CONTROL,166,1,4-3-2-1-0,1,BPo,1003485.0,268.0,True,True,True,39.53266450000027,"[12, 0, 0, 0]"
395.88,CONTROL,166,1,4-3-2-1-0,0,PGAgain,1001564.0,267.0,True,True,True,1.2746047999992935,"[12, 0, 0, 0]"
396.24,CONTROL,167,1,0-1-2-3-4,0,PGAgain,1001596.0,251.0,True,True,True,1.9119072000000725,"[12, 0, 0, 0]"
396.6,CONTROL,167,1,0-1-2-3-4,1,BPo,1003524.0,265.0,True,True,True,40.30937680000002,"[12, 0, 0, 0]"
396.96,CONTROL,167,1,0-1-2-3-4,2,OPA_SUMo,1008909.0,247.0,True,True,True,147.55542129999984,"[12, 0, 0, 0]"
397.32,CONTROL,167,1,0-1-2-3-4,3,SUMo,1010996.0,257.0,True,True,True,189.11948719999964,"[12, 0, 0, 0]"
397.68,CONTROL,167,1,0-1-2-3-4,4,LPo,875033.0,275.0,True,False,True,-2518.6788318999998,"[12, 0, 0, 0]"
401.04,BARRIDO,1,1,0-1-2-3-4,0,PGAgain,1001550.0,266.0,True,True,True,0.9957849999990944,"[12, 0, 0, 0]"
401.4,BARRIDO,1,1,0-1-2-3-4,1,BPo,1003467.0,261.0,True,True,True,39.174181899999695,"[12, 0, 0, 0]"
401.76,BARRIDO,1,1,0-1-2-3-4,2,OPA_SUMo,1008924.0,251.0,True,True,True,147.85415679999957,"[12, 0, 0, 0]"
402.12,BARRIDO,1,1,0-1-2-3-4,3,SUMo,1010929.0,247.0,True,True,True,187.7851352999995,"[12, 0, 0, 0]"
402.48,BARRIDO,1,1,0-1-2-3-4,4,LPo,875043.0,294.0,True,False,True,-2518.4796749,"[12, 0, 0, 0]"
402.84,BARRIDO,1,1,4-3-2-1-0,4,LPo,875057.0,272.0,True,False,True,-2518.2008551,"[12, 0, 0, 0]"
403.2,BARRIDO,1,1,4-3-2-1-0,3,SUMo,1010944.0,273.0,True,True,True,188.0838707999992,"[12, 0, 0, 0]"
403.56,BARRIDO,1,1,4-3-2-1-0,2,OPA_SUMo,1008955.0,261.0,True,True,True,148.47154350000082,"[12, 0, 0, 0]"
403.92,BARRIDO,1,1,4-3-2-1-0,1,BPo,1003508.0,262.0,True,True,True,39.990725600000765,"[12, 0, 0, 0]"
404.28,BARRIDO,1,1,4-3-2-1-0,0,PGAgain,1001511.0,262.0,True,True,True,0.21907269999934795,"[12, 0, 0, 0]"
407.64,BARRIDO,1,2,0-1-2-3-4,0,PGAgain,1001629.0,256.0,True,True,True,2.5691253000003806,"[12, 0, 0, 0]"
408.0,BARRIDO,1,2,0-1-2-3-4,1,BPo,1003519.0,312.0,True,True,False,40.20979830000011,"[12, 0, 0, 0]"
408.36,BARRIDO,1,2,0-1-2-3-4,2,OPA_SUMo,1008885.0,265.0,True,True,True,147.0774444999998,"[12, 0, 0, 0]"
408.72,BARRIDO,1,2,0-1-2-3-4,3,SUMo,1018367.0,265.0,True,True,True,335.91811189999925,"[12, 0, 0, 0]"
409.08,BARRIDO,1,2,0-1-2-3-4,4,LPo,875078.0,265.0,True,False,True,-2517.7826254000006,"[12, 0, 0, 0]"
409.44,BARRIDO,1,2,4-3-2-1-0,4,LPo,875086.0,260.0,True,False,True,-2517.6232998,"[12, 0, 0, 0]"
409.8,BARRIDO,1,2,4-3-2-1-0,3,SUMo,1018335.0,266.0,True,True,True,335.2808095000007,"[12, 0, 0, 0]"
410.16,BARRIDO,1,2,4-3-2-1-0,2,OPA_SUMo,1008935.0,272.0,True,True,True,148.07322949999892,"[12, 0, 0, 0]"
410.52,BARRIDO,1,2,4-3-2-1-0,1,BPo,1003594.0,252.0,True,True,True,41.703475800001016,"[12, 0, 0, 0]"
410.88,BARRIDO,1,2,4-3-2-1-0,0,PGAgain,1001568.0,295.0,True,True,True,1.354267599999674,"[12, 0, 0, 0]"
414.24,BARRIDO,1,4,0-1-2-3-4,0,PGAgain,1001568.0,307.0,True,True,False,1.354267599999674,"[12, 0, 0, 0]"
414.6,BARRIDO,1,4,0-1-2-3-4,1,BPo,1003515.0,252.0,True,True,True,40.13013549999973,"[12, 0, 0, 0]"
414.96,BARRIDO,1,4,0-1-2-3-4,2,OPA_SUMo,1008958.0,255.0,True,True,True,148.5312905999994,"[12, 0, 0, 0]"
415.32,BARRIDO,1,4,0-1-2-3-4,3,SUMo,1033184.0,259.0,True,True,True,631.0090387999994,"[12, 0, 0, 0]"
415.68,BARRIDO,1,4,0-1-2-3-4,4,LPo,875025.0,246.0,True,False,True,-2518.8381575000008,"[12, 0, 0, 0]"
416.04,BARRIDO,1,4,4-3-2-1-0,4,LPo,875004.0,276.0,True,False,True,-2519.2563871999996,"[12, 0, 0, 0]"
416.4,BARRIDO,1,4,4-3-2-1-0,3,SUMo,1033180.0,270.0,True,True,True,630.9293760000013,"[12, 0, 0, 0]"
416.76,BARRIDO,1,4,4-3-2-1-0,2,OPA_SUMo,1008973.0,259.0,True,True,True,148.83002609999915,"[12, 0, 0, 0]"
417.12,BARRIDO,1,4,4-3-2-1-0,1,BPo,1003430.0,244.0,True,True,True,38.437300999999,"[12, 0, 0, 0]"
417.48,BARRIDO,1,4,4-3-2-1-0,0,PGAgain,1001598.0,256.0,True,True,True,1.9517385999991306,"[12, 0, 0, 0]"
420.84,BARRIDO,1,8,0-1-2-3-4,0,PGAgain,1001570.0,303.0,True,True,False,1.3940990000009963,"[12, 0, 0, 0]"
421.2,BARRIDO,1,8,0-1-2-3-4,1,BPo,1003541.0,298.0,True,True,True,40.64794370000107,"[12, 0, 0, 0]"
421.56,BARRIDO,1,8,0-1-2-3-4,2,OPA_SUMo,1008920.0,270.0,True,True,True,147.77449399999918,"[12, 0, 0, 0]"
421.92,BARRIDO,1,8,0-1-2-3-4,3,SUMo,1062946.0,308.0,True,True,False,1223.7401021999983,"[12, 0, 0, 0]"
422.28,BARRIDO,1,8,0-1-2-3-4,4,LPo,875086.0,250.0,True,False,True,-2517.6232998,"[12, 0, 0, 0]"
422.64,BARRIDO,1,8,4-3-2-1-0,4,LPo,875042.0,283.0,True,False,True,-2518.4995905999995,"[12, 0, 0, 0]"
423.0,BARRIDO,1,8,4-3-2-1-0,3,SUMo,1062929.0,263.0,True,True,True,1223.4015353000018,"[12, 0, 0, 0]"
423.36,BARRIDO,1,8,4-3-2-1-0,2,OPA_SUMo,1008976.0,281.0,True,True,True,148.88977319999998,"[12, 0, 0, 0]"
423.72,BARRIDO,1,8,4-3-2-1-0,1,BPo,1003517.0,258.0,True,True,True,40.16996690000105,"[12, 0, 0, 0]"
424.08,BARRIDO,1,8,4-3-2-1-0,0,PGAgain,1001581.0,251.0,True,True,True,1.6131717000003443,"[12, 0, 0, 0]"
427.44,BARRIDO,1,16,0-1-2-3-4,0,PGAgain,1001585.0,269.0,True,True,True,1.6928345000007246,"[12, 0, 0, 0]"
427.8,BARRIDO,1,16,0-1-2-3-4,1,BPo,1003469.0,252.0,True,True,True,39.214013300001014,"[12, 0, 0, 0]"
428.16,BARRIDO,1,16,0-1-2-3-4,2,OPA_SUMo,1008961.0,247.0,True,True,True,148.59103770000027,"[12, 0, 0, 0]"
428.52,BARRIDO,1,16,0-1-2-3-4,3,SUMo,1122506.0,282.0,True,True,True,2409.919194200002,"[12, 0, 0, 0]"
428.88,BARRIDO,1,16,0-1-2-3-4,4,LPo,875022.0,283.0,True,False,True,-2518.897904599999,"[12, 0, 0, 0]"
429.24,BARRIDO,1,16,4-3-2-1-0,4,LPo,875014.0,256.0,True,False,True,-2519.0572302,"[12, 0, 0, 0]"
429.6,BARRIDO,1,16,4-3-2-1-0,3,SUMo,1122527.0,291.0,True,True,True,2410.337423900001,"[12, 0, 0, 0]"
429.96,BARRIDO,1,16,4-3-2-1-0,2,OPA_SUMo,1008903.0,256.0,True,True,True,147.4359271000004,"[12, 0, 0, 0]"
430.32,BARRIDO,1,16,4-3-2-1-0,1,BPo,1003501.0,274.0,True,True,True,39.85131569999953,"[12, 0, 0, 0]"
430.68,BARRIDO,1,16,4-3-2-1-0,0,PGAgain,1001582.0,247.0,True,True,True,1.6330873999998734,"[12, 0, 0, 0]"
434.04,BARRIDO,1,24,0-1-2-3-4,0,PGAgain,1001545.0,272.0,True,True,True,0.896206499999185,"[12, 0, 0, 0]"
434.4,BARRIDO,1,24,0-1-2-3-4,1,BPo,1003571.0,279.0,True,True,True,41.24541470000053,"[12, 0, 0, 0]"
434.76,BARRIDO,1,24,0-1-2-3-4,2,OPA_SUMo,1008968.0,270.0,True,True,True,148.73044759999922,"[12, 0, 0, 0]"
435.12,BARRIDO,1,24,0-1-2-3-4,3,SUMo,1128000.0,251.0,True,False,True,2519.3360500000003,"[12, 0, 0, 0]"
435.48,BARRIDO,1,24,0-1-2-3-4,4,LPo,875000.0,256.0,True,False,True,-2519.3360500000003,"[12, 0, 0, 0]"
435.84,BARRIDO,1,24,4-3-2-1-0,4,LPo,875028.0,258.0,True,False,True,-2518.7784103999998,"[12, 0, 0, 0]"
436.2,BARRIDO,1,24,4-3-2-1-0,3,SUMo,1128000.0,244.0,True,False,True,2519.3360500000003,"[12, 0, 0, 0]"
436.56,BARRIDO,1,24,4-3-2-1-0,2,OPA_SUMo,1008944.0,257.0,True,True,True,148.2524707999992,"[12, 0, 0, 0]"
436.92,BARRIDO,1,24,4-3-2-1-0,1,BPo,1003507.0,246.0,True,True,True,39.97080989999897,"[12, 0, 0, 0]"
437.28,BARRIDO,1,24,4-3-2-1-0,0,PGAgain,1001618.0,262.0,True,True,True,2.3500526000010327,"[12, 0, 0, 0]"
440.64,BARRIDO,1,32,0-1-2-3-4,0,PGAgain,1001562.0,266.0,True,True,True,1.2347734000002355,"[12, 0, 0, 0]"
441.0,BARRIDO,1,32,0-1-2-3-4,1,BPo,1003516.0,245.0,True,True,True,40.15005119999926,"[12, 0, 0, 0]"
441.36,BARRIDO,1,32,0-1-2-3-4,2,OPA_SUMo,1008954.0,257.0,True,True,True,148.45162779999902,"[12, 0, 0, 0]"
441.72,BARRIDO,1,32,0-1-2-3-4,3,SUMo,1128000.0,275.0,True,False,True,2519.3360500000003,"[12, 0, 0, 0]"
442.08,BARRIDO,1,32,0-1-2-3-4,4,LPo,875000.0,295.0,True,False,True,-2519.3360500000003,"[12, 0, 0, 0]"
442.44,BARRIDO,1,32,4-3-2-1-0,4,LPo,875013.0,269.0,True,False,True,-2519.0771458999993,"[12, 0, 0, 0]"
442.8,BARRIDO,1,32,4-3-2-1-0,3,SUMo,1128000.0,255.0,True,False,True,2519.3360500000003,"[12, 0, 0, 0]"
443.16,BARRIDO,1,32,4-3-2-1-0,2,OPA_SUMo,1008911.0,275.0,True,True,True,147.5952526999989,"[12, 0, 0, 0]"
443.52,BARRIDO,1,32,4-3-2-1-0,1,BPo,1003428.0,251.0,True,True,True,38.39746959999995,"[12, 0, 0, 0]"
443.88,BARRIDO,1,32,4-3-2-1-0,0,PGAgain,1001533.0,267.0,True,True,True,0.657218100000308,"[12, 0, 0, 0]"
447.24,BARRIDO,1,48,0-1-2-3-4,0,PGAgain,1001594.0,255.0,True,True,True,1.8720758000010145,"[12, 0, 0, 0]"
447.6,BARRIDO,1,48,0-1-2-3-4,1,BPo,1003483.0,258.0,True,True,True,39.492833099998954,"[12, 0, 0, 0]"
447.96,BARRIDO,1,48,0-1-2-3-4,2,OPA_SUMo,1008936.0,261.0,True,True,True,148.09314520000072,"[12, 0, 0, 0]"
448.32,BARRIDO,1,48,0-1-2-3-4,3,SUMo,1128000.0,262.0,True,False,True,2519.3360500000003,"[12, 0, 0, 0]"
448.68,BARRIDO,1,48,0-1-2-3-4,4,LPo,875080.0,285.0,True,False,True,-2517.7427939999993,"[12, 0, 0, 0]"
449.04,BARRIDO,1,48,4-3-2-1-0,4,LPo,875000.0,252.0,True,False,True,-2519.3360500000003,"[12, 0, 0, 0]"
449.4,BARRIDO,1,48,4-3-2-1-0,3,SUMo,1128000.0,250.0,True,False,True,2519.3360500000003,"[12, 0, 0, 0]"
449.76,BARRIDO,1,48,4-3-2-1-0,2,OPA_SUMo,1008905.0,264.0,True,True,True,147.47575849999947,"[12, 0, 0, 0]"
450.12,BARRIDO,1,48,4-3-2-1-0,1,BPo,1003464.0,244.0,True,True,True,39.114434800001106,"[12, 0, 0, 0]"
450.48,BARRIDO,1,48,4-3-2-1-0,0,PGAgain,1001565.0,248.0,True,True,True,1.2945205000010869,"[12, 0, 0, 0]"
453.84,BARRIDO,1,50,0-1-2-3-4,0,PGAgain,1001501.0,246.0,True,True,True,0.01991569999952906,"[12, 0, 0, 0]"
454.2,BARRIDO,1,50,0-1-2-3-4,1,BPo,1003498.0,292.0,True,True,True,39.79156860000094,"[12, 0, 0, 0]"
454.56,BARRIDO,1,50,0-1-2-3-4,2,OPA_SUMo,1009023.0,297.0,True,True,True,149.8258111000005,"[12, 0, 0, 0]"
454.92,BARRIDO,1,50,0-1-2-3-4,3,SUMo,1128000.0,256.0,True,False,True,2519.3360500000003,"[12, 0, 0, 0]"
455.28,BARRIDO,1,50,0-1-2-3-4,4,LPo,875000.0,249.0,True,False,True,-2519.3360500000003,"[12, 0, 0, 0]"
455.64,BARRIDO,1,50,4-3-2-1-0,4,LPo,875000.0,278.0,True,False,True,-2519.3360500000003,"[12, 0, 0, 0]"
456.0,BARRIDO,1,50,4-3-2-1-0,3,SUMo,1128000.0,245.0,True,False,True,2519.3360500000003,"[12, 0, 0, 0]"
456.36,BARRIDO,1,50,4-3-2-1-0,2,OPA_SUMo,1008969.0,242.0,True,True,True,148.75036330000103,"[12, 0, 0, 0]"
456.72,BARRIDO,1,50,4-3-2-1-0,1,BPo,1003510.0,251.0,True,True,True,40.030556999999824,"[12, 0, 0, 0]"
457.08,BARRIDO,1,50,4-3-2-1-0,0,PGAgain,1001609.0,279.0,True,True,True,2.170811300000743,"[12, 0, 0, 0]"
460.44,BARRIDO,1,50,0-1-2-3-4,0,PGAgain,1001576.0,254.0,True,True,True,1.5135932000004348,"[12, 0, 0, 0]"
460.8,BARRIDO,1,50,0-1-2-3-4,1,BPo,1003527.0,269.0,True,True,True,40.36912390000087,"[12, 0, 0, 0]"
461.16,BARRIDO,1,50,0-1-2-3-4,2,OPA_SUMo,1008925.0,252.0,True,True,True,147.8740724999991,"[12, 0, 0, 0]"
461.52,BARRIDO,1,50,0-1-2-3-4,3,SUMo,1128000.0,286.0,True,False,True,2519.3360500000003,"[12, 0, 0, 0]"
461.88,BARRIDO,1,50,0-1-2-3-4,4,LPo,875014.0,294.0,True,False,True,-2519.0572302,"[12, 0, 0, 0]"
462.24,BARRIDO,1,50,4-3-2-1-0,4,LPo,875000.0,300.0,True,False,False,-2519.3360500000003,"[12, 0, 0, 0]"
462.6,BARRIDO,1,50,4-3-2-1-0,3,SUMo,1128000.0,245.0,True,False,True,2519.3360500000003,"[12, 0, 0, 0]"
462.96,BARRIDO,1,50,4-3-2-1-0,2,OPA_SUMo,1008981.0,298.0,True,True,True,148.9893516999999,"[12, 0, 0, 0]"
463.32,BARRIDO,1,50,4-3-2-1-0,1,BPo,1003499.0,282.0,True,True,True,39.81148430000047,"[12, 0, 0, 0]"
463.68,BARRIDO,1,50,4-3-2-1-0,0,PGAgain,1001597.0,266.0,True,True,True,1.9318228999996017,"[12, 0, 0, 0]"
467.04,BARRIDO,1,48,0-1-2-3-4,0,PGAgain,1001541.0,276.0,True,True,True,0.8165437000010687,"[12, 0, 0, 0]"
467.4,BARRIDO,1,48,0-1-2-3-4,1,BPo,1003494.0,265.0,True,True,True,39.711905800000565,"[12, 0, 0, 0]"
467.76,BARRIDO,1,48,0-1-2-3-4,2,OPA_SUMo,1008998.0,261.0,True,True,True,149.32791860000094,"[12, 0, 0, 0]"
468.12,BARRIDO,1,48,0-1-2-3-4,3,SUMo,1128000.0,254.0,True,False,True,2519.3360500000003,"[12, 0, 0, 0]"
468.48,BARRIDO,1,48,0-1-2-3-4,4,LPo,875033.0,258.0,True,False,True,-2518.6788318999998,"[12, 0, 0, 0]"
468.84,BARRIDO,1,48,4-3-2-1-0,4,LPo,875033.0,284.0,True,False,True,-2518.6788318999998,"[12, 0, 0, 0]"
469.2,BARRIDO,1,48,4-3-2-1-0,3,SUMo,1128000.0,274.0,True,False,True,2519.3360500000003,"[12, 0, 0, 0]"
469.56,BARRIDO,1,48,4-3-2-1-0,2,OPA_SUMo,1009006.0,255.0,True,True,True,149.48724419999945,"[12, 0, 0, 0]"
469.92,BARRIDO,1,48,4-3-2-1-0,1,BPo,1003504.0,277.0,True,True,True,39.91106280000038,"[12, 0, 0, 0]"
470.28,BARRIDO,1,48,4-3-2-1-0,0,PGAgain,1001651.0,277.0,True,True,True,3.0072706999990766,"[12, 0, 0, 0]"
473.64,BARRIDO,1,32,0-1-2-3-4,0,PGAgain,1001568.0,258.0,True,True,True,1.354267599999674,"[12, 0, 0, 0]"
474.0,BARRIDO,1,32,0-1-2-3-4,1,BPo,1003526.0,265.0,True,True,True,40.349208199999076,"[12, 0, 0, 0]"
474.36,BARRIDO,1,32,0-1-2-3-4,2,OPA_SUMo,1008958.0,267.0,True,True,True,148.5312905999994,"[12, 0, 0, 0]"
474.72,BARRIDO,1,32,0-1-2-3-4,3,SUMo,1128000.0,265.0,True,False,True,2519.3360500000003,"[12, 0, 0, 0]"
475.08,BARRIDO,1,32,0-1-2-3-4,4,LPo,875034.0,263.0,True,False,True,-2518.6589162000005,"[12, 0, 0, 0]"
475.44,BARRIDO,1,32,4-3-2-1-0,4,LPo,875000.0,269.0,True,False,True,-2519.3360500000003,"[12, 0, 0, 0]"
475.8,BARRIDO,1,32,4-3-2-1-0,3,SUMo,1128000.0,277.0,True,False,True,2519.3360500000003,"[12, 0, 0, 0]"
476.16,BARRIDO,1,32,4-3-2-1-0,2,OPA_SUMo,1008986.0,276.0,True,True,True,149.08893019999982,"[12, 0, 0, 0]"
476.52,BARRIDO,1,32,4-3-2-1-0,1,BPo,1003526.0,274.0,True,True,True,40.349208199999076,"[12, 0, 0, 0]"
476.88,BARRIDO,1,32,4-3-2-1-0,0,PGAgain,1001568.0,274.0,True,True,True,1.354267599999674,"[12, 0, 0, 0]"
480.24,BARRIDO,1,24,0-1-2-3-4,0,PGAgain,1001598.0,268.0,True,True,True,1.9517385999991306,"[12, 0, 0, 0]"
480.6,BARRIDO,1,24,0-1-2-3-4,1,BPo,1003475.0,284.0,True,True,True,39.33350750000046,"[12, 0, 0, 0]"
480.96,BARRIDO,1,24,0-1-2-3-4,2,OPA_SUMo,1008991.0,270.0,True,True,True,149.18850869999972,"[12, 0, 0, 0]"
481.32,BARRIDO,1,24,0-1-2-3-4,3,SUMo,1128000.0,253.0,True,False,True,2519.3360500000003,"[12, 0, 0, 0]"
481.68,BARRIDO,1,24,0-1-2-3-4,4,LPo,875000.0,246.0,True,False,True,-2519.3360500000003,"[12, 0, 0, 0]"
482.04,BARRIDO,1,24,4-3-2-1-0,4,LPo,875000.0,252.0,True,False,True,-2519.3360500000003,"[12, 0, 0, 0]"
482.4,BARRIDO,1,24,4-3-2-1-0,3,SUMo,1128000.0,261.0,True,False,True,2519.3360500000003,"[12, 0, 0, 0]"
482.76,BARRIDO,1,24,4-3-2-1-0,2,OPA_SUMo,1008976.0,271.0,True,True,True,148.88977319999998,"[12, 0, 0, 0]"
483.12,BARRIDO,1,24,4-3-2-1-0,1,BPo,1003432.0,264.0,True,True,True,38.47713240000033,"[12, 0, 0, 0]"
483.48,BARRIDO,1,24,4-3-2-1-0,0,PGAgain,1001477.0,261.0,True,True,True,-0.4580611000004891,"[12, 0, 0, 0]"
486.84,BARRIDO,1,16,0-1-2-3-4,0,PGAgain,1001539.0,272.0,True,True,True,0.7767122999997464,"[12, 0, 0, 0]"
487.2,BARRIDO,1,16,0-1-2-3-4,1,BPo,1003468.0,251.0,True,True,True,39.194097599999225,"[12, 0, 0, 0]"
487.56,BARRIDO,1,16,0-1-2-3-4,2,OPA_SUMo,1009042.0,252.0,True,True,True,150.2042094000006,"[12, 0, 0, 0]"
487.92,BARRIDO,1,16,0-1-2-3-4,3,SUMo,1123384.0,269.0,True,False,True,2427.4051788000006,"[12, 0, 0, 0]"
488.28,BARRIDO,1,16,0-1-2-3-4,4,LPo,875000.0,260.0,True,False,True,-2519.3360500000003,"[12, 0, 0, 0]"
488.64,BARRIDO,1,16,4-3-2-1-0,4,LPo,875000.0,259.0,True,False,True,-2519.3360500000003,"[12, 0, 0, 0]"
489.0,BARRIDO,1,16,4-3-2-1-0,3,SUMo,1123405.0,252.0,True,False,True,2427.8234084999995,"[12, 0, 0, 0]"
489.36,BARRIDO,1,16,4-3-2-1-0,2,OPA_SUMo,1009012.0,301.0,True,True,False,149.60673839999887,"[12, 0, 0, 0]"
489.72,BARRIDO,1,16,4-3-2-1-0,1,BPo,1003438.0,273.0,True,True,True,38.596626599999766,"[12, 0, 0, 0]"
490.08,BARRIDO,1,16,4-3-2-1-0,0,PGAgain,1001548.0,255.0,True,True,True,0.9559536000000363,"[12, 0, 0, 0]"
493.44,BARRIDO,1,8,0-1-2-3-4,0,PGAgain,1001510.0,247.0,True,True,True,0.19915699999981887,"[12, 0, 0, 0]"
493.8,BARRIDO,1,8,0-1-2-3-4,1,BPo,1003506.0,270.0,True,True,True,39.95089419999944,"[12, 0, 0, 0]"
494.16,BARRIDO,1,8,0-1-2-3-4,2,OPA_SUMo,1008967.0,264.0,True,True,True,148.7105318999997,"[12, 0, 0, 0]"
494.52,BARRIDO,1,8,0-1-2-3-4,3,SUMo,1063530.0,264.0,True,True,True,1235.3708709999996,"[12, 0, 0, 0]"
494.88,BARRIDO,1,8,0-1-2-3-4,4,LPo,875000.0,260.0,True,False,True,-2519.3360500000003,"[12, 0, 0, 0]"
495.24,BARRIDO,1,8,4-3-2-1-0,4,LPo,875000.0,247.0,True,False,True,-2519.3360500000003,"[12, 0, 0, 0]"
495.6,BARRIDO,1,8,4-3-2-1-0,3,SUMo,1063538.0,244.0,True,True,True,1235.5301966000002,"[12, 0, 0, 0]"
495.96,BARRIDO,1,8,4-3-2-1-0,2,OPA_SUMo,1008994.0,286.0,True,True,True,149.24825580000058,"[12, 0, 0, 0]"
496.32,BARRIDO,1,8,4-3-2-1-0,1,BPo,1003372.0,264.0,True,True,True,37.28219039999915,"[12, 0, 0, 0]"
496.68,BARRIDO,1,8,4-3-2-1-0,0,PGAgain,1001567.0,257.0,True,True,True,1.334351900000145,"[12, 0, 0, 0]"
500.04,BARRIDO,1,4,0-1-2-3-4,0,PGAgain,1001525.0,271.0,True,True,True,0.4978924999995472,"[12, 0, 0, 0]"
500.4,BARRIDO,1,4,0-1-2-3-4,1,BPo,1003489.0,290.0,True,True,True,39.61232730000066,"[12, 0, 0, 0]"
500.76,BARRIDO,1,4,0-1-2-3-4,2,OPA_SUMo,1009012.0,301.0,True,True,False,149.60673839999887,"[12, 0, 0, 0]"
501.12,BARRIDO,1,4,0-1-2-3-4,3,SUMo,1033564.0,244.0,True,True,True,638.5770048000016,"[12, 0, 0, 0]"
501.48,BARRIDO,1,4,0-1-2-3-4,4,LPo,875000.0,247.0,True,False,True,-2519.3360500000003,"[12, 0, 0, 0]"
501.84,BARRIDO,1,4,4-3-2-1-0,4,LPo,875000.0,249.0,True,False,True,-2519.3360500000003,"[12, 0, 0, 0]"
502.2,BARRIDO,1,4,4-3-2-1-0,3,SUMo,1033555.0,266.0,True,True,True,638.3977635000012,"[12, 0, 0, 0]"
502.56,BARRIDO,1,4,4-3-2-1-0,2,OPA_SUMo,1008994.0,266.0,True,True,True,149.24825580000058,"[12, 0, 0, 0]"
502.92,BARRIDO,1,4,4-3-2-1-0,1,BPo,1003560.0,247.0,True,True,True,41.02634199999891,"[12, 0, 0, 0]"
503.28,BARRIDO,1,4,4-3-2-1-0,0,PGAgain,1001611.0,264.0,True,True,True,2.210642699999801,"[12, 0, 0, 0]"
506.64,BARRIDO,1,2,0-1-2-3-4,0,PGAgain,1001541.0,265.0,True,True,True,0.8165437000010687,"[12, 0, 0, 0]"
507.0,BARRIDO,1,2,0-1-2-3-4,1,BPo,1003472.0,252.0,True,True,True,39.2737603999996,"[12, 0, 0, 0]"
507.36,BARRIDO,1,2,0-1-2-3-4,2,OPA_SUMo,1009066.0,251.0,True,True,True,150.68218620000061,"[12, 0, 0, 0]"
507.72,BARRIDO,1,2,0-1-2-3-4,3,SUMo,1018564.0,283.0,True,True,True,339.8415047999993,"[12, 0, 0, 0]"
508.08,BARRIDO,1,2,0-1-2-3-4,4,LPo,875000.0,257.0,True,False,True,-2519.3360500000003,"[12, 0, 0, 0]"
508.44,BARRIDO,1,2,4-3-2-1-0,4,LPo,875037.0,288.0,True,False,True,-2518.5991690999995,"[12, 0, 0, 0]"
508.8,BARRIDO,1,2,4-3-2-1-0,3,SUMo,1018581.0,246.0,True,True,True,340.1800717000004,"[12, 0, 0, 0]"
509.16,BARRIDO,1,2,4-3-2-1-0,2,OPA_SUMo,1009034.0,246.0,True,True,True,150.04488379999984,"[12, 0, 0, 0]"
509.52,BARRIDO,1,2,4-3-2-1-0,1,BPo,1003412.0,281.0,True,True,True,38.07881840000069,"[12, 0, 0, 0]"
509.88,BARRIDO,1,2,4-3-2-1-0,0,PGAgain,1001520.0,253.0,True,True,True,0.39831399999963774,"[12, 0, 0, 0]"
513.24,BARRIDO,1,1,0-1-2-3-4,0,PGAgain,1001577.0,267.0,True,True,True,1.5335088999999638,"[12, 0, 0, 0]"
513.6,BARRIDO,1,1,0-1-2-3-4,1,BPo,1003451.0,257.0,True,True,True,38.855530700000436,"[12, 0, 0, 0]"
513.96,BARRIDO,1,1,0-1-2-3-4,2,OPA_SUMo,1008981.0,266.0,True,True,True,148.9893516999999,"[12, 0, 0, 0]"
514.32,BARRIDO,1,1,0-1-2-3-4,3,SUMo,1011063.0,260.0,True,True,True,190.45383909999978,"[12, 0, 0, 0]"
514.68,BARRIDO,1,1,0-1-2-3-4,4,LPo,875000.0,263.0,True,False,True,-2519.3360500000003,"[12, 0, 0, 0]"
515.04,BARRIDO,1,1,4-3-2-1-0,4,LPo,875017.0,267.0,True,False,True,-2518.997483099999,"[12, 0, 0, 0]"
515.4,BARRIDO,1,1,4-3-2-1-0,3,SUMo,1010992.0,285.0,True,True,True,189.03982439999925,"[12, 0, 0, 0]"
515.76,BARRIDO,1,1,4-3-2-1-0,2,OPA_SUMo,1009083.0,260.0,True,True,True,151.0207530999994,"[12, 0, 0, 0]"
516.12,BARRIDO,1,1,4-3-2-1-0,1,BPo,1003558.0,288.0,True,True,True,40.98651059999986,"[12, 0, 0, 0]"
516.48,BARRIDO,1,1,4-3-2-1-0,0,PGAgain,1001496.0,295.0,True,True,True,-0.07966280000038038,"[12, 0, 0, 0]"
519.84,BARRIDO,2,1,0-1-2-3-4,0,PGAgain,1001557.0,277.0,True,True,True,1.135194900000326,"[12, 0, 0, 0]"
520.2,BARRIDO,2,1,0-1-2-3-4,1,BPo,1003432.0,307.0,True,True,False,38.47713240000033,"[12, 0, 0, 0]"
520.56,BARRIDO,2,1,0-1-2-3-4,2,OPA_SUMo,1009081.0,281.0,True,True,True,150.98092170000035,"[12, 0, 0, 0]"
520.92,BARRIDO,2,1,0-1-2-3-4,3,SUMo,1011066.0,262.0,True,True,True,190.51358620000062,"[12, 0, 0, 0]"
521.28,BARRIDO,2,1,0-1-2-3-4,4,LPo,875000.0,268.0,True,False,True,-2519.3360500000003,"[12, 0, 0, 0]"
521.64,BARRIDO,2,1,4-3-2-1-0,4,LPo,875008.0,270.0,True,False,True,-2519.1767243999993,"[12, 0, 0, 0]"
522.0,BARRIDO,2,1,4-3-2-1-0,3,SUMo,1011032.0,247.0,True,True,True,189.83645240000078,"[12, 0, 0, 0]"
522.36,BARRIDO,2,1,4-3-2-1-0,2,OPA_SUMo,1009043.0,260.0,True,True,True,150.22412510000012,"[12, 0, 0, 0]"
522.72,BARRIDO,2,1,4-3-2-1-0,1,BPo,1003497.0,272.0,True,True,True,39.771652899999154,"[12, 0, 0, 0]"
523.08,BARRIDO,2,1,4-3-2-1-0,0,PGAgain,1001581.0,261.0,True,True,True,1.6131717000003443,"[12, 0, 0, 0]"
526.44,BARRIDO,2,2,0-1-2-3-4,0,PGAgain,1001542.0,304.0,True,True,False,0.8364594000005978,"[12, 0, 0, 0]"
526.8,BARRIDO,2,2,0-1-2-3-4,1,BPo,1003498.0,292.0,True,True,True,39.79156860000094,"[12, 0, 0, 0]"
527.16,BARRIDO,2,2,0-1-2-3-4,2,OPA_SUMo,1009049.0,246.0,True,True,True,150.34361929999957,"[12, 0, 0, 0]"
527.52,BARRIDO,2,2,0-1-2-3-4,3,SUMo,1018524.0,281.0,True,True,True,339.04487680000005,"[12, 0, 0, 0]"
527.88,BARRIDO,2,2,0-1-2-3-4,4,LPo,875000.0,257.0,True,False,True,-2519.3360500000003,"[12, 0, 0, 0]"
528.24,BARRIDO,2,2,4-3-2-1-0,4,LPo,875000.0,247.0,True,False,True,-2519.3360500000003,"[12, 0, 0, 0]"
528.6,BARRIDO,2,2,4-3-2-1-0,3,SUMo,1018639.0,261.0,True,True,True,341.3351823000002,"[12, 0, 0, 0]"
528.96,BARRIDO,2,2,4-3-2-1-0,2,OPA_SUMo,1009072.0,278.0,True,True,True,150.80168040000007,"[12, 0, 0, 0]"
529.32,BARRIDO,2,2,4-3-2-1-0,1,BPo,1003498.0,260.0,True,True,True,39.79156860000094,"[12, 0, 0, 0]"
529.68,BARRIDO,2,2,4-3-2-1-0,0,PGAgain,1001544.0,268.0,True,True,True,0.8762907999996559,"[12, 0, 0, 0]"
533.04,BARRIDO,2,4,0-1-2-3-4,0,PGAgain,1001561.0,250.0,True,True,True,1.2148577000007066,"[12, 0, 0, 0]"
533.4,BARRIDO,2,4,0-1-2-3-4,1,BPo,1003457.0,255.0,True,True,True,38.97502489999987,"[12, 0, 0, 0]"
533.76,BARRIDO,2,4,0-1-2-3-4,2,OPA_SUMo,1009003.0,246.0,True,True,True,149.42749710000086,"[12, 0, 0, 0]"
534.12,BARRIDO,2,4,0-1-2-3-4,3,SUMo,1033721.0,249.0,True,True,True,641.7037697000001,"[12, 0, 0, 0]"
534.48,BARRIDO,2,4,0-1-2-3-4,4,LPo,875000.0,246.0,True,False,True,-2519.3360500000003,"[12, 0, 0, 0]"
534.84,BARRIDO,2,4,4-3-2-1-0,4,LPo,875000.0,267.0,True,False,True,-2519.3360500000003,"[12, 0, 0, 0]"
535.2,BARRIDO,2,4,4-3-2-1-0,3,SUMo,1033786.0,289.0,True,True,True,642.9982902000012,"[12, 0, 0, 0]"
535.56,BARRIDO,2,4,4-3-2-1-0,2,OPA_SUMo,1009083.0,277.0,True,True,True,151.0207530999994,"[12, 0, 0, 0]"
535.92,BARRIDO,2,4,4-3-2-1-0,1,BPo,1003491.0,244.0,True,True,True,39.65215869999971,"[12, 0, 0, 0]"
536.28,BARRIDO,2,4,4-3-2-1-0,0,PGAgain,1001543.0,287.0,True,True,True,0.8563751000001268,"[12, 0, 0, 0]"
539.64,BARRIDO,2,8,0-1-2-3-4,0,PGAgain,1001533.0,254.0,True,True,True,0.657218100000308,"[12, 0, 0, 0]"
540.0,BARRIDO,2,8,0-1-2-3-4,1,BPo,1003456.0,266.0,True,True,True,38.955109200000344,"[12, 0, 0, 0]"
540.36,BARRIDO,2,8,0-1-2-3-4,2,OPA_SUMo,1009037.0,256.0,True,True,True,150.1046309000007,"[12, 0, 0, 0]"
540.72,BARRIDO,2,8,0-1-2-3-4,3,SUMo,1064135.0,282.0,True,True,True,1247.4198694999998,"[12, 0, 0, 0]"
541.08,BARRIDO,2,8,0-1-2-3-4,4,LPo,875043.0,259.0,True,False,True,-2518.4796749,"[12, 0, 0, 0]"
541.44,BARRIDO,2,8,4-3-2-1-0,4,LPo,875000.0,262.0,True,False,True,-2519.3360500000003,"[12, 0, 0, 0]"
541.8,BARRIDO,2,8,4-3-2-1-0,3,SUMo,1064191.0,270.0,True,True,True,1248.5351487000007,"[12, 0, 0, 0]"
542.16,BARRIDO,2,8,4-3-2-1-0,2,OPA_SUMo,1009049.0,266.0,True,True,True,150.34361929999957,"[12, 0, 0, 0]"
542.52,BARRIDO,2,8,4-3-2-1-0,1,BPo,1003447.0,266.0,True,True,True,38.77586790000006,"[12, 0, 0, 0]"
542.88,BARRIDO,2,8,4-3-2-1-0,0,PGAgain,1001584.0,267.0,True,True,True,1.6729187999989314,"[12, 0, 0, 0]"
546.24,BARRIDO,2,16,0-1-2-3-4,0,PGAgain,1001562.0,255.0,True,True,True,1.2347734000002355,"[12, 0, 0, 0]"
546.6,BARRIDO,2,16,0-1-2-3-4,1,BPo,1003484.0,288.0,True,True,True,39.51274880000074,"[12, 0, 0, 0]"
546.96,BARRIDO,2,16,0-1-2-3-4,2,OPA_SUMo,1009093.0,256.0,True,True,True,151.21991009999923,"[12, 0, 0, 0]"
547.32,BARRIDO,2,16,0-1-2-3-4,3,SUMo,1124955.0,269.0,True,False,True,2458.692743499999,"[12, 0, 0, 0]"
547.68,BARRIDO,2,16,0-1-2-3-4,4,LPo,875049.0,255.0,True,False,True,-2518.3601807000005,"[12, 0, 0, 0]"
548.04,BARRIDO,2,16,4-3-2-1-0,4,LPo,875000.0,271.0,True,False,True,-2519.3360500000003,"[12, 0, 0, 0]"
548.4,BARRIDO,2,16,4-3-2-1-0,3,SUMo,1125003.0,267.0,True,False,True,2459.6486970999986,"[12, 0, 0, 0]"
548.76,BARRIDO,2,16,4-3-2-1-0,2,OPA_SUMo,1009069.0,256.0,True,True,True,150.7419332999992,"[12, 0, 0, 0]"
549.12,BARRIDO,2,16,4-3-2-1-0,1,BPo,1003487.0,276.0,True,True,True,39.57249589999933,"[12, 0, 0, 0]"
549.48,BARRIDO,2,16,4-3-2-1-0,0,PGAgain,1001490.0,245.0,True,True,True,-0.19915699999981887,"[12, 0, 0, 0]"
552.84,BARRIDO,2,24,0-1-2-3-4,0,PGAgain,1001544.0,247.0,True,True,True,0.8762907999996559,"[12, 0, 0, 0]"
553.2,BARRIDO,2,24,0-1-2-3-4,1,BPo,1003499.0,249.0,True,True,True,39.81148430000047,"[12, 0, 0, 0]"
553.56,BARRIDO,2,24,0-1-2-3-4,2,OPA_SUMo,1009105.0,253.0,True,True,True,151.45889850000037,"[12, 0, 0, 0]"
553.92,BARRIDO,2,24,0-1-2-3-4,3,SUMo,1128000.0,262.0,True,False,True,2519.3360500000003,"[12, 0, 0, 0]"
554.28,BARRIDO,2,24,0-1-2-3-4,4,LPo,875000.0,275.0,True,False,True,-2519.3360500000003,"[12, 0, 0, 0]"
554.64,BARRIDO,2,24,4-3-2-1-0,4,LPo,875059.0,258.0,True,False,True,-2518.161023700001,"[12, 0, 0, 0]"
555.0,BARRIDO,2,24,4-3-2-1-0,3,SUMo,1128000.0,252.0,True,False,True,2519.3360500000003,"[12, 0, 0, 0]"
555.36,BARRIDO,2,24,4-3-2-1-0,2,OPA_SUMo,1009072.0,240.0,True,True,True,150.80168040000007,"[12, 0, 0, 0]"
555.72,BARRIDO,2,24,4-3-2-1-0,1,BPo,1003496.0,259.0,True,True,True,39.751737199999624,"[12, 0, 0, 0]"
556.08,BARRIDO,2,24,4-3-2-1-0,0,PGAgain,1001616.0,252.0,True,True,True,2.3102211999997104,"[12, 0, 0, 0]"
559.44,BARRIDO,2,32,0-1-2-3-4,0,PGAgain,1001575.0,247.0,True,True,True,1.4936775000009057,"[12, 0, 0, 0]"
559.8,BARRIDO,2,32,0-1-2-3-4,1,BPo,1003506.0,251.0,True,True,True,39.95089419999944,"[12, 0, 0, 0]"
560.16,BARRIDO,2,32,0-1-2-3-4,2,OPA_SUMo,1009058.0,266.0,True,True,True,150.52286059999986,"[12, 0, 0, 0]"
560.52,BARRIDO,2,32,0-1-2-3-4,3,SUMo,1128000.0,282.0,True,False,True,2519.3360500000003,"[12, 0, 0, 0]"
560.88,BARRIDO,2,32,0-1-2-3-4,4,LPo,875055.0,261.0,True,False,True,-2518.240686500001,"[12, 0, 0, 0]"
561.24,BARRIDO,2,32,4-3-2-1-0,4,LPo,875000.0,273.0,True,False,True,-2519.3360500000003,"[12, 0, 0, 0]"
561.6,BARRIDO,2,32,4-3-2-1-0,3,SUMo,1128000.0,254.0,True,False,True,2519.3360500000003,"[12, 0, 0, 0]"
561.96,BARRIDO,2,32,4-3-2-1-0,2,OPA_SUMo,1009077.0,271.0,True,True,True,150.90125889999996,"[12, 0, 0, 0]"
562.32,BARRIDO,2,32,4-3-2-1-0,1,BPo,1003493.0,263.0,True,True,True,39.691990100001036,"[12, 0, 0, 0]"
562.68,BARRIDO,2,32,4-3-2-1-0,0,PGAgain,1001620.0,266.0,True,True,True,2.3898840000000905,"[12, 0, 0, 0]"
566.04,BARRIDO,2,48,0-1-2-3-4,0,PGAgain,1001584.0,280.0,True,True,True,1.6729187999989314,"[12, 0, 0, 0]"
566.4,BARRIDO,2,48,0-1-2-3-4,1,BPo,1003455.0,267.0,True,True,True,38.935193500000814,"[12, 0, 0, 0]"
566.76,BARRIDO,2,48,0-1-2-3-4,2,OPA_SUMo,1009130.0,274.0,True,True,True,151.95679099999992,"[12, 0, 0, 0]"
567.12,BARRIDO,2,48,0-1-2-3-4,3,SUMo,1128000.0,274.0,True,False,True,2519.3360500000003,"[12, 0, 0, 0]"
567.48,BARRIDO,2,48,0-1-2-3-4,4,LPo,875000.0,258.0,True,False,True,-2519.3360500000003,"[12, 0, 0, 0]"
567.84,BARRIDO,2,48,4-3-2-1-0,4,LPo,875017.0,271.0,True,False,True,-2518.997483099999,"[12, 0, 0, 0]"
568.2,BARRIDO,2,48,4-3-2-1-0,3,SUMo,1128000.0,286.0,True,False,True,2519.3360500000003,"[12, 0, 0, 0]"
568.56,BARRIDO,2,48,4-3-2-1-0,2,OPA_SUMo,1009107.0,262.0,True,True,True,151.49872989999943,"[12, 0, 0, 0]"
568.92,BARRIDO,2,48,4-3-2-1-0,1,BPo,1003486.0,261.0,True,True,True,39.5525801999998,"[12, 0, 0, 0]"
569.28,BARRIDO,2,48,4-3-2-1-0,0,PGAgain,1001623.0,262.0,True,True,True,2.449631100000942,"[12, 0, 0, 0]"
572.64,BARRIDO,2,50,0-1-2-3-4,0,PGAgain,1001492.0,255.0,True,True,True,-0.15932560000076076,"[12, 0, 0, 0]"
573.0,BARRIDO,2,50,0-1-2-3-4,1,BPo,1003503.0,274.0,True,True,True,39.89114710000085,"[12, 0, 0, 0]"
573.36,BARRIDO,2,50,0-1-2-3-4,2,OPA_SUMo,1009145.0,252.0,True,True,True,152.25552649999963,"[12, 0, 0, 0]"
573.72,BARRIDO,2,50,0-1-2-3-4,3,SUMo,1128000.0,260.0,True,False,True,2519.3360500000003,"[12, 0, 0, 0]"
574.08,BARRIDO,2,50,0-1-2-3-4,4,LPo,875000.0,260.0,True,False,True,-2519.3360500000003,"[12, 0, 0, 0]"
574.44,BARRIDO,2,50,4-3-2-1-0,4,LPo,875000.0,277.0,True,False,True,-2519.3360500000003,"[12, 0, 0, 0]"
574.8,BARRIDO,2,50,4-3-2-1-0,3,SUMo,1128000.0,260.0,True,False,True,2519.3360500000003,"[12, 0, 0, 0]"
575.16,BARRIDO,2,50,4-3-2-1-0,2,OPA_SUMo,1009143.0,254.0,True,True,True,152.2156951000006,"[12, 0, 0, 0]"
575.52,BARRIDO,2,50,4-3-2-1-0,1,BPo,1003463.0,261.0,True,True,True,39.09451909999932,"[12, 0, 0, 0]"
575.88,BARRIDO,2,50,4-3-2-1-0,0,PGAgain,1001470.0,265.0,True,True,True,-0.5974709999994566,"[12, 0, 0, 0]"
579.24,BARRIDO,2,50,0-1-2-3-4,0,PGAgain,1001569.0,257.0,True,True,True,1.3741832999992032,"[12, 0, 0, 0]"
579.6,BARRIDO,2,50,0-1-2-3-4,1,BPo,1003457.0,283.0,True,True,True,38.97502489999987,"[12, 0, 0, 0]"
579.96,BARRIDO,2,50,0-1-2-3-4,2,OPA_SUMo,1009147.0,278.0,True,True,True,152.29535790000097,"[12, 0, 0, 0]"
580.32,BARRIDO,2,50,0-1-2-3-4,3,SUMo,1128000.0,284.0,True,False,True,2519.3360500000003,"[12, 0, 0, 0]"
580.68,BARRIDO,2,50,0-1-2-3-4,4,LPo,875026.0,250.0,True,False,True,-2518.818241800001,"[12, 0, 0, 0]"
581.04,BARRIDO,2,50,4-3-2-1-0,4,LPo,875000.0,270.0,True,False,True,-2519.3360500000003,"[12, 0, 0, 0]"
581.4,BARRIDO,2,50,4-3-2-1-0,3,SUMo,1128000.0,274.0,True,False,True,2519.3360500000003,"[12, 0, 0, 0]"
581.76,BARRIDO,2,50,4-3-2-1-0,2,OPA_SUMo,1009218.0,255.0,True,True,True,153.70937259999923,"[12, 0, 0, 0]"
582.12,BARRIDO,2,50,4-3-2-1-0,1,BPo,1003510.0,262.0,True,True,True,40.030556999999824,"[12, 0, 0, 0]"
582.48,BARRIDO,2,50,4-3-2-1-0,0,PGAgain,1001534.0,249.0,True,True,True,0.677133799999837,"[12, 0, 0, 0]"
585.84,BARRIDO,2,48,0-1-2-3-4,0,PGAgain,1001547.0,283.0,True,True,True,0.9360379000005072,"[12, 0, 0, 0]"
586.2,BARRIDO,2,48,0-1-2-3-4,1,BPo,1003499.0,275.0,True,True,True,39.81148430000047,"[12, 0, 0, 0]"
586.56,BARRIDO,2,48,0-1-2-3-4,2,OPA_SUMo,1009207.0,258.0,True,True,True,153.49029989999988,"[12, 0, 0, 0]"
586.92,BARRIDO,2,48,0-1-2-3-4,3,SUMo,1128000.0,240.0,True,False,True,2519.3360500000003,"[12, 0, 0, 0]"
587.28,BARRIDO,2,48,0-1-2-3-4,4,LPo,875031.0,324.0,True,False,False,-2518.718663300001,"[12, 0, 0, 0]"
587.64,BARRIDO,2,48,4-3-2-1-0,4,LPo,875000.0,264.0,True,False,True,-2519.3360500000003,"[12, 0, 0, 0]"
588.0,BARRIDO,2,48,4-3-2-1-0,3,SUMo,1128000.0,241.0,True,False,True,2519.3360500000003,"[12, 0, 0, 0]"
588.36,BARRIDO,2,48,4-3-2-1-0,2,OPA_SUMo,1009215.0,245.0,True,True,True,153.64962550000064,"[12, 0, 0, 0]"
588.72,BARRIDO,2,48,4-3-2-1-0,1,BPo,1003538.0,249.0,True,True,True,40.58819660000022,"[12, 0, 0, 0]"
589.08,BARRIDO,2,48,4-3-2-1-0,0,PGAgain,1001526.0,254.0,True,True,True,0.5178081999990762,"[12, 0, 0, 0]"
592.44,BARRIDO,2,32,0-1-2-3-4,0,PGAgain,1001511.0,258.0,True,True,True,0.21907269999934795,"[12, 0, 0, 0]"
592.8,BARRIDO,2,32,0-1-2-3-4,1,BPo,1003546.0,257.0,True,True,True,40.74752220000098,"[12, 0, 0, 0]"
593.16,BARRIDO,2,32,0-1-2-3-4,2,OPA_SUMo,1009180.0,249.0,True,True,True,152.952575999999,"[12, 0, 0, 0]"
593.52,BARRIDO,2,32,0-1-2-3-4,3,SUMo,1128000.0,308.0,True,False,False,2519.3360500000003,"[12, 0, 0, 0]"
593.88,BARRIDO,2,32,0-1-2-3-4,4,LPo,875000.0,247.0,True,False,True,-2519.3360500000003,"[12, 0, 0, 0]"
594.24,BARRIDO,2,32,4-3-2-1-0,4,LPo,875011.0,246.0,True,False,True,-2519.1169773000006,"[12, 0, 0, 0]"
594.6,BARRIDO,2,32,4-3-2-1-0,3,SUMo,1128000.0,258.0,True,False,True,2519.3360500000003,"[12, 0, 0, 0]"
594.96,BARRIDO,2,32,4-3-2-1-0,2,OPA_SUMo,1009242.0,246.0,True,True,True,154.18734939999925,"[12, 0, 0, 0]"
595.32,BARRIDO,2,32,4-3-2-1-0,1,BPo,1003466.0,247.0,True,True,True,39.154266200000166,"[12, 0, 0, 0]"
595.68,BARRIDO,2,32,4-3-2-1-0,0,PGAgain,1001540.0,277.0,True,True,True,0.7966279999992755,"[12, 0, 0, 0]"
599.04,BARRIDO,2,24,0-1-2-3-4,0,PGAgain,1001530.0,267.0,True,True,True,0.5974709999994566,"[12, 0, 0, 0]"
599.4,BARRIDO,2,24,0-1-2-3-4,1,BPo,1003532.0,296.0,True,True,True,40.46870240000078,"[12, 0, 0, 0]"
599.76,BARRIDO,2,24,0-1-2-3-4,2,OPA_SUMo,1009149.0,266.0,True,True,True,152.33518930000002,"[12, 0, 0, 0]"
600.12,BARRIDO,2,24,0-1-2-3-4,3,SUMo,1128000.0,268.0,True,False,True,2519.3360500000003,"[12, 0, 0, 0]"
600.48,BARRIDO,2,24,0-1-2-3-4,4,LPo,875000.0,274.0,True,False,True,-2519.3360500000003,"[12, 0, 0, 0]"
600.84,BARRIDO,2,24,4-3-2-1-0,4,LPo,875000.0,253.0,True,False,True,-2519.3360500000003,"[12, 0, 0, 0]"
601.2,BARRIDO,2,24,4-3-2-1-0,3,SUMo,1128000.0,249.0,True,False,True,2519.3360500000003,"[12, 0, 0, 0]"
601.56,BARRIDO,2,24,4-3-2-1-0,2,OPA_SUMo,1009157.0,278.0,True,True,True,152.49451490000078,"[12, 0, 0, 0]"
601.92,BARRIDO,2,24,4-3-2-1-0,1,BPo,1003504.0,243.0,True,True,True,39.91106280000038,"[12, 0, 0, 0]"
602.28,BARRIDO,2,24,4-3-2-1-0,0,PGAgain,1001556.0,243.0,True,True,True,1.115279200000797,"[12, 0, 0, 0]"
605.64,BARRIDO,2,16,0-1-2-3-4,0,PGAgain,1001561.0,281.0,True,True,True,1.2148577000007066,"[12, 0, 0, 0]"
606.0,BARRIDO,2,16,0-1-2-3-4,1,BPo,1003566.0,288.0,True,True,True,41.145836200000616,"[12, 0, 0, 0]"
606.36,BARRIDO,2,16,0-1-2-3-4,2,OPA_SUMo,1009177.0,261.0,True,True,True,152.89282890000044,"[12, 0, 0, 0]"
606.72,BARRIDO,2,16,0-1-2-3-4,3,SUMo,1127028.0,278.0,True,False,True,2499.9779896000005,"[12, 0, 0, 0]"
607.08,BARRIDO,2,16,0-1-2-3-4,4,LPo,875000.0,281.0,True,False,True,-2519.3360500000003,"[12, 0, 0, 0]"
607.44,BARRIDO,2,16,4-3-2-1-0,4,LPo,875074.0,259.0,True,False,True,-2517.862288200001,"[12, 0, 0, 0]"
607.8,BARRIDO,2,16,4-3-2-1-0,3,SUMo,1127046.0,257.0,True,False,True,2500.336472200001,"[12, 0, 0, 0]"
608.16,BARRIDO,2,16,4-3-2-1-0,2,OPA_SUMo,1009210.0,249.0,True,True,True,153.55004700000075,"[12, 0, 0, 0]"
608.52,BARRIDO,2,16,4-3-2-1-0,1,BPo,1003492.0,277.0,True,True,True,39.67207439999924,"[12, 0, 0, 0]"
608.88,BARRIDO,2,16,4-3-2-1-0,0,PGAgain,1001540.0,281.0,True,True,True,0.7966279999992755,"[12, 0, 0, 0]"
612.24,BARRIDO,2,8,0-1-2-3-4,0,PGAgain,1001486.0,304.0,True,True,False,-0.27881980000019924,"[12, 0, 0, 0]"
612.6,BARRIDO,2,8,0-1-2-3-4,1,BPo,1003502.0,261.0,True,True,True,39.87123139999906,"[12, 0, 0, 0]"
612.96,BARRIDO,2,8,0-1-2-3-4,2,OPA_SUMo,1009240.0,253.0,True,True,True,154.1475180000002,"[12, 0, 0, 0]"
613.32,BARRIDO,2,8,0-1-2-3-4,3,SUMo,1065355.0,270.0,True,True,True,1271.7170235000003,"[12, 0, 0, 0]"
613.68,BARRIDO,2,8,0-1-2-3-4,4,LPo,875009.0,272.0,True,False,True,-2519.1568087,"[12, 0, 0, 0]"
614.04,BARRIDO,2,8,4-3-2-1-0,4,LPo,875000.0,273.0,True,False,True,-2519.3360500000003,"[12, 0, 0, 0]"
614.4,BARRIDO,2,8,4-3-2-1-0,3,SUMo,1065469.0,271.0,True,True,True,1273.987413300001,"[12, 0, 0, 0]"
614.76,BARRIDO,2,8,4-3-2-1-0,2,OPA_SUMo,1009251.0,246.0,True,True,True,154.36659069999953,"[12, 0, 0, 0]"
615.12,BARRIDO,2,8,4-3-2-1-0,1,BPo,1003495.0,257.0,True,True,True,39.731821500000095,"[12, 0, 0, 0]"
615.48,BARRIDO,2,8,4-3-2-1-0,0,PGAgain,1001523.0,269.0,True,True,True,0.4580611000004891,"[12, 0, 0, 0]"
618.84,BARRIDO,2,4,0-1-2-3-4,0,PGAgain,1001525.0,254.0,True,True,True,0.4978924999995472,"[12, 0, 0, 0]"
619.2,BARRIDO,2,4,0-1-2-3-4,1,BPo,1003477.0,264.0,True,True,True,39.37333889999951,"[12, 0, 0, 0]"
619.56,BARRIDO,2,4,0-1-2-3-4,2,OPA_SUMo,1009242.0,278.0,True,True,True,154.18734939999925,"[12, 0, 0, 0]"
619.92,BARRIDO,2,4,0-1-2-3-4,3,SUMo,1034535.0,275.0,True,True,True,657.9151495000017,"[12, 0, 0, 0]"
620.28,BARRIDO,2,4,0-1-2-3-4,4,LPo,875037.0,275.0,True,False,True,-2518.5991690999995,"[12, 0, 0, 0]"
620.64,BARRIDO,2,4,4-3-2-1-0,4,LPo,875000.0,262.0,True,False,True,-2519.3360500000003,"[12, 0, 0, 0]"
621.0,BARRIDO,2,4,4-3-2-1-0,3,SUMo,1034494.0,273.0,True,True,True,657.0986057999984,"[12, 0, 0, 0]"
621.36,BARRIDO,2,4,4-3-2-1-0,2,OPA_SUMo,1009297.0,270.0,True,True,True,155.28271290000052,"[12, 0, 0, 0]"
621.72,BARRIDO,2,4,4-3-2-1-0,1,BPo,1003498.0,284.0,True,True,True,39.79156860000094,"[12, 0, 0, 0]"
622.08,BARRIDO,2,4,4-3-2-1-0,0,PGAgain,1001502.0,275.0,True,True,True,0.03983139999905812,"[12, 0, 0, 0]"
625.44,BARRIDO,2,2,0-1-2-3-4,0,PGAgain,1001590.0,284.0,True,True,True,1.792413000000634,"[12, 0, 0, 0]"
625.8,BARRIDO,2,2,0-1-2-3-4,1,BPo,1003464.0,258.0,True,True,True,39.114434800001106,"[12, 0, 0, 0]"
626.16,BARRIDO,2,2,0-1-2-3-4,2,OPA_SUMo,1009247.0,247.0,True,True,True,154.28692789999917,"[12, 0, 0, 0]"
626.52,BARRIDO,2,2,0-1-2-3-4,3,SUMo,1019032.0,275.0,True,True,True,349.1620524000008,"[12, 0, 0, 0]"
626.88,BARRIDO,2,2,0-1-2-3-4,4,LPo,875014.0,255.0,True,False,True,-2519.0572302,"[12, 0, 0, 0]"
627.24,BARRIDO,2,2,4-3-2-1-0,4,LPo,875010.0,264.0,True,False,True,-2519.1368930000003,"[12, 0, 0, 0]"
627.6,BARRIDO,2,2,4-3-2-1-0,3,SUMo,1018945.0,258.0,True,True,True,347.429386500001,"[12, 0, 0, 0]"
627.96,BARRIDO,2,2,4-3-2-1-0,2,OPA_SUMo,1009277.0,241.0,True,True,True,154.8843989000009,"[12, 0, 0, 0]"
628.32,BARRIDO,2,2,4-3-2-1-0,1,BPo,1003487.0,262.0,True,True,True,39.57249589999933,"[12, 0, 0, 0]"
628.68,BARRIDO,2,2,4-3-2-1-0,0,PGAgain,1001504.0,279.0,True,True,True,0.07966280000038038,"[12, 0, 0, 0]"
632.04,BARRIDO,2,1,0-1-2-3-4,0,PGAgain,1001508.0,265.0,True,True,True,0.15932560000076076,"[12, 0, 0, 0]"
632.4,BARRIDO,2,1,0-1-2-3-4,1,BPo,1003455.0,247.0,True,True,True,38.935193500000814,"[12, 0, 0, 0]"
632.76,BARRIDO,2,1,0-1-2-3-4,2,OPA_SUMo,1009327.0,250.0,True,True,True,155.88018389999996,"[12, 0, 0, 0]"
633.12,BARRIDO,2,1,0-1-2-3-4,3,SUMo,1011297.0,267.0,True,True,True,195.11411290000052,"[12, 0, 0, 0]"
633.48,BARRIDO,2,1,0-1-2-3-4,4,LPo,875018.0,251.0,True,False,True,-2518.9775673999998,"[12, 0, 0, 0]"
633.84,BARRIDO,2,1,4-3-2-1-0,4,LPo,875023.0,256.0,True,False,True,-2518.8779888999998,"[12, 0, 0, 0]"
634.2,BARRIDO,2,1,4-3-2-1-0,3,SUMo,1011273.0,249.0,True,True,True,194.6361361000005,"[12, 0, 0, 0]"
634.56,BARRIDO,2,1,4-3-2-1-0,2,OPA_SUMo,1009333.0,276.0,True,True,True,155.99967809999941,"[12, 0, 0, 0]"
634.92,BARRIDO,2,1,4-3-2-1-0,1,BPo,1003502.0,259.0,True,True,True,39.87123139999906,"[12, 0, 0, 0]"
635.28,BARRIDO,2,1,4-3-2-1-0,0,PGAgain,1001537.0,258.0,True,True,True,0.7368809000006883,"[12, 0, 0, 0]"
638.64,BARRIDO,3,1,0-1-2-3-4,0,PGAgain,1001558.0,271.0,True,True,True,1.1551105999998552,"[12, 0, 0, 0]"
639.0,BARRIDO,3,1,0-1-2-3-4,1,BPo,1003498.0,275.0,True,True,True,39.79156860000094,"[12, 0, 0, 0]"
639.36,BARRIDO,3,1,0-1-2-3-4,2,OPA_SUMo,1009338.0,243.0,True,True,True,156.0992565999993,"[12, 0, 0, 0]"
639.72,BARRIDO,3,1,0-1-2-3-4,3,SUMo,1011322.0,249.0,True,True,True,195.61200540000007,"[12, 0, 0, 0]"
640.08,BARRIDO,3,1,0-1-2-3-4,4,LPo,875000.0,245.0,True,False,True,-2519.3360500000003,"[12, 0, 0, 0]"
640.44,BARRIDO,3,1,4-3-2-1-0,4,LPo,875000.0,243.0,True,False,True,-2519.3360500000003,"[12, 0, 0, 0]"
640.8,BARRIDO,3,1,4-3-2-1-0,3,SUMo,1011286.0,266.0,True,True,True,194.8950401999989,"[12, 0, 0, 0]"
641.16,BARRIDO,3,1,4-3-2-1-0,2,OPA_SUMo,1009327.0,253.0,True,True,True,155.88018389999996,"[12, 0, 0, 0]"
641.52,BARRIDO,3,1,4-3-2-1-0,1,BPo,1003510.0,261.0,True,True,True,40.030556999999824,"[12, 0, 0, 0]"
641.88,BARRIDO,3,1,4-3-2-1-0,0,PGAgain,1001537.0,296.0,True,True,True,0.7368809000006883,"[12, 0, 0, 0]"
645.24,BARRIDO,3,2,0-1-2-3-4,0,PGAgain,1001524.0,246.0,True,True,True,0.47797680000001813,"[12, 0, 0, 0]"
645.6,BARRIDO,3,2,0-1-2-3-4,1,BPo,1003524.0,273.0,True,True,True,40.30937680000002,"[12, 0, 0, 0]"
645.96,BARRIDO,3,2,0-1-2-3-4,2,OPA_SUMo,1009312.0,286.0,True,True,True,155.58144840000026,"[12, 0, 0, 0]"
646.32,BARRIDO,3,2,0-1-2-3-4,3,SUMo,1019130.0,268.0,True,True,True,351.11379099999994,"[12, 0, 0, 0]"
646.68,BARRIDO,3,2,0-1-2-3-4,4,LPo,875015.0,244.0,True,False,True,-2519.0373145000003,"[12, 0, 0, 0]"
647.04,BARRIDO,3,2,4-3-2-1-0,4,LPo,875000.0,287.0,True,False,True,-2519.3360500000003,"[12, 0, 0, 0]"
647.4,BARRIDO,3,2,4-3-2-1-0,3,SUMo,1019163.0,261.0,True,True,True,351.77100910000024,"[12, 0, 0, 0]"
647.76,BARRIDO,3,2,4-3-2-1-0,2,OPA_SUMo,1009312.0,256.0,True,True,True,155.58144840000026,"[12, 0, 0, 0]"
648.12,BARRIDO,3,2,4-3-2-1-0,1,BPo,1003515.0,257.0,True,True,True,40.13013549999973,"[12, 0, 0, 0]"
648.48,BARRIDO,3,2,4-3-2-1-0,0,PGAgain,1001531.0,261.0,True,True,True,0.6173866999989857,"[12, 0, 0, 0]"
651.84,BARRIDO,3,4,0-1-2-3-4,0,PGAgain,1001476.0,272.0,True,True,True,-0.47797680000001813,"[12, 0, 0, 0]"
652.2,BARRIDO,3,4,0-1-2-3-4,1,BPo,1003561.0,281.0,True,True,True,41.04625770000071,"[12, 0, 0, 0]"
652.56,BARRIDO,3,4,0-1-2-3-4,2,OPA_SUMo,1009336.0,276.0,True,True,True,156.05942520000025,"[12, 0, 0, 0]"
652.92,BARRIDO,3,4,0-1-2-3-4,3,SUMo,1034858.0,282.0,True,True,True,664.3479205999989,"[12, 0, 0, 0]"
653.28,BARRIDO,3,4,0-1-2-3-4,4,LPo,875052.0,280.0,True,False,True,-2518.3004336,"[12, 0, 0, 0]"
653.64,BARRIDO,3,4,4-3-2-1-0,4,LPo,875000.0,258.0,True,False,True,-2519.3360500000003,"[12, 0, 0, 0]"
654.0,BARRIDO,3,4,4-3-2-1-0,3,SUMo,1034883.0,252.0,True,True,True,664.8458131000008,"[12, 0, 0, 0]"
654.36,BARRIDO,3,4,4-3-2-1-0,2,OPA_SUMo,1009378.0,283.0,True,True,True,156.89588460000087,"[12, 0, 0, 0]"
654.72,BARRIDO,3,4,4-3-2-1-0,1,BPo,1003510.0,258.0,True,True,True,40.030556999999824,"[12, 0, 0, 0]"
655.08,BARRIDO,3,4,4-3-2-1-0,0,PGAgain,1001493.0,278.0,True,True,True,-0.13940989999896755,"[12, 0, 0, 0]"
658.44,BARRIDO,3,8,0-1-2-3-4,0,PGAgain,1001541.0,258.0,True,True,True,0.8165437000010687,"[12, 0, 0, 0]"
658.8,BARRIDO,3,8,0-1-2-3-4,1,BPo,1003461.0,267.0,True,True,True,39.05468770000026,"[12, 0, 0, 0]"
659.16,BARRIDO,3,8,0-1-2-3-4,2,OPA_SUMo,1009381.0,276.0,True,True,True,156.95563169999946,"[12, 0, 0, 0]"
659.52,BARRIDO,3,8,0-1-2-3-4,3,SUMo,1066348.0,245.0,True,True,True,1291.4933135999993,"[12, 0, 0, 0]"
659.88,BARRIDO,3,8,0-1-2-3-4,4,LPo,875000.0,272.0,True,False,True,-2519.3360500000003,"[12, 0, 0, 0]"
660.24,BARRIDO,3,8,4-3-2-1-0,4,LPo,875000.0,257.0,True,False,True,-2519.3360500000003,"[12, 0, 0, 0]"
660.6,BARRIDO,3,8,4-3-2-1-0,3,SUMo,1066330.0,253.0,True,True,True,1291.1348309999987,"[12, 0, 0, 0]"
660.96,BARRIDO,3,8,4-3-2-1-0,2,OPA_SUMo,1009356.0,268.0,True,True,True,156.4577391999999,"[12, 0, 0, 0]"
661.32,BARRIDO,3,8,4-3-2-1-0,1,BPo,1003429.0,260.0,True,True,True,38.417385299999474,"[12, 0, 0, 0]"
661.68,BARRIDO,3,8,4-3-2-1-0,0,PGAgain,1001511.0,278.0,True,True,True,0.21907269999934795,"[12, 0, 0, 0]"
665.04,BARRIDO,3,16,0-1-2-3-4,0,PGAgain,1001513.0,263.0,True,True,True,0.2589041000006702,"[12, 0, 0, 0]"
665.4,BARRIDO,3,16,0-1-2-3-4,1,BPo,1003490.0,253.0,True,True,True,39.63224300000018,"[12, 0, 0, 0]"
665.76,BARRIDO,3,16,0-1-2-3-4,2,OPA_SUMo,1009370.0,260.0,True,True,True,156.73655900000009,"[12, 0, 0, 0]"
666.12,BARRIDO,3,16,0-1-2-3-4,3,SUMo,1128000.0,280.0,True,False,True,2519.3360500000003,"[12, 0, 0, 0]"
666.48,BARRIDO,3,16,0-1-2-3-4,4,LPo,875000.0,264.0,True,False,True,-2519.3360500000003,"[12, 0, 0, 0]"
666.84,BARRIDO,3,16,4-3-2-1-0,4,LPo,875000.0,286.0,True,False,True,-2519.3360500000003,"[12, 0, 0, 0]"
667.2,BARRIDO,3,16,4-3-2-1-0,3,SUMo,1128000.0,286.0,True,False,True,2519.3360500000003,"[12, 0, 0, 0]"
667.56,BARRIDO,3,16,4-3-2-1-0,2,OPA_SUMo,1009364.0,252.0,True,True,True,156.61706480000066,"[12, 0, 0, 0]"
667.92,BARRIDO,3,16,4-3-2-1-0,1,BPo,1003486.0,285.0,True,True,True,39.5525801999998,"[12, 0, 0, 0]"
668.28,BARRIDO,3,16,4-3-2-1-0,0,PGAgain,1001556.0,282.0,True,True,True,1.115279200000797,"[12, 0, 0, 0]"
671.64,BARRIDO,3,24,0-1-2-3-4,0,PGAgain,1001570.0,258.0,True,True,True,1.3940990000009963,"[12, 0, 0, 0]"
672.0,BARRIDO,3,24,0-1-2-3-4,1,BPo,1003480.0,254.0,True,True,True,39.433086000000365,"[12, 0, 0, 0]"
672.36,BARRIDO,3,24,0-1-2-3-4,2,OPA_SUMo,1009366.0,285.0,True,True,True,156.65689619999972,"[12, 0, 0, 0]"
672.72,BARRIDO,3,24,0-1-2-3-4,3,SUMo,1128000.0,265.0,True,False,True,2519.3360500000003,"[12, 0, 0, 0]"
673.08,BARRIDO,3,24,0-1-2-3-4,4,LPo,875000.0,296.0,True,False,True,-2519.3360500000003,"[12, 0, 0, 0]"
673.44,BARRIDO,3,24,4-3-2-1-0,4,LPo,875011.0,255.0,True,False,True,-2519.1169773000006,"[12, 0, 0, 0]"
673.8,BARRIDO,3,24,4-3-2-1-0,3,SUMo,1128000.0,251.0,True,False,True,2519.3360500000003,"[12, 0, 0, 0]"
674.16,BARRIDO,3,24,4-3-2-1-0,2,OPA_SUMo,1009357.0,270.0,True,True,True,156.47765489999944,"[12, 0, 0, 0]"
674.52,BARRIDO,3,24,4-3-2-1-0,1,BPo,1003521.0,256.0,True,True,True,40.24962969999917,"[12, 0, 0, 0]"
674.88,BARRIDO,3,24,4-3-2-1-0,0,PGAgain,1001548.0,285.0,True,True,True,0.9559536000000363,"[12, 0, 0, 0]"
678.24,BARRIDO,3,32,0-1-2-3-4,0,PGAgain,1001534.0,267.0,True,True,True,0.677133799999837,"[12, 0, 0, 0]"
678.6,BARRIDO,3,32,0-1-2-3-4,1,BPo,1003468.0,267.0,True,True,True,39.194097599999225,"[12, 0, 0, 0]"
678.96,BARRIDO,3,32,0-1-2-3-4,2,OPA_SUMo,1009396.0,277.0,True,True,True,157.25436719999917,"[12, 0, 0, 0]"
679.32,BARRIDO,3,32,0-1-2-3-4,3,SUMo,1128000.0,279.0,True,False,True,2519.3360500000003,"[12, 0, 0, 0]"
679.68,BARRIDO,3,32,0-1-2-3-4,4,LPo,875052.0,248.0,True,False,True,-2518.3004336,"[12, 0, 0, 0]"
680.04,BARRIDO,3,32,4-3-2-1-0,4,LPo,875001.0,283.0,True,False,True,-2519.3161343000006,"[12, 0, 0, 0]"
680.4,BARRIDO,3,32,4-3-2-1-0,3,SUMo,1128000.0,275.0,True,False,True,2519.3360500000003,"[12, 0, 0, 0]"
680.76,BARRIDO,3,32,4-3-2-1-0,2,OPA_SUMo,1009427.0,248.0,True,True,True,157.8717539000004,"[12, 0, 0, 0]"
681.12,BARRIDO,3,32,4-3-2-1-0,1,BPo,1003547.0,260.0,True,True,True,40.76743790000051,"[12, 0, 0, 0]"
681.48,BARRIDO,3,32,4-3-2-1-0,0,PGAgain,1001489.0,261.0,True,True,True,-0.21907269999934795,"[12, 0, 0, 0]"
684.84,BARRIDO,3,48,0-1-2-3-4,0,PGAgain,1001450.0,273.0,True,True,True,-0.9957849999990944,"[12, 0, 0, 0]"
685.2,BARRIDO,3,48,0-1-2-3-4,1,BPo,1003445.0,267.0,True,True,True,38.736036500001,"[12, 0, 0, 0]"
685.56,BARRIDO,3,48,0-1-2-3-4,2,OPA_SUMo,1009451.0,257.0,True,True,True,158.34973070000044,"[12, 0, 0, 0]"
685.92,BARRIDO,3,48,0-1-2-3-4,3,SUMo,1128000.0,264.0,True,False,True,2519.3360500000003,"[12, 0, 0, 0]"
686.28,BARRIDO,3,48,0-1-2-3-4,4,LPo,875001.0,277.0,True,False,True,-2519.3161343000006,"[12, 0, 0, 0]"
686.64,BARRIDO,3,48,4-3-2-1-0,4,LPo,875000.0,270.0,True,False,True,-2519.3360500000003,"[12, 0, 0, 0]"
687.0,BARRIDO,3,48,4-3-2-1-0,3,SUMo,1128000.0,262.0,True,False,True,2519.3360500000003,"[12, 0, 0, 0]"
687.36,BARRIDO,3,48,4-3-2-1-0,2,OPA_SUMo,1009464.0,263.0,True,True,True,158.6086348000011,"[12, 0, 0, 0]"
687.72,BARRIDO,3,48,4-3-2-1-0,1,BPo,1003507.0,261.0,True,True,True,39.97080989999897,"[12, 0, 0, 0]"
688.08,BARRIDO,3,48,4-3-2-1-0,0,PGAgain,1001512.0,250.0,True,True,True,0.238988399998877,"[12, 0, 0, 0]"
691.44,BARRIDO,3,50,0-1-2-3-4,0,PGAgain,1001452.0,278.0,True,True,True,-0.9559536000000363,"[12, 0, 0, 0]"
691.8,BARRIDO,3,50,0-1-2-3-4,1,BPo,1003529.0,266.0,True,True,True,40.40895529999993,"[12, 0, 0, 0]"
692.16,BARRIDO,3,50,0-1-2-3-4,2,OPA_SUMo,1009418.0,259.0,True,True,True,157.69251260000013,"[12, 0, 0, 0]"
692.52,BARRIDO,3,50,0-1-2-3-4,3,SUMo,1128000.0,269.0,True,False,True,2519.3360500000003,"[12, 0, 0, 0]"
692.88,BARRIDO,3,50,0-1-2-3-4,4,LPo,875005.0,249.0,True,False,True,-2519.2364715000003,"[12, 0, 0, 0]"
693.24,BARRIDO,3,50,4-3-2-1-0,4,LPo,875000.0,267.0,True,False,True,-2519.3360500000003,"[12, 0, 0, 0]"
693.6,BARRIDO,3,50,4-3-2-1-0,3,SUMo,1128000.0,258.0,True,False,True,2519.3360500000003,"[12, 0, 0, 0]"
693.96,BARRIDO,3,50,4-3-2-1-0,2,OPA_SUMo,1009501.0,255.0,True,True,True,159.34551569999954,"[12, 0, 0, 0]"
694.32,BARRIDO,3,50,4-3-2-1-0,1,BPo,1003499.0,259.0,True,True,True,39.81148430000047,"[12, 0, 0, 0]"
694.68,BARRIDO,3,50,4-3-2-1-0,0,PGAgain,1001540.0,269.0,True,True,True,0.7966279999992755,"[12, 0, 0, 0]"
698.04,BARRIDO,3,50,0-1-2-3-4,0,PGAgain,1001498.0,247.0,True,True,True,-0.03983139999905812,"[12, 0, 0, 0]"
698.4,BARRIDO,3,50,0-1-2-3-4,1,BPo,1003466.0,260.0,True,True,True,39.154266200000166,"[12, 0, 0, 0]"
698.76,BARRIDO,3,50,0-1-2-3-4,2,OPA_SUMo,1009430.0,273.0,True,True,True,157.931500999999,"[12, 0, 0, 0]"
699.12,BARRIDO,3,50,0-1-2-3-4,3,SUMo,1128000.0,295.0,True,False,True,2519.3360500000003,"[12, 0, 0, 0]"
699.48,BARRIDO,3,50,0-1-2-3-4,4,LPo,875003.0,247.0,True,False,True,-2519.2763028999993,"[12, 0, 0, 0]"
699.84,BARRIDO,3,50,4-3-2-1-0,4,LPo,875006.0,271.0,True,False,True,-2519.2165558000006,"[12, 0, 0, 0]"
700.2,BARRIDO,3,50,4-3-2-1-0,3,SUMo,1128000.0,255.0,True,False,True,2519.3360500000003,"[12, 0, 0, 0]"
700.56,BARRIDO,3,50,4-3-2-1-0,2,OPA_SUMo,1009404.0,249.0,True,True,True,157.41369279999995,"[12, 0, 0, 0]"
700.92,BARRIDO,3,50,4-3-2-1-0,1,BPo,1003554.0,270.0,True,True,True,40.906847799999476,"[12, 0, 0, 0]"
701.28,BARRIDO,3,50,4-3-2-1-0,0,PGAgain,1001477.0,258.0,True,True,True,-0.4580611000004891,"[12, 0, 0, 0]"
704.64,BARRIDO,3,48,0-1-2-3-4,0,PGAgain,1001532.0,270.0,True,True,True,0.6373024000007789,"[12, 0, 0, 0]"
705.0,BARRIDO,3,48,0-1-2-3-4,1,BPo,1003518.0,276.0,True,True,True,40.18988260000058,"[12, 0, 0, 0]"
705.36,BARRIDO,3,48,0-1-2-3-4,2,OPA_SUMo,1009487.0,247.0,True,True,True,159.06669589999933,"[12, 0, 0, 0]"
705.72,BARRIDO,3,48,0-1-2-3-4,3,SUMo,1128000.0,256.0,True,False,True,2519.3360500000003,"[12, 0, 0, 0]"
706.08,BARRIDO,3,48,0-1-2-3-4,4,LPo,875000.0,272.0,True,False,True,-2519.3360500000003,"[12, 0, 0, 0]"
706.44,BARRIDO,3,48,4-3-2-1-0,4,LPo,875000.0,272.0,True,False,True,-2519.3360500000003,"[12, 0, 0, 0]"
706.8,BARRIDO,3,48,4-3-2-1-0,3,SUMo,1128000.0,248.0,True,False,True,2519.3360500000003,"[12, 0, 0, 0]"
707.16,BARRIDO,3,48,4-3-2-1-0,2,OPA_SUMo,1009464.0,247.0,True,True,True,158.6086348000011,"[12, 0, 0, 0]"
707.52,BARRIDO,3,48,4-3-2-1-0,1,BPo,1003513.0,250.0,True,True,True,40.09030410000067,"[12, 0, 0, 0]"
707.88,BARRIDO,3,48,4-3-2-1-0,0,PGAgain,1001474.0,244.0,True,True,True,-0.5178081999990762,"[12, 0, 0, 0]"
711.24,BARRIDO,3,32,0-1-2-3-4,0,PGAgain,1001535.0,265.0,True,True,True,0.697049499999366,"[12, 0, 0, 0]"
711.6,BARRIDO,3,32,0-1-2-3-4,1,BPo,1003498.0,255.0,True,True,True,39.79156860000094,"[12, 0, 0, 0]"
711.96,BARRIDO,3,32,0-1-2-3-4,2,OPA_SUMo,1009472.0,253.0,True,True,True,158.76796039999962,"[12, 0, 0, 0]"
712.32,BARRIDO,3,32,0-1-2-3-4,3,SUMo,1128000.0,254.0,True,False,True,2519.3360500000003,"[12, 0, 0, 0]"
712.68,BARRIDO,3,32,0-1-2-3-4,4,LPo,875000.0,252.0,True,False,True,-2519.3360500000003,"[12, 0, 0, 0]"
713.04,BARRIDO,3,32,4-3-2-1-0,4,LPo,875000.0,254.0,True,False,True,-2519.3360500000003,"[12, 0, 0, 0]"
713.4,BARRIDO,3,32,4-3-2-1-0,3,SUMo,1128000.0,270.0,True,False,True,2519.3360500000003,"[12, 0, 0, 0]"
713.76,BARRIDO,3,32,4-3-2-1-0,2,OPA_SUMo,1009592.0,250.0,True,True,True,161.1578443999997,"[12, 0, 0, 0]"
714.12,BARRIDO,3,32,4-3-2-1-0,1,BPo,1003492.0,272.0,True,True,True,39.67207439999924,"[12, 0, 0, 0]"
714.48,BARRIDO,3,32,4-3-2-1-0,0,PGAgain,1001479.0,256.0,True,True,True,-0.4182296999991668,"[12, 0, 0, 0]"
717.84,BARRIDO,3,24,0-1-2-3-4,0,PGAgain,1001446.0,269.0,True,True,True,-1.0754477999994747,"[12, 0, 0, 0]"
718.2,BARRIDO,3,24,0-1-2-3-4,1,BPo,1003539.0,273.0,True,True,True,40.608112299999746,"[12, 0, 0, 0]"
718.56,BARRIDO,3,24,0-1-2-3-4,2,OPA_SUMo,1009544.0,257.0,True,True,True,160.20189079999966,"[12, 0, 0, 0]"
718.92,BARRIDO,3,24,0-1-2-3-4,3,SUMo,1128000.0,256.0,True,False,True,2519.3360500000003,"[12, 0, 0, 0]"
719.28,BARRIDO,3,24,0-1-2-3-4,4,LPo,875025.0,255.0,True,False,True,-2518.8381575000008,"[12, 0, 0, 0]"
719.64,BARRIDO,3,24,4-3-2-1-0,4,LPo,875029.0,267.0,True,False,True,-2518.7584947,"[12, 0, 0, 0]"
720.0,BARRIDO,3,24,4-3-2-1-0,3,SUMo,1128000.0,247.0,True,False,True,2519.3360500000003,"[12, 0, 0, 0]"
720.36,BARRIDO,3,24,4-3-2-1-0,2,OPA_SUMo,1009514.0,262.0,True,True,True,159.60441980000022,"[12, 0, 0, 0]"
720.72,BARRIDO,3,24,4-3-2-1-0,1,BPo,1003550.0,269.0,True,True,True,40.8271849999991,"[12, 0, 0, 0]"
721.08,BARRIDO,3,24,4-3-2-1-0,0,PGAgain,1001453.0,255.0,True,True,True,-0.9360379000005072,"[12, 0, 0, 0]"
724.44,BARRIDO,3,16,0-1-2-3-4,0,PGAgain,1001541.0,256.0,True,True,True,0.8165437000010687,"[12, 0, 0, 0]"
724.8,BARRIDO,3,16,0-1-2-3-4,1,BPo,1003501.0,258.0,True,True,True,39.85131569999953,"[12, 0, 0, 0]"
725.16,BARRIDO,3,16,0-1-2-3-4,2,OPA_SUMo,1009567.0,279.0,True,True,True,160.65995190000015,"[12, 0, 0, 0]"
725.52,BARRIDO,3,16,0-1-2-3-4,3,SUMo,1128000.0,253.0,True,False,True,2519.3360500000003,"[12, 0, 0, 0]"
725.88,BARRIDO,3,16,0-1-2-3-4,4,LPo,875003.0,272.0,True,False,True,-2519.2763028999993,"[12, 0, 0, 0]"
726.24,BARRIDO,3,16,4-3-2-1-0,4,LPo,875009.0,276.0,True,False,True,-2519.1568087,"[12, 0, 0, 0]"
726.6,BARRIDO,3,16,4-3-2-1-0,3,SUMo,1128000.0,293.0,True,False,True,2519.3360500000003,"[12, 0, 0, 0]"
726.96,BARRIDO,3,16,4-3-2-1-0,2,OPA_SUMo,1009519.0,271.0,True,True,True,159.7039983000001,"[12, 0, 0, 0]"
727.32,BARRIDO,3,16,4-3-2-1-0,1,BPo,1003478.0,282.0,True,True,True,39.39325459999904,"[12, 0, 0, 0]"
727.68,BARRIDO,3,16,4-3-2-1-0,0,PGAgain,1001490.0,256.0,True,True,True,-0.19915699999981887,"[12, 0, 0, 0]"
731.04,BARRIDO,3,8,0-1-2-3-4,0,PGAgain,1001603.0,255.0,True,True,True,2.05131709999904,"[12, 0, 0, 0]"
731.4,BARRIDO,3,8,0-1-2-3-4,1,BPo,1003510.0,250.0,True,True,True,40.030556999999824,"[12, 0, 0, 0]"
731.76,BARRIDO,3,8,0-1-2-3-4,2,OPA_SUMo,1009541.0,261.0,True,True,True,160.14214370000107,"[12, 0, 0, 0]"
732.12,BARRIDO,3,8,0-1-2-3-4,3,SUMo,1067970.0,269.0,True,True,True,1323.7965790000005,"[12, 0, 0, 0]"
732.48,BARRIDO,3,8,0-1-2-3-4,4,LPo,875000.0,305.0,True,False,False,-2519.3360500000003,"[12, 0, 0, 0]"
732.84,BARRIDO,3,8,4-3-2-1-0,4,LPo,875000.0,251.0,True,False,True,-2519.3360500000003,"[12, 0, 0, 0]"
733.2,BARRIDO,3,8,4-3-2-1-0,3,SUMo,1068008.0,247.0,True,True,True,1324.553375600001,"[12, 0, 0, 0]"
733.56,BARRIDO,3,8,4-3-2-1-0,2,OPA_SUMo,1009586.0,246.0,True,True,True,161.03835020000025,"[12, 0, 0, 0]"
733.92,BARRIDO,3,8,4-3-2-1-0,1,BPo,1003486.0,247.0,True,True,True,39.5525801999998,"[12, 0, 0, 0]"
734.28,BARRIDO,3,8,4-3-2-1-0,0,PGAgain,1001485.0,304.0,True,True,False,-0.2987354999997283,"[12, 0, 0, 0]"
737.64,BARRIDO,3,4,0-1-2-3-4,0,PGAgain,1001449.0,277.0,True,True,True,-1.0157007000008875,"[12, 0, 0, 0]"
738.0,BARRIDO,3,4,0-1-2-3-4,1,BPo,1003521.0,271.0,True,True,True,40.24962969999917,"[12, 0, 0, 0]"
738.36,BARRIDO,3,4,0-1-2-3-4,2,OPA_SUMo,1009600.0,252.0,True,True,True,161.31717000000046,"[12, 0, 0, 0]"
738.72,BARRIDO,3,4,0-1-2-3-4,3,SUMo,1035814.0,284.0,True,True,True,683.3873298000016,"[12, 0, 0, 0]"
739.08,BARRIDO,3,4,0-1-2-3-4,4,LPo,875000.0,291.0,True,False,True,-2519.3360500000003,"[12, 0, 0, 0]"
739.44,BARRIDO,3,4,4-3-2-1-0,4,LPo,875063.0,284.0,True,False,True,-2518.0813609,"[12, 0, 0, 0]"
739.8,BARRIDO,3,4,4-3-2-1-0,3,SUMo,1035829.0,292.0,True,True,True,683.6860652999991,"[12, 0, 0, 0]"
740.16,BARRIDO,3,4,4-3-2-1-0,2,OPA_SUMo,1009564.0,275.0,True,True,True,160.6002047999993,"[12, 0, 0, 0]"
740.52,BARRIDO,3,4,4-3-2-1-0,1,BPo,1003473.0,255.0,True,True,True,39.29367609999913,"[12, 0, 0, 0]"
740.88,BARRIDO,3,4,4-3-2-1-0,0,PGAgain,1001520.0,284.0,True,True,True,0.39831399999963774,"[12, 0, 0, 0]"
744.24,BARRIDO,3,2,0-1-2-3-4,0,PGAgain,1001448.0,251.0,True,True,True,-1.0356164000004167,"[12, 0, 0, 0]"
744.6,BARRIDO,3,2,0-1-2-3-4,1,BPo,1003517.0,260.0,True,True,True,40.16996690000105,"[12, 0, 0, 0]"
744.96,BARRIDO,3,2,0-1-2-3-4,2,OPA_SUMo,1009631.0,291.0,True,True,True,161.93455669999943,"[12, 0, 0, 0]"
745.32,BARRIDO,3,2,0-1-2-3-4,3,SUMo,1019659.0,263.0,True,True,True,361.64919629999986,"[12, 0, 0, 0]"
745.68,BARRIDO,3,2,0-1-2-3-4,4,LPo,875000.0,268.0,True,False,True,-2519.3360500000003,"[12, 0, 0, 0]"
746.04,BARRIDO,3,2,4-3-2-1-0,4,LPo,875037.0,319.0,True,False,False,-2518.5991690999995,"[12, 0, 0, 0]"
746.4,BARRIDO,3,2,4-3-2-1-0,3,SUMo,1019670.0,245.0,True,True,True,361.8682689999992,"[12, 0, 0, 0]"
746.76,BARRIDO,3,2,4-3-2-1-0,2,OPA_SUMo,1009523.0,264.0,True,True,True,159.7836611000005,"[12, 0, 0, 0]"
747.12,BARRIDO,3,2,4-3-2-1-0,1,BPo,1003471.0,281.0,True,True,True,39.25384470000007,"[12, 0, 0, 0]"
747.48,BARRIDO,3,2,4-3-2-1-0,0,PGAgain,1001492.0,266.0,True,True,True,-0.15932560000076076,"[12, 0, 0, 0]"
750.84,BARRIDO,3,1,0-1-2-3-4,0,PGAgain,1001512.0,263.0,True,True,True,0.238988399998877,"[12, 0, 0, 0]"
751.2,BARRIDO,3,1,0-1-2-3-4,1,BPo,1003524.0,291.0,True,True,True,40.30937680000002,"[12, 0, 0, 0]"
751.56,BARRIDO,3,1,0-1-2-3-4,2,OPA_SUMo,1009592.0,247.0,True,True,True,161.1578443999997,"[12, 0, 0, 0]"
751.92,BARRIDO,3,1,0-1-2-3-4,3,SUMo,1011665.0,262.0,True,True,True,202.4430904999993,"[12, 0, 0, 0]"
752.28,BARRIDO,3,1,0-1-2-3-4,4,LPo,875000.0,270.0,True,False,True,-2519.3360500000003,"[12, 0, 0, 0]"
752.64,BARRIDO,3,1,4-3-2-1-0,4,LPo,875004.0,248.0,True,False,True,-2519.2563871999996,"[12, 0, 0, 0]"
753.0,BARRIDO,3,1,4-3-2-1-0,3,SUMo,1011581.0,252.0,True,True,True,200.77017170000036,"[12, 0, 0, 0]"
753.36,BARRIDO,3,1,4-3-2-1-0,2,OPA_SUMo,1009595.0,250.0,True,True,True,161.21759150000057,"[12, 0, 0, 0]"
753.72,BARRIDO,3,1,4-3-2-1-0,1,BPo,1003434.0,256.0,True,True,True,38.51696379999939,"[12, 0, 0, 0]"
754.08,BARRIDO,3,1,4-3-2-1-0,0,PGAgain,1001488.0,274.0,True,True,True,-0.238988399998877,"[12, 0, 0, 0]"
